<?xml version="1.0" encoding="UTF-8"?>
<kml xmlns="http://www.opengis.net/kml/2.2" xmlns:gx="http://www.google.com/kml/ext/2.2" xmlns:kml="http://www.opengis.net/kml/2.2" xmlns:atom="http://www.w3.org/2005/Atom">
<Document>
	<name>Red de Transporte.kml</name>
	<Style id="1004">
		<IconStyle id="1005">
			<color>ff0000ff</color>
			<heading>0</heading>
			<Icon id="1006">
				<href>http://maps.google.com/mapfiles/kml/pushpin/wht-pushpin.png</href>
			</Icon>
		</IconStyle>
	</Style>
	<Style id="1009">
		<IconStyle id="1010">
			<color>ff0000ff</color>
			<heading>0</heading>
			<Icon id="1011">
				<href>http://maps.google.com/mapfiles/kml/pushpin/wht-pushpin.png</href>
			</Icon>
		</IconStyle>
	</Style>
	<Style id="1014">
		<IconStyle id="1015">
			<color>ff0000ff</color>
			<heading>0</heading>
			<Icon id="1016">
				<href>http://maps.google.com/mapfiles/kml/pushpin/wht-pushpin.png</href>
			</Icon>
		</IconStyle>
	</Style>
	<Style id="1019">
		<IconStyle id="1020">
			<color>ff0000ff</color>
			<heading>0</heading>
			<Icon id="1021">
				<href>http://maps.google.com/mapfiles/kml/pushpin/wht-pushpin.png</href>
			</Icon>
		</IconStyle>
	</Style>
	<Style id="1024">
		<IconStyle id="1025">
			<color>ff0000ff</color>
			<heading>0</heading>
			<Icon id="1026">
				<href>http://maps.google.com/mapfiles/kml/pushpin/wht-pushpin.png</href>
			</Icon>
		</IconStyle>
	</Style>
	<Style id="1029">
		<IconStyle id="1030">
			<color>ff0000ff</color>
			<heading>0</heading>
			<Icon id="1031">
				<href>http://maps.google.com/mapfiles/kml/pushpin/wht-pushpin.png</href>
			</Icon>
		</IconStyle>
	</Style>
	<Style id="1034">
		<IconStyle id="1035">
			<color>ff0000ff</color>
			<heading>0</heading>
			<Icon id="1036">
				<href>http://maps.google.com/mapfiles/kml/pushpin/wht-pushpin.png</href>
			</Icon>
		</IconStyle>
	</Style>
	<Style id="1039">
		<IconStyle id="1040">
			<color>ffb469ff</color>
			<heading>0</heading>
			<Icon id="1041">
				<href>http://maps.google.com/mapfiles/kml/pushpin/wht-pushpin.png</href>
			</Icon>
		</IconStyle>
	</Style>
	<Style id="104">
		<IconStyle id="105">
			<color>ff00ffff</color>
			<heading>0</heading>
			<Icon id="106">
				<href>http://maps.google.com/mapfiles/kml/pushpin/wht-pushpin.png</href>
			</Icon>
		</IconStyle>
	</Style>
	<Style id="1044">
		<IconStyle id="1045">
			<color>ffb469ff</color>
			<heading>0</heading>
			<Icon id="1046">
				<href>http://maps.google.com/mapfiles/kml/pushpin/wht-pushpin.png</href>
			</Icon>
		</IconStyle>
	</Style>
	<Style id="1049">
		<IconStyle id="1050">
			<color>ffb469ff</color>
			<heading>0</heading>
			<Icon id="1051">
				<href>http://maps.google.com/mapfiles/kml/pushpin/wht-pushpin.png</href>
			</Icon>
		</IconStyle>
	</Style>
	<Style id="1054">
		<IconStyle id="1055">
			<color>ffb469ff</color>
			<heading>0</heading>
			<Icon id="1056">
				<href>http://maps.google.com/mapfiles/kml/pushpin/wht-pushpin.png</href>
			</Icon>
		</IconStyle>
	</Style>
	<Style id="1059">
		<IconStyle id="1060">
			<color>ffb469ff</color>
			<heading>0</heading>
			<Icon id="1061">
				<href>http://maps.google.com/mapfiles/kml/pushpin/wht-pushpin.png</href>
			</Icon>
		</IconStyle>
	</Style>
	<Style id="1064">
		<IconStyle id="1065">
			<color>ff0000ff</color>
			<heading>0</heading>
			<Icon id="1066">
				<href>http://maps.google.com/mapfiles/kml/pushpin/wht-pushpin.png</href>
			</Icon>
		</IconStyle>
	</Style>
	<Style id="1069">
		<IconStyle id="1070">
			<color>ff008000</color>
			<heading>0</heading>
			<Icon id="1071">
				<href>http://maps.google.com/mapfiles/kml/pushpin/wht-pushpin.png</href>
			</Icon>
		</IconStyle>
	</Style>
	<Style id="1074">
		<IconStyle id="1075">
			<color>ff0000ff</color>
			<heading>0</heading>
			<Icon id="1076">
				<href>http://maps.google.com/mapfiles/kml/pushpin/wht-pushpin.png</href>
			</Icon>
		</IconStyle>
	</Style>
	<Style id="1079">
		<IconStyle id="1080">
			<color>ff0000ff</color>
			<heading>0</heading>
			<Icon id="1081">
				<href>http://maps.google.com/mapfiles/kml/pushpin/wht-pushpin.png</href>
			</Icon>
		</IconStyle>
	</Style>
	<Style id="1084">
		<IconStyle id="1085">
			<color>ff0000ff</color>
			<heading>0</heading>
			<Icon id="1086">
				<href>http://maps.google.com/mapfiles/kml/pushpin/wht-pushpin.png</href>
			</Icon>
		</IconStyle>
	</Style>
	<Style id="1089">
		<IconStyle id="1090">
			<color>ff0000ff</color>
			<heading>0</heading>
			<Icon id="1091">
				<href>http://maps.google.com/mapfiles/kml/pushpin/wht-pushpin.png</href>
			</Icon>
		</IconStyle>
	</Style>
	<Style id="109">
		<IconStyle id="110">
			<color>ff00ffff</color>
			<heading>0</heading>
			<Icon id="111">
				<href>http://maps.google.com/mapfiles/kml/pushpin/wht-pushpin.png</href>
			</Icon>
		</IconStyle>
	</Style>
	<Style id="1094">
		<IconStyle id="1095">
			<color>ff0000ff</color>
			<heading>0</heading>
			<Icon id="1096">
				<href>http://maps.google.com/mapfiles/kml/pushpin/wht-pushpin.png</href>
			</Icon>
		</IconStyle>
	</Style>
	<Style id="1099">
		<IconStyle id="1100">
			<color>ff0000ff</color>
			<heading>0</heading>
			<Icon id="1101">
				<href>http://maps.google.com/mapfiles/kml/pushpin/wht-pushpin.png</href>
			</Icon>
		</IconStyle>
	</Style>
	<Style id="1104">
		<IconStyle id="1105">
			<color>ff00ffff</color>
			<heading>0</heading>
			<Icon id="1106">
				<href>http://maps.google.com/mapfiles/kml/pushpin/wht-pushpin.png</href>
			</Icon>
		</IconStyle>
	</Style>
	<Style id="1109">
		<IconStyle id="1110">
			<color>ff0000ff</color>
			<heading>0</heading>
			<Icon id="1111">
				<href>http://maps.google.com/mapfiles/kml/pushpin/wht-pushpin.png</href>
			</Icon>
		</IconStyle>
	</Style>
	<Style id="1114">
		<IconStyle id="1115">
			<color>ff00ffff</color>
			<heading>0</heading>
			<Icon id="1116">
				<href>http://maps.google.com/mapfiles/kml/pushpin/wht-pushpin.png</href>
			</Icon>
		</IconStyle>
	</Style>
	<Style id="1119">
		<IconStyle id="1120">
			<color>ffb469ff</color>
			<heading>0</heading>
			<Icon id="1121">
				<href>http://maps.google.com/mapfiles/kml/pushpin/wht-pushpin.png</href>
			</Icon>
		</IconStyle>
	</Style>
	<Style id="1124">
		<IconStyle id="1125">
			<color>ff0000ff</color>
			<heading>0</heading>
			<Icon id="1126">
				<href>http://maps.google.com/mapfiles/kml/pushpin/wht-pushpin.png</href>
			</Icon>
		</IconStyle>
	</Style>
	<Style id="1129">
		<IconStyle id="1130">
			<color>ff00ffff</color>
			<heading>0</heading>
			<Icon id="1131">
				<href>http://maps.google.com/mapfiles/kml/pushpin/wht-pushpin.png</href>
			</Icon>
		</IconStyle>
	</Style>
	<Style id="1134">
		<IconStyle id="1135">
			<color>ff0000ff</color>
			<heading>0</heading>
			<Icon id="1136">
				<href>http://maps.google.com/mapfiles/kml/pushpin/wht-pushpin.png</href>
			</Icon>
		</IconStyle>
	</Style>
	<Style id="1139">
		<IconStyle id="1140">
			<color>ffb469ff</color>
			<heading>0</heading>
			<Icon id="1141">
				<href>http://maps.google.com/mapfiles/kml/pushpin/wht-pushpin.png</href>
			</Icon>
		</IconStyle>
	</Style>
	<Style id="114">
		<IconStyle id="115">
			<color>ff00ffff</color>
			<heading>0</heading>
			<Icon id="116">
				<href>http://maps.google.com/mapfiles/kml/pushpin/wht-pushpin.png</href>
			</Icon>
		</IconStyle>
	</Style>
	<Style id="1144">
		<IconStyle id="1145">
			<color>ff00ffff</color>
			<heading>0</heading>
			<Icon id="1146">
				<href>http://maps.google.com/mapfiles/kml/pushpin/wht-pushpin.png</href>
			</Icon>
		</IconStyle>
	</Style>
	<Style id="1149">
		<IconStyle id="1150">
			<color>ff00ffff</color>
			<heading>0</heading>
			<Icon id="1151">
				<href>http://maps.google.com/mapfiles/kml/pushpin/wht-pushpin.png</href>
			</Icon>
		</IconStyle>
	</Style>
	<Style id="1154">
		<IconStyle id="1155">
			<color>ff0000ff</color>
			<heading>0</heading>
			<Icon id="1156">
				<href>http://maps.google.com/mapfiles/kml/pushpin/wht-pushpin.png</href>
			</Icon>
		</IconStyle>
	</Style>
	<Style id="1159">
		<IconStyle id="1160">
			<color>ff0000ff</color>
			<heading>0</heading>
			<Icon id="1161">
				<href>http://maps.google.com/mapfiles/kml/pushpin/wht-pushpin.png</href>
			</Icon>
		</IconStyle>
	</Style>
	<Style id="1164">
		<IconStyle id="1165">
			<color>ff0000ff</color>
			<heading>0</heading>
			<Icon id="1166">
				<href>http://maps.google.com/mapfiles/kml/pushpin/wht-pushpin.png</href>
			</Icon>
		</IconStyle>
	</Style>
	<Style id="1169">
		<IconStyle id="1170">
			<color>ffb469ff</color>
			<heading>0</heading>
			<Icon id="1171">
				<href>http://maps.google.com/mapfiles/kml/pushpin/wht-pushpin.png</href>
			</Icon>
		</IconStyle>
	</Style>
	<Style id="1174">
		<IconStyle id="1175">
			<color>ffb469ff</color>
			<heading>0</heading>
			<Icon id="1176">
				<href>http://maps.google.com/mapfiles/kml/pushpin/wht-pushpin.png</href>
			</Icon>
		</IconStyle>
	</Style>
	<Style id="1179">
		<IconStyle id="1180">
			<color>ff0000ff</color>
			<heading>0</heading>
			<Icon id="1181">
				<href>http://maps.google.com/mapfiles/kml/pushpin/wht-pushpin.png</href>
			</Icon>
		</IconStyle>
	</Style>
	<Style id="1184">
		<IconStyle id="1185">
			<color>ff00ffff</color>
			<heading>0</heading>
			<Icon id="1186">
				<href>http://maps.google.com/mapfiles/kml/pushpin/wht-pushpin.png</href>
			</Icon>
		</IconStyle>
	</Style>
	<Style id="1189">
		<IconStyle id="1190">
			<color>ff0000ff</color>
			<heading>0</heading>
			<Icon id="1191">
				<href>http://maps.google.com/mapfiles/kml/pushpin/wht-pushpin.png</href>
			</Icon>
		</IconStyle>
	</Style>
	<Style id="119">
		<IconStyle id="120">
			<color>ffb469ff</color>
			<heading>0</heading>
			<Icon id="121">
				<href>http://maps.google.com/mapfiles/kml/pushpin/wht-pushpin.png</href>
			</Icon>
		</IconStyle>
	</Style>
	<Style id="1194">
		<IconStyle id="1195">
			<color>ff00ffff</color>
			<heading>0</heading>
			<Icon id="1196">
				<href>http://maps.google.com/mapfiles/kml/pushpin/wht-pushpin.png</href>
			</Icon>
		</IconStyle>
	</Style>
	<Style id="1199">
		<IconStyle id="1200">
			<color>ff00ffff</color>
			<heading>0</heading>
			<Icon id="1201">
				<href>http://maps.google.com/mapfiles/kml/pushpin/wht-pushpin.png</href>
			</Icon>
		</IconStyle>
	</Style>
	<Style id="1204">
		<IconStyle id="1205">
			<color>ff0000ff</color>
			<heading>0</heading>
			<Icon id="1206">
				<href>http://maps.google.com/mapfiles/kml/pushpin/wht-pushpin.png</href>
			</Icon>
		</IconStyle>
	</Style>
	<Style id="1209">
		<IconStyle id="1210">
			<color>ff0000ff</color>
			<heading>0</heading>
			<Icon id="1211">
				<href>http://maps.google.com/mapfiles/kml/pushpin/wht-pushpin.png</href>
			</Icon>
		</IconStyle>
	</Style>
	<Style id="1214">
		<IconStyle id="1215">
			<color>ffb469ff</color>
			<heading>0</heading>
			<Icon id="1216">
				<href>http://maps.google.com/mapfiles/kml/pushpin/wht-pushpin.png</href>
			</Icon>
		</IconStyle>
	</Style>
	<Style id="1219">
		<IconStyle id="1220">
			<color>ff00ffff</color>
			<heading>0</heading>
			<Icon id="1221">
				<href>http://maps.google.com/mapfiles/kml/pushpin/wht-pushpin.png</href>
			</Icon>
		</IconStyle>
	</Style>
	<Style id="1224">
		<IconStyle id="1225">
			<color>ffb469ff</color>
			<heading>0</heading>
			<Icon id="1226">
				<href>http://maps.google.com/mapfiles/kml/pushpin/wht-pushpin.png</href>
			</Icon>
		</IconStyle>
	</Style>
	<Style id="1229">
		<IconStyle id="1230">
			<color>ff0000ff</color>
			<heading>0</heading>
			<Icon id="1231">
				<href>http://maps.google.com/mapfiles/kml/pushpin/wht-pushpin.png</href>
			</Icon>
		</IconStyle>
	</Style>
	<Style id="1234">
		<IconStyle id="1235">
			<color>ff0000ff</color>
			<heading>0</heading>
			<Icon id="1236">
				<href>http://maps.google.com/mapfiles/kml/pushpin/wht-pushpin.png</href>
			</Icon>
		</IconStyle>
	</Style>
	<Style id="1239">
		<IconStyle id="1240">
			<color>ff0000ff</color>
			<heading>0</heading>
			<Icon id="1241">
				<href>http://maps.google.com/mapfiles/kml/pushpin/wht-pushpin.png</href>
			</Icon>
		</IconStyle>
	</Style>
	<Style id="124">
		<IconStyle id="125">
			<color>ffb469ff</color>
			<heading>0</heading>
			<Icon id="126">
				<href>http://maps.google.com/mapfiles/kml/pushpin/wht-pushpin.png</href>
			</Icon>
		</IconStyle>
	</Style>
	<Style id="1244">
		<IconStyle id="1245">
			<color>ff0000ff</color>
			<heading>0</heading>
			<Icon id="1246">
				<href>http://maps.google.com/mapfiles/kml/pushpin/wht-pushpin.png</href>
			</Icon>
		</IconStyle>
	</Style>
	<Style id="1249">
		<IconStyle id="1250">
			<color>ff00ffff</color>
			<heading>0</heading>
			<Icon id="1251">
				<href>http://maps.google.com/mapfiles/kml/pushpin/wht-pushpin.png</href>
			</Icon>
		</IconStyle>
	</Style>
	<Style id="1254">
		<IconStyle id="1255">
			<color>ff0000ff</color>
			<heading>0</heading>
			<Icon id="1256">
				<href>http://maps.google.com/mapfiles/kml/pushpin/wht-pushpin.png</href>
			</Icon>
		</IconStyle>
	</Style>
	<Style id="1259">
		<IconStyle id="1260">
			<color>ffb469ff</color>
			<heading>0</heading>
			<Icon id="1261">
				<href>http://maps.google.com/mapfiles/kml/pushpin/wht-pushpin.png</href>
			</Icon>
		</IconStyle>
	</Style>
	<Style id="1264">
		<IconStyle id="1265">
			<color>ff0000ff</color>
			<heading>0</heading>
			<Icon id="1266">
				<href>http://maps.google.com/mapfiles/kml/pushpin/wht-pushpin.png</href>
			</Icon>
		</IconStyle>
	</Style>
	<Style id="1269">
		<IconStyle id="1270">
			<color>ff00ffff</color>
			<heading>0</heading>
			<Icon id="1271">
				<href>http://maps.google.com/mapfiles/kml/pushpin/wht-pushpin.png</href>
			</Icon>
		</IconStyle>
	</Style>
	<Style id="1274">
		<IconStyle id="1275">
			<color>ff0000ff</color>
			<heading>0</heading>
			<Icon id="1276">
				<href>http://maps.google.com/mapfiles/kml/pushpin/wht-pushpin.png</href>
			</Icon>
		</IconStyle>
	</Style>
	<Style id="1279">
		<IconStyle id="1280">
			<color>ff00ffff</color>
			<heading>0</heading>
			<Icon id="1281">
				<href>http://maps.google.com/mapfiles/kml/pushpin/wht-pushpin.png</href>
			</Icon>
		</IconStyle>
	</Style>
	<Style id="1284">
		<IconStyle id="1285">
			<color>ffb469ff</color>
			<heading>0</heading>
			<Icon id="1286">
				<href>http://maps.google.com/mapfiles/kml/pushpin/wht-pushpin.png</href>
			</Icon>
		</IconStyle>
	</Style>
	<Style id="1289">
		<IconStyle id="1290">
			<color>ff0000ff</color>
			<heading>0</heading>
			<Icon id="1291">
				<href>http://maps.google.com/mapfiles/kml/pushpin/wht-pushpin.png</href>
			</Icon>
		</IconStyle>
	</Style>
	<Style id="129">
		<IconStyle id="130">
			<color>ff0000ff</color>
			<heading>0</heading>
			<Icon id="131">
				<href>http://maps.google.com/mapfiles/kml/pushpin/wht-pushpin.png</href>
			</Icon>
		</IconStyle>
	</Style>
	<Style id="1294">
		<IconStyle id="1295">
			<color>ffb469ff</color>
			<heading>0</heading>
			<Icon id="1296">
				<href>http://maps.google.com/mapfiles/kml/pushpin/wht-pushpin.png</href>
			</Icon>
		</IconStyle>
	</Style>
	<Style id="1299">
		<IconStyle id="1300">
			<color>ffb469ff</color>
			<heading>0</heading>
			<Icon id="1301">
				<href>http://maps.google.com/mapfiles/kml/pushpin/wht-pushpin.png</href>
			</Icon>
		</IconStyle>
	</Style>
	<Style id="1304">
		<IconStyle id="1305">
			<color>ffb469ff</color>
			<heading>0</heading>
			<Icon id="1306">
				<href>http://maps.google.com/mapfiles/kml/pushpin/wht-pushpin.png</href>
			</Icon>
		</IconStyle>
	</Style>
	<Style id="1309">
		<IconStyle id="1310">
			<color>ff0000ff</color>
			<heading>0</heading>
			<Icon id="1311">
				<href>http://maps.google.com/mapfiles/kml/pushpin/wht-pushpin.png</href>
			</Icon>
		</IconStyle>
	</Style>
	<Style id="1314">
		<IconStyle id="1315">
			<color>ff0000ff</color>
			<heading>0</heading>
			<Icon id="1316">
				<href>http://maps.google.com/mapfiles/kml/pushpin/wht-pushpin.png</href>
			</Icon>
		</IconStyle>
	</Style>
	<Style id="1319">
		<IconStyle id="1320">
			<color>ffb469ff</color>
			<heading>0</heading>
			<Icon id="1321">
				<href>http://maps.google.com/mapfiles/kml/pushpin/wht-pushpin.png</href>
			</Icon>
		</IconStyle>
	</Style>
	<Style id="1324">
		<IconStyle id="1325">
			<color>ff0000ff</color>
			<heading>0</heading>
			<Icon id="1326">
				<href>http://maps.google.com/mapfiles/kml/pushpin/wht-pushpin.png</href>
			</Icon>
		</IconStyle>
	</Style>
	<Style id="1329">
		<IconStyle id="1330">
			<color>ff00ffff</color>
			<heading>0</heading>
			<Icon id="1331">
				<href>http://maps.google.com/mapfiles/kml/pushpin/wht-pushpin.png</href>
			</Icon>
		</IconStyle>
	</Style>
	<Style id="1334">
		<IconStyle id="1335">
			<color>ff0000ff</color>
			<heading>0</heading>
			<Icon id="1336">
				<href>http://maps.google.com/mapfiles/kml/pushpin/wht-pushpin.png</href>
			</Icon>
		</IconStyle>
	</Style>
	<Style id="1339">
		<IconStyle id="1340">
			<color>ff0000ff</color>
			<heading>0</heading>
			<Icon id="1341">
				<href>http://maps.google.com/mapfiles/kml/pushpin/wht-pushpin.png</href>
			</Icon>
		</IconStyle>
	</Style>
	<Style id="134">
		<IconStyle id="135">
			<color>ffb469ff</color>
			<heading>0</heading>
			<Icon id="136">
				<href>http://maps.google.com/mapfiles/kml/pushpin/wht-pushpin.png</href>
			</Icon>
		</IconStyle>
	</Style>
	<Style id="1344">
		<IconStyle id="1345">
			<color>ff0000ff</color>
			<heading>0</heading>
			<Icon id="1346">
				<href>http://maps.google.com/mapfiles/kml/pushpin/wht-pushpin.png</href>
			</Icon>
		</IconStyle>
	</Style>
	<Style id="1349">
		<IconStyle id="1350">
			<color>ff00ffff</color>
			<heading>0</heading>
			<Icon id="1351">
				<href>http://maps.google.com/mapfiles/kml/pushpin/wht-pushpin.png</href>
			</Icon>
		</IconStyle>
	</Style>
	<Style id="1354">
		<IconStyle id="1355">
			<color>ff0000ff</color>
			<heading>0</heading>
			<Icon id="1356">
				<href>http://maps.google.com/mapfiles/kml/pushpin/wht-pushpin.png</href>
			</Icon>
		</IconStyle>
	</Style>
	<Style id="1359">
		<IconStyle id="1360">
			<color>ff00ffff</color>
			<heading>0</heading>
			<Icon id="1361">
				<href>http://maps.google.com/mapfiles/kml/pushpin/wht-pushpin.png</href>
			</Icon>
		</IconStyle>
	</Style>
	<Style id="1364">
		<IconStyle id="1365">
			<color>ff0000ff</color>
			<heading>0</heading>
			<Icon id="1366">
				<href>http://maps.google.com/mapfiles/kml/pushpin/wht-pushpin.png</href>
			</Icon>
		</IconStyle>
	</Style>
	<Style id="1369">
		<IconStyle id="1370">
			<color>ffb469ff</color>
			<heading>0</heading>
			<Icon id="1371">
				<href>http://maps.google.com/mapfiles/kml/pushpin/wht-pushpin.png</href>
			</Icon>
		</IconStyle>
	</Style>
	<Style id="1374">
		<IconStyle id="1375">
			<color>ff00ffff</color>
			<heading>0</heading>
			<Icon id="1376">
				<href>http://maps.google.com/mapfiles/kml/pushpin/wht-pushpin.png</href>
			</Icon>
		</IconStyle>
	</Style>
	<Style id="1379">
		<IconStyle id="1380">
			<color>ffb469ff</color>
			<heading>0</heading>
			<Icon id="1381">
				<href>http://maps.google.com/mapfiles/kml/pushpin/wht-pushpin.png</href>
			</Icon>
		</IconStyle>
	</Style>
	<Style id="1384">
		<IconStyle id="1385">
			<color>ffb469ff</color>
			<heading>0</heading>
			<Icon id="1386">
				<href>http://maps.google.com/mapfiles/kml/pushpin/wht-pushpin.png</href>
			</Icon>
		</IconStyle>
	</Style>
	<Style id="1389">
		<IconStyle id="1390">
			<color>ffb469ff</color>
			<heading>0</heading>
			<Icon id="1391">
				<href>http://maps.google.com/mapfiles/kml/pushpin/wht-pushpin.png</href>
			</Icon>
		</IconStyle>
	</Style>
	<Style id="139">
		<IconStyle id="140">
			<color>ffb469ff</color>
			<heading>0</heading>
			<Icon id="141">
				<href>http://maps.google.com/mapfiles/kml/pushpin/wht-pushpin.png</href>
			</Icon>
		</IconStyle>
	</Style>
	<Style id="1394">
		<IconStyle id="1395">
			<color>ff0000ff</color>
			<heading>0</heading>
			<Icon id="1396">
				<href>http://maps.google.com/mapfiles/kml/pushpin/wht-pushpin.png</href>
			</Icon>
		</IconStyle>
	</Style>
	<Style id="1399">
		<IconStyle id="1400">
			<color>ff0000ff</color>
			<heading>0</heading>
			<Icon id="1401">
				<href>http://maps.google.com/mapfiles/kml/pushpin/wht-pushpin.png</href>
			</Icon>
		</IconStyle>
	</Style>
	<Style id="1404">
		<IconStyle id="1405">
			<color>ffb469ff</color>
			<heading>0</heading>
			<Icon id="1406">
				<href>http://maps.google.com/mapfiles/kml/pushpin/wht-pushpin.png</href>
			</Icon>
		</IconStyle>
	</Style>
	<Style id="1409">
		<IconStyle id="1410">
			<color>ff0000ff</color>
			<heading>0</heading>
			<Icon id="1411">
				<href>http://maps.google.com/mapfiles/kml/pushpin/wht-pushpin.png</href>
			</Icon>
		</IconStyle>
	</Style>
	<Style id="1414">
		<IconStyle id="1415">
			<color>ff0000ff</color>
			<heading>0</heading>
			<Icon id="1416">
				<href>http://maps.google.com/mapfiles/kml/pushpin/wht-pushpin.png</href>
			</Icon>
		</IconStyle>
	</Style>
	<Style id="1419">
		<IconStyle id="1420">
			<color>ffb469ff</color>
			<heading>0</heading>
			<Icon id="1421">
				<href>http://maps.google.com/mapfiles/kml/pushpin/wht-pushpin.png</href>
			</Icon>
		</IconStyle>
	</Style>
	<Style id="1424">
		<IconStyle id="1425">
			<color>ffb469ff</color>
			<heading>0</heading>
			<Icon id="1426">
				<href>http://maps.google.com/mapfiles/kml/pushpin/wht-pushpin.png</href>
			</Icon>
		</IconStyle>
	</Style>
	<Style id="1429">
		<IconStyle id="1430">
			<color>ff0000ff</color>
			<heading>0</heading>
			<Icon id="1431">
				<href>http://maps.google.com/mapfiles/kml/pushpin/wht-pushpin.png</href>
			</Icon>
		</IconStyle>
	</Style>
	<Style id="1434">
		<IconStyle id="1435">
			<color>ffb469ff</color>
			<heading>0</heading>
			<Icon id="1436">
				<href>http://maps.google.com/mapfiles/kml/pushpin/wht-pushpin.png</href>
			</Icon>
		</IconStyle>
	</Style>
	<Style id="1439">
		<IconStyle id="1440">
			<color>ff008000</color>
			<heading>0</heading>
			<Icon id="1441">
				<href>http://maps.google.com/mapfiles/kml/pushpin/wht-pushpin.png</href>
			</Icon>
		</IconStyle>
	</Style>
	<Style id="144">
		<IconStyle id="145">
			<color>ff0000ff</color>
			<heading>0</heading>
			<Icon id="146">
				<href>http://maps.google.com/mapfiles/kml/pushpin/wht-pushpin.png</href>
			</Icon>
		</IconStyle>
	</Style>
	<Style id="1444">
		<IconStyle id="1445">
			<color>ff0000ff</color>
			<heading>0</heading>
			<Icon id="1446">
				<href>http://maps.google.com/mapfiles/kml/pushpin/wht-pushpin.png</href>
			</Icon>
		</IconStyle>
	</Style>
	<Style id="1449">
		<IconStyle id="1450">
			<color>ffb469ff</color>
			<heading>0</heading>
			<Icon id="1451">
				<href>http://maps.google.com/mapfiles/kml/pushpin/wht-pushpin.png</href>
			</Icon>
		</IconStyle>
	</Style>
	<Style id="1454">
		<IconStyle id="1455">
			<color>ffb469ff</color>
			<heading>0</heading>
			<Icon id="1456">
				<href>http://maps.google.com/mapfiles/kml/pushpin/wht-pushpin.png</href>
			</Icon>
		</IconStyle>
	</Style>
	<Style id="1459">
		<IconStyle id="1460">
			<color>ffb469ff</color>
			<heading>0</heading>
			<Icon id="1461">
				<href>http://maps.google.com/mapfiles/kml/pushpin/wht-pushpin.png</href>
			</Icon>
		</IconStyle>
	</Style>
	<Style id="1464">
		<IconStyle id="1465">
			<color>ffb469ff</color>
			<heading>0</heading>
			<Icon id="1466">
				<href>http://maps.google.com/mapfiles/kml/pushpin/wht-pushpin.png</href>
			</Icon>
		</IconStyle>
	</Style>
	<Style id="1469">
		<IconStyle id="1470">
			<color>ff0000ff</color>
			<heading>0</heading>
			<Icon id="1471">
				<href>http://maps.google.com/mapfiles/kml/pushpin/wht-pushpin.png</href>
			</Icon>
		</IconStyle>
	</Style>
	<Style id="1474">
		<IconStyle id="1475">
			<color>ff0000ff</color>
			<heading>0</heading>
			<Icon id="1476">
				<href>http://maps.google.com/mapfiles/kml/pushpin/wht-pushpin.png</href>
			</Icon>
		</IconStyle>
	</Style>
	<Style id="1479">
		<IconStyle id="1480">
			<color>ff00ffff</color>
			<heading>0</heading>
			<Icon id="1481">
				<href>http://maps.google.com/mapfiles/kml/pushpin/wht-pushpin.png</href>
			</Icon>
		</IconStyle>
	</Style>
	<Style id="1484">
		<IconStyle id="1485">
			<color>ff0000ff</color>
			<heading>0</heading>
			<Icon id="1486">
				<href>http://maps.google.com/mapfiles/kml/pushpin/wht-pushpin.png</href>
			</Icon>
		</IconStyle>
	</Style>
	<Style id="1489">
		<IconStyle id="1490">
			<color>ff0000ff</color>
			<heading>0</heading>
			<Icon id="1491">
				<href>http://maps.google.com/mapfiles/kml/pushpin/wht-pushpin.png</href>
			</Icon>
		</IconStyle>
	</Style>
	<Style id="149">
		<IconStyle id="150">
			<color>ff0000ff</color>
			<heading>0</heading>
			<Icon id="151">
				<href>http://maps.google.com/mapfiles/kml/pushpin/wht-pushpin.png</href>
			</Icon>
		</IconStyle>
	</Style>
	<Style id="1494">
		<IconStyle id="1495">
			<color>ff0000ff</color>
			<heading>0</heading>
			<Icon id="1496">
				<href>http://maps.google.com/mapfiles/kml/pushpin/wht-pushpin.png</href>
			</Icon>
		</IconStyle>
	</Style>
	<Style id="1499">
		<IconStyle id="1500">
			<color>ff0000ff</color>
			<heading>0</heading>
			<Icon id="1501">
				<href>http://maps.google.com/mapfiles/kml/pushpin/wht-pushpin.png</href>
			</Icon>
		</IconStyle>
	</Style>
	<Style id="1504">
		<IconStyle id="1505">
			<color>ff0000ff</color>
			<heading>0</heading>
			<Icon id="1506">
				<href>http://maps.google.com/mapfiles/kml/pushpin/wht-pushpin.png</href>
			</Icon>
		</IconStyle>
	</Style>
	<Style id="1509">
		<IconStyle id="1510">
			<color>ff0000ff</color>
			<heading>0</heading>
			<Icon id="1511">
				<href>http://maps.google.com/mapfiles/kml/pushpin/wht-pushpin.png</href>
			</Icon>
		</IconStyle>
	</Style>
	<Style id="1514">
		<IconStyle id="1515">
			<color>ff0000ff</color>
			<heading>0</heading>
			<Icon id="1516">
				<href>http://maps.google.com/mapfiles/kml/pushpin/wht-pushpin.png</href>
			</Icon>
		</IconStyle>
	</Style>
	<Style id="1519">
		<IconStyle id="1520">
			<color>ff0000ff</color>
			<heading>0</heading>
			<Icon id="1521">
				<href>http://maps.google.com/mapfiles/kml/pushpin/wht-pushpin.png</href>
			</Icon>
		</IconStyle>
	</Style>
	<Style id="1524">
		<IconStyle id="1525">
			<color>ff0000ff</color>
			<heading>0</heading>
			<Icon id="1526">
				<href>http://maps.google.com/mapfiles/kml/pushpin/wht-pushpin.png</href>
			</Icon>
		</IconStyle>
	</Style>
	<Style id="1529">
		<IconStyle id="1530">
			<color>ff0000ff</color>
			<heading>0</heading>
			<Icon id="1531">
				<href>http://maps.google.com/mapfiles/kml/pushpin/wht-pushpin.png</href>
			</Icon>
		</IconStyle>
	</Style>
	<Style id="1534">
		<IconStyle id="1535">
			<color>ffb469ff</color>
			<heading>0</heading>
			<Icon id="1536">
				<href>http://maps.google.com/mapfiles/kml/pushpin/wht-pushpin.png</href>
			</Icon>
		</IconStyle>
	</Style>
	<Style id="1539">
		<IconStyle id="1540">
			<color>ff0000ff</color>
			<heading>0</heading>
			<Icon id="1541">
				<href>http://maps.google.com/mapfiles/kml/pushpin/wht-pushpin.png</href>
			</Icon>
		</IconStyle>
	</Style>
	<Style id="154">
		<IconStyle id="155">
			<color>ff0000ff</color>
			<heading>0</heading>
			<Icon id="156">
				<href>http://maps.google.com/mapfiles/kml/pushpin/wht-pushpin.png</href>
			</Icon>
		</IconStyle>
	</Style>
	<Style id="1544">
		<IconStyle id="1545">
			<color>ff00ffff</color>
			<heading>0</heading>
			<Icon id="1546">
				<href>http://maps.google.com/mapfiles/kml/pushpin/wht-pushpin.png</href>
			</Icon>
		</IconStyle>
	</Style>
	<Style id="1549">
		<IconStyle id="1550">
			<color>ff00ffff</color>
			<heading>0</heading>
			<Icon id="1551">
				<href>http://maps.google.com/mapfiles/kml/pushpin/wht-pushpin.png</href>
			</Icon>
		</IconStyle>
	</Style>
	<Style id="1554">
		<IconStyle id="1555">
			<color>ff0000ff</color>
			<heading>0</heading>
			<Icon id="1556">
				<href>http://maps.google.com/mapfiles/kml/pushpin/wht-pushpin.png</href>
			</Icon>
		</IconStyle>
	</Style>
	<Style id="1559">
		<IconStyle id="1560">
			<color>ff00ffff</color>
			<heading>0</heading>
			<Icon id="1561">
				<href>http://maps.google.com/mapfiles/kml/pushpin/wht-pushpin.png</href>
			</Icon>
		</IconStyle>
	</Style>
	<Style id="1564">
		<IconStyle id="1565">
			<color>ffb469ff</color>
			<heading>0</heading>
			<Icon id="1566">
				<href>http://maps.google.com/mapfiles/kml/pushpin/wht-pushpin.png</href>
			</Icon>
		</IconStyle>
	</Style>
	<Style id="1569">
		<IconStyle id="1570">
			<color>ffb469ff</color>
			<heading>0</heading>
			<Icon id="1571">
				<href>http://maps.google.com/mapfiles/kml/pushpin/wht-pushpin.png</href>
			</Icon>
		</IconStyle>
	</Style>
	<Style id="1574">
		<IconStyle id="1575">
			<color>ff0000ff</color>
			<heading>0</heading>
			<Icon id="1576">
				<href>http://maps.google.com/mapfiles/kml/pushpin/wht-pushpin.png</href>
			</Icon>
		</IconStyle>
	</Style>
	<Style id="1579">
		<IconStyle id="1580">
			<color>ff00ffff</color>
			<heading>0</heading>
			<Icon id="1581">
				<href>http://maps.google.com/mapfiles/kml/pushpin/wht-pushpin.png</href>
			</Icon>
		</IconStyle>
	</Style>
	<Style id="1584">
		<IconStyle id="1585">
			<color>ffb469ff</color>
			<heading>0</heading>
			<Icon id="1586">
				<href>http://maps.google.com/mapfiles/kml/pushpin/wht-pushpin.png</href>
			</Icon>
		</IconStyle>
	</Style>
	<Style id="1589">
		<IconStyle id="1590">
			<color>ff0000ff</color>
			<heading>0</heading>
			<Icon id="1591">
				<href>http://maps.google.com/mapfiles/kml/pushpin/wht-pushpin.png</href>
			</Icon>
		</IconStyle>
	</Style>
	<Style id="159">
		<IconStyle id="160">
			<color>ffb469ff</color>
			<heading>0</heading>
			<Icon id="161">
				<href>http://maps.google.com/mapfiles/kml/pushpin/wht-pushpin.png</href>
			</Icon>
		</IconStyle>
	</Style>
	<Style id="1594">
		<IconStyle id="1595">
			<color>ffb469ff</color>
			<heading>0</heading>
			<Icon id="1596">
				<href>http://maps.google.com/mapfiles/kml/pushpin/wht-pushpin.png</href>
			</Icon>
		</IconStyle>
	</Style>
	<Style id="1599">
		<IconStyle id="1600">
			<color>ff0000ff</color>
			<heading>0</heading>
			<Icon id="1601">
				<href>http://maps.google.com/mapfiles/kml/pushpin/wht-pushpin.png</href>
			</Icon>
		</IconStyle>
	</Style>
	<Style id="1604">
		<IconStyle id="1605">
			<color>ff0000ff</color>
			<heading>0</heading>
			<Icon id="1606">
				<href>http://maps.google.com/mapfiles/kml/pushpin/wht-pushpin.png</href>
			</Icon>
		</IconStyle>
	</Style>
	<Style id="1609">
		<IconStyle id="1610">
			<color>ff0000ff</color>
			<heading>0</heading>
			<Icon id="1611">
				<href>http://maps.google.com/mapfiles/kml/pushpin/wht-pushpin.png</href>
			</Icon>
		</IconStyle>
	</Style>
	<Style id="1614">
		<IconStyle id="1615">
			<color>ffb469ff</color>
			<heading>0</heading>
			<Icon id="1616">
				<href>http://maps.google.com/mapfiles/kml/pushpin/wht-pushpin.png</href>
			</Icon>
		</IconStyle>
	</Style>
	<Style id="1619">
		<IconStyle id="1620">
			<color>ffb469ff</color>
			<heading>0</heading>
			<Icon id="1621">
				<href>http://maps.google.com/mapfiles/kml/pushpin/wht-pushpin.png</href>
			</Icon>
		</IconStyle>
	</Style>
	<Style id="1624">
		<IconStyle id="1625">
			<color>ffb469ff</color>
			<heading>0</heading>
			<Icon id="1626">
				<href>http://maps.google.com/mapfiles/kml/pushpin/wht-pushpin.png</href>
			</Icon>
		</IconStyle>
	</Style>
	<Style id="1629">
		<IconStyle id="1630">
			<color>ff0000ff</color>
			<heading>0</heading>
			<Icon id="1631">
				<href>http://maps.google.com/mapfiles/kml/pushpin/wht-pushpin.png</href>
			</Icon>
		</IconStyle>
	</Style>
	<Style id="1634">
		<IconStyle id="1635">
			<color>ff0000ff</color>
			<heading>0</heading>
			<Icon id="1636">
				<href>http://maps.google.com/mapfiles/kml/pushpin/wht-pushpin.png</href>
			</Icon>
		</IconStyle>
	</Style>
	<Style id="1639">
		<IconStyle id="1640">
			<color>ffb469ff</color>
			<heading>0</heading>
			<Icon id="1641">
				<href>http://maps.google.com/mapfiles/kml/pushpin/wht-pushpin.png</href>
			</Icon>
		</IconStyle>
	</Style>
	<Style id="164">
		<IconStyle id="165">
			<color>ff008000</color>
			<heading>0</heading>
			<Icon id="166">
				<href>http://maps.google.com/mapfiles/kml/pushpin/wht-pushpin.png</href>
			</Icon>
		</IconStyle>
	</Style>
	<Style id="1644">
		<IconStyle id="1645">
			<color>ff0000ff</color>
			<heading>0</heading>
			<Icon id="1646">
				<href>http://maps.google.com/mapfiles/kml/pushpin/wht-pushpin.png</href>
			</Icon>
		</IconStyle>
	</Style>
	<Style id="1649">
		<IconStyle id="1650">
			<color>ffb469ff</color>
			<heading>0</heading>
			<Icon id="1651">
				<href>http://maps.google.com/mapfiles/kml/pushpin/wht-pushpin.png</href>
			</Icon>
		</IconStyle>
	</Style>
	<Style id="1654">
		<IconStyle id="1655">
			<color>ff0000ff</color>
			<heading>0</heading>
			<Icon id="1656">
				<href>http://maps.google.com/mapfiles/kml/pushpin/wht-pushpin.png</href>
			</Icon>
		</IconStyle>
	</Style>
	<Style id="1659">
		<IconStyle id="1660">
			<color>ffb469ff</color>
			<heading>0</heading>
			<Icon id="1661">
				<href>http://maps.google.com/mapfiles/kml/pushpin/wht-pushpin.png</href>
			</Icon>
		</IconStyle>
	</Style>
	<Style id="1664">
		<IconStyle id="1665">
			<color>ffb469ff</color>
			<heading>0</heading>
			<Icon id="1666">
				<href>http://maps.google.com/mapfiles/kml/pushpin/wht-pushpin.png</href>
			</Icon>
		</IconStyle>
	</Style>
	<Style id="1669">
		<IconStyle id="1670">
			<color>ff00ffff</color>
			<heading>0</heading>
			<Icon id="1671">
				<href>http://maps.google.com/mapfiles/kml/pushpin/wht-pushpin.png</href>
			</Icon>
		</IconStyle>
	</Style>
	<Style id="1674">
		<IconStyle id="1675">
			<color>ffb469ff</color>
			<heading>0</heading>
			<Icon id="1676">
				<href>http://maps.google.com/mapfiles/kml/pushpin/wht-pushpin.png</href>
			</Icon>
		</IconStyle>
	</Style>
	<Style id="1679">
		<IconStyle id="1680">
			<color>ffb469ff</color>
			<heading>0</heading>
			<Icon id="1681">
				<href>http://maps.google.com/mapfiles/kml/pushpin/wht-pushpin.png</href>
			</Icon>
		</IconStyle>
	</Style>
	<Style id="1684">
		<IconStyle id="1685">
			<color>ffb469ff</color>
			<heading>0</heading>
			<Icon id="1686">
				<href>http://maps.google.com/mapfiles/kml/pushpin/wht-pushpin.png</href>
			</Icon>
		</IconStyle>
	</Style>
	<Style id="1689">
		<IconStyle id="1690">
			<color>ffb469ff</color>
			<heading>0</heading>
			<Icon id="1691">
				<href>http://maps.google.com/mapfiles/kml/pushpin/wht-pushpin.png</href>
			</Icon>
		</IconStyle>
	</Style>
	<Style id="169">
		<IconStyle id="170">
			<color>ff0000ff</color>
			<heading>0</heading>
			<Icon id="171">
				<href>http://maps.google.com/mapfiles/kml/pushpin/wht-pushpin.png</href>
			</Icon>
		</IconStyle>
	</Style>
	<Style id="1694">
		<IconStyle id="1695">
			<color>ffb469ff</color>
			<heading>0</heading>
			<Icon id="1696">
				<href>http://maps.google.com/mapfiles/kml/pushpin/wht-pushpin.png</href>
			</Icon>
		</IconStyle>
	</Style>
	<Style id="1699">
		<IconStyle id="1700">
			<color>ffb469ff</color>
			<heading>0</heading>
			<Icon id="1701">
				<href>http://maps.google.com/mapfiles/kml/pushpin/wht-pushpin.png</href>
			</Icon>
		</IconStyle>
	</Style>
	<Style id="1704">
		<IconStyle id="1705">
			<color>ffb469ff</color>
			<heading>0</heading>
			<Icon id="1706">
				<href>http://maps.google.com/mapfiles/kml/pushpin/wht-pushpin.png</href>
			</Icon>
		</IconStyle>
	</Style>
	<Style id="1709">
		<IconStyle id="1710">
			<color>ff0000ff</color>
			<heading>0</heading>
			<Icon id="1711">
				<href>http://maps.google.com/mapfiles/kml/pushpin/wht-pushpin.png</href>
			</Icon>
		</IconStyle>
	</Style>
	<Style id="1714">
		<IconStyle id="1715">
			<color>ffb469ff</color>
			<heading>0</heading>
			<Icon id="1716">
				<href>http://maps.google.com/mapfiles/kml/pushpin/wht-pushpin.png</href>
			</Icon>
		</IconStyle>
	</Style>
	<Style id="1719">
		<IconStyle id="1720">
			<color>ffb469ff</color>
			<heading>0</heading>
			<Icon id="1721">
				<href>http://maps.google.com/mapfiles/kml/pushpin/wht-pushpin.png</href>
			</Icon>
		</IconStyle>
	</Style>
	<Style id="1724">
		<IconStyle id="1725">
			<color>ffb469ff</color>
			<heading>0</heading>
			<Icon id="1726">
				<href>http://maps.google.com/mapfiles/kml/pushpin/wht-pushpin.png</href>
			</Icon>
		</IconStyle>
	</Style>
	<Style id="1729">
		<IconStyle id="1730">
			<color>ffb469ff</color>
			<heading>0</heading>
			<Icon id="1731">
				<href>http://maps.google.com/mapfiles/kml/pushpin/wht-pushpin.png</href>
			</Icon>
		</IconStyle>
	</Style>
	<Style id="1734">
		<IconStyle id="1735">
			<color>ff0000ff</color>
			<heading>0</heading>
			<Icon id="1736">
				<href>http://maps.google.com/mapfiles/kml/pushpin/wht-pushpin.png</href>
			</Icon>
		</IconStyle>
	</Style>
	<Style id="1739">
		<IconStyle id="1740">
			<color>ff0000ff</color>
			<heading>0</heading>
			<Icon id="1741">
				<href>http://maps.google.com/mapfiles/kml/pushpin/wht-pushpin.png</href>
			</Icon>
		</IconStyle>
	</Style>
	<Style id="174">
		<IconStyle id="175">
			<color>ff00ffff</color>
			<heading>0</heading>
			<Icon id="176">
				<href>http://maps.google.com/mapfiles/kml/pushpin/wht-pushpin.png</href>
			</Icon>
		</IconStyle>
	</Style>
	<Style id="1744">
		<IconStyle id="1745">
			<color>ff0000ff</color>
			<heading>0</heading>
			<Icon id="1746">
				<href>http://maps.google.com/mapfiles/kml/pushpin/wht-pushpin.png</href>
			</Icon>
		</IconStyle>
	</Style>
	<Style id="1749">
		<IconStyle id="1750">
			<color>ff00ffff</color>
			<heading>0</heading>
			<Icon id="1751">
				<href>http://maps.google.com/mapfiles/kml/pushpin/wht-pushpin.png</href>
			</Icon>
		</IconStyle>
	</Style>
	<Style id="1754">
		<IconStyle id="1755">
			<color>ff00ffff</color>
			<heading>0</heading>
			<Icon id="1756">
				<href>http://maps.google.com/mapfiles/kml/pushpin/wht-pushpin.png</href>
			</Icon>
		</IconStyle>
	</Style>
	<Style id="1759">
		<IconStyle id="1760">
			<color>ff0000ff</color>
			<heading>0</heading>
			<Icon id="1761">
				<href>http://maps.google.com/mapfiles/kml/pushpin/wht-pushpin.png</href>
			</Icon>
		</IconStyle>
	</Style>
	<Style id="1764">
		<IconStyle id="1765">
			<color>ffb469ff</color>
			<heading>0</heading>
			<Icon id="1766">
				<href>http://maps.google.com/mapfiles/kml/pushpin/wht-pushpin.png</href>
			</Icon>
		</IconStyle>
	</Style>
	<Style id="1769">
		<IconStyle id="1770">
			<color>ff0000ff</color>
			<heading>0</heading>
			<Icon id="1771">
				<href>http://maps.google.com/mapfiles/kml/pushpin/wht-pushpin.png</href>
			</Icon>
		</IconStyle>
	</Style>
	<Style id="1774">
		<IconStyle id="1775">
			<color>ff0000ff</color>
			<heading>0</heading>
			<Icon id="1776">
				<href>http://maps.google.com/mapfiles/kml/pushpin/wht-pushpin.png</href>
			</Icon>
		</IconStyle>
	</Style>
	<Style id="1779">
		<IconStyle id="1780">
			<color>ff00ffff</color>
			<heading>0</heading>
			<Icon id="1781">
				<href>http://maps.google.com/mapfiles/kml/pushpin/wht-pushpin.png</href>
			</Icon>
		</IconStyle>
	</Style>
	<Style id="1784">
		<IconStyle id="1785">
			<color>ffb469ff</color>
			<heading>0</heading>
			<Icon id="1786">
				<href>http://maps.google.com/mapfiles/kml/pushpin/wht-pushpin.png</href>
			</Icon>
		</IconStyle>
	</Style>
	<Style id="1789">
		<IconStyle id="1790">
			<color>ffb469ff</color>
			<heading>0</heading>
			<Icon id="1791">
				<href>http://maps.google.com/mapfiles/kml/pushpin/wht-pushpin.png</href>
			</Icon>
		</IconStyle>
	</Style>
	<Style id="179">
		<IconStyle id="180">
			<color>ffb469ff</color>
			<heading>0</heading>
			<Icon id="181">
				<href>http://maps.google.com/mapfiles/kml/pushpin/wht-pushpin.png</href>
			</Icon>
		</IconStyle>
	</Style>
	<Style id="1794">
		<IconStyle id="1795">
			<color>ff0000ff</color>
			<heading>0</heading>
			<Icon id="1796">
				<href>http://maps.google.com/mapfiles/kml/pushpin/wht-pushpin.png</href>
			</Icon>
		</IconStyle>
	</Style>
	<Style id="1799">
		<IconStyle id="1800">
			<color>ff0000ff</color>
			<heading>0</heading>
			<Icon id="1801">
				<href>http://maps.google.com/mapfiles/kml/pushpin/wht-pushpin.png</href>
			</Icon>
		</IconStyle>
	</Style>
	<Style id="1804">
		<IconStyle id="1805">
			<color>ff0000ff</color>
			<heading>0</heading>
			<Icon id="1806">
				<href>http://maps.google.com/mapfiles/kml/pushpin/wht-pushpin.png</href>
			</Icon>
		</IconStyle>
	</Style>
	<Style id="1809">
		<IconStyle id="1810">
			<color>ff0000ff</color>
			<heading>0</heading>
			<Icon id="1811">
				<href>http://maps.google.com/mapfiles/kml/pushpin/wht-pushpin.png</href>
			</Icon>
		</IconStyle>
	</Style>
	<Style id="1814">
		<IconStyle id="1815">
			<color>ff0000ff</color>
			<heading>0</heading>
			<Icon id="1816">
				<href>http://maps.google.com/mapfiles/kml/pushpin/wht-pushpin.png</href>
			</Icon>
		</IconStyle>
	</Style>
	<Style id="1819">
		<IconStyle id="1820">
			<color>ff0000ff</color>
			<heading>0</heading>
			<Icon id="1821">
				<href>http://maps.google.com/mapfiles/kml/pushpin/wht-pushpin.png</href>
			</Icon>
		</IconStyle>
	</Style>
	<Style id="1824">
		<IconStyle id="1825">
			<color>ffb469ff</color>
			<heading>0</heading>
			<Icon id="1826">
				<href>http://maps.google.com/mapfiles/kml/pushpin/wht-pushpin.png</href>
			</Icon>
		</IconStyle>
	</Style>
	<Style id="1829">
		<IconStyle id="1830">
			<color>ffb469ff</color>
			<heading>0</heading>
			<Icon id="1831">
				<href>http://maps.google.com/mapfiles/kml/pushpin/wht-pushpin.png</href>
			</Icon>
		</IconStyle>
	</Style>
	<Style id="1834">
		<IconStyle id="1835">
			<color>ffb469ff</color>
			<heading>0</heading>
			<Icon id="1836">
				<href>http://maps.google.com/mapfiles/kml/pushpin/wht-pushpin.png</href>
			</Icon>
		</IconStyle>
	</Style>
	<Style id="1839">
		<IconStyle id="1840">
			<color>ff00ffff</color>
			<heading>0</heading>
			<Icon id="1841">
				<href>http://maps.google.com/mapfiles/kml/pushpin/wht-pushpin.png</href>
			</Icon>
		</IconStyle>
	</Style>
	<Style id="184">
		<IconStyle id="185">
			<color>ff0000ff</color>
			<heading>0</heading>
			<Icon id="186">
				<href>http://maps.google.com/mapfiles/kml/pushpin/wht-pushpin.png</href>
			</Icon>
		</IconStyle>
	</Style>
	<Style id="1844">
		<IconStyle id="1845">
			<color>ffb469ff</color>
			<heading>0</heading>
			<Icon id="1846">
				<href>http://maps.google.com/mapfiles/kml/pushpin/wht-pushpin.png</href>
			</Icon>
		</IconStyle>
	</Style>
	<Style id="1849">
		<IconStyle id="1850">
			<color>ffb469ff</color>
			<heading>0</heading>
			<Icon id="1851">
				<href>http://maps.google.com/mapfiles/kml/pushpin/wht-pushpin.png</href>
			</Icon>
		</IconStyle>
	</Style>
	<Style id="1854">
		<IconStyle id="1855">
			<color>ffb469ff</color>
			<heading>0</heading>
			<Icon id="1856">
				<href>http://maps.google.com/mapfiles/kml/pushpin/wht-pushpin.png</href>
			</Icon>
		</IconStyle>
	</Style>
	<Style id="1859">
		<IconStyle id="1860">
			<color>ff008000</color>
			<heading>0</heading>
			<Icon id="1861">
				<href>http://maps.google.com/mapfiles/kml/pushpin/wht-pushpin.png</href>
			</Icon>
		</IconStyle>
	</Style>
	<Style id="1864">
		<IconStyle id="1865">
			<color>ff008000</color>
			<heading>0</heading>
			<Icon id="1866">
				<href>http://maps.google.com/mapfiles/kml/pushpin/wht-pushpin.png</href>
			</Icon>
		</IconStyle>
	</Style>
	<Style id="1869">
		<IconStyle id="1870">
			<color>ff0000ff</color>
			<heading>0</heading>
			<Icon id="1871">
				<href>http://maps.google.com/mapfiles/kml/pushpin/wht-pushpin.png</href>
			</Icon>
		</IconStyle>
	</Style>
	<Style id="1874">
		<IconStyle id="1875">
			<color>ff0000ff</color>
			<heading>0</heading>
			<Icon id="1876">
				<href>http://maps.google.com/mapfiles/kml/pushpin/wht-pushpin.png</href>
			</Icon>
		</IconStyle>
	</Style>
	<Style id="1879">
		<IconStyle id="1880">
			<color>ff0000ff</color>
			<heading>0</heading>
			<Icon id="1881">
				<href>http://maps.google.com/mapfiles/kml/pushpin/wht-pushpin.png</href>
			</Icon>
		</IconStyle>
	</Style>
	<Style id="1884">
		<IconStyle id="1885">
			<color>ff0000ff</color>
			<heading>0</heading>
			<Icon id="1886">
				<href>http://maps.google.com/mapfiles/kml/pushpin/wht-pushpin.png</href>
			</Icon>
		</IconStyle>
	</Style>
	<Style id="1889">
		<IconStyle id="1890">
			<color>ff00ffff</color>
			<heading>0</heading>
			<Icon id="1891">
				<href>http://maps.google.com/mapfiles/kml/pushpin/wht-pushpin.png</href>
			</Icon>
		</IconStyle>
	</Style>
	<Style id="189">
		<IconStyle id="190">
			<color>ff0000ff</color>
			<heading>0</heading>
			<Icon id="191">
				<href>http://maps.google.com/mapfiles/kml/pushpin/wht-pushpin.png</href>
			</Icon>
		</IconStyle>
	</Style>
	<Style id="1894">
		<IconStyle id="1895">
			<color>ff0000ff</color>
			<heading>0</heading>
			<Icon id="1896">
				<href>http://maps.google.com/mapfiles/kml/pushpin/wht-pushpin.png</href>
			</Icon>
		</IconStyle>
	</Style>
	<Style id="1899">
		<IconStyle id="1900">
			<color>ff0000ff</color>
			<heading>0</heading>
			<Icon id="1901">
				<href>http://maps.google.com/mapfiles/kml/pushpin/wht-pushpin.png</href>
			</Icon>
		</IconStyle>
	</Style>
	<Style id="1904">
		<IconStyle id="1905">
			<color>ffb469ff</color>
			<heading>0</heading>
			<Icon id="1906">
				<href>http://maps.google.com/mapfiles/kml/pushpin/wht-pushpin.png</href>
			</Icon>
		</IconStyle>
	</Style>
	<Style id="1909">
		<IconStyle id="1910">
			<color>ffb469ff</color>
			<heading>0</heading>
			<Icon id="1911">
				<href>http://maps.google.com/mapfiles/kml/pushpin/wht-pushpin.png</href>
			</Icon>
		</IconStyle>
	</Style>
	<Style id="1914">
		<IconStyle id="1915">
			<color>ff0000ff</color>
			<heading>0</heading>
			<Icon id="1916">
				<href>http://maps.google.com/mapfiles/kml/pushpin/wht-pushpin.png</href>
			</Icon>
		</IconStyle>
	</Style>
	<Style id="1919">
		<IconStyle id="1920">
			<color>ff0000ff</color>
			<heading>0</heading>
			<Icon id="1921">
				<href>http://maps.google.com/mapfiles/kml/pushpin/wht-pushpin.png</href>
			</Icon>
		</IconStyle>
	</Style>
	<Style id="1924">
		<IconStyle id="1925">
			<color>ff0000ff</color>
			<heading>0</heading>
			<Icon id="1926">
				<href>http://maps.google.com/mapfiles/kml/pushpin/wht-pushpin.png</href>
			</Icon>
		</IconStyle>
	</Style>
	<Style id="1929">
		<IconStyle id="1930">
			<color>ff0000ff</color>
			<heading>0</heading>
			<Icon id="1931">
				<href>http://maps.google.com/mapfiles/kml/pushpin/wht-pushpin.png</href>
			</Icon>
		</IconStyle>
	</Style>
	<Style id="1934">
		<IconStyle id="1935">
			<color>ff0000ff</color>
			<heading>0</heading>
			<Icon id="1936">
				<href>http://maps.google.com/mapfiles/kml/pushpin/wht-pushpin.png</href>
			</Icon>
		</IconStyle>
	</Style>
	<Style id="1939">
		<IconStyle id="1940">
			<color>ffb469ff</color>
			<heading>0</heading>
			<Icon id="1941">
				<href>http://maps.google.com/mapfiles/kml/pushpin/wht-pushpin.png</href>
			</Icon>
		</IconStyle>
	</Style>
	<Style id="194">
		<IconStyle id="195">
			<color>ff0000ff</color>
			<heading>0</heading>
			<Icon id="196">
				<href>http://maps.google.com/mapfiles/kml/pushpin/wht-pushpin.png</href>
			</Icon>
		</IconStyle>
	</Style>
	<Style id="1944">
		<IconStyle id="1945">
			<color>ff00ffff</color>
			<heading>0</heading>
			<Icon id="1946">
				<href>http://maps.google.com/mapfiles/kml/pushpin/wht-pushpin.png</href>
			</Icon>
		</IconStyle>
	</Style>
	<Style id="1949">
		<IconStyle id="1950">
			<color>ffb469ff</color>
			<heading>0</heading>
			<Icon id="1951">
				<href>http://maps.google.com/mapfiles/kml/pushpin/wht-pushpin.png</href>
			</Icon>
		</IconStyle>
	</Style>
	<Style id="1954">
		<IconStyle id="1955">
			<color>ff0000ff</color>
			<heading>0</heading>
			<Icon id="1956">
				<href>http://maps.google.com/mapfiles/kml/pushpin/wht-pushpin.png</href>
			</Icon>
		</IconStyle>
	</Style>
	<Style id="1959">
		<IconStyle id="1960">
			<color>ff0000ff</color>
			<heading>0</heading>
			<Icon id="1961">
				<href>http://maps.google.com/mapfiles/kml/pushpin/wht-pushpin.png</href>
			</Icon>
		</IconStyle>
	</Style>
	<Style id="1964">
		<IconStyle id="1965">
			<color>ff0000ff</color>
			<heading>0</heading>
			<Icon id="1966">
				<href>http://maps.google.com/mapfiles/kml/pushpin/wht-pushpin.png</href>
			</Icon>
		</IconStyle>
	</Style>
	<Style id="1969">
		<IconStyle id="1970">
			<color>ff0000ff</color>
			<heading>0</heading>
			<Icon id="1971">
				<href>http://maps.google.com/mapfiles/kml/pushpin/wht-pushpin.png</href>
			</Icon>
		</IconStyle>
	</Style>
	<Style id="1974">
		<IconStyle id="1975">
			<color>ff0000ff</color>
			<heading>0</heading>
			<Icon id="1976">
				<href>http://maps.google.com/mapfiles/kml/pushpin/wht-pushpin.png</href>
			</Icon>
		</IconStyle>
	</Style>
	<Style id="1979">
		<IconStyle id="1980">
			<color>ff00ffff</color>
			<heading>0</heading>
			<Icon id="1981">
				<href>http://maps.google.com/mapfiles/kml/pushpin/wht-pushpin.png</href>
			</Icon>
		</IconStyle>
	</Style>
	<Style id="1984">
		<IconStyle id="1985">
			<color>ffb469ff</color>
			<heading>0</heading>
			<Icon id="1986">
				<href>http://maps.google.com/mapfiles/kml/pushpin/wht-pushpin.png</href>
			</Icon>
		</IconStyle>
	</Style>
	<Style id="1989">
		<IconStyle id="1990">
			<color>ff008000</color>
			<heading>0</heading>
			<Icon id="1991">
				<href>http://maps.google.com/mapfiles/kml/pushpin/wht-pushpin.png</href>
			</Icon>
		</IconStyle>
	</Style>
	<Style id="199">
		<IconStyle id="200">
			<color>ffb469ff</color>
			<heading>0</heading>
			<Icon id="201">
				<href>http://maps.google.com/mapfiles/kml/pushpin/wht-pushpin.png</href>
			</Icon>
		</IconStyle>
	</Style>
	<Style id="1994">
		<IconStyle id="1995">
			<color>ff0000ff</color>
			<heading>0</heading>
			<Icon id="1996">
				<href>http://maps.google.com/mapfiles/kml/pushpin/wht-pushpin.png</href>
			</Icon>
		</IconStyle>
	</Style>
	<Style id="1999">
		<IconStyle id="2000">
			<color>ff00ffff</color>
			<heading>0</heading>
			<Icon id="2001">
				<href>http://maps.google.com/mapfiles/kml/pushpin/wht-pushpin.png</href>
			</Icon>
		</IconStyle>
	</Style>
	<Style id="2004">
		<IconStyle id="2005">
			<color>ff0000ff</color>
			<heading>0</heading>
			<Icon id="2006">
				<href>http://maps.google.com/mapfiles/kml/pushpin/wht-pushpin.png</href>
			</Icon>
		</IconStyle>
	</Style>
	<Style id="2009">
		<IconStyle id="2010">
			<color>ff0000ff</color>
			<heading>0</heading>
			<Icon id="2011">
				<href>http://maps.google.com/mapfiles/kml/pushpin/wht-pushpin.png</href>
			</Icon>
		</IconStyle>
	</Style>
	<Style id="2014">
		<IconStyle id="2015">
			<color>ff0000ff</color>
			<heading>0</heading>
			<Icon id="2016">
				<href>http://maps.google.com/mapfiles/kml/pushpin/wht-pushpin.png</href>
			</Icon>
		</IconStyle>
	</Style>
	<Style id="2019">
		<IconStyle id="2020">
			<color>ffb469ff</color>
			<heading>0</heading>
			<Icon id="2021">
				<href>http://maps.google.com/mapfiles/kml/pushpin/wht-pushpin.png</href>
			</Icon>
		</IconStyle>
	</Style>
	<Style id="2024">
		<IconStyle id="2025">
			<color>ff0000ff</color>
			<heading>0</heading>
			<Icon id="2026">
				<href>http://maps.google.com/mapfiles/kml/pushpin/wht-pushpin.png</href>
			</Icon>
		</IconStyle>
	</Style>
	<Style id="2029">
		<IconStyle id="2030">
			<color>ffb469ff</color>
			<heading>0</heading>
			<Icon id="2031">
				<href>http://maps.google.com/mapfiles/kml/pushpin/wht-pushpin.png</href>
			</Icon>
		</IconStyle>
	</Style>
	<Style id="2034">
		<IconStyle id="2035">
			<color>ffb469ff</color>
			<heading>0</heading>
			<Icon id="2036">
				<href>http://maps.google.com/mapfiles/kml/pushpin/wht-pushpin.png</href>
			</Icon>
		</IconStyle>
	</Style>
	<Style id="2039">
		<IconStyle id="2040">
			<color>ffb469ff</color>
			<heading>0</heading>
			<Icon id="2041">
				<href>http://maps.google.com/mapfiles/kml/pushpin/wht-pushpin.png</href>
			</Icon>
		</IconStyle>
	</Style>
	<Style id="204">
		<IconStyle id="205">
			<color>ffb469ff</color>
			<heading>0</heading>
			<Icon id="206">
				<href>http://maps.google.com/mapfiles/kml/pushpin/wht-pushpin.png</href>
			</Icon>
		</IconStyle>
	</Style>
	<Style id="2044">
		<IconStyle id="2045">
			<color>ff0000ff</color>
			<heading>0</heading>
			<Icon id="2046">
				<href>http://maps.google.com/mapfiles/kml/pushpin/wht-pushpin.png</href>
			</Icon>
		</IconStyle>
	</Style>
	<Style id="2049">
		<IconStyle id="2050">
			<color>ff0000ff</color>
			<heading>0</heading>
			<Icon id="2051">
				<href>http://maps.google.com/mapfiles/kml/pushpin/wht-pushpin.png</href>
			</Icon>
		</IconStyle>
	</Style>
	<Style id="2054">
		<IconStyle id="2055">
			<color>ff0000ff</color>
			<heading>0</heading>
			<Icon id="2056">
				<href>http://maps.google.com/mapfiles/kml/pushpin/wht-pushpin.png</href>
			</Icon>
		</IconStyle>
	</Style>
	<Style id="2059">
		<IconStyle id="2060">
			<color>ff008000</color>
			<heading>0</heading>
			<Icon id="2061">
				<href>http://maps.google.com/mapfiles/kml/pushpin/wht-pushpin.png</href>
			</Icon>
		</IconStyle>
	</Style>
	<Style id="2064">
		<IconStyle id="2065">
			<color>ffb469ff</color>
			<heading>0</heading>
			<Icon id="2066">
				<href>http://maps.google.com/mapfiles/kml/pushpin/wht-pushpin.png</href>
			</Icon>
		</IconStyle>
	</Style>
	<Style id="2069">
		<IconStyle id="2070">
			<color>ffb469ff</color>
			<heading>0</heading>
			<Icon id="2071">
				<href>http://maps.google.com/mapfiles/kml/pushpin/wht-pushpin.png</href>
			</Icon>
		</IconStyle>
	</Style>
	<Style id="2074">
		<IconStyle id="2075">
			<color>ff0000ff</color>
			<heading>0</heading>
			<Icon id="2076">
				<href>http://maps.google.com/mapfiles/kml/pushpin/wht-pushpin.png</href>
			</Icon>
		</IconStyle>
	</Style>
	<Style id="2079">
		<IconStyle id="2080">
			<color>ff00ffff</color>
			<heading>0</heading>
			<Icon id="2081">
				<href>http://maps.google.com/mapfiles/kml/pushpin/wht-pushpin.png</href>
			</Icon>
		</IconStyle>
	</Style>
	<Style id="2084">
		<IconStyle id="2085">
			<color>ff0000ff</color>
			<heading>0</heading>
			<Icon id="2086">
				<href>http://maps.google.com/mapfiles/kml/pushpin/wht-pushpin.png</href>
			</Icon>
		</IconStyle>
	</Style>
	<Style id="2089">
		<IconStyle id="2090">
			<color>ffb469ff</color>
			<heading>0</heading>
			<Icon id="2091">
				<href>http://maps.google.com/mapfiles/kml/pushpin/wht-pushpin.png</href>
			</Icon>
		</IconStyle>
	</Style>
	<Style id="209">
		<IconStyle id="210">
			<color>ffb469ff</color>
			<heading>0</heading>
			<Icon id="211">
				<href>http://maps.google.com/mapfiles/kml/pushpin/wht-pushpin.png</href>
			</Icon>
		</IconStyle>
	</Style>
	<Style id="2094">
		<IconStyle id="2095">
			<color>ffb469ff</color>
			<heading>0</heading>
			<Icon id="2096">
				<href>http://maps.google.com/mapfiles/kml/pushpin/wht-pushpin.png</href>
			</Icon>
		</IconStyle>
	</Style>
	<Style id="2099">
		<IconStyle id="2100">
			<color>ff0000ff</color>
			<heading>0</heading>
			<Icon id="2101">
				<href>http://maps.google.com/mapfiles/kml/pushpin/wht-pushpin.png</href>
			</Icon>
		</IconStyle>
	</Style>
	<Style id="2104">
		<IconStyle id="2105">
			<color>ff0000ff</color>
			<heading>0</heading>
			<Icon id="2106">
				<href>http://maps.google.com/mapfiles/kml/pushpin/wht-pushpin.png</href>
			</Icon>
		</IconStyle>
	</Style>
	<Style id="2109">
		<IconStyle id="2110">
			<color>ffb469ff</color>
			<heading>0</heading>
			<Icon id="2111">
				<href>http://maps.google.com/mapfiles/kml/pushpin/wht-pushpin.png</href>
			</Icon>
		</IconStyle>
	</Style>
	<Style id="2114">
		<IconStyle id="2115">
			<color>ffb469ff</color>
			<heading>0</heading>
			<Icon id="2116">
				<href>http://maps.google.com/mapfiles/kml/pushpin/wht-pushpin.png</href>
			</Icon>
		</IconStyle>
	</Style>
	<Style id="2119">
		<IconStyle id="2120">
			<color>ff00ffff</color>
			<heading>0</heading>
			<Icon id="2121">
				<href>http://maps.google.com/mapfiles/kml/pushpin/wht-pushpin.png</href>
			</Icon>
		</IconStyle>
	</Style>
	<Style id="2124">
		<IconStyle id="2125">
			<color>ff0000ff</color>
			<heading>0</heading>
			<Icon id="2126">
				<href>http://maps.google.com/mapfiles/kml/pushpin/wht-pushpin.png</href>
			</Icon>
		</IconStyle>
	</Style>
	<Style id="2129">
		<IconStyle id="2130">
			<color>ff00ffff</color>
			<heading>0</heading>
			<Icon id="2131">
				<href>http://maps.google.com/mapfiles/kml/pushpin/wht-pushpin.png</href>
			</Icon>
		</IconStyle>
	</Style>
	<Style id="2134">
		<IconStyle id="2135">
			<color>ff00ffff</color>
			<heading>0</heading>
			<Icon id="2136">
				<href>http://maps.google.com/mapfiles/kml/pushpin/wht-pushpin.png</href>
			</Icon>
		</IconStyle>
	</Style>
	<Style id="2139">
		<IconStyle id="2140">
			<color>ff0000ff</color>
			<heading>0</heading>
			<Icon id="2141">
				<href>http://maps.google.com/mapfiles/kml/pushpin/wht-pushpin.png</href>
			</Icon>
		</IconStyle>
	</Style>
	<Style id="214">
		<IconStyle id="215">
			<color>ffb469ff</color>
			<heading>0</heading>
			<Icon id="216">
				<href>http://maps.google.com/mapfiles/kml/pushpin/wht-pushpin.png</href>
			</Icon>
		</IconStyle>
	</Style>
	<Style id="2144">
		<IconStyle id="2145">
			<color>ff00ffff</color>
			<heading>0</heading>
			<Icon id="2146">
				<href>http://maps.google.com/mapfiles/kml/pushpin/wht-pushpin.png</href>
			</Icon>
		</IconStyle>
	</Style>
	<Style id="2149">
		<IconStyle id="2150">
			<color>ff00ffff</color>
			<heading>0</heading>
			<Icon id="2151">
				<href>http://maps.google.com/mapfiles/kml/pushpin/wht-pushpin.png</href>
			</Icon>
		</IconStyle>
	</Style>
	<Style id="2154">
		<IconStyle id="2155">
			<color>ff0000ff</color>
			<heading>0</heading>
			<Icon id="2156">
				<href>http://maps.google.com/mapfiles/kml/pushpin/wht-pushpin.png</href>
			</Icon>
		</IconStyle>
	</Style>
	<Style id="2159">
		<IconStyle id="2160">
			<color>ff00ffff</color>
			<heading>0</heading>
			<Icon id="2161">
				<href>http://maps.google.com/mapfiles/kml/pushpin/wht-pushpin.png</href>
			</Icon>
		</IconStyle>
	</Style>
	<Style id="2164">
		<IconStyle id="2165">
			<color>ff0000ff</color>
			<heading>0</heading>
			<Icon id="2166">
				<href>http://maps.google.com/mapfiles/kml/pushpin/wht-pushpin.png</href>
			</Icon>
		</IconStyle>
	</Style>
	<Style id="2169">
		<IconStyle id="2170">
			<color>ffb469ff</color>
			<heading>0</heading>
			<Icon id="2171">
				<href>http://maps.google.com/mapfiles/kml/pushpin/wht-pushpin.png</href>
			</Icon>
		</IconStyle>
	</Style>
	<Style id="2174">
		<IconStyle id="2175">
			<color>ff00ffff</color>
			<heading>0</heading>
			<Icon id="2176">
				<href>http://maps.google.com/mapfiles/kml/pushpin/wht-pushpin.png</href>
			</Icon>
		</IconStyle>
	</Style>
	<StyleMap id="2179">
		<Pair>
			<key>normal</key>
			<styleUrl>#21791</styleUrl>
		</Pair>
		<Pair>
			<key>highlight</key>
			<styleUrl>#21790</styleUrl>
		</Pair>
	</StyleMap>
	<Style id="21790">
		<IconStyle id="2180">
			<color>ff00ffff</color>
			<heading>0</heading>
			<Icon id="2181">
				<href>http://maps.google.com/mapfiles/kml/pushpin/wht-pushpin.png</href>
			</Icon>
		</IconStyle>
	</Style>
	<Style id="21791">
		<IconStyle id="2180">
			<color>ff00ffff</color>
			<heading>0</heading>
			<Icon id="2181">
				<href>http://maps.google.com/mapfiles/kml/pushpin/wht-pushpin.png</href>
			</Icon>
		</IconStyle>
	</Style>
	<Style id="2184">
		<IconStyle id="2185">
			<color>ff0000ff</color>
			<heading>0</heading>
			<Icon id="2186">
				<href>http://maps.google.com/mapfiles/kml/pushpin/wht-pushpin.png</href>
			</Icon>
		</IconStyle>
	</Style>
	<Style id="2189">
		<IconStyle id="2190">
			<color>ff0000ff</color>
			<heading>0</heading>
			<Icon id="2191">
				<href>http://maps.google.com/mapfiles/kml/pushpin/wht-pushpin.png</href>
			</Icon>
		</IconStyle>
	</Style>
	<Style id="219">
		<IconStyle id="220">
			<color>ffb469ff</color>
			<heading>0</heading>
			<Icon id="221">
				<href>http://maps.google.com/mapfiles/kml/pushpin/wht-pushpin.png</href>
			</Icon>
		</IconStyle>
	</Style>
	<Style id="2194">
		<IconStyle id="2195">
			<color>ff0000ff</color>
			<heading>0</heading>
			<Icon id="2196">
				<href>http://maps.google.com/mapfiles/kml/pushpin/wht-pushpin.png</href>
			</Icon>
		</IconStyle>
	</Style>
	<Style id="2199">
		<IconStyle id="2200">
			<color>ffb469ff</color>
			<heading>0</heading>
			<Icon id="2201">
				<href>http://maps.google.com/mapfiles/kml/pushpin/wht-pushpin.png</href>
			</Icon>
		</IconStyle>
	</Style>
	<Style id="2204">
		<IconStyle id="2205">
			<color>ff0000ff</color>
			<heading>0</heading>
			<Icon id="2206">
				<href>http://maps.google.com/mapfiles/kml/pushpin/wht-pushpin.png</href>
			</Icon>
		</IconStyle>
	</Style>
	<Style id="2209">
		<IconStyle id="2210">
			<color>ff0000ff</color>
			<heading>0</heading>
			<Icon id="2211">
				<href>http://maps.google.com/mapfiles/kml/pushpin/wht-pushpin.png</href>
			</Icon>
		</IconStyle>
	</Style>
	<Style id="2214">
		<IconStyle id="2215">
			<color>ff0000ff</color>
			<heading>0</heading>
			<Icon id="2216">
				<href>http://maps.google.com/mapfiles/kml/pushpin/wht-pushpin.png</href>
			</Icon>
		</IconStyle>
	</Style>
	<Style id="2219">
		<IconStyle id="2220">
			<color>ff0000ff</color>
			<heading>0</heading>
			<Icon id="2221">
				<href>http://maps.google.com/mapfiles/kml/pushpin/wht-pushpin.png</href>
			</Icon>
		</IconStyle>
	</Style>
	<Style id="2224">
		<IconStyle id="2225">
			<color>ff0000ff</color>
			<heading>0</heading>
			<Icon id="2226">
				<href>http://maps.google.com/mapfiles/kml/pushpin/wht-pushpin.png</href>
			</Icon>
		</IconStyle>
	</Style>
	<Style id="2229">
		<IconStyle id="2230">
			<color>ffb469ff</color>
			<heading>0</heading>
			<Icon id="2231">
				<href>http://maps.google.com/mapfiles/kml/pushpin/wht-pushpin.png</href>
			</Icon>
		</IconStyle>
	</Style>
	<Style id="2234">
		<IconStyle id="2235">
			<color>ff00ffff</color>
			<heading>0</heading>
			<Icon id="2236">
				<href>http://maps.google.com/mapfiles/kml/pushpin/wht-pushpin.png</href>
			</Icon>
		</IconStyle>
	</Style>
	<Style id="2239">
		<IconStyle id="2240">
			<color>ff0000ff</color>
			<heading>0</heading>
			<Icon id="2241">
				<href>http://maps.google.com/mapfiles/kml/pushpin/wht-pushpin.png</href>
			</Icon>
		</IconStyle>
	</Style>
	<Style id="224">
		<IconStyle id="225">
			<color>ff00ffff</color>
			<heading>0</heading>
			<Icon id="226">
				<href>http://maps.google.com/mapfiles/kml/pushpin/wht-pushpin.png</href>
			</Icon>
		</IconStyle>
	</Style>
	<Style id="2244">
		<IconStyle id="2245">
			<color>ffb469ff</color>
			<heading>0</heading>
			<Icon id="2246">
				<href>http://maps.google.com/mapfiles/kml/pushpin/wht-pushpin.png</href>
			</Icon>
		</IconStyle>
	</Style>
	<Style id="2249">
		<IconStyle id="2250">
			<color>ff0000ff</color>
			<heading>0</heading>
			<Icon id="2251">
				<href>http://maps.google.com/mapfiles/kml/pushpin/wht-pushpin.png</href>
			</Icon>
		</IconStyle>
	</Style>
	<Style id="2254">
		<IconStyle id="2255">
			<color>ffb469ff</color>
			<heading>0</heading>
			<Icon id="2256">
				<href>http://maps.google.com/mapfiles/kml/pushpin/wht-pushpin.png</href>
			</Icon>
		</IconStyle>
	</Style>
	<Style id="2259">
		<IconStyle id="2260">
			<color>ff00ffff</color>
			<heading>0</heading>
			<Icon id="2261">
				<href>http://maps.google.com/mapfiles/kml/pushpin/wht-pushpin.png</href>
			</Icon>
		</IconStyle>
	</Style>
	<Style id="2264">
		<IconStyle id="2265">
			<color>ffb469ff</color>
			<heading>0</heading>
			<Icon id="2266">
				<href>http://maps.google.com/mapfiles/kml/pushpin/wht-pushpin.png</href>
			</Icon>
		</IconStyle>
	</Style>
	<Style id="2269">
		<IconStyle id="2270">
			<color>ff0000ff</color>
			<heading>0</heading>
			<Icon id="2271">
				<href>http://maps.google.com/mapfiles/kml/pushpin/wht-pushpin.png</href>
			</Icon>
		</IconStyle>
	</Style>
	<Style id="2274">
		<IconStyle id="2275">
			<color>ff00ffff</color>
			<heading>0</heading>
			<Icon id="2276">
				<href>http://maps.google.com/mapfiles/kml/pushpin/wht-pushpin.png</href>
			</Icon>
		</IconStyle>
	</Style>
	<Style id="2279">
		<IconStyle id="2280">
			<color>ff00ffff</color>
			<heading>0</heading>
			<Icon id="2281">
				<href>http://maps.google.com/mapfiles/kml/pushpin/wht-pushpin.png</href>
			</Icon>
		</IconStyle>
	</Style>
	<Style id="2284">
		<IconStyle id="2285">
			<color>ff0000ff</color>
			<heading>0</heading>
			<Icon id="2286">
				<href>http://maps.google.com/mapfiles/kml/pushpin/wht-pushpin.png</href>
			</Icon>
		</IconStyle>
	</Style>
	<Style id="2289">
		<IconStyle id="2290">
			<color>ff0000ff</color>
			<heading>0</heading>
			<Icon id="2291">
				<href>http://maps.google.com/mapfiles/kml/pushpin/wht-pushpin.png</href>
			</Icon>
		</IconStyle>
	</Style>
	<Style id="229">
		<IconStyle id="230">
			<color>ff0000ff</color>
			<heading>0</heading>
			<Icon id="231">
				<href>http://maps.google.com/mapfiles/kml/pushpin/wht-pushpin.png</href>
			</Icon>
		</IconStyle>
	</Style>
	<Style id="2294">
		<IconStyle id="2295">
			<color>ffb469ff</color>
			<heading>0</heading>
			<Icon id="2296">
				<href>http://maps.google.com/mapfiles/kml/pushpin/wht-pushpin.png</href>
			</Icon>
		</IconStyle>
	</Style>
	<Style id="2299">
		<IconStyle id="2300">
			<color>ffb469ff</color>
			<heading>0</heading>
			<Icon id="2301">
				<href>http://maps.google.com/mapfiles/kml/pushpin/wht-pushpin.png</href>
			</Icon>
		</IconStyle>
	</Style>
	<Style id="2304">
		<IconStyle id="2305">
			<color>ff00ffff</color>
			<heading>0</heading>
			<Icon id="2306">
				<href>http://maps.google.com/mapfiles/kml/pushpin/wht-pushpin.png</href>
			</Icon>
		</IconStyle>
	</Style>
	<Style id="2309">
		<IconStyle id="2310">
			<color>ffb469ff</color>
			<heading>0</heading>
			<Icon id="2311">
				<href>http://maps.google.com/mapfiles/kml/pushpin/wht-pushpin.png</href>
			</Icon>
		</IconStyle>
	</Style>
	<Style id="2314">
		<IconStyle id="2315">
			<color>ff00ffff</color>
			<heading>0</heading>
			<Icon id="2316">
				<href>http://maps.google.com/mapfiles/kml/pushpin/wht-pushpin.png</href>
			</Icon>
		</IconStyle>
	</Style>
	<Style id="2319">
		<IconStyle id="2320">
			<color>ff0000ff</color>
			<heading>0</heading>
			<Icon id="2321">
				<href>http://maps.google.com/mapfiles/kml/pushpin/wht-pushpin.png</href>
			</Icon>
		</IconStyle>
	</Style>
	<Style id="2324">
		<IconStyle id="2325">
			<color>ffb469ff</color>
			<heading>0</heading>
			<Icon id="2326">
				<href>http://maps.google.com/mapfiles/kml/pushpin/wht-pushpin.png</href>
			</Icon>
		</IconStyle>
	</Style>
	<Style id="2329">
		<IconStyle id="2330">
			<color>ff0000ff</color>
			<heading>0</heading>
			<Icon id="2331">
				<href>http://maps.google.com/mapfiles/kml/pushpin/wht-pushpin.png</href>
			</Icon>
		</IconStyle>
	</Style>
	<Style id="2334">
		<IconStyle id="2335">
			<color>ff0000ff</color>
			<heading>0</heading>
			<Icon id="2336">
				<href>http://maps.google.com/mapfiles/kml/pushpin/wht-pushpin.png</href>
			</Icon>
		</IconStyle>
	</Style>
	<Style id="2339">
		<IconStyle id="2340">
			<color>ff00ffff</color>
			<heading>0</heading>
			<Icon id="2341">
				<href>http://maps.google.com/mapfiles/kml/pushpin/wht-pushpin.png</href>
			</Icon>
		</IconStyle>
	</Style>
	<Style id="234">
		<IconStyle id="235">
			<color>ff0000ff</color>
			<heading>0</heading>
			<Icon id="236">
				<href>http://maps.google.com/mapfiles/kml/pushpin/wht-pushpin.png</href>
			</Icon>
		</IconStyle>
	</Style>
	<Style id="2344">
		<IconStyle id="2345">
			<color>ff0000ff</color>
			<heading>0</heading>
			<Icon id="2346">
				<href>http://maps.google.com/mapfiles/kml/pushpin/wht-pushpin.png</href>
			</Icon>
		</IconStyle>
	</Style>
	<Style id="2349">
		<IconStyle id="2350">
			<color>ff0000ff</color>
			<heading>0</heading>
			<Icon id="2351">
				<href>http://maps.google.com/mapfiles/kml/pushpin/wht-pushpin.png</href>
			</Icon>
		</IconStyle>
	</Style>
	<Style id="2354">
		<IconStyle id="2355">
			<color>ff0000ff</color>
			<heading>0</heading>
			<Icon id="2356">
				<href>http://maps.google.com/mapfiles/kml/pushpin/wht-pushpin.png</href>
			</Icon>
		</IconStyle>
	</Style>
	<Style id="2359">
		<IconStyle id="2360">
			<color>ff0000ff</color>
			<heading>0</heading>
			<Icon id="2361">
				<href>http://maps.google.com/mapfiles/kml/pushpin/wht-pushpin.png</href>
			</Icon>
		</IconStyle>
	</Style>
	<Style id="2364">
		<IconStyle id="2365">
			<color>ff0000ff</color>
			<heading>0</heading>
			<Icon id="2366">
				<href>http://maps.google.com/mapfiles/kml/pushpin/wht-pushpin.png</href>
			</Icon>
		</IconStyle>
	</Style>
	<Style id="2369">
		<IconStyle id="2370">
			<color>ffb469ff</color>
			<heading>0</heading>
			<Icon id="2371">
				<href>http://maps.google.com/mapfiles/kml/pushpin/wht-pushpin.png</href>
			</Icon>
		</IconStyle>
	</Style>
	<Style id="2374">
		<IconStyle id="2375">
			<color>ff00ffff</color>
			<heading>0</heading>
			<Icon id="2376">
				<href>http://maps.google.com/mapfiles/kml/pushpin/wht-pushpin.png</href>
			</Icon>
		</IconStyle>
	</Style>
	<Style id="2379">
		<IconStyle id="2380">
			<color>ff00ffff</color>
			<heading>0</heading>
			<Icon id="2381">
				<href>http://maps.google.com/mapfiles/kml/pushpin/wht-pushpin.png</href>
			</Icon>
		</IconStyle>
	</Style>
	<Style id="2384">
		<IconStyle id="2385">
			<color>ffb469ff</color>
			<heading>0</heading>
			<Icon id="2386">
				<href>http://maps.google.com/mapfiles/kml/pushpin/wht-pushpin.png</href>
			</Icon>
		</IconStyle>
	</Style>
	<Style id="2389">
		<IconStyle id="2390">
			<color>ffb469ff</color>
			<heading>0</heading>
			<Icon id="2391">
				<href>http://maps.google.com/mapfiles/kml/pushpin/wht-pushpin.png</href>
			</Icon>
		</IconStyle>
	</Style>
	<Style id="239">
		<IconStyle id="240">
			<color>ff0000ff</color>
			<heading>0</heading>
			<Icon id="241">
				<href>http://maps.google.com/mapfiles/kml/pushpin/wht-pushpin.png</href>
			</Icon>
		</IconStyle>
	</Style>
	<Style id="2394">
		<IconStyle id="2395">
			<color>ff0000ff</color>
			<heading>0</heading>
			<Icon id="2396">
				<href>http://maps.google.com/mapfiles/kml/pushpin/wht-pushpin.png</href>
			</Icon>
		</IconStyle>
	</Style>
	<Style id="2399">
		<IconStyle id="2400">
			<color>ffb469ff</color>
			<heading>0</heading>
			<Icon id="2401">
				<href>http://maps.google.com/mapfiles/kml/pushpin/wht-pushpin.png</href>
			</Icon>
		</IconStyle>
	</Style>
	<Style id="2404">
		<IconStyle id="2405">
			<color>ff0000ff</color>
			<heading>0</heading>
			<Icon id="2406">
				<href>http://maps.google.com/mapfiles/kml/pushpin/wht-pushpin.png</href>
			</Icon>
		</IconStyle>
	</Style>
	<Style id="2409">
		<IconStyle id="2410">
			<color>ff00ffff</color>
			<heading>0</heading>
			<Icon id="2411">
				<href>http://maps.google.com/mapfiles/kml/pushpin/wht-pushpin.png</href>
			</Icon>
		</IconStyle>
	</Style>
	<Style id="2414">
		<IconStyle id="2415">
			<color>ff008000</color>
			<heading>0</heading>
			<Icon id="2416">
				<href>http://maps.google.com/mapfiles/kml/pushpin/wht-pushpin.png</href>
			</Icon>
		</IconStyle>
	</Style>
	<Style id="2419">
		<IconStyle id="2420">
			<color>ff00ffff</color>
			<heading>0</heading>
			<Icon id="2421">
				<href>http://maps.google.com/mapfiles/kml/pushpin/wht-pushpin.png</href>
			</Icon>
		</IconStyle>
	</Style>
	<Style id="2424">
		<IconStyle id="2425">
			<color>ff0000ff</color>
			<heading>0</heading>
			<Icon id="2426">
				<href>http://maps.google.com/mapfiles/kml/pushpin/wht-pushpin.png</href>
			</Icon>
		</IconStyle>
	</Style>
	<Style id="2429">
		<IconStyle id="2430">
			<color>ff0000ff</color>
			<heading>0</heading>
			<Icon id="2431">
				<href>http://maps.google.com/mapfiles/kml/pushpin/wht-pushpin.png</href>
			</Icon>
		</IconStyle>
	</Style>
	<Style id="2434">
		<IconStyle id="2435">
			<color>ff0000ff</color>
			<heading>0</heading>
			<Icon id="2436">
				<href>http://maps.google.com/mapfiles/kml/pushpin/wht-pushpin.png</href>
			</Icon>
		</IconStyle>
	</Style>
	<Style id="2439">
		<IconStyle id="2440">
			<color>ff008000</color>
			<heading>0</heading>
			<Icon id="2441">
				<href>http://maps.google.com/mapfiles/kml/pushpin/wht-pushpin.png</href>
			</Icon>
		</IconStyle>
	</Style>
	<Style id="244">
		<IconStyle id="245">
			<color>ff0000ff</color>
			<heading>0</heading>
			<Icon id="246">
				<href>http://maps.google.com/mapfiles/kml/pushpin/wht-pushpin.png</href>
			</Icon>
		</IconStyle>
	</Style>
	<Style id="2444">
		<IconStyle id="2445">
			<color>ffb469ff</color>
			<heading>0</heading>
			<Icon id="2446">
				<href>http://maps.google.com/mapfiles/kml/pushpin/wht-pushpin.png</href>
			</Icon>
		</IconStyle>
	</Style>
	<Style id="2449">
		<IconStyle id="2450">
			<color>ff0000ff</color>
			<heading>0</heading>
			<Icon id="2451">
				<href>http://maps.google.com/mapfiles/kml/pushpin/wht-pushpin.png</href>
			</Icon>
		</IconStyle>
	</Style>
	<Style id="2454">
		<IconStyle id="2455">
			<color>ff00ffff</color>
			<heading>0</heading>
			<Icon id="2456">
				<href>http://maps.google.com/mapfiles/kml/pushpin/wht-pushpin.png</href>
			</Icon>
		</IconStyle>
	</Style>
	<Style id="2459">
		<IconStyle id="2460">
			<color>ff0000ff</color>
			<heading>0</heading>
			<Icon id="2461">
				<href>http://maps.google.com/mapfiles/kml/pushpin/wht-pushpin.png</href>
			</Icon>
		</IconStyle>
	</Style>
	<Style id="2464">
		<IconStyle id="2465">
			<color>ffb469ff</color>
			<heading>0</heading>
			<Icon id="2466">
				<href>http://maps.google.com/mapfiles/kml/pushpin/wht-pushpin.png</href>
			</Icon>
		</IconStyle>
	</Style>
	<Style id="2469">
		<IconStyle id="2470">
			<color>ffb469ff</color>
			<heading>0</heading>
			<Icon id="2471">
				<href>http://maps.google.com/mapfiles/kml/pushpin/wht-pushpin.png</href>
			</Icon>
		</IconStyle>
	</Style>
	<Style id="2474">
		<IconStyle id="2475">
			<color>ff0000ff</color>
			<heading>0</heading>
			<Icon id="2476">
				<href>http://maps.google.com/mapfiles/kml/pushpin/wht-pushpin.png</href>
			</Icon>
		</IconStyle>
	</Style>
	<Style id="2479">
		<IconStyle id="2480">
			<color>ff0000ff</color>
			<heading>0</heading>
			<Icon id="2481">
				<href>http://maps.google.com/mapfiles/kml/pushpin/wht-pushpin.png</href>
			</Icon>
		</IconStyle>
	</Style>
	<Style id="2484">
		<IconStyle id="2485">
			<color>ffb469ff</color>
			<heading>0</heading>
			<Icon id="2486">
				<href>http://maps.google.com/mapfiles/kml/pushpin/wht-pushpin.png</href>
			</Icon>
		</IconStyle>
	</Style>
	<Style id="2489">
		<IconStyle id="2490">
			<color>ffb469ff</color>
			<heading>0</heading>
			<Icon id="2491">
				<href>http://maps.google.com/mapfiles/kml/pushpin/wht-pushpin.png</href>
			</Icon>
		</IconStyle>
	</Style>
	<Style id="249">
		<IconStyle id="250">
			<color>ffb469ff</color>
			<heading>0</heading>
			<Icon id="251">
				<href>http://maps.google.com/mapfiles/kml/pushpin/wht-pushpin.png</href>
			</Icon>
		</IconStyle>
	</Style>
	<Style id="2494">
		<IconStyle id="2495">
			<color>ff00ffff</color>
			<heading>0</heading>
			<Icon id="2496">
				<href>http://maps.google.com/mapfiles/kml/pushpin/wht-pushpin.png</href>
			</Icon>
		</IconStyle>
	</Style>
	<Style id="2499">
		<IconStyle id="2500">
			<color>ffb469ff</color>
			<heading>0</heading>
			<Icon id="2501">
				<href>http://maps.google.com/mapfiles/kml/pushpin/wht-pushpin.png</href>
			</Icon>
		</IconStyle>
	</Style>
	<Style id="2504">
		<IconStyle id="2505">
			<color>ffb469ff</color>
			<heading>0</heading>
			<Icon id="2506">
				<href>http://maps.google.com/mapfiles/kml/pushpin/wht-pushpin.png</href>
			</Icon>
		</IconStyle>
	</Style>
	<Style id="2509">
		<IconStyle id="2510">
			<color>ff00ffff</color>
			<heading>0</heading>
			<Icon id="2511">
				<href>http://maps.google.com/mapfiles/kml/pushpin/wht-pushpin.png</href>
			</Icon>
		</IconStyle>
	</Style>
	<Style id="2514">
		<IconStyle id="2515">
			<color>ff00ffff</color>
			<heading>0</heading>
			<Icon id="2516">
				<href>http://maps.google.com/mapfiles/kml/pushpin/wht-pushpin.png</href>
			</Icon>
		</IconStyle>
	</Style>
	<Style id="2519">
		<IconStyle id="2520">
			<color>ffb469ff</color>
			<heading>0</heading>
			<Icon id="2521">
				<href>http://maps.google.com/mapfiles/kml/pushpin/wht-pushpin.png</href>
			</Icon>
		</IconStyle>
	</Style>
	<Style id="2524">
		<IconStyle id="2525">
			<color>ffb469ff</color>
			<heading>0</heading>
			<Icon id="2526">
				<href>http://maps.google.com/mapfiles/kml/pushpin/wht-pushpin.png</href>
			</Icon>
		</IconStyle>
	</Style>
	<Style id="2529">
		<IconStyle id="2530">
			<color>ff00ffff</color>
			<heading>0</heading>
			<Icon id="2531">
				<href>http://maps.google.com/mapfiles/kml/pushpin/wht-pushpin.png</href>
			</Icon>
		</IconStyle>
	</Style>
	<Style id="2534">
		<IconStyle id="2535">
			<color>ff0000ff</color>
			<heading>0</heading>
			<Icon id="2536">
				<href>http://maps.google.com/mapfiles/kml/pushpin/wht-pushpin.png</href>
			</Icon>
		</IconStyle>
	</Style>
	<Style id="2539">
		<IconStyle id="2540">
			<color>ff00ffff</color>
			<heading>0</heading>
			<Icon id="2541">
				<href>http://maps.google.com/mapfiles/kml/pushpin/wht-pushpin.png</href>
			</Icon>
		</IconStyle>
	</Style>
	<Style id="254">
		<IconStyle id="255">
			<color>ffb469ff</color>
			<heading>0</heading>
			<Icon id="256">
				<href>http://maps.google.com/mapfiles/kml/pushpin/wht-pushpin.png</href>
			</Icon>
		</IconStyle>
	</Style>
	<Style id="2544">
		<IconStyle id="2545">
			<color>ff0000ff</color>
			<heading>0</heading>
			<Icon id="2546">
				<href>http://maps.google.com/mapfiles/kml/pushpin/wht-pushpin.png</href>
			</Icon>
		</IconStyle>
	</Style>
	<Style id="2549">
		<IconStyle id="2550">
			<color>ff00ffff</color>
			<heading>0</heading>
			<Icon id="2551">
				<href>http://maps.google.com/mapfiles/kml/pushpin/wht-pushpin.png</href>
			</Icon>
		</IconStyle>
	</Style>
	<Style id="2554">
		<IconStyle id="2555">
			<color>ff00ffff</color>
			<heading>0</heading>
			<Icon id="2556">
				<href>http://maps.google.com/mapfiles/kml/pushpin/wht-pushpin.png</href>
			</Icon>
		</IconStyle>
	</Style>
	<Style id="2559">
		<IconStyle id="2560">
			<color>ffb469ff</color>
			<heading>0</heading>
			<Icon id="2561">
				<href>http://maps.google.com/mapfiles/kml/pushpin/wht-pushpin.png</href>
			</Icon>
		</IconStyle>
	</Style>
	<Style id="2564">
		<IconStyle id="2565">
			<color>ff00ffff</color>
			<heading>0</heading>
			<Icon id="2566">
				<href>http://maps.google.com/mapfiles/kml/pushpin/wht-pushpin.png</href>
			</Icon>
		</IconStyle>
	</Style>
	<Style id="2569">
		<IconStyle id="2570">
			<color>ff00ffff</color>
			<heading>0</heading>
			<Icon id="2571">
				<href>http://maps.google.com/mapfiles/kml/pushpin/wht-pushpin.png</href>
			</Icon>
		</IconStyle>
	</Style>
	<Style id="2574">
		<IconStyle id="2575">
			<color>ff00ffff</color>
			<heading>0</heading>
			<Icon id="2576">
				<href>http://maps.google.com/mapfiles/kml/pushpin/wht-pushpin.png</href>
			</Icon>
		</IconStyle>
	</Style>
	<Style id="2579">
		<IconStyle id="2580">
			<color>ff00ffff</color>
			<heading>0</heading>
			<Icon id="2581">
				<href>http://maps.google.com/mapfiles/kml/pushpin/wht-pushpin.png</href>
			</Icon>
		</IconStyle>
	</Style>
	<Style id="2584">
		<IconStyle id="2585">
			<color>ff0000ff</color>
			<heading>0</heading>
			<Icon id="2586">
				<href>http://maps.google.com/mapfiles/kml/pushpin/wht-pushpin.png</href>
			</Icon>
		</IconStyle>
	</Style>
	<Style id="2589">
		<IconStyle id="2590">
			<color>ff0000ff</color>
			<heading>0</heading>
			<Icon id="2591">
				<href>http://maps.google.com/mapfiles/kml/pushpin/wht-pushpin.png</href>
			</Icon>
		</IconStyle>
	</Style>
	<Style id="259">
		<IconStyle id="260">
			<color>ffb469ff</color>
			<heading>0</heading>
			<Icon id="261">
				<href>http://maps.google.com/mapfiles/kml/pushpin/wht-pushpin.png</href>
			</Icon>
		</IconStyle>
	</Style>
	<Style id="2594">
		<IconStyle id="2595">
			<color>ff00ffff</color>
			<heading>0</heading>
			<Icon id="2596">
				<href>http://maps.google.com/mapfiles/kml/pushpin/wht-pushpin.png</href>
			</Icon>
		</IconStyle>
	</Style>
	<Style id="2599">
		<IconStyle id="2600">
			<color>ff0000ff</color>
			<heading>0</heading>
			<Icon id="2601">
				<href>http://maps.google.com/mapfiles/kml/pushpin/wht-pushpin.png</href>
			</Icon>
		</IconStyle>
	</Style>
	<Style id="2604">
		<IconStyle id="2605">
			<color>ff00ffff</color>
			<heading>0</heading>
			<Icon id="2606">
				<href>http://maps.google.com/mapfiles/kml/pushpin/wht-pushpin.png</href>
			</Icon>
		</IconStyle>
	</Style>
	<Style id="2609">
		<IconStyle id="2610">
			<color>ff0000ff</color>
			<heading>0</heading>
			<Icon id="2611">
				<href>http://maps.google.com/mapfiles/kml/pushpin/wht-pushpin.png</href>
			</Icon>
		</IconStyle>
	</Style>
	<Style id="2614">
		<IconStyle id="2615">
			<color>ffb469ff</color>
			<heading>0</heading>
			<Icon id="2616">
				<href>http://maps.google.com/mapfiles/kml/pushpin/wht-pushpin.png</href>
			</Icon>
		</IconStyle>
	</Style>
	<Style id="2619">
		<IconStyle id="2620">
			<color>ff00ffff</color>
			<heading>0</heading>
			<Icon id="2621">
				<href>http://maps.google.com/mapfiles/kml/pushpin/wht-pushpin.png</href>
			</Icon>
		</IconStyle>
	</Style>
	<Style id="2624">
		<IconStyle id="2625">
			<color>ffb469ff</color>
			<heading>0</heading>
			<Icon id="2626">
				<href>http://maps.google.com/mapfiles/kml/pushpin/wht-pushpin.png</href>
			</Icon>
		</IconStyle>
	</Style>
	<Style id="2629">
		<IconStyle id="2630">
			<color>ff00ffff</color>
			<heading>0</heading>
			<Icon id="2631">
				<href>http://maps.google.com/mapfiles/kml/pushpin/wht-pushpin.png</href>
			</Icon>
		</IconStyle>
	</Style>
	<Style id="2634">
		<IconStyle id="2635">
			<color>ffb469ff</color>
			<heading>0</heading>
			<Icon id="2636">
				<href>http://maps.google.com/mapfiles/kml/pushpin/wht-pushpin.png</href>
			</Icon>
		</IconStyle>
	</Style>
	<Style id="2639">
		<IconStyle id="2640">
			<color>ffb469ff</color>
			<heading>0</heading>
			<Icon id="2641">
				<href>http://maps.google.com/mapfiles/kml/pushpin/wht-pushpin.png</href>
			</Icon>
		</IconStyle>
	</Style>
	<Style id="264">
		<IconStyle id="265">
			<color>ff0000ff</color>
			<heading>0</heading>
			<Icon id="266">
				<href>http://maps.google.com/mapfiles/kml/pushpin/wht-pushpin.png</href>
			</Icon>
		</IconStyle>
	</Style>
	<Style id="2644">
		<IconStyle id="2645">
			<color>ff0000ff</color>
			<heading>0</heading>
			<Icon id="2646">
				<href>http://maps.google.com/mapfiles/kml/pushpin/wht-pushpin.png</href>
			</Icon>
		</IconStyle>
	</Style>
	<Style id="2649">
		<IconStyle id="2650">
			<color>ffb469ff</color>
			<heading>0</heading>
			<Icon id="2651">
				<href>http://maps.google.com/mapfiles/kml/pushpin/wht-pushpin.png</href>
			</Icon>
		</IconStyle>
	</Style>
	<Style id="2654">
		<IconStyle id="2655">
			<color>ffb469ff</color>
			<heading>0</heading>
			<Icon id="2656">
				<href>http://maps.google.com/mapfiles/kml/pushpin/wht-pushpin.png</href>
			</Icon>
		</IconStyle>
	</Style>
	<Style id="2659">
		<IconStyle id="2660">
			<color>ffb469ff</color>
			<heading>0</heading>
			<Icon id="2661">
				<href>http://maps.google.com/mapfiles/kml/pushpin/wht-pushpin.png</href>
			</Icon>
		</IconStyle>
	</Style>
	<Style id="2664">
		<IconStyle id="2665">
			<color>ff0000ff</color>
			<heading>0</heading>
			<Icon id="2666">
				<href>http://maps.google.com/mapfiles/kml/pushpin/wht-pushpin.png</href>
			</Icon>
		</IconStyle>
	</Style>
	<Style id="2669">
		<IconStyle id="2670">
			<color>ff0000ff</color>
			<heading>0</heading>
			<Icon id="2671">
				<href>http://maps.google.com/mapfiles/kml/pushpin/wht-pushpin.png</href>
			</Icon>
		</IconStyle>
	</Style>
	<Style id="2674">
		<IconStyle id="2675">
			<color>ff00ffff</color>
			<heading>0</heading>
			<Icon id="2676">
				<href>http://maps.google.com/mapfiles/kml/pushpin/wht-pushpin.png</href>
			</Icon>
		</IconStyle>
	</Style>
	<Style id="2679">
		<IconStyle id="2680">
			<color>ff0000ff</color>
			<heading>0</heading>
			<Icon id="2681">
				<href>http://maps.google.com/mapfiles/kml/pushpin/wht-pushpin.png</href>
			</Icon>
		</IconStyle>
	</Style>
	<Style id="2684">
		<IconStyle id="2685">
			<color>ffb469ff</color>
			<heading>0</heading>
			<Icon id="2686">
				<href>http://maps.google.com/mapfiles/kml/pushpin/wht-pushpin.png</href>
			</Icon>
		</IconStyle>
	</Style>
	<Style id="2689">
		<IconStyle id="2690">
			<color>ff0000ff</color>
			<heading>0</heading>
			<Icon id="2691">
				<href>http://maps.google.com/mapfiles/kml/pushpin/wht-pushpin.png</href>
			</Icon>
		</IconStyle>
	</Style>
	<Style id="269">
		<IconStyle id="270">
			<color>ffb469ff</color>
			<heading>0</heading>
			<Icon id="271">
				<href>http://maps.google.com/mapfiles/kml/pushpin/wht-pushpin.png</href>
			</Icon>
		</IconStyle>
	</Style>
	<Style id="2694">
		<IconStyle id="2695">
			<color>ffb469ff</color>
			<heading>0</heading>
			<Icon id="2696">
				<href>http://maps.google.com/mapfiles/kml/pushpin/wht-pushpin.png</href>
			</Icon>
		</IconStyle>
	</Style>
	<Style id="2699">
		<IconStyle id="2700">
			<color>ff00ffff</color>
			<heading>0</heading>
			<Icon id="2701">
				<href>http://maps.google.com/mapfiles/kml/pushpin/wht-pushpin.png</href>
			</Icon>
		</IconStyle>
	</Style>
	<Style id="2704">
		<IconStyle id="2705">
			<color>ff00ffff</color>
			<heading>0</heading>
			<Icon id="2706">
				<href>http://maps.google.com/mapfiles/kml/pushpin/wht-pushpin.png</href>
			</Icon>
		</IconStyle>
	</Style>
	<Style id="2709">
		<IconStyle id="2710">
			<color>ffb469ff</color>
			<heading>0</heading>
			<Icon id="2711">
				<href>http://maps.google.com/mapfiles/kml/pushpin/wht-pushpin.png</href>
			</Icon>
		</IconStyle>
	</Style>
	<Style id="2714">
		<IconStyle id="2715">
			<color>ffb469ff</color>
			<heading>0</heading>
			<Icon id="2716">
				<href>http://maps.google.com/mapfiles/kml/pushpin/wht-pushpin.png</href>
			</Icon>
		</IconStyle>
	</Style>
	<Style id="2719">
		<IconStyle id="2720">
			<color>ff0000ff</color>
			<heading>0</heading>
			<Icon id="2721">
				<href>http://maps.google.com/mapfiles/kml/pushpin/wht-pushpin.png</href>
			</Icon>
		</IconStyle>
	</Style>
	<Style id="2724">
		<IconStyle id="2725">
			<color>ffb469ff</color>
			<heading>0</heading>
			<Icon id="2726">
				<href>http://maps.google.com/mapfiles/kml/pushpin/wht-pushpin.png</href>
			</Icon>
		</IconStyle>
	</Style>
	<Style id="2729">
		<IconStyle id="2730">
			<color>ff0000ff</color>
			<heading>0</heading>
			<Icon id="2731">
				<href>http://maps.google.com/mapfiles/kml/pushpin/wht-pushpin.png</href>
			</Icon>
		</IconStyle>
	</Style>
	<Style id="2734">
		<IconStyle id="2735">
			<color>ff0000ff</color>
			<heading>0</heading>
			<Icon id="2736">
				<href>http://maps.google.com/mapfiles/kml/pushpin/wht-pushpin.png</href>
			</Icon>
		</IconStyle>
	</Style>
	<Style id="2739">
		<IconStyle id="2740">
			<color>ff0000ff</color>
			<heading>0</heading>
			<Icon id="2741">
				<href>http://maps.google.com/mapfiles/kml/pushpin/wht-pushpin.png</href>
			</Icon>
		</IconStyle>
	</Style>
	<Style id="274">
		<IconStyle id="275">
			<color>ff0000ff</color>
			<heading>0</heading>
			<Icon id="276">
				<href>http://maps.google.com/mapfiles/kml/pushpin/wht-pushpin.png</href>
			</Icon>
		</IconStyle>
	</Style>
	<Style id="2744">
		<IconStyle id="2745">
			<color>ff0000ff</color>
			<heading>0</heading>
			<Icon id="2746">
				<href>http://maps.google.com/mapfiles/kml/pushpin/wht-pushpin.png</href>
			</Icon>
		</IconStyle>
	</Style>
	<Style id="2749">
		<IconStyle id="2750">
			<color>ff0000ff</color>
			<heading>0</heading>
			<Icon id="2751">
				<href>http://maps.google.com/mapfiles/kml/pushpin/wht-pushpin.png</href>
			</Icon>
		</IconStyle>
	</Style>
	<Style id="2754">
		<IconStyle id="2755">
			<color>ff0000ff</color>
			<heading>0</heading>
			<Icon id="2756">
				<href>http://maps.google.com/mapfiles/kml/pushpin/wht-pushpin.png</href>
			</Icon>
		</IconStyle>
	</Style>
	<Style id="2759">
		<IconStyle id="2760">
			<color>ff0000ff</color>
			<heading>0</heading>
			<Icon id="2761">
				<href>http://maps.google.com/mapfiles/kml/pushpin/wht-pushpin.png</href>
			</Icon>
		</IconStyle>
	</Style>
	<Style id="2764">
		<IconStyle id="2765">
			<color>ff0000ff</color>
			<heading>0</heading>
			<Icon id="2766">
				<href>http://maps.google.com/mapfiles/kml/pushpin/wht-pushpin.png</href>
			</Icon>
		</IconStyle>
	</Style>
	<Style id="2769">
		<IconStyle id="2770">
			<color>ffb469ff</color>
			<heading>0</heading>
			<Icon id="2771">
				<href>http://maps.google.com/mapfiles/kml/pushpin/wht-pushpin.png</href>
			</Icon>
		</IconStyle>
	</Style>
	<Style id="2774">
		<IconStyle id="2775">
			<color>ff0000ff</color>
			<heading>0</heading>
			<Icon id="2776">
				<href>http://maps.google.com/mapfiles/kml/pushpin/wht-pushpin.png</href>
			</Icon>
		</IconStyle>
	</Style>
	<Style id="2779">
		<IconStyle id="2780">
			<color>ff0000ff</color>
			<heading>0</heading>
			<Icon id="2781">
				<href>http://maps.google.com/mapfiles/kml/pushpin/wht-pushpin.png</href>
			</Icon>
		</IconStyle>
	</Style>
	<Style id="2784">
		<IconStyle id="2785">
			<color>ffb469ff</color>
			<heading>0</heading>
			<Icon id="2786">
				<href>http://maps.google.com/mapfiles/kml/pushpin/wht-pushpin.png</href>
			</Icon>
		</IconStyle>
	</Style>
	<Style id="2789">
		<IconStyle id="2790">
			<color>ff0000ff</color>
			<heading>0</heading>
			<Icon id="2791">
				<href>http://maps.google.com/mapfiles/kml/pushpin/wht-pushpin.png</href>
			</Icon>
		</IconStyle>
	</Style>
	<Style id="279">
		<IconStyle id="280">
			<color>ff0000ff</color>
			<heading>0</heading>
			<Icon id="281">
				<href>http://maps.google.com/mapfiles/kml/pushpin/wht-pushpin.png</href>
			</Icon>
		</IconStyle>
	</Style>
	<Style id="2794">
		<IconStyle id="2795">
			<color>ffb469ff</color>
			<heading>0</heading>
			<Icon id="2796">
				<href>http://maps.google.com/mapfiles/kml/pushpin/wht-pushpin.png</href>
			</Icon>
		</IconStyle>
	</Style>
	<Style id="2799">
		<IconStyle id="2800">
			<color>ff0000ff</color>
			<heading>0</heading>
			<Icon id="2801">
				<href>http://maps.google.com/mapfiles/kml/pushpin/wht-pushpin.png</href>
			</Icon>
		</IconStyle>
	</Style>
	<Style id="2804">
		<IconStyle id="2805">
			<color>ff0000ff</color>
			<heading>0</heading>
			<Icon id="2806">
				<href>http://maps.google.com/mapfiles/kml/pushpin/wht-pushpin.png</href>
			</Icon>
		</IconStyle>
	</Style>
	<Style id="2809">
		<IconStyle id="2810">
			<color>ff00ffff</color>
			<heading>0</heading>
			<Icon id="2811">
				<href>http://maps.google.com/mapfiles/kml/pushpin/wht-pushpin.png</href>
			</Icon>
		</IconStyle>
	</Style>
	<Style id="2814">
		<IconStyle id="2815">
			<color>ff0000ff</color>
			<heading>0</heading>
			<Icon id="2816">
				<href>http://maps.google.com/mapfiles/kml/pushpin/wht-pushpin.png</href>
			</Icon>
		</IconStyle>
	</Style>
	<Style id="2819">
		<IconStyle id="2820">
			<color>ffb469ff</color>
			<heading>0</heading>
			<Icon id="2821">
				<href>http://maps.google.com/mapfiles/kml/pushpin/wht-pushpin.png</href>
			</Icon>
		</IconStyle>
	</Style>
	<Style id="2824">
		<IconStyle id="2825">
			<color>ff0000ff</color>
			<heading>0</heading>
			<Icon id="2826">
				<href>http://maps.google.com/mapfiles/kml/pushpin/wht-pushpin.png</href>
			</Icon>
		</IconStyle>
	</Style>
	<Style id="2829">
		<IconStyle id="2830">
			<color>ffb469ff</color>
			<heading>0</heading>
			<Icon id="2831">
				<href>http://maps.google.com/mapfiles/kml/pushpin/wht-pushpin.png</href>
			</Icon>
		</IconStyle>
	</Style>
	<Style id="2834">
		<IconStyle id="2835">
			<color>ff0000ff</color>
			<heading>0</heading>
			<Icon id="2836">
				<href>http://maps.google.com/mapfiles/kml/pushpin/wht-pushpin.png</href>
			</Icon>
		</IconStyle>
	</Style>
	<Style id="2839">
		<IconStyle id="2840">
			<color>ff00ffff</color>
			<heading>0</heading>
			<Icon id="2841">
				<href>http://maps.google.com/mapfiles/kml/pushpin/wht-pushpin.png</href>
			</Icon>
		</IconStyle>
	</Style>
	<Style id="284">
		<IconStyle id="285">
			<color>ffb469ff</color>
			<heading>0</heading>
			<Icon id="286">
				<href>http://maps.google.com/mapfiles/kml/pushpin/wht-pushpin.png</href>
			</Icon>
		</IconStyle>
	</Style>
	<Style id="2844">
		<IconStyle id="2845">
			<color>ff0000ff</color>
			<heading>0</heading>
			<Icon id="2846">
				<href>http://maps.google.com/mapfiles/kml/pushpin/wht-pushpin.png</href>
			</Icon>
		</IconStyle>
	</Style>
	<Style id="2849">
		<IconStyle id="2850">
			<color>ffb469ff</color>
			<heading>0</heading>
			<Icon id="2851">
				<href>http://maps.google.com/mapfiles/kml/pushpin/wht-pushpin.png</href>
			</Icon>
		</IconStyle>
	</Style>
	<Style id="2854">
		<IconStyle id="2855">
			<color>ff008000</color>
			<heading>0</heading>
			<Icon id="2856">
				<href>http://maps.google.com/mapfiles/kml/pushpin/wht-pushpin.png</href>
			</Icon>
		</IconStyle>
	</Style>
	<Style id="2859">
		<IconStyle id="2860">
			<color>ffb469ff</color>
			<heading>0</heading>
			<Icon id="2861">
				<href>http://maps.google.com/mapfiles/kml/pushpin/wht-pushpin.png</href>
			</Icon>
		</IconStyle>
	</Style>
	<Style id="2864">
		<IconStyle id="2865">
			<color>ff0000ff</color>
			<heading>0</heading>
			<Icon id="2866">
				<href>http://maps.google.com/mapfiles/kml/pushpin/wht-pushpin.png</href>
			</Icon>
		</IconStyle>
	</Style>
	<Style id="2869">
		<IconStyle id="2870">
			<color>ffb469ff</color>
			<heading>0</heading>
			<Icon id="2871">
				<href>http://maps.google.com/mapfiles/kml/pushpin/wht-pushpin.png</href>
			</Icon>
		</IconStyle>
	</Style>
	<Style id="2874">
		<IconStyle id="2875">
			<color>ff00ffff</color>
			<heading>0</heading>
			<Icon id="2876">
				<href>http://maps.google.com/mapfiles/kml/pushpin/wht-pushpin.png</href>
			</Icon>
		</IconStyle>
	</Style>
	<Style id="2879">
		<IconStyle id="2880">
			<color>ffb469ff</color>
			<heading>0</heading>
			<Icon id="2881">
				<href>http://maps.google.com/mapfiles/kml/pushpin/wht-pushpin.png</href>
			</Icon>
		</IconStyle>
	</Style>
	<Style id="2884">
		<IconStyle id="2885">
			<color>ff0000ff</color>
			<heading>0</heading>
			<Icon id="2886">
				<href>http://maps.google.com/mapfiles/kml/pushpin/wht-pushpin.png</href>
			</Icon>
		</IconStyle>
	</Style>
	<Style id="2889">
		<IconStyle id="2890">
			<color>ffb469ff</color>
			<heading>0</heading>
			<Icon id="2891">
				<href>http://maps.google.com/mapfiles/kml/pushpin/wht-pushpin.png</href>
			</Icon>
		</IconStyle>
	</Style>
	<Style id="289">
		<IconStyle id="290">
			<color>ff0000ff</color>
			<heading>0</heading>
			<Icon id="291">
				<href>http://maps.google.com/mapfiles/kml/pushpin/wht-pushpin.png</href>
			</Icon>
		</IconStyle>
	</Style>
	<Style id="2894">
		<IconStyle id="2895">
			<color>ff0000ff</color>
			<heading>0</heading>
			<Icon id="2896">
				<href>http://maps.google.com/mapfiles/kml/pushpin/wht-pushpin.png</href>
			</Icon>
		</IconStyle>
	</Style>
	<Style id="2899">
		<IconStyle id="2900">
			<color>ff0000ff</color>
			<heading>0</heading>
			<Icon id="2901">
				<href>http://maps.google.com/mapfiles/kml/pushpin/wht-pushpin.png</href>
			</Icon>
		</IconStyle>
	</Style>
	<Style id="2904">
		<IconStyle id="2905">
			<color>ff0000ff</color>
			<heading>0</heading>
			<Icon id="2906">
				<href>http://maps.google.com/mapfiles/kml/pushpin/wht-pushpin.png</href>
			</Icon>
		</IconStyle>
	</Style>
	<Style id="2909">
		<IconStyle id="2910">
			<color>ffb469ff</color>
			<heading>0</heading>
			<Icon id="2911">
				<href>http://maps.google.com/mapfiles/kml/pushpin/wht-pushpin.png</href>
			</Icon>
		</IconStyle>
	</Style>
	<Style id="2914">
		<IconStyle id="2915">
			<color>ff00ffff</color>
			<heading>0</heading>
			<Icon id="2916">
				<href>http://maps.google.com/mapfiles/kml/pushpin/wht-pushpin.png</href>
			</Icon>
		</IconStyle>
	</Style>
	<Style id="2919">
		<IconStyle id="2920">
			<color>ffb469ff</color>
			<heading>0</heading>
			<Icon id="2921">
				<href>http://maps.google.com/mapfiles/kml/pushpin/wht-pushpin.png</href>
			</Icon>
		</IconStyle>
	</Style>
	<StyleMap id="2924">
		<Pair>
			<key>normal</key>
			<styleUrl>#29240</styleUrl>
		</Pair>
		<Pair>
			<key>highlight</key>
			<styleUrl>#29241</styleUrl>
		</Pair>
	</StyleMap>
	<Style id="29240">
		<IconStyle id="2925">
			<color>ff0000ff</color>
			<heading>0</heading>
			<Icon id="2926">
				<href>http://maps.google.com/mapfiles/kml/pushpin/wht-pushpin.png</href>
			</Icon>
		</IconStyle>
	</Style>
	<Style id="29241">
		<IconStyle id="2925">
			<color>ff0000ff</color>
			<heading>0</heading>
			<Icon id="2926">
				<href>http://maps.google.com/mapfiles/kml/pushpin/wht-pushpin.png</href>
			</Icon>
		</IconStyle>
	</Style>
	<Style id="2929">
		<IconStyle id="2930">
			<color>ffb469ff</color>
			<heading>0</heading>
			<Icon id="2931">
				<href>http://maps.google.com/mapfiles/kml/pushpin/wht-pushpin.png</href>
			</Icon>
		</IconStyle>
	</Style>
	<Style id="2934">
		<IconStyle id="2935">
			<color>ff00ffff</color>
			<heading>0</heading>
			<Icon id="2936">
				<href>http://maps.google.com/mapfiles/kml/pushpin/wht-pushpin.png</href>
			</Icon>
		</IconStyle>
	</Style>
	<Style id="2939">
		<IconStyle id="2940">
			<color>ff0000ff</color>
			<heading>0</heading>
			<Icon id="2941">
				<href>http://maps.google.com/mapfiles/kml/pushpin/wht-pushpin.png</href>
			</Icon>
		</IconStyle>
	</Style>
	<Style id="294">
		<IconStyle id="295">
			<color>ff0000ff</color>
			<heading>0</heading>
			<Icon id="296">
				<href>http://maps.google.com/mapfiles/kml/pushpin/wht-pushpin.png</href>
			</Icon>
		</IconStyle>
	</Style>
	<Style id="2944">
		<IconStyle id="2945">
			<color>ffb469ff</color>
			<heading>0</heading>
			<Icon id="2946">
				<href>http://maps.google.com/mapfiles/kml/pushpin/wht-pushpin.png</href>
			</Icon>
		</IconStyle>
	</Style>
	<Style id="2949">
		<IconStyle id="2950">
			<color>ffb469ff</color>
			<heading>0</heading>
			<Icon id="2951">
				<href>http://maps.google.com/mapfiles/kml/pushpin/wht-pushpin.png</href>
			</Icon>
		</IconStyle>
	</Style>
	<Style id="2954">
		<IconStyle id="2955">
			<color>ff0000ff</color>
			<heading>0</heading>
			<Icon id="2956">
				<href>http://maps.google.com/mapfiles/kml/pushpin/wht-pushpin.png</href>
			</Icon>
		</IconStyle>
	</Style>
	<Style id="2959">
		<IconStyle id="2960">
			<color>ff0000ff</color>
			<heading>0</heading>
			<Icon id="2961">
				<href>http://maps.google.com/mapfiles/kml/pushpin/wht-pushpin.png</href>
			</Icon>
		</IconStyle>
	</Style>
	<Style id="2964">
		<IconStyle id="2965">
			<color>ff0000ff</color>
			<heading>0</heading>
			<Icon id="2966">
				<href>http://maps.google.com/mapfiles/kml/pushpin/wht-pushpin.png</href>
			</Icon>
		</IconStyle>
	</Style>
	<Style id="2969">
		<IconStyle id="2970">
			<color>ff0000ff</color>
			<heading>0</heading>
			<Icon id="2971">
				<href>http://maps.google.com/mapfiles/kml/pushpin/wht-pushpin.png</href>
			</Icon>
		</IconStyle>
	</Style>
	<Style id="2974">
		<IconStyle id="2975">
			<color>ff0000ff</color>
			<heading>0</heading>
			<Icon id="2976">
				<href>http://maps.google.com/mapfiles/kml/pushpin/wht-pushpin.png</href>
			</Icon>
		</IconStyle>
	</Style>
	<Style id="2979">
		<IconStyle id="2980">
			<color>ffb469ff</color>
			<heading>0</heading>
			<Icon id="2981">
				<href>http://maps.google.com/mapfiles/kml/pushpin/wht-pushpin.png</href>
			</Icon>
		</IconStyle>
	</Style>
	<Style id="2984">
		<IconStyle id="2985">
			<color>ff00ffff</color>
			<heading>0</heading>
			<Icon id="2986">
				<href>http://maps.google.com/mapfiles/kml/pushpin/wht-pushpin.png</href>
			</Icon>
		</IconStyle>
	</Style>
	<Style id="2989">
		<IconStyle id="2990">
			<color>ff00ffff</color>
			<heading>0</heading>
			<Icon id="2991">
				<href>http://maps.google.com/mapfiles/kml/pushpin/wht-pushpin.png</href>
			</Icon>
		</IconStyle>
	</Style>
	<Style id="299">
		<IconStyle id="300">
			<color>ff00ffff</color>
			<heading>0</heading>
			<Icon id="301">
				<href>http://maps.google.com/mapfiles/kml/pushpin/wht-pushpin.png</href>
			</Icon>
		</IconStyle>
	</Style>
	<Style id="2994">
		<IconStyle id="2995">
			<color>ffb469ff</color>
			<heading>0</heading>
			<Icon id="2996">
				<href>http://maps.google.com/mapfiles/kml/pushpin/wht-pushpin.png</href>
			</Icon>
		</IconStyle>
	</Style>
	<Style id="2999">
		<IconStyle id="3000">
			<color>ff00ffff</color>
			<heading>0</heading>
			<Icon id="3001">
				<href>http://maps.google.com/mapfiles/kml/pushpin/wht-pushpin.png</href>
			</Icon>
		</IconStyle>
	</Style>
	<Style id="3004">
		<IconStyle id="3005">
			<color>ff00ffff</color>
			<heading>0</heading>
			<Icon id="3006">
				<href>http://maps.google.com/mapfiles/kml/pushpin/wht-pushpin.png</href>
			</Icon>
		</IconStyle>
	</Style>
	<Style id="3009">
		<IconStyle id="3010">
			<color>ffb469ff</color>
			<heading>0</heading>
			<Icon id="3011">
				<href>http://maps.google.com/mapfiles/kml/pushpin/wht-pushpin.png</href>
			</Icon>
		</IconStyle>
	</Style>
	<Style id="3014">
		<IconStyle id="3015">
			<color>ff00ffff</color>
			<heading>0</heading>
			<Icon id="3016">
				<href>http://maps.google.com/mapfiles/kml/pushpin/wht-pushpin.png</href>
			</Icon>
		</IconStyle>
	</Style>
	<Style id="3019">
		<IconStyle id="3020">
			<color>ffb469ff</color>
			<heading>0</heading>
			<Icon id="3021">
				<href>http://maps.google.com/mapfiles/kml/pushpin/wht-pushpin.png</href>
			</Icon>
		</IconStyle>
	</Style>
	<Style id="3024">
		<IconStyle id="3025">
			<color>ffb469ff</color>
			<heading>0</heading>
			<Icon id="3026">
				<href>http://maps.google.com/mapfiles/kml/pushpin/wht-pushpin.png</href>
			</Icon>
		</IconStyle>
	</Style>
	<Style id="3029">
		<IconStyle id="3030">
			<color>ff00ffff</color>
			<heading>0</heading>
			<Icon id="3031">
				<href>http://maps.google.com/mapfiles/kml/pushpin/wht-pushpin.png</href>
			</Icon>
		</IconStyle>
	</Style>
	<Style id="3034">
		<IconStyle id="3035">
			<color>ffb469ff</color>
			<heading>0</heading>
			<Icon id="3036">
				<href>http://maps.google.com/mapfiles/kml/pushpin/wht-pushpin.png</href>
			</Icon>
		</IconStyle>
	</Style>
	<Style id="3039">
		<IconStyle id="3040">
			<color>ffb469ff</color>
			<heading>0</heading>
			<Icon id="3041">
				<href>http://maps.google.com/mapfiles/kml/pushpin/wht-pushpin.png</href>
			</Icon>
		</IconStyle>
	</Style>
	<Style id="304">
		<IconStyle id="305">
			<color>ffb469ff</color>
			<heading>0</heading>
			<Icon id="306">
				<href>http://maps.google.com/mapfiles/kml/pushpin/wht-pushpin.png</href>
			</Icon>
		</IconStyle>
	</Style>
	<Style id="3044">
		<IconStyle id="3045">
			<color>ffb469ff</color>
			<heading>0</heading>
			<Icon id="3046">
				<href>http://maps.google.com/mapfiles/kml/pushpin/wht-pushpin.png</href>
			</Icon>
		</IconStyle>
	</Style>
	<Style id="3049">
		<IconStyle id="3050">
			<color>ff00ffff</color>
			<heading>0</heading>
			<Icon id="3051">
				<href>http://maps.google.com/mapfiles/kml/pushpin/wht-pushpin.png</href>
			</Icon>
		</IconStyle>
	</Style>
	<Style id="3054">
		<IconStyle id="3055">
			<color>ffb469ff</color>
			<heading>0</heading>
			<Icon id="3056">
				<href>http://maps.google.com/mapfiles/kml/pushpin/wht-pushpin.png</href>
			</Icon>
		</IconStyle>
	</Style>
	<Style id="3059">
		<IconStyle id="3060">
			<color>ffb469ff</color>
			<heading>0</heading>
			<Icon id="3061">
				<href>http://maps.google.com/mapfiles/kml/pushpin/wht-pushpin.png</href>
			</Icon>
		</IconStyle>
	</Style>
	<Style id="3064">
		<IconStyle id="3065">
			<color>ff0000ff</color>
			<heading>0</heading>
			<Icon id="3066">
				<href>http://maps.google.com/mapfiles/kml/pushpin/wht-pushpin.png</href>
			</Icon>
		</IconStyle>
	</Style>
	<Style id="3069">
		<IconStyle id="3070">
			<color>ff0000ff</color>
			<heading>0</heading>
			<Icon id="3071">
				<href>http://maps.google.com/mapfiles/kml/pushpin/wht-pushpin.png</href>
			</Icon>
		</IconStyle>
	</Style>
	<Style id="3074">
		<IconStyle id="3075">
			<color>ff0000ff</color>
			<heading>0</heading>
			<Icon id="3076">
				<href>http://maps.google.com/mapfiles/kml/pushpin/wht-pushpin.png</href>
			</Icon>
		</IconStyle>
	</Style>
	<Style id="3079">
		<IconStyle id="3080">
			<color>ff00ffff</color>
			<heading>0</heading>
			<Icon id="3081">
				<href>http://maps.google.com/mapfiles/kml/pushpin/wht-pushpin.png</href>
			</Icon>
		</IconStyle>
	</Style>
	<Style id="3084">
		<IconStyle id="3085">
			<color>ffb469ff</color>
			<heading>0</heading>
			<Icon id="3086">
				<href>http://maps.google.com/mapfiles/kml/pushpin/wht-pushpin.png</href>
			</Icon>
		</IconStyle>
	</Style>
	<Style id="3089">
		<IconStyle id="3090">
			<color>ffb469ff</color>
			<heading>0</heading>
			<Icon id="3091">
				<href>http://maps.google.com/mapfiles/kml/pushpin/wht-pushpin.png</href>
			</Icon>
		</IconStyle>
	</Style>
	<Style id="309">
		<IconStyle id="310">
			<color>ffb469ff</color>
			<heading>0</heading>
			<Icon id="311">
				<href>http://maps.google.com/mapfiles/kml/pushpin/wht-pushpin.png</href>
			</Icon>
		</IconStyle>
	</Style>
	<Style id="3094">
		<IconStyle id="3095">
			<color>ff0000ff</color>
			<heading>0</heading>
			<Icon id="3096">
				<href>http://maps.google.com/mapfiles/kml/pushpin/wht-pushpin.png</href>
			</Icon>
		</IconStyle>
	</Style>
	<Style id="3099">
		<IconStyle id="3100">
			<color>ffb469ff</color>
			<heading>0</heading>
			<Icon id="3101">
				<href>http://maps.google.com/mapfiles/kml/pushpin/wht-pushpin.png</href>
			</Icon>
		</IconStyle>
	</Style>
	<Style id="3104">
		<IconStyle id="3105">
			<color>ff0000ff</color>
			<heading>0</heading>
			<Icon id="3106">
				<href>http://maps.google.com/mapfiles/kml/pushpin/wht-pushpin.png</href>
			</Icon>
		</IconStyle>
	</Style>
	<Style id="3109">
		<IconStyle id="3110">
			<color>ff0000ff</color>
			<heading>0</heading>
			<Icon id="3111">
				<href>http://maps.google.com/mapfiles/kml/pushpin/wht-pushpin.png</href>
			</Icon>
		</IconStyle>
	</Style>
	<Style id="3114">
		<IconStyle id="3115">
			<color>ff008000</color>
			<heading>0</heading>
			<Icon id="3116">
				<href>http://maps.google.com/mapfiles/kml/pushpin/wht-pushpin.png</href>
			</Icon>
		</IconStyle>
	</Style>
	<Style id="3119">
		<IconStyle id="3120">
			<color>ffb469ff</color>
			<heading>0</heading>
			<Icon id="3121">
				<href>http://maps.google.com/mapfiles/kml/pushpin/wht-pushpin.png</href>
			</Icon>
		</IconStyle>
	</Style>
	<Style id="3124">
		<IconStyle id="3125">
			<color>ff0000ff</color>
			<heading>0</heading>
			<Icon id="3126">
				<href>http://maps.google.com/mapfiles/kml/pushpin/wht-pushpin.png</href>
			</Icon>
		</IconStyle>
	</Style>
	<Style id="3129">
		<IconStyle id="3130">
			<color>ff0000ff</color>
			<heading>0</heading>
			<Icon id="3131">
				<href>http://maps.google.com/mapfiles/kml/pushpin/wht-pushpin.png</href>
			</Icon>
		</IconStyle>
	</Style>
	<Style id="3134">
		<IconStyle id="3135">
			<color>ffb469ff</color>
			<heading>0</heading>
			<Icon id="3136">
				<href>http://maps.google.com/mapfiles/kml/pushpin/wht-pushpin.png</href>
			</Icon>
		</IconStyle>
	</Style>
	<Style id="3139">
		<IconStyle id="3140">
			<color>ffb469ff</color>
			<heading>0</heading>
			<Icon id="3141">
				<href>http://maps.google.com/mapfiles/kml/pushpin/wht-pushpin.png</href>
			</Icon>
		</IconStyle>
	</Style>
	<Style id="314">
		<IconStyle id="315">
			<color>ff00ffff</color>
			<heading>0</heading>
			<Icon id="316">
				<href>http://maps.google.com/mapfiles/kml/pushpin/wht-pushpin.png</href>
			</Icon>
		</IconStyle>
	</Style>
	<Style id="3144">
		<IconStyle id="3145">
			<color>ff0000ff</color>
			<heading>0</heading>
			<Icon id="3146">
				<href>http://maps.google.com/mapfiles/kml/pushpin/wht-pushpin.png</href>
			</Icon>
		</IconStyle>
	</Style>
	<Style id="3149">
		<IconStyle id="3150">
			<color>ffb469ff</color>
			<heading>0</heading>
			<Icon id="3151">
				<href>http://maps.google.com/mapfiles/kml/pushpin/wht-pushpin.png</href>
			</Icon>
		</IconStyle>
	</Style>
	<Style id="3154">
		<IconStyle id="3155">
			<color>ffb469ff</color>
			<heading>0</heading>
			<Icon id="3156">
				<href>http://maps.google.com/mapfiles/kml/pushpin/wht-pushpin.png</href>
			</Icon>
		</IconStyle>
	</Style>
	<Style id="3159">
		<IconStyle id="3160">
			<color>ff0000ff</color>
			<heading>0</heading>
			<Icon id="3161">
				<href>http://maps.google.com/mapfiles/kml/pushpin/wht-pushpin.png</href>
			</Icon>
		</IconStyle>
	</Style>
	<Style id="3164">
		<IconStyle id="3165">
			<color>ff0000ff</color>
			<heading>0</heading>
			<Icon id="3166">
				<href>http://maps.google.com/mapfiles/kml/pushpin/wht-pushpin.png</href>
			</Icon>
		</IconStyle>
	</Style>
	<Style id="3169">
		<IconStyle id="3170">
			<color>ffb469ff</color>
			<heading>0</heading>
			<Icon id="3171">
				<href>http://maps.google.com/mapfiles/kml/pushpin/wht-pushpin.png</href>
			</Icon>
		</IconStyle>
	</Style>
	<Style id="3174">
		<IconStyle id="3175">
			<color>ff0000ff</color>
			<heading>0</heading>
			<Icon id="3176">
				<href>http://maps.google.com/mapfiles/kml/pushpin/wht-pushpin.png</href>
			</Icon>
		</IconStyle>
	</Style>
	<Style id="3179">
		<IconStyle id="3180">
			<color>ff0000ff</color>
			<heading>0</heading>
			<Icon id="3181">
				<href>http://maps.google.com/mapfiles/kml/pushpin/wht-pushpin.png</href>
			</Icon>
		</IconStyle>
	</Style>
	<Style id="3184">
		<IconStyle id="3185">
			<color>ffb469ff</color>
			<heading>0</heading>
			<Icon id="3186">
				<href>http://maps.google.com/mapfiles/kml/pushpin/wht-pushpin.png</href>
			</Icon>
		</IconStyle>
	</Style>
	<Style id="3189">
		<IconStyle id="3190">
			<color>ffb469ff</color>
			<heading>0</heading>
			<Icon id="3191">
				<href>http://maps.google.com/mapfiles/kml/pushpin/wht-pushpin.png</href>
			</Icon>
		</IconStyle>
	</Style>
	<Style id="319">
		<IconStyle id="320">
			<color>ff0000ff</color>
			<heading>0</heading>
			<Icon id="321">
				<href>http://maps.google.com/mapfiles/kml/pushpin/wht-pushpin.png</href>
			</Icon>
		</IconStyle>
	</Style>
	<Style id="3194">
		<IconStyle id="3195">
			<color>ff00ffff</color>
			<heading>0</heading>
			<Icon id="3196">
				<href>http://maps.google.com/mapfiles/kml/pushpin/wht-pushpin.png</href>
			</Icon>
		</IconStyle>
	</Style>
	<Style id="3199">
		<IconStyle id="3200">
			<color>ff00ffff</color>
			<heading>0</heading>
			<Icon id="3201">
				<href>http://maps.google.com/mapfiles/kml/pushpin/wht-pushpin.png</href>
			</Icon>
		</IconStyle>
	</Style>
	<Style id="3204">
		<IconStyle id="3205">
			<color>ff00ffff</color>
			<heading>0</heading>
			<Icon id="3206">
				<href>http://maps.google.com/mapfiles/kml/pushpin/wht-pushpin.png</href>
			</Icon>
		</IconStyle>
	</Style>
	<Style id="3209">
		<IconStyle id="3210">
			<color>ff0000ff</color>
			<heading>0</heading>
			<Icon id="3211">
				<href>http://maps.google.com/mapfiles/kml/pushpin/wht-pushpin.png</href>
			</Icon>
		</IconStyle>
	</Style>
	<Style id="3214">
		<IconStyle id="3215">
			<color>ff00ffff</color>
			<heading>0</heading>
			<Icon id="3216">
				<href>http://maps.google.com/mapfiles/kml/pushpin/wht-pushpin.png</href>
			</Icon>
		</IconStyle>
	</Style>
	<Style id="3219">
		<IconStyle id="3220">
			<color>ff00ffff</color>
			<heading>0</heading>
			<Icon id="3221">
				<href>http://maps.google.com/mapfiles/kml/pushpin/wht-pushpin.png</href>
			</Icon>
		</IconStyle>
	</Style>
	<Style id="3224">
		<IconStyle id="3225">
			<color>ff0000ff</color>
			<heading>0</heading>
			<Icon id="3226">
				<href>http://maps.google.com/mapfiles/kml/pushpin/wht-pushpin.png</href>
			</Icon>
		</IconStyle>
	</Style>
	<Style id="3229">
		<IconStyle id="3230">
			<color>ff0000ff</color>
			<heading>0</heading>
			<Icon id="3231">
				<href>http://maps.google.com/mapfiles/kml/pushpin/wht-pushpin.png</href>
			</Icon>
		</IconStyle>
	</Style>
	<Style id="3234">
		<IconStyle id="3235">
			<color>ff0000ff</color>
			<heading>0</heading>
			<Icon id="3236">
				<href>http://maps.google.com/mapfiles/kml/pushpin/wht-pushpin.png</href>
			</Icon>
		</IconStyle>
	</Style>
	<Style id="3239">
		<IconStyle id="3240">
			<color>ff00ffff</color>
			<heading>0</heading>
			<Icon id="3241">
				<href>http://maps.google.com/mapfiles/kml/pushpin/wht-pushpin.png</href>
			</Icon>
		</IconStyle>
	</Style>
	<Style id="324">
		<IconStyle id="325">
			<color>ffb469ff</color>
			<heading>0</heading>
			<Icon id="326">
				<href>http://maps.google.com/mapfiles/kml/pushpin/wht-pushpin.png</href>
			</Icon>
		</IconStyle>
	</Style>
	<Style id="3244">
		<IconStyle id="3245">
			<color>ffb469ff</color>
			<heading>0</heading>
			<Icon id="3246">
				<href>http://maps.google.com/mapfiles/kml/pushpin/wht-pushpin.png</href>
			</Icon>
		</IconStyle>
	</Style>
	<Style id="3249">
		<IconStyle id="3250">
			<color>ff0000ff</color>
			<heading>0</heading>
			<Icon id="3251">
				<href>http://maps.google.com/mapfiles/kml/pushpin/wht-pushpin.png</href>
			</Icon>
		</IconStyle>
	</Style>
	<Style id="3254">
		<IconStyle id="3255">
			<color>ff0000ff</color>
			<heading>0</heading>
			<Icon id="3256">
				<href>http://maps.google.com/mapfiles/kml/pushpin/wht-pushpin.png</href>
			</Icon>
		</IconStyle>
	</Style>
	<Style id="3259">
		<IconStyle id="3260">
			<color>ffb469ff</color>
			<heading>0</heading>
			<Icon id="3261">
				<href>http://maps.google.com/mapfiles/kml/pushpin/wht-pushpin.png</href>
			</Icon>
		</IconStyle>
	</Style>
	<Style id="3264">
		<IconStyle id="3265">
			<color>ff0000ff</color>
			<heading>0</heading>
			<Icon id="3266">
				<href>http://maps.google.com/mapfiles/kml/pushpin/wht-pushpin.png</href>
			</Icon>
		</IconStyle>
	</Style>
	<Style id="3269">
		<IconStyle id="3270">
			<color>ff00ffff</color>
			<heading>0</heading>
			<Icon id="3271">
				<href>http://maps.google.com/mapfiles/kml/pushpin/wht-pushpin.png</href>
			</Icon>
		</IconStyle>
	</Style>
	<Style id="3274">
		<IconStyle id="3275">
			<color>ffb469ff</color>
			<heading>0</heading>
			<Icon id="3276">
				<href>http://maps.google.com/mapfiles/kml/pushpin/wht-pushpin.png</href>
			</Icon>
		</IconStyle>
	</Style>
	<Style id="3279">
		<IconStyle id="3280">
			<color>ff0000ff</color>
			<heading>0</heading>
			<Icon id="3281">
				<href>http://maps.google.com/mapfiles/kml/pushpin/wht-pushpin.png</href>
			</Icon>
		</IconStyle>
	</Style>
	<Style id="3284">
		<IconStyle id="3285">
			<color>ff008000</color>
			<heading>0</heading>
			<Icon id="3286">
				<href>http://maps.google.com/mapfiles/kml/pushpin/wht-pushpin.png</href>
			</Icon>
		</IconStyle>
	</Style>
	<Style id="3289">
		<IconStyle id="3290">
			<color>ff0000ff</color>
			<heading>0</heading>
			<Icon id="3291">
				<href>http://maps.google.com/mapfiles/kml/pushpin/wht-pushpin.png</href>
			</Icon>
		</IconStyle>
	</Style>
	<Style id="329">
		<IconStyle id="330">
			<color>ffb469ff</color>
			<heading>0</heading>
			<Icon id="331">
				<href>http://maps.google.com/mapfiles/kml/pushpin/wht-pushpin.png</href>
			</Icon>
		</IconStyle>
	</Style>
	<Style id="3294">
		<IconStyle id="3295">
			<color>ffb469ff</color>
			<heading>0</heading>
			<Icon id="3296">
				<href>http://maps.google.com/mapfiles/kml/pushpin/wht-pushpin.png</href>
			</Icon>
		</IconStyle>
	</Style>
	<Style id="3299">
		<IconStyle id="3300">
			<color>ff00ffff</color>
			<heading>0</heading>
			<Icon id="3301">
				<href>http://maps.google.com/mapfiles/kml/pushpin/wht-pushpin.png</href>
			</Icon>
		</IconStyle>
	</Style>
	<Style id="3304">
		<IconStyle id="3305">
			<color>ffb469ff</color>
			<heading>0</heading>
			<Icon id="3306">
				<href>http://maps.google.com/mapfiles/kml/pushpin/wht-pushpin.png</href>
			</Icon>
		</IconStyle>
	</Style>
	<Style id="3309">
		<IconStyle id="3310">
			<color>ffb469ff</color>
			<heading>0</heading>
			<Icon id="3311">
				<href>http://maps.google.com/mapfiles/kml/pushpin/wht-pushpin.png</href>
			</Icon>
		</IconStyle>
	</Style>
	<Style id="3314">
		<IconStyle id="3315">
			<color>ff0000ff</color>
			<heading>0</heading>
			<Icon id="3316">
				<href>http://maps.google.com/mapfiles/kml/pushpin/wht-pushpin.png</href>
			</Icon>
		</IconStyle>
	</Style>
	<Style id="3319">
		<IconStyle id="3320">
			<color>ff0000ff</color>
			<heading>0</heading>
			<Icon id="3321">
				<href>http://maps.google.com/mapfiles/kml/pushpin/wht-pushpin.png</href>
			</Icon>
		</IconStyle>
	</Style>
	<Style id="3324">
		<IconStyle id="3325">
			<color>ff0000ff</color>
			<heading>0</heading>
			<Icon id="3326">
				<href>http://maps.google.com/mapfiles/kml/pushpin/wht-pushpin.png</href>
			</Icon>
		</IconStyle>
	</Style>
	<Style id="3329">
		<IconStyle id="3330">
			<color>ff00ffff</color>
			<heading>0</heading>
			<Icon id="3331">
				<href>http://maps.google.com/mapfiles/kml/pushpin/wht-pushpin.png</href>
			</Icon>
		</IconStyle>
	</Style>
	<Style id="3334">
		<IconStyle id="3335">
			<color>ffb469ff</color>
			<heading>0</heading>
			<Icon id="3336">
				<href>http://maps.google.com/mapfiles/kml/pushpin/wht-pushpin.png</href>
			</Icon>
		</IconStyle>
	</Style>
	<Style id="3339">
		<IconStyle id="3340">
			<color>ff0000ff</color>
			<heading>0</heading>
			<Icon id="3341">
				<href>http://maps.google.com/mapfiles/kml/pushpin/wht-pushpin.png</href>
			</Icon>
		</IconStyle>
	</Style>
	<Style id="334">
		<IconStyle id="335">
			<color>ff0000ff</color>
			<heading>0</heading>
			<Icon id="336">
				<href>http://maps.google.com/mapfiles/kml/pushpin/wht-pushpin.png</href>
			</Icon>
		</IconStyle>
	</Style>
	<Style id="3344">
		<IconStyle id="3345">
			<color>ff0000ff</color>
			<heading>0</heading>
			<Icon id="3346">
				<href>http://maps.google.com/mapfiles/kml/pushpin/wht-pushpin.png</href>
			</Icon>
		</IconStyle>
	</Style>
	<Style id="3349">
		<IconStyle id="3350">
			<color>ffb469ff</color>
			<heading>0</heading>
			<Icon id="3351">
				<href>http://maps.google.com/mapfiles/kml/pushpin/wht-pushpin.png</href>
			</Icon>
		</IconStyle>
	</Style>
	<Style id="3354">
		<IconStyle id="3355">
			<color>ffb469ff</color>
			<heading>0</heading>
			<Icon id="3356">
				<href>http://maps.google.com/mapfiles/kml/pushpin/wht-pushpin.png</href>
			</Icon>
		</IconStyle>
	</Style>
	<Style id="3359">
		<IconStyle id="3360">
			<color>ff0000ff</color>
			<heading>0</heading>
			<Icon id="3361">
				<href>http://maps.google.com/mapfiles/kml/pushpin/wht-pushpin.png</href>
			</Icon>
		</IconStyle>
	</Style>
	<Style id="3364">
		<IconStyle id="3365">
			<color>ffb469ff</color>
			<heading>0</heading>
			<Icon id="3366">
				<href>http://maps.google.com/mapfiles/kml/pushpin/wht-pushpin.png</href>
			</Icon>
		</IconStyle>
	</Style>
	<Style id="3369">
		<IconStyle id="3370">
			<color>ff0000ff</color>
			<heading>0</heading>
			<Icon id="3371">
				<href>http://maps.google.com/mapfiles/kml/pushpin/wht-pushpin.png</href>
			</Icon>
		</IconStyle>
	</Style>
	<Style id="3374">
		<IconStyle id="3375">
			<color>ffb469ff</color>
			<heading>0</heading>
			<Icon id="3376">
				<href>http://maps.google.com/mapfiles/kml/pushpin/wht-pushpin.png</href>
			</Icon>
		</IconStyle>
	</Style>
	<Style id="3379">
		<IconStyle id="3380">
			<color>ffb469ff</color>
			<heading>0</heading>
			<Icon id="3381">
				<href>http://maps.google.com/mapfiles/kml/pushpin/wht-pushpin.png</href>
			</Icon>
		</IconStyle>
	</Style>
	<Style id="3384">
		<IconStyle id="3385">
			<color>ff00ffff</color>
			<heading>0</heading>
			<Icon id="3386">
				<href>http://maps.google.com/mapfiles/kml/pushpin/wht-pushpin.png</href>
			</Icon>
		</IconStyle>
	</Style>
	<Style id="3389">
		<IconStyle id="3390">
			<color>ffb469ff</color>
			<heading>0</heading>
			<Icon id="3391">
				<href>http://maps.google.com/mapfiles/kml/pushpin/wht-pushpin.png</href>
			</Icon>
		</IconStyle>
	</Style>
	<Style id="339">
		<IconStyle id="340">
			<color>ff0000ff</color>
			<heading>0</heading>
			<Icon id="341">
				<href>http://maps.google.com/mapfiles/kml/pushpin/wht-pushpin.png</href>
			</Icon>
		</IconStyle>
	</Style>
	<Style id="3394">
		<IconStyle id="3395">
			<color>ff0000ff</color>
			<heading>0</heading>
			<Icon id="3396">
				<href>http://maps.google.com/mapfiles/kml/pushpin/wht-pushpin.png</href>
			</Icon>
		</IconStyle>
	</Style>
	<Style id="3399">
		<IconStyle id="3400">
			<color>ff00ffff</color>
			<heading>0</heading>
			<Icon id="3401">
				<href>http://maps.google.com/mapfiles/kml/pushpin/wht-pushpin.png</href>
			</Icon>
		</IconStyle>
	</Style>
	<Style id="3404">
		<IconStyle id="3405">
			<color>ff00ffff</color>
			<heading>0</heading>
			<Icon id="3406">
				<href>http://maps.google.com/mapfiles/kml/pushpin/wht-pushpin.png</href>
			</Icon>
		</IconStyle>
	</Style>
	<Style id="3409">
		<IconStyle id="3410">
			<color>ffb469ff</color>
			<heading>0</heading>
			<Icon id="3411">
				<href>http://maps.google.com/mapfiles/kml/pushpin/wht-pushpin.png</href>
			</Icon>
		</IconStyle>
	</Style>
	<Style id="3414">
		<IconStyle id="3415">
			<color>ff0000ff</color>
			<heading>0</heading>
			<Icon id="3416">
				<href>http://maps.google.com/mapfiles/kml/pushpin/wht-pushpin.png</href>
			</Icon>
		</IconStyle>
	</Style>
	<Style id="3419">
		<IconStyle id="3420">
			<color>ffb469ff</color>
			<heading>0</heading>
			<Icon id="3421">
				<href>http://maps.google.com/mapfiles/kml/pushpin/wht-pushpin.png</href>
			</Icon>
		</IconStyle>
	</Style>
	<Style id="3424">
		<IconStyle id="3425">
			<color>ff0000ff</color>
			<heading>0</heading>
			<Icon id="3426">
				<href>http://maps.google.com/mapfiles/kml/pushpin/wht-pushpin.png</href>
			</Icon>
		</IconStyle>
	</Style>
	<Style id="3429">
		<IconStyle id="3430">
			<color>ff0000ff</color>
			<heading>0</heading>
			<Icon id="3431">
				<href>http://maps.google.com/mapfiles/kml/pushpin/wht-pushpin.png</href>
			</Icon>
		</IconStyle>
	</Style>
	<Style id="3434">
		<IconStyle id="3435">
			<color>ff008000</color>
			<heading>0</heading>
			<Icon id="3436">
				<href>http://maps.google.com/mapfiles/kml/pushpin/wht-pushpin.png</href>
			</Icon>
		</IconStyle>
	</Style>
	<Style id="3439">
		<IconStyle id="3440">
			<color>ff00ffff</color>
			<heading>0</heading>
			<Icon id="3441">
				<href>http://maps.google.com/mapfiles/kml/pushpin/wht-pushpin.png</href>
			</Icon>
		</IconStyle>
	</Style>
	<Style id="344">
		<IconStyle id="345">
			<color>ff00ffff</color>
			<heading>0</heading>
			<Icon id="346">
				<href>http://maps.google.com/mapfiles/kml/pushpin/wht-pushpin.png</href>
			</Icon>
		</IconStyle>
	</Style>
	<Style id="3444">
		<IconStyle id="3445">
			<color>ffb469ff</color>
			<heading>0</heading>
			<Icon id="3446">
				<href>http://maps.google.com/mapfiles/kml/pushpin/wht-pushpin.png</href>
			</Icon>
		</IconStyle>
	</Style>
	<Style id="3449">
		<IconStyle id="3450">
			<color>ff00ffff</color>
			<heading>0</heading>
			<Icon id="3451">
				<href>http://maps.google.com/mapfiles/kml/pushpin/wht-pushpin.png</href>
			</Icon>
		</IconStyle>
	</Style>
	<Style id="3454">
		<IconStyle id="3455">
			<color>ffb469ff</color>
			<heading>0</heading>
			<Icon id="3456">
				<href>http://maps.google.com/mapfiles/kml/pushpin/wht-pushpin.png</href>
			</Icon>
		</IconStyle>
	</Style>
	<Style id="3459">
		<IconStyle id="3460">
			<color>ff0000ff</color>
			<heading>0</heading>
			<Icon id="3461">
				<href>http://maps.google.com/mapfiles/kml/pushpin/wht-pushpin.png</href>
			</Icon>
		</IconStyle>
	</Style>
	<Style id="3464">
		<IconStyle id="3465">
			<color>ffb469ff</color>
			<heading>0</heading>
			<Icon id="3466">
				<href>http://maps.google.com/mapfiles/kml/pushpin/wht-pushpin.png</href>
			</Icon>
		</IconStyle>
	</Style>
	<Style id="3469">
		<IconStyle id="3470">
			<color>ffb469ff</color>
			<heading>0</heading>
			<Icon id="3471">
				<href>http://maps.google.com/mapfiles/kml/pushpin/wht-pushpin.png</href>
			</Icon>
		</IconStyle>
	</Style>
	<Style id="3474">
		<IconStyle id="3475">
			<color>ffb469ff</color>
			<heading>0</heading>
			<Icon id="3476">
				<href>http://maps.google.com/mapfiles/kml/pushpin/wht-pushpin.png</href>
			</Icon>
		</IconStyle>
	</Style>
	<Style id="3479">
		<IconStyle id="3480">
			<color>ff0000ff</color>
			<heading>0</heading>
			<Icon id="3481">
				<href>http://maps.google.com/mapfiles/kml/pushpin/wht-pushpin.png</href>
			</Icon>
		</IconStyle>
	</Style>
	<Style id="3484">
		<IconStyle id="3485">
			<color>ffb469ff</color>
			<heading>0</heading>
			<Icon id="3486">
				<href>http://maps.google.com/mapfiles/kml/pushpin/wht-pushpin.png</href>
			</Icon>
		</IconStyle>
	</Style>
	<Style id="3489">
		<IconStyle id="3490">
			<color>ff0000ff</color>
			<heading>0</heading>
			<Icon id="3491">
				<href>http://maps.google.com/mapfiles/kml/pushpin/wht-pushpin.png</href>
			</Icon>
		</IconStyle>
	</Style>
	<Style id="349">
		<IconStyle id="350">
			<color>ffb469ff</color>
			<heading>0</heading>
			<Icon id="351">
				<href>http://maps.google.com/mapfiles/kml/pushpin/wht-pushpin.png</href>
			</Icon>
		</IconStyle>
	</Style>
	<Style id="3494">
		<IconStyle id="3495">
			<color>ffb469ff</color>
			<heading>0</heading>
			<Icon id="3496">
				<href>http://maps.google.com/mapfiles/kml/pushpin/wht-pushpin.png</href>
			</Icon>
		</IconStyle>
	</Style>
	<Style id="3499">
		<IconStyle id="3500">
			<color>ff00ffff</color>
			<heading>0</heading>
			<Icon id="3501">
				<href>http://maps.google.com/mapfiles/kml/pushpin/wht-pushpin.png</href>
			</Icon>
		</IconStyle>
	</Style>
	<Style id="3504">
		<IconStyle id="3505">
			<color>ffb469ff</color>
			<heading>0</heading>
			<Icon id="3506">
				<href>http://maps.google.com/mapfiles/kml/pushpin/wht-pushpin.png</href>
			</Icon>
		</IconStyle>
	</Style>
	<Style id="3509">
		<IconStyle id="3510">
			<color>ff0000ff</color>
			<heading>0</heading>
			<Icon id="3511">
				<href>http://maps.google.com/mapfiles/kml/pushpin/wht-pushpin.png</href>
			</Icon>
		</IconStyle>
	</Style>
	<Style id="3514">
		<IconStyle id="3515">
			<color>ff00ffff</color>
			<heading>0</heading>
			<Icon id="3516">
				<href>http://maps.google.com/mapfiles/kml/pushpin/wht-pushpin.png</href>
			</Icon>
		</IconStyle>
	</Style>
	<Style id="3519">
		<IconStyle id="3520">
			<color>ff0000ff</color>
			<heading>0</heading>
			<Icon id="3521">
				<href>http://maps.google.com/mapfiles/kml/pushpin/wht-pushpin.png</href>
			</Icon>
		</IconStyle>
	</Style>
	<Style id="3524">
		<IconStyle id="3525">
			<color>ff0000ff</color>
			<heading>0</heading>
			<Icon id="3526">
				<href>http://maps.google.com/mapfiles/kml/pushpin/wht-pushpin.png</href>
			</Icon>
		</IconStyle>
	</Style>
	<Style id="3529">
		<IconStyle id="3530">
			<color>ff0000ff</color>
			<heading>0</heading>
			<Icon id="3531">
				<href>http://maps.google.com/mapfiles/kml/pushpin/wht-pushpin.png</href>
			</Icon>
		</IconStyle>
	</Style>
	<Style id="3534">
		<IconStyle id="3535">
			<color>ff0000ff</color>
			<heading>0</heading>
			<Icon id="3536">
				<href>http://maps.google.com/mapfiles/kml/pushpin/wht-pushpin.png</href>
			</Icon>
		</IconStyle>
	</Style>
	<Style id="3539">
		<IconStyle id="3540">
			<color>ff0000ff</color>
			<heading>0</heading>
			<Icon id="3541">
				<href>http://maps.google.com/mapfiles/kml/pushpin/wht-pushpin.png</href>
			</Icon>
		</IconStyle>
	</Style>
	<Style id="354">
		<IconStyle id="355">
			<color>ffb469ff</color>
			<heading>0</heading>
			<Icon id="356">
				<href>http://maps.google.com/mapfiles/kml/pushpin/wht-pushpin.png</href>
			</Icon>
		</IconStyle>
	</Style>
	<Style id="3544">
		<IconStyle id="3545">
			<color>ffb469ff</color>
			<heading>0</heading>
			<Icon id="3546">
				<href>http://maps.google.com/mapfiles/kml/pushpin/wht-pushpin.png</href>
			</Icon>
		</IconStyle>
	</Style>
	<Style id="3549">
		<IconStyle id="3550">
			<color>ff00ffff</color>
			<heading>0</heading>
			<Icon id="3551">
				<href>http://maps.google.com/mapfiles/kml/pushpin/wht-pushpin.png</href>
			</Icon>
		</IconStyle>
	</Style>
	<Style id="3554">
		<IconStyle id="3555">
			<color>ff0000ff</color>
			<heading>0</heading>
			<Icon id="3556">
				<href>http://maps.google.com/mapfiles/kml/pushpin/wht-pushpin.png</href>
			</Icon>
		</IconStyle>
	</Style>
	<Style id="3559">
		<IconStyle id="3560">
			<color>ff0000ff</color>
			<heading>0</heading>
			<Icon id="3561">
				<href>http://maps.google.com/mapfiles/kml/pushpin/wht-pushpin.png</href>
			</Icon>
		</IconStyle>
	</Style>
	<Style id="3564">
		<IconStyle id="3565">
			<color>ff00ffff</color>
			<heading>0</heading>
			<Icon id="3566">
				<href>http://maps.google.com/mapfiles/kml/pushpin/wht-pushpin.png</href>
			</Icon>
		</IconStyle>
	</Style>
	<Style id="3569">
		<IconStyle id="3570">
			<color>ffb469ff</color>
			<heading>0</heading>
			<Icon id="3571">
				<href>http://maps.google.com/mapfiles/kml/pushpin/wht-pushpin.png</href>
			</Icon>
		</IconStyle>
	</Style>
	<Style id="3574">
		<IconStyle id="3575">
			<color>ffb469ff</color>
			<heading>0</heading>
			<Icon id="3576">
				<href>http://maps.google.com/mapfiles/kml/pushpin/wht-pushpin.png</href>
			</Icon>
		</IconStyle>
	</Style>
	<Style id="3579">
		<IconStyle id="3580">
			<color>ff0000ff</color>
			<heading>0</heading>
			<Icon id="3581">
				<href>http://maps.google.com/mapfiles/kml/pushpin/wht-pushpin.png</href>
			</Icon>
		</IconStyle>
	</Style>
	<Style id="3584">
		<IconStyle id="3585">
			<color>ff0000ff</color>
			<heading>0</heading>
			<Icon id="3586">
				<href>http://maps.google.com/mapfiles/kml/pushpin/wht-pushpin.png</href>
			</Icon>
		</IconStyle>
	</Style>
	<Style id="3589">
		<IconStyle id="3590">
			<color>ffb469ff</color>
			<heading>0</heading>
			<Icon id="3591">
				<href>http://maps.google.com/mapfiles/kml/pushpin/wht-pushpin.png</href>
			</Icon>
		</IconStyle>
	</Style>
	<Style id="359">
		<IconStyle id="360">
			<color>ffb469ff</color>
			<heading>0</heading>
			<Icon id="361">
				<href>http://maps.google.com/mapfiles/kml/pushpin/wht-pushpin.png</href>
			</Icon>
		</IconStyle>
	</Style>
	<Style id="3594">
		<IconStyle id="3595">
			<color>ff00ffff</color>
			<heading>0</heading>
			<Icon id="3596">
				<href>http://maps.google.com/mapfiles/kml/pushpin/wht-pushpin.png</href>
			</Icon>
		</IconStyle>
	</Style>
	<Style id="3599">
		<IconStyle id="3600">
			<color>ff00ffff</color>
			<heading>0</heading>
			<Icon id="3601">
				<href>http://maps.google.com/mapfiles/kml/pushpin/wht-pushpin.png</href>
			</Icon>
		</IconStyle>
	</Style>
	<Style id="3604">
		<IconStyle id="3605">
			<color>ff0000ff</color>
			<heading>0</heading>
			<Icon id="3606">
				<href>http://maps.google.com/mapfiles/kml/pushpin/wht-pushpin.png</href>
			</Icon>
		</IconStyle>
	</Style>
	<Style id="3609">
		<IconStyle id="3610">
			<color>ff00ffff</color>
			<heading>0</heading>
			<Icon id="3611">
				<href>http://maps.google.com/mapfiles/kml/pushpin/wht-pushpin.png</href>
			</Icon>
		</IconStyle>
	</Style>
	<Style id="3614">
		<IconStyle id="3615">
			<color>ffb469ff</color>
			<heading>0</heading>
			<Icon id="3616">
				<href>http://maps.google.com/mapfiles/kml/pushpin/wht-pushpin.png</href>
			</Icon>
		</IconStyle>
	</Style>
	<Style id="3619">
		<IconStyle id="3620">
			<color>ffb469ff</color>
			<heading>0</heading>
			<Icon id="3621">
				<href>http://maps.google.com/mapfiles/kml/pushpin/wht-pushpin.png</href>
			</Icon>
		</IconStyle>
	</Style>
	<Style id="3624">
		<IconStyle id="3625">
			<color>ff0000ff</color>
			<heading>0</heading>
			<Icon id="3626">
				<href>http://maps.google.com/mapfiles/kml/pushpin/wht-pushpin.png</href>
			</Icon>
		</IconStyle>
	</Style>
	<Style id="3629">
		<IconStyle id="3630">
			<color>ffb469ff</color>
			<heading>0</heading>
			<Icon id="3631">
				<href>http://maps.google.com/mapfiles/kml/pushpin/wht-pushpin.png</href>
			</Icon>
		</IconStyle>
	</Style>
	<Style id="3634">
		<IconStyle id="3635">
			<color>ff00ffff</color>
			<heading>0</heading>
			<Icon id="3636">
				<href>http://maps.google.com/mapfiles/kml/pushpin/wht-pushpin.png</href>
			</Icon>
		</IconStyle>
	</Style>
	<Style id="3639">
		<IconStyle id="3640">
			<color>ff0000ff</color>
			<heading>0</heading>
			<Icon id="3641">
				<href>http://maps.google.com/mapfiles/kml/pushpin/wht-pushpin.png</href>
			</Icon>
		</IconStyle>
	</Style>
	<Style id="364">
		<IconStyle id="365">
			<color>ff0000ff</color>
			<heading>0</heading>
			<Icon id="366">
				<href>http://maps.google.com/mapfiles/kml/pushpin/wht-pushpin.png</href>
			</Icon>
		</IconStyle>
	</Style>
	<Style id="3644">
		<IconStyle id="3645">
			<color>ff0000ff</color>
			<heading>0</heading>
			<Icon id="3646">
				<href>http://maps.google.com/mapfiles/kml/pushpin/wht-pushpin.png</href>
			</Icon>
		</IconStyle>
	</Style>
	<Style id="3649">
		<IconStyle id="3650">
			<color>ff0000ff</color>
			<heading>0</heading>
			<Icon id="3651">
				<href>http://maps.google.com/mapfiles/kml/pushpin/wht-pushpin.png</href>
			</Icon>
		</IconStyle>
	</Style>
	<Style id="3654">
		<IconStyle id="3655">
			<color>ff008000</color>
			<heading>0</heading>
			<Icon id="3656">
				<href>http://maps.google.com/mapfiles/kml/pushpin/wht-pushpin.png</href>
			</Icon>
		</IconStyle>
	</Style>
	<Style id="3659">
		<IconStyle id="3660">
			<color>ff0000ff</color>
			<heading>0</heading>
			<Icon id="3661">
				<href>http://maps.google.com/mapfiles/kml/pushpin/wht-pushpin.png</href>
			</Icon>
		</IconStyle>
	</Style>
	<Style id="3664">
		<IconStyle id="3665">
			<color>ff008000</color>
			<heading>0</heading>
			<Icon id="3666">
				<href>http://maps.google.com/mapfiles/kml/pushpin/wht-pushpin.png</href>
			</Icon>
		</IconStyle>
	</Style>
	<Style id="3669">
		<IconStyle id="3670">
			<color>ff00ffff</color>
			<heading>0</heading>
			<Icon id="3671">
				<href>http://maps.google.com/mapfiles/kml/pushpin/wht-pushpin.png</href>
			</Icon>
		</IconStyle>
	</Style>
	<Style id="3674">
		<IconStyle id="3675">
			<color>ffb469ff</color>
			<heading>0</heading>
			<Icon id="3676">
				<href>http://maps.google.com/mapfiles/kml/pushpin/wht-pushpin.png</href>
			</Icon>
		</IconStyle>
	</Style>
	<Style id="3679">
		<IconStyle id="3680">
			<color>ffb469ff</color>
			<heading>0</heading>
			<Icon id="3681">
				<href>http://maps.google.com/mapfiles/kml/pushpin/wht-pushpin.png</href>
			</Icon>
		</IconStyle>
	</Style>
	<Style id="3684">
		<IconStyle id="3685">
			<color>ffb469ff</color>
			<heading>0</heading>
			<Icon id="3686">
				<href>http://maps.google.com/mapfiles/kml/pushpin/wht-pushpin.png</href>
			</Icon>
		</IconStyle>
	</Style>
	<Style id="3689">
		<IconStyle id="3690">
			<color>ffb469ff</color>
			<heading>0</heading>
			<Icon id="3691">
				<href>http://maps.google.com/mapfiles/kml/pushpin/wht-pushpin.png</href>
			</Icon>
		</IconStyle>
	</Style>
	<Style id="369">
		<IconStyle id="370">
			<color>ffb469ff</color>
			<heading>0</heading>
			<Icon id="371">
				<href>http://maps.google.com/mapfiles/kml/pushpin/wht-pushpin.png</href>
			</Icon>
		</IconStyle>
	</Style>
	<Style id="3694">
		<IconStyle id="3695">
			<color>ff0000ff</color>
			<heading>0</heading>
			<Icon id="3696">
				<href>http://maps.google.com/mapfiles/kml/pushpin/wht-pushpin.png</href>
			</Icon>
		</IconStyle>
	</Style>
	<Style id="3699">
		<IconStyle id="3700">
			<color>ffb469ff</color>
			<heading>0</heading>
			<Icon id="3701">
				<href>http://maps.google.com/mapfiles/kml/pushpin/wht-pushpin.png</href>
			</Icon>
		</IconStyle>
	</Style>
	<Style id="3704">
		<IconStyle id="3705">
			<color>ffb469ff</color>
			<heading>0</heading>
			<Icon id="3706">
				<href>http://maps.google.com/mapfiles/kml/pushpin/wht-pushpin.png</href>
			</Icon>
		</IconStyle>
	</Style>
	<Style id="3709">
		<IconStyle id="3710">
			<color>ffb469ff</color>
			<heading>0</heading>
			<Icon id="3711">
				<href>http://maps.google.com/mapfiles/kml/pushpin/wht-pushpin.png</href>
			</Icon>
		</IconStyle>
	</Style>
	<Style id="3714">
		<IconStyle id="3715">
			<color>ff0000ff</color>
			<heading>0</heading>
			<Icon id="3716">
				<href>http://maps.google.com/mapfiles/kml/pushpin/wht-pushpin.png</href>
			</Icon>
		</IconStyle>
	</Style>
	<Style id="3719">
		<IconStyle id="3720">
			<color>ff0000ff</color>
			<heading>0</heading>
			<Icon id="3721">
				<href>http://maps.google.com/mapfiles/kml/pushpin/wht-pushpin.png</href>
			</Icon>
		</IconStyle>
	</Style>
	<Style id="3724">
		<IconStyle id="3725">
			<color>ff00ffff</color>
			<heading>0</heading>
			<Icon id="3726">
				<href>http://maps.google.com/mapfiles/kml/pushpin/wht-pushpin.png</href>
			</Icon>
		</IconStyle>
	</Style>
	<Style id="3729">
		<IconStyle id="3730">
			<color>ff00ffff</color>
			<heading>0</heading>
			<Icon id="3731">
				<href>http://maps.google.com/mapfiles/kml/pushpin/wht-pushpin.png</href>
			</Icon>
		</IconStyle>
	</Style>
	<Style id="3734">
		<IconStyle id="3735">
			<color>ffb469ff</color>
			<heading>0</heading>
			<Icon id="3736">
				<href>http://maps.google.com/mapfiles/kml/pushpin/wht-pushpin.png</href>
			</Icon>
		</IconStyle>
	</Style>
	<Style id="3739">
		<IconStyle id="3740">
			<color>ff00ffff</color>
			<heading>0</heading>
			<Icon id="3741">
				<href>http://maps.google.com/mapfiles/kml/pushpin/wht-pushpin.png</href>
			</Icon>
		</IconStyle>
	</Style>
	<Style id="374">
		<IconStyle id="375">
			<color>ff00ffff</color>
			<heading>0</heading>
			<Icon id="376">
				<href>http://maps.google.com/mapfiles/kml/pushpin/wht-pushpin.png</href>
			</Icon>
		</IconStyle>
	</Style>
	<Style id="3744">
		<IconStyle id="3745">
			<color>ff00ffff</color>
			<heading>0</heading>
			<Icon id="3746">
				<href>http://maps.google.com/mapfiles/kml/pushpin/wht-pushpin.png</href>
			</Icon>
		</IconStyle>
	</Style>
	<Style id="3749">
		<IconStyle id="3750">
			<color>ffb469ff</color>
			<heading>0</heading>
			<Icon id="3751">
				<href>http://maps.google.com/mapfiles/kml/pushpin/wht-pushpin.png</href>
			</Icon>
		</IconStyle>
	</Style>
	<Style id="3754">
		<IconStyle id="3755">
			<color>ff00ffff</color>
			<heading>0</heading>
			<Icon id="3756">
				<href>http://maps.google.com/mapfiles/kml/pushpin/wht-pushpin.png</href>
			</Icon>
		</IconStyle>
	</Style>
	<Style id="3759">
		<IconStyle id="3760">
			<color>ff00ffff</color>
			<heading>0</heading>
			<Icon id="3761">
				<href>http://maps.google.com/mapfiles/kml/pushpin/wht-pushpin.png</href>
			</Icon>
		</IconStyle>
	</Style>
	<Style id="3764">
		<IconStyle id="3765">
			<color>ff00ffff</color>
			<heading>0</heading>
			<Icon id="3766">
				<href>http://maps.google.com/mapfiles/kml/pushpin/wht-pushpin.png</href>
			</Icon>
		</IconStyle>
	</Style>
	<Style id="3769">
		<IconStyle id="3770">
			<color>ff0000ff</color>
			<heading>0</heading>
			<Icon id="3771">
				<href>http://maps.google.com/mapfiles/kml/pushpin/wht-pushpin.png</href>
			</Icon>
		</IconStyle>
	</Style>
	<Style id="3774">
		<IconStyle id="3775">
			<color>ffb469ff</color>
			<heading>0</heading>
			<Icon id="3776">
				<href>http://maps.google.com/mapfiles/kml/pushpin/wht-pushpin.png</href>
			</Icon>
		</IconStyle>
	</Style>
	<Style id="3779">
		<IconStyle id="3780">
			<color>ffb469ff</color>
			<heading>0</heading>
			<Icon id="3781">
				<href>http://maps.google.com/mapfiles/kml/pushpin/wht-pushpin.png</href>
			</Icon>
		</IconStyle>
	</Style>
	<Style id="3784">
		<IconStyle id="3785">
			<color>ff0000ff</color>
			<heading>0</heading>
			<Icon id="3786">
				<href>http://maps.google.com/mapfiles/kml/pushpin/wht-pushpin.png</href>
			</Icon>
		</IconStyle>
	</Style>
	<Style id="3789">
		<IconStyle id="3790">
			<color>ffb469ff</color>
			<heading>0</heading>
			<Icon id="3791">
				<href>http://maps.google.com/mapfiles/kml/pushpin/wht-pushpin.png</href>
			</Icon>
		</IconStyle>
	</Style>
	<Style id="379">
		<IconStyle id="380">
			<color>ff0000ff</color>
			<heading>0</heading>
			<Icon id="381">
				<href>http://maps.google.com/mapfiles/kml/pushpin/wht-pushpin.png</href>
			</Icon>
		</IconStyle>
	</Style>
	<Style id="3794">
		<IconStyle id="3795">
			<color>ff0000ff</color>
			<heading>0</heading>
			<Icon id="3796">
				<href>http://maps.google.com/mapfiles/kml/pushpin/wht-pushpin.png</href>
			</Icon>
		</IconStyle>
	</Style>
	<Style id="3799">
		<IconStyle id="3800">
			<color>ffb469ff</color>
			<heading>0</heading>
			<Icon id="3801">
				<href>http://maps.google.com/mapfiles/kml/pushpin/wht-pushpin.png</href>
			</Icon>
		</IconStyle>
	</Style>
	<Style id="3804">
		<IconStyle id="3805">
			<color>ffb469ff</color>
			<heading>0</heading>
			<Icon id="3806">
				<href>http://maps.google.com/mapfiles/kml/pushpin/wht-pushpin.png</href>
			</Icon>
		</IconStyle>
	</Style>
	<Style id="3809">
		<IconStyle id="3810">
			<color>ffb469ff</color>
			<heading>0</heading>
			<Icon id="3811">
				<href>http://maps.google.com/mapfiles/kml/pushpin/wht-pushpin.png</href>
			</Icon>
		</IconStyle>
	</Style>
	<Style id="3814">
		<IconStyle id="3815">
			<color>ff0000ff</color>
			<heading>0</heading>
			<Icon id="3816">
				<href>http://maps.google.com/mapfiles/kml/pushpin/wht-pushpin.png</href>
			</Icon>
		</IconStyle>
	</Style>
	<Style id="3819">
		<IconStyle id="3820">
			<color>ff0000ff</color>
			<heading>0</heading>
			<Icon id="3821">
				<href>http://maps.google.com/mapfiles/kml/pushpin/wht-pushpin.png</href>
			</Icon>
		</IconStyle>
	</Style>
	<Style id="3824">
		<IconStyle id="3825">
			<color>ff0000ff</color>
			<heading>0</heading>
			<Icon id="3826">
				<href>http://maps.google.com/mapfiles/kml/pushpin/wht-pushpin.png</href>
			</Icon>
		</IconStyle>
	</Style>
	<Style id="3829">
		<IconStyle id="3830">
			<color>ff00ffff</color>
			<heading>0</heading>
			<Icon id="3831">
				<href>http://maps.google.com/mapfiles/kml/pushpin/wht-pushpin.png</href>
			</Icon>
		</IconStyle>
	</Style>
	<Style id="3834">
		<IconStyle id="3835">
			<color>ffb469ff</color>
			<heading>0</heading>
			<Icon id="3836">
				<href>http://maps.google.com/mapfiles/kml/pushpin/wht-pushpin.png</href>
			</Icon>
		</IconStyle>
	</Style>
	<Style id="3839">
		<IconStyle id="3840">
			<color>ffb469ff</color>
			<heading>0</heading>
			<Icon id="3841">
				<href>http://maps.google.com/mapfiles/kml/pushpin/wht-pushpin.png</href>
			</Icon>
		</IconStyle>
	</Style>
	<Style id="384">
		<IconStyle id="385">
			<color>ff0000ff</color>
			<heading>0</heading>
			<Icon id="386">
				<href>http://maps.google.com/mapfiles/kml/pushpin/wht-pushpin.png</href>
			</Icon>
		</IconStyle>
	</Style>
	<Style id="3844">
		<IconStyle id="3845">
			<color>ffb469ff</color>
			<heading>0</heading>
			<Icon id="3846">
				<href>http://maps.google.com/mapfiles/kml/pushpin/wht-pushpin.png</href>
			</Icon>
		</IconStyle>
	</Style>
	<Style id="3849">
		<IconStyle id="3850">
			<color>ff0000ff</color>
			<heading>0</heading>
			<Icon id="3851">
				<href>http://maps.google.com/mapfiles/kml/pushpin/wht-pushpin.png</href>
			</Icon>
		</IconStyle>
	</Style>
	<Style id="3854">
		<IconStyle id="3855">
			<color>ff0000ff</color>
			<heading>0</heading>
			<Icon id="3856">
				<href>http://maps.google.com/mapfiles/kml/pushpin/wht-pushpin.png</href>
			</Icon>
		</IconStyle>
	</Style>
	<Style id="3859">
		<IconStyle id="3860">
			<color>ff008000</color>
			<heading>0</heading>
			<Icon id="3861">
				<href>http://maps.google.com/mapfiles/kml/pushpin/wht-pushpin.png</href>
			</Icon>
		</IconStyle>
	</Style>
	<Style id="3864">
		<IconStyle id="3865">
			<color>ffb469ff</color>
			<heading>0</heading>
			<Icon id="3866">
				<href>http://maps.google.com/mapfiles/kml/pushpin/wht-pushpin.png</href>
			</Icon>
		</IconStyle>
	</Style>
	<Style id="3869">
		<IconStyle id="3870">
			<color>ff0000ff</color>
			<heading>0</heading>
			<Icon id="3871">
				<href>http://maps.google.com/mapfiles/kml/pushpin/wht-pushpin.png</href>
			</Icon>
		</IconStyle>
	</Style>
	<Style id="3874">
		<IconStyle id="3875">
			<color>ff0000ff</color>
			<heading>0</heading>
			<Icon id="3876">
				<href>http://maps.google.com/mapfiles/kml/pushpin/wht-pushpin.png</href>
			</Icon>
		</IconStyle>
	</Style>
	<Style id="3879">
		<IconStyle id="3880">
			<color>ffb469ff</color>
			<heading>0</heading>
			<Icon id="3881">
				<href>http://maps.google.com/mapfiles/kml/pushpin/wht-pushpin.png</href>
			</Icon>
		</IconStyle>
	</Style>
	<Style id="3884">
		<IconStyle id="3885">
			<color>ff0000ff</color>
			<heading>0</heading>
			<Icon id="3886">
				<href>http://maps.google.com/mapfiles/kml/pushpin/wht-pushpin.png</href>
			</Icon>
		</IconStyle>
	</Style>
	<Style id="3889">
		<IconStyle id="3890">
			<color>ff00ffff</color>
			<heading>0</heading>
			<Icon id="3891">
				<href>http://maps.google.com/mapfiles/kml/pushpin/wht-pushpin.png</href>
			</Icon>
		</IconStyle>
	</Style>
	<Style id="389">
		<IconStyle id="390">
			<color>ff00ffff</color>
			<heading>0</heading>
			<Icon id="391">
				<href>http://maps.google.com/mapfiles/kml/pushpin/wht-pushpin.png</href>
			</Icon>
		</IconStyle>
	</Style>
	<Style id="3894">
		<IconStyle id="3895">
			<color>ffb469ff</color>
			<heading>0</heading>
			<Icon id="3896">
				<href>http://maps.google.com/mapfiles/kml/pushpin/wht-pushpin.png</href>
			</Icon>
		</IconStyle>
	</Style>
	<Style id="3899">
		<IconStyle id="3900">
			<color>ffb469ff</color>
			<heading>0</heading>
			<Icon id="3901">
				<href>http://maps.google.com/mapfiles/kml/pushpin/wht-pushpin.png</href>
			</Icon>
		</IconStyle>
	</Style>
	<Style id="39">
		<IconStyle id="40">
			<color>ffb469ff</color>
			<heading>0</heading>
			<Icon id="41">
				<href>http://maps.google.com/mapfiles/kml/pushpin/wht-pushpin.png</href>
			</Icon>
		</IconStyle>
	</Style>
	<Style id="3904">
		<IconStyle id="3905">
			<color>ff00ffff</color>
			<heading>0</heading>
			<Icon id="3906">
				<href>http://maps.google.com/mapfiles/kml/pushpin/wht-pushpin.png</href>
			</Icon>
		</IconStyle>
	</Style>
	<Style id="3909">
		<IconStyle id="3910">
			<color>ff00ffff</color>
			<heading>0</heading>
			<Icon id="3911">
				<href>http://maps.google.com/mapfiles/kml/pushpin/wht-pushpin.png</href>
			</Icon>
		</IconStyle>
	</Style>
	<Style id="3914">
		<IconStyle id="3915">
			<color>ff0000ff</color>
			<heading>0</heading>
			<Icon id="3916">
				<href>http://maps.google.com/mapfiles/kml/pushpin/wht-pushpin.png</href>
			</Icon>
		</IconStyle>
	</Style>
	<Style id="3919">
		<IconStyle id="3920">
			<color>ff00ffff</color>
			<heading>0</heading>
			<Icon id="3921">
				<href>http://maps.google.com/mapfiles/kml/pushpin/wht-pushpin.png</href>
			</Icon>
		</IconStyle>
	</Style>
	<Style id="3924">
		<IconStyle id="3925">
			<color>ff00ffff</color>
			<heading>0</heading>
			<Icon id="3926">
				<href>http://maps.google.com/mapfiles/kml/pushpin/wht-pushpin.png</href>
			</Icon>
		</IconStyle>
	</Style>
	<Style id="3929">
		<IconStyle id="3930">
			<color>ffb469ff</color>
			<heading>0</heading>
			<Icon id="3931">
				<href>http://maps.google.com/mapfiles/kml/pushpin/wht-pushpin.png</href>
			</Icon>
		</IconStyle>
	</Style>
	<Style id="3934">
		<IconStyle id="3935">
			<color>ff00ffff</color>
			<heading>0</heading>
			<Icon id="3936">
				<href>http://maps.google.com/mapfiles/kml/pushpin/wht-pushpin.png</href>
			</Icon>
		</IconStyle>
	</Style>
	<Style id="3939">
		<IconStyle id="3940">
			<color>ffb469ff</color>
			<heading>0</heading>
			<Icon id="3941">
				<href>http://maps.google.com/mapfiles/kml/pushpin/wht-pushpin.png</href>
			</Icon>
		</IconStyle>
	</Style>
	<Style id="394">
		<IconStyle id="395">
			<color>ff00ffff</color>
			<heading>0</heading>
			<Icon id="396">
				<href>http://maps.google.com/mapfiles/kml/pushpin/wht-pushpin.png</href>
			</Icon>
		</IconStyle>
	</Style>
	<Style id="3944">
		<IconStyle id="3945">
			<color>ff00ffff</color>
			<heading>0</heading>
			<Icon id="3946">
				<href>http://maps.google.com/mapfiles/kml/pushpin/wht-pushpin.png</href>
			</Icon>
		</IconStyle>
	</Style>
	<Style id="3949">
		<IconStyle id="3950">
			<color>ff00ffff</color>
			<heading>0</heading>
			<Icon id="3951">
				<href>http://maps.google.com/mapfiles/kml/pushpin/wht-pushpin.png</href>
			</Icon>
		</IconStyle>
	</Style>
	<Style id="3954">
		<IconStyle id="3955">
			<color>ff008000</color>
			<heading>0</heading>
			<Icon id="3956">
				<href>http://maps.google.com/mapfiles/kml/pushpin/wht-pushpin.png</href>
			</Icon>
		</IconStyle>
	</Style>
	<Style id="3959">
		<IconStyle id="3960">
			<color>ff0000ff</color>
			<heading>0</heading>
			<Icon id="3961">
				<href>http://maps.google.com/mapfiles/kml/pushpin/wht-pushpin.png</href>
			</Icon>
		</IconStyle>
	</Style>
	<Style id="3964">
		<IconStyle id="3965">
			<color>ff0000ff</color>
			<heading>0</heading>
			<Icon id="3966">
				<href>http://maps.google.com/mapfiles/kml/pushpin/wht-pushpin.png</href>
			</Icon>
		</IconStyle>
	</Style>
	<Style id="3969">
		<IconStyle id="3970">
			<color>ff00ffff</color>
			<heading>0</heading>
			<Icon id="3971">
				<href>http://maps.google.com/mapfiles/kml/pushpin/wht-pushpin.png</href>
			</Icon>
		</IconStyle>
	</Style>
	<Style id="3974">
		<IconStyle id="3975">
			<color>ff0000ff</color>
			<heading>0</heading>
			<Icon id="3976">
				<href>http://maps.google.com/mapfiles/kml/pushpin/wht-pushpin.png</href>
			</Icon>
		</IconStyle>
	</Style>
	<Style id="3979">
		<IconStyle id="3980">
			<color>ff00ffff</color>
			<heading>0</heading>
			<Icon id="3981">
				<href>http://maps.google.com/mapfiles/kml/pushpin/wht-pushpin.png</href>
			</Icon>
		</IconStyle>
	</Style>
	<Style id="3984">
		<IconStyle id="3985">
			<color>ff00ffff</color>
			<heading>0</heading>
			<Icon id="3986">
				<href>http://maps.google.com/mapfiles/kml/pushpin/wht-pushpin.png</href>
			</Icon>
		</IconStyle>
	</Style>
	<Style id="3989">
		<IconStyle id="3990">
			<color>ff0000ff</color>
			<heading>0</heading>
			<Icon id="3991">
				<href>http://maps.google.com/mapfiles/kml/pushpin/wht-pushpin.png</href>
			</Icon>
		</IconStyle>
	</Style>
	<Style id="399">
		<IconStyle id="400">
			<color>ff0000ff</color>
			<heading>0</heading>
			<Icon id="401">
				<href>http://maps.google.com/mapfiles/kml/pushpin/wht-pushpin.png</href>
			</Icon>
		</IconStyle>
	</Style>
	<Style id="3994">
		<IconStyle id="3995">
			<color>ff0000ff</color>
			<heading>0</heading>
			<Icon id="3996">
				<href>http://maps.google.com/mapfiles/kml/pushpin/wht-pushpin.png</href>
			</Icon>
		</IconStyle>
	</Style>
	<Style id="3999">
		<IconStyle id="4000">
			<color>ffb469ff</color>
			<heading>0</heading>
			<Icon id="4001">
				<href>http://maps.google.com/mapfiles/kml/pushpin/wht-pushpin.png</href>
			</Icon>
		</IconStyle>
	</Style>
	<Style id="4004">
		<IconStyle id="4005">
			<color>ffb469ff</color>
			<heading>0</heading>
			<Icon id="4006">
				<href>http://maps.google.com/mapfiles/kml/pushpin/wht-pushpin.png</href>
			</Icon>
		</IconStyle>
	</Style>
	<Style id="4009">
		<IconStyle id="4010">
			<color>ff0000ff</color>
			<heading>0</heading>
			<Icon id="4011">
				<href>http://maps.google.com/mapfiles/kml/pushpin/wht-pushpin.png</href>
			</Icon>
		</IconStyle>
	</Style>
	<Style id="4014">
		<IconStyle id="4015">
			<color>ffb469ff</color>
			<heading>0</heading>
			<Icon id="4016">
				<href>http://maps.google.com/mapfiles/kml/pushpin/wht-pushpin.png</href>
			</Icon>
		</IconStyle>
	</Style>
	<Style id="4019">
		<IconStyle id="4020">
			<color>ffb469ff</color>
			<heading>0</heading>
			<Icon id="4021">
				<href>http://maps.google.com/mapfiles/kml/pushpin/wht-pushpin.png</href>
			</Icon>
		</IconStyle>
	</Style>
	<Style id="4024">
		<IconStyle id="4025">
			<color>ff00ffff</color>
			<heading>0</heading>
			<Icon id="4026">
				<href>http://maps.google.com/mapfiles/kml/pushpin/wht-pushpin.png</href>
			</Icon>
		</IconStyle>
	</Style>
	<Style id="4029">
		<IconStyle id="4030">
			<color>ffb469ff</color>
			<heading>0</heading>
			<Icon id="4031">
				<href>http://maps.google.com/mapfiles/kml/pushpin/wht-pushpin.png</href>
			</Icon>
		</IconStyle>
	</Style>
	<Style id="4034">
		<IconStyle id="4035">
			<color>ffb469ff</color>
			<heading>0</heading>
			<Icon id="4036">
				<href>http://maps.google.com/mapfiles/kml/pushpin/wht-pushpin.png</href>
			</Icon>
		</IconStyle>
	</Style>
	<Style id="4039">
		<IconStyle id="4040">
			<color>ff0000ff</color>
			<heading>0</heading>
			<Icon id="4041">
				<href>http://maps.google.com/mapfiles/kml/pushpin/wht-pushpin.png</href>
			</Icon>
		</IconStyle>
	</Style>
	<Style id="404">
		<IconStyle id="405">
			<color>ff0000ff</color>
			<heading>0</heading>
			<Icon id="406">
				<href>http://maps.google.com/mapfiles/kml/pushpin/wht-pushpin.png</href>
			</Icon>
		</IconStyle>
	</Style>
	<Style id="4044">
		<IconStyle id="4045">
			<color>ffb469ff</color>
			<heading>0</heading>
			<Icon id="4046">
				<href>http://maps.google.com/mapfiles/kml/pushpin/wht-pushpin.png</href>
			</Icon>
		</IconStyle>
	</Style>
	<Style id="4049">
		<IconStyle id="4050">
			<color>ff0000ff</color>
			<heading>0</heading>
			<Icon id="4051">
				<href>http://maps.google.com/mapfiles/kml/pushpin/wht-pushpin.png</href>
			</Icon>
		</IconStyle>
	</Style>
	<Style id="4054">
		<IconStyle id="4055">
			<color>ff00ffff</color>
			<heading>0</heading>
			<Icon id="4056">
				<href>http://maps.google.com/mapfiles/kml/pushpin/wht-pushpin.png</href>
			</Icon>
		</IconStyle>
	</Style>
	<Style id="4059">
		<IconStyle id="4060">
			<color>ff00ffff</color>
			<heading>0</heading>
			<Icon id="4061">
				<href>http://maps.google.com/mapfiles/kml/pushpin/wht-pushpin.png</href>
			</Icon>
		</IconStyle>
	</Style>
	<Style id="4064">
		<IconStyle id="4065">
			<color>ff0000ff</color>
			<heading>0</heading>
			<Icon id="4066">
				<href>http://maps.google.com/mapfiles/kml/pushpin/wht-pushpin.png</href>
			</Icon>
		</IconStyle>
	</Style>
	<Style id="4069">
		<IconStyle id="4070">
			<color>ff0000ff</color>
			<heading>0</heading>
			<Icon id="4071">
				<href>http://maps.google.com/mapfiles/kml/pushpin/wht-pushpin.png</href>
			</Icon>
		</IconStyle>
	</Style>
	<Style id="4074">
		<IconStyle id="4075">
			<color>ffb469ff</color>
			<heading>0</heading>
			<Icon id="4076">
				<href>http://maps.google.com/mapfiles/kml/pushpin/wht-pushpin.png</href>
			</Icon>
		</IconStyle>
	</Style>
	<Style id="4079">
		<IconStyle id="4080">
			<color>ff00ffff</color>
			<heading>0</heading>
			<Icon id="4081">
				<href>http://maps.google.com/mapfiles/kml/pushpin/wht-pushpin.png</href>
			</Icon>
		</IconStyle>
	</Style>
	<Style id="4084">
		<IconStyle id="4085">
			<color>ff00ffff</color>
			<heading>0</heading>
			<Icon id="4086">
				<href>http://maps.google.com/mapfiles/kml/pushpin/wht-pushpin.png</href>
			</Icon>
		</IconStyle>
	</Style>
	<Style id="4089">
		<IconStyle id="4090">
			<color>ff0000ff</color>
			<heading>0</heading>
			<Icon id="4091">
				<href>http://maps.google.com/mapfiles/kml/pushpin/wht-pushpin.png</href>
			</Icon>
		</IconStyle>
	</Style>
	<Style id="409">
		<IconStyle id="410">
			<color>ff00ffff</color>
			<heading>0</heading>
			<Icon id="411">
				<href>http://maps.google.com/mapfiles/kml/pushpin/wht-pushpin.png</href>
			</Icon>
		</IconStyle>
	</Style>
	<Style id="4094">
		<IconStyle id="4095">
			<color>ff00ffff</color>
			<heading>0</heading>
			<Icon id="4096">
				<href>http://maps.google.com/mapfiles/kml/pushpin/wht-pushpin.png</href>
			</Icon>
		</IconStyle>
	</Style>
	<Style id="4099">
		<IconStyle id="4100">
			<color>ffb469ff</color>
			<heading>0</heading>
			<Icon id="4101">
				<href>http://maps.google.com/mapfiles/kml/pushpin/wht-pushpin.png</href>
			</Icon>
		</IconStyle>
	</Style>
	<Style id="4104">
		<IconStyle id="4105">
			<color>ff0000ff</color>
			<heading>0</heading>
			<Icon id="4106">
				<href>http://maps.google.com/mapfiles/kml/pushpin/wht-pushpin.png</href>
			</Icon>
		</IconStyle>
	</Style>
	<Style id="4109">
		<IconStyle id="4110">
			<color>ff00ffff</color>
			<heading>0</heading>
			<Icon id="4111">
				<href>http://maps.google.com/mapfiles/kml/pushpin/wht-pushpin.png</href>
			</Icon>
		</IconStyle>
	</Style>
	<Style id="4114">
		<IconStyle id="4115">
			<color>ffb469ff</color>
			<heading>0</heading>
			<Icon id="4116">
				<href>http://maps.google.com/mapfiles/kml/pushpin/wht-pushpin.png</href>
			</Icon>
		</IconStyle>
	</Style>
	<Style id="4119">
		<IconStyle id="4120">
			<color>ff0000ff</color>
			<heading>0</heading>
			<Icon id="4121">
				<href>http://maps.google.com/mapfiles/kml/pushpin/wht-pushpin.png</href>
			</Icon>
		</IconStyle>
	</Style>
	<Style id="4124">
		<IconStyle id="4125">
			<color>ff0000ff</color>
			<heading>0</heading>
			<Icon id="4126">
				<href>http://maps.google.com/mapfiles/kml/pushpin/wht-pushpin.png</href>
			</Icon>
		</IconStyle>
	</Style>
	<Style id="4129">
		<IconStyle id="4130">
			<color>ff008000</color>
			<heading>0</heading>
			<Icon id="4131">
				<href>http://maps.google.com/mapfiles/kml/pushpin/wht-pushpin.png</href>
			</Icon>
		</IconStyle>
	</Style>
	<Style id="4134">
		<IconStyle id="4135">
			<color>ffb469ff</color>
			<heading>0</heading>
			<Icon id="4136">
				<href>http://maps.google.com/mapfiles/kml/pushpin/wht-pushpin.png</href>
			</Icon>
		</IconStyle>
	</Style>
	<Style id="4139">
		<IconStyle id="4140">
			<color>ff0000ff</color>
			<heading>0</heading>
			<Icon id="4141">
				<href>http://maps.google.com/mapfiles/kml/pushpin/wht-pushpin.png</href>
			</Icon>
		</IconStyle>
	</Style>
	<Style id="414">
		<IconStyle id="415">
			<color>ff0000ff</color>
			<heading>0</heading>
			<Icon id="416">
				<href>http://maps.google.com/mapfiles/kml/pushpin/wht-pushpin.png</href>
			</Icon>
		</IconStyle>
	</Style>
	<Style id="4144">
		<IconStyle id="4145">
			<color>ffb469ff</color>
			<heading>0</heading>
			<Icon id="4146">
				<href>http://maps.google.com/mapfiles/kml/pushpin/wht-pushpin.png</href>
			</Icon>
		</IconStyle>
	</Style>
	<Style id="4149">
		<IconStyle id="4150">
			<color>ff008000</color>
			<heading>0</heading>
			<Icon id="4151">
				<href>http://maps.google.com/mapfiles/kml/pushpin/wht-pushpin.png</href>
			</Icon>
		</IconStyle>
	</Style>
	<Style id="4154">
		<IconStyle id="4155">
			<color>ff0000ff</color>
			<heading>0</heading>
			<Icon id="4156">
				<href>http://maps.google.com/mapfiles/kml/pushpin/wht-pushpin.png</href>
			</Icon>
		</IconStyle>
	</Style>
	<Style id="4159">
		<IconStyle id="4160">
			<color>ff00ffff</color>
			<heading>0</heading>
			<Icon id="4161">
				<href>http://maps.google.com/mapfiles/kml/pushpin/wht-pushpin.png</href>
			</Icon>
		</IconStyle>
	</Style>
	<Style id="4164">
		<IconStyle id="4165">
			<color>ffb469ff</color>
			<heading>0</heading>
			<Icon id="4166">
				<href>http://maps.google.com/mapfiles/kml/pushpin/wht-pushpin.png</href>
			</Icon>
		</IconStyle>
	</Style>
	<Style id="4169">
		<IconStyle id="4170">
			<color>ffb469ff</color>
			<heading>0</heading>
			<Icon id="4171">
				<href>http://maps.google.com/mapfiles/kml/pushpin/wht-pushpin.png</href>
			</Icon>
		</IconStyle>
	</Style>
	<Style id="4174">
		<IconStyle id="4175">
			<color>ffb469ff</color>
			<heading>0</heading>
			<Icon id="4176">
				<href>http://maps.google.com/mapfiles/kml/pushpin/wht-pushpin.png</href>
			</Icon>
		</IconStyle>
	</Style>
	<Style id="4179">
		<IconStyle id="4180">
			<color>ffb469ff</color>
			<heading>0</heading>
			<Icon id="4181">
				<href>http://maps.google.com/mapfiles/kml/pushpin/wht-pushpin.png</href>
			</Icon>
		</IconStyle>
	</Style>
	<Style id="4184">
		<IconStyle id="4185">
			<color>ffb469ff</color>
			<heading>0</heading>
			<Icon id="4186">
				<href>http://maps.google.com/mapfiles/kml/pushpin/wht-pushpin.png</href>
			</Icon>
		</IconStyle>
	</Style>
	<Style id="4189">
		<IconStyle id="4190">
			<color>ff0000ff</color>
			<heading>0</heading>
			<Icon id="4191">
				<href>http://maps.google.com/mapfiles/kml/pushpin/wht-pushpin.png</href>
			</Icon>
		</IconStyle>
	</Style>
	<Style id="419">
		<IconStyle id="420">
			<color>ffb469ff</color>
			<heading>0</heading>
			<Icon id="421">
				<href>http://maps.google.com/mapfiles/kml/pushpin/wht-pushpin.png</href>
			</Icon>
		</IconStyle>
	</Style>
	<Style id="4194">
		<IconStyle id="4195">
			<color>ff0000ff</color>
			<heading>0</heading>
			<Icon id="4196">
				<href>http://maps.google.com/mapfiles/kml/pushpin/wht-pushpin.png</href>
			</Icon>
		</IconStyle>
	</Style>
	<Style id="4199">
		<IconStyle id="4200">
			<color>ff0000ff</color>
			<heading>0</heading>
			<Icon id="4201">
				<href>http://maps.google.com/mapfiles/kml/pushpin/wht-pushpin.png</href>
			</Icon>
		</IconStyle>
	</Style>
	<Style id="4204">
		<IconStyle id="4205">
			<color>ffb469ff</color>
			<heading>0</heading>
			<Icon id="4206">
				<href>http://maps.google.com/mapfiles/kml/pushpin/wht-pushpin.png</href>
			</Icon>
		</IconStyle>
	</Style>
	<Style id="4209">
		<IconStyle id="4210">
			<color>ff0000ff</color>
			<heading>0</heading>
			<Icon id="4211">
				<href>http://maps.google.com/mapfiles/kml/pushpin/wht-pushpin.png</href>
			</Icon>
		</IconStyle>
	</Style>
	<Style id="4214">
		<IconStyle id="4215">
			<color>ffb469ff</color>
			<heading>0</heading>
			<Icon id="4216">
				<href>http://maps.google.com/mapfiles/kml/pushpin/wht-pushpin.png</href>
			</Icon>
		</IconStyle>
	</Style>
	<Style id="4219">
		<IconStyle id="4220">
			<color>ffb469ff</color>
			<heading>0</heading>
			<Icon id="4221">
				<href>http://maps.google.com/mapfiles/kml/pushpin/wht-pushpin.png</href>
			</Icon>
		</IconStyle>
	</Style>
	<Style id="4224">
		<IconStyle id="4225">
			<color>ffb469ff</color>
			<heading>0</heading>
			<Icon id="4226">
				<href>http://maps.google.com/mapfiles/kml/pushpin/wht-pushpin.png</href>
			</Icon>
		</IconStyle>
	</Style>
	<Style id="4229">
		<IconStyle id="4230">
			<color>ff0000ff</color>
			<heading>0</heading>
			<Icon id="4231">
				<href>http://maps.google.com/mapfiles/kml/pushpin/wht-pushpin.png</href>
			</Icon>
		</IconStyle>
	</Style>
	<Style id="4234">
		<IconStyle id="4235">
			<color>ffb469ff</color>
			<heading>0</heading>
			<Icon id="4236">
				<href>http://maps.google.com/mapfiles/kml/pushpin/wht-pushpin.png</href>
			</Icon>
		</IconStyle>
	</Style>
	<Style id="4239">
		<IconStyle id="4240">
			<color>ffb469ff</color>
			<heading>0</heading>
			<Icon id="4241">
				<href>http://maps.google.com/mapfiles/kml/pushpin/wht-pushpin.png</href>
			</Icon>
		</IconStyle>
	</Style>
	<Style id="424">
		<IconStyle id="425">
			<color>ff0000ff</color>
			<heading>0</heading>
			<Icon id="426">
				<href>http://maps.google.com/mapfiles/kml/pushpin/wht-pushpin.png</href>
			</Icon>
		</IconStyle>
	</Style>
	<Style id="4244">
		<IconStyle id="4245">
			<color>ffb469ff</color>
			<heading>0</heading>
			<Icon id="4246">
				<href>http://maps.google.com/mapfiles/kml/pushpin/wht-pushpin.png</href>
			</Icon>
		</IconStyle>
	</Style>
	<Style id="4249">
		<IconStyle id="4250">
			<color>ff0000ff</color>
			<heading>0</heading>
			<Icon id="4251">
				<href>http://maps.google.com/mapfiles/kml/pushpin/wht-pushpin.png</href>
			</Icon>
		</IconStyle>
	</Style>
	<Style id="4254">
		<IconStyle id="4255">
			<color>ff0000ff</color>
			<heading>0</heading>
			<Icon id="4256">
				<href>http://maps.google.com/mapfiles/kml/pushpin/wht-pushpin.png</href>
			</Icon>
		</IconStyle>
	</Style>
	<Style id="4259">
		<IconStyle id="4260">
			<color>ff00ffff</color>
			<heading>0</heading>
			<Icon id="4261">
				<href>http://maps.google.com/mapfiles/kml/pushpin/wht-pushpin.png</href>
			</Icon>
		</IconStyle>
	</Style>
	<Style id="4264">
		<IconStyle id="4265">
			<color>ffb469ff</color>
			<heading>0</heading>
			<Icon id="4266">
				<href>http://maps.google.com/mapfiles/kml/pushpin/wht-pushpin.png</href>
			</Icon>
		</IconStyle>
	</Style>
	<Style id="4269">
		<IconStyle id="4270">
			<color>ffb469ff</color>
			<heading>0</heading>
			<Icon id="4271">
				<href>http://maps.google.com/mapfiles/kml/pushpin/wht-pushpin.png</href>
			</Icon>
		</IconStyle>
	</Style>
	<Style id="4274">
		<IconStyle id="4275">
			<color>ffb469ff</color>
			<heading>0</heading>
			<Icon id="4276">
				<href>http://maps.google.com/mapfiles/kml/pushpin/wht-pushpin.png</href>
			</Icon>
		</IconStyle>
	</Style>
	<Style id="4279">
		<IconStyle id="4280">
			<color>ffb469ff</color>
			<heading>0</heading>
			<Icon id="4281">
				<href>http://maps.google.com/mapfiles/kml/pushpin/wht-pushpin.png</href>
			</Icon>
		</IconStyle>
	</Style>
	<Style id="4284">
		<IconStyle id="4285">
			<color>ffb469ff</color>
			<heading>0</heading>
			<Icon id="4286">
				<href>http://maps.google.com/mapfiles/kml/pushpin/wht-pushpin.png</href>
			</Icon>
		</IconStyle>
	</Style>
	<Style id="4289">
		<IconStyle id="4290">
			<color>ff00ffff</color>
			<heading>0</heading>
			<Icon id="4291">
				<href>http://maps.google.com/mapfiles/kml/pushpin/wht-pushpin.png</href>
			</Icon>
		</IconStyle>
	</Style>
	<Style id="429">
		<IconStyle id="430">
			<color>ff00ffff</color>
			<heading>0</heading>
			<Icon id="431">
				<href>http://maps.google.com/mapfiles/kml/pushpin/wht-pushpin.png</href>
			</Icon>
		</IconStyle>
	</Style>
	<Style id="4294">
		<IconStyle id="4295">
			<color>ff0000ff</color>
			<heading>0</heading>
			<Icon id="4296">
				<href>http://maps.google.com/mapfiles/kml/pushpin/wht-pushpin.png</href>
			</Icon>
		</IconStyle>
	</Style>
	<Style id="4299">
		<IconStyle id="4300">
			<color>ff0000ff</color>
			<heading>0</heading>
			<Icon id="4301">
				<href>http://maps.google.com/mapfiles/kml/pushpin/wht-pushpin.png</href>
			</Icon>
		</IconStyle>
	</Style>
	<Style id="4304">
		<IconStyle id="4305">
			<color>ff0000ff</color>
			<heading>0</heading>
			<Icon id="4306">
				<href>http://maps.google.com/mapfiles/kml/pushpin/wht-pushpin.png</href>
			</Icon>
		</IconStyle>
	</Style>
	<Style id="4309">
		<IconStyle id="4310">
			<color>ff00ffff</color>
			<heading>0</heading>
			<Icon id="4311">
				<href>http://maps.google.com/mapfiles/kml/pushpin/wht-pushpin.png</href>
			</Icon>
		</IconStyle>
	</Style>
	<Style id="4314">
		<IconStyle id="4315">
			<color>ff0000ff</color>
			<heading>0</heading>
			<Icon id="4316">
				<href>http://maps.google.com/mapfiles/kml/pushpin/wht-pushpin.png</href>
			</Icon>
		</IconStyle>
	</Style>
	<Style id="4319">
		<IconStyle id="4320">
			<color>ff0000ff</color>
			<heading>0</heading>
			<Icon id="4321">
				<href>http://maps.google.com/mapfiles/kml/pushpin/wht-pushpin.png</href>
			</Icon>
		</IconStyle>
	</Style>
	<Style id="4324">
		<IconStyle id="4325">
			<color>ffb469ff</color>
			<heading>0</heading>
			<Icon id="4326">
				<href>http://maps.google.com/mapfiles/kml/pushpin/wht-pushpin.png</href>
			</Icon>
		</IconStyle>
	</Style>
	<Style id="4329">
		<IconStyle id="4330">
			<color>ff0000ff</color>
			<heading>0</heading>
			<Icon id="4331">
				<href>http://maps.google.com/mapfiles/kml/pushpin/wht-pushpin.png</href>
			</Icon>
		</IconStyle>
	</Style>
	<Style id="4334">
		<IconStyle id="4335">
			<color>ff0000ff</color>
			<heading>0</heading>
			<Icon id="4336">
				<href>http://maps.google.com/mapfiles/kml/pushpin/wht-pushpin.png</href>
			</Icon>
		</IconStyle>
	</Style>
	<Style id="4339">
		<IconStyle id="4340">
			<color>ff0000ff</color>
			<heading>0</heading>
			<Icon id="4341">
				<href>http://maps.google.com/mapfiles/kml/pushpin/wht-pushpin.png</href>
			</Icon>
		</IconStyle>
	</Style>
	<Style id="434">
		<IconStyle id="435">
			<color>ff0000ff</color>
			<heading>0</heading>
			<Icon id="436">
				<href>http://maps.google.com/mapfiles/kml/pushpin/wht-pushpin.png</href>
			</Icon>
		</IconStyle>
	</Style>
	<Style id="4344">
		<IconStyle id="4345">
			<color>ff0000ff</color>
			<heading>0</heading>
			<Icon id="4346">
				<href>http://maps.google.com/mapfiles/kml/pushpin/wht-pushpin.png</href>
			</Icon>
		</IconStyle>
	</Style>
	<Style id="4349">
		<IconStyle id="4350">
			<color>ff00ffff</color>
			<heading>0</heading>
			<Icon id="4351">
				<href>http://maps.google.com/mapfiles/kml/pushpin/wht-pushpin.png</href>
			</Icon>
		</IconStyle>
	</Style>
	<Style id="4354">
		<IconStyle id="4355">
			<color>ff0000ff</color>
			<heading>0</heading>
			<Icon id="4356">
				<href>http://maps.google.com/mapfiles/kml/pushpin/wht-pushpin.png</href>
			</Icon>
		</IconStyle>
	</Style>
	<Style id="4359">
		<IconStyle id="4360">
			<color>ff0000ff</color>
			<heading>0</heading>
			<Icon id="4361">
				<href>http://maps.google.com/mapfiles/kml/pushpin/wht-pushpin.png</href>
			</Icon>
		</IconStyle>
	</Style>
	<Style id="4364">
		<IconStyle id="4365">
			<color>ff00ffff</color>
			<heading>0</heading>
			<Icon id="4366">
				<href>http://maps.google.com/mapfiles/kml/pushpin/wht-pushpin.png</href>
			</Icon>
		</IconStyle>
	</Style>
	<Style id="4369">
		<IconStyle id="4370">
			<color>ff00ffff</color>
			<heading>0</heading>
			<Icon id="4371">
				<href>http://maps.google.com/mapfiles/kml/pushpin/wht-pushpin.png</href>
			</Icon>
		</IconStyle>
	</Style>
	<Style id="4374">
		<IconStyle id="4375">
			<color>ff00ffff</color>
			<heading>0</heading>
			<Icon id="4376">
				<href>http://maps.google.com/mapfiles/kml/pushpin/wht-pushpin.png</href>
			</Icon>
		</IconStyle>
	</Style>
	<Style id="4379">
		<IconStyle id="4380">
			<color>ffb469ff</color>
			<heading>0</heading>
			<Icon id="4381">
				<href>http://maps.google.com/mapfiles/kml/pushpin/wht-pushpin.png</href>
			</Icon>
		</IconStyle>
	</Style>
	<Style id="4384">
		<IconStyle id="4385">
			<color>ff0000ff</color>
			<heading>0</heading>
			<Icon id="4386">
				<href>http://maps.google.com/mapfiles/kml/pushpin/wht-pushpin.png</href>
			</Icon>
		</IconStyle>
	</Style>
	<Style id="4389">
		<IconStyle id="4390">
			<color>ff0000ff</color>
			<heading>0</heading>
			<Icon id="4391">
				<href>http://maps.google.com/mapfiles/kml/pushpin/wht-pushpin.png</href>
			</Icon>
		</IconStyle>
	</Style>
	<Style id="439">
		<IconStyle id="440">
			<color>ff0000ff</color>
			<heading>0</heading>
			<Icon id="441">
				<href>http://maps.google.com/mapfiles/kml/pushpin/wht-pushpin.png</href>
			</Icon>
		</IconStyle>
	</Style>
	<Style id="4394">
		<IconStyle id="4395">
			<color>ffb469ff</color>
			<heading>0</heading>
			<Icon id="4396">
				<href>http://maps.google.com/mapfiles/kml/pushpin/wht-pushpin.png</href>
			</Icon>
		</IconStyle>
	</Style>
	<Style id="4399">
		<IconStyle id="4400">
			<color>ffb469ff</color>
			<heading>0</heading>
			<Icon id="4401">
				<href>http://maps.google.com/mapfiles/kml/pushpin/wht-pushpin.png</href>
			</Icon>
		</IconStyle>
	</Style>
	<Style id="44">
		<IconStyle id="45">
			<color>ffb469ff</color>
			<heading>0</heading>
			<Icon id="46">
				<href>http://maps.google.com/mapfiles/kml/pushpin/wht-pushpin.png</href>
			</Icon>
		</IconStyle>
	</Style>
	<Style id="4404">
		<IconStyle id="4405">
			<color>ff0000ff</color>
			<heading>0</heading>
			<Icon id="4406">
				<href>http://maps.google.com/mapfiles/kml/pushpin/wht-pushpin.png</href>
			</Icon>
		</IconStyle>
	</Style>
	<Style id="4409">
		<IconStyle id="4410">
			<color>ffb469ff</color>
			<heading>0</heading>
			<Icon id="4411">
				<href>http://maps.google.com/mapfiles/kml/pushpin/wht-pushpin.png</href>
			</Icon>
		</IconStyle>
	</Style>
	<Style id="4414">
		<IconStyle id="4415">
			<color>ffb469ff</color>
			<heading>0</heading>
			<Icon id="4416">
				<href>http://maps.google.com/mapfiles/kml/pushpin/wht-pushpin.png</href>
			</Icon>
		</IconStyle>
	</Style>
	<Style id="4419">
		<IconStyle id="4420">
			<color>ffb469ff</color>
			<heading>0</heading>
			<Icon id="4421">
				<href>http://maps.google.com/mapfiles/kml/pushpin/wht-pushpin.png</href>
			</Icon>
		</IconStyle>
	</Style>
	<Style id="4424">
		<IconStyle id="4425">
			<color>ffb469ff</color>
			<heading>0</heading>
			<Icon id="4426">
				<href>http://maps.google.com/mapfiles/kml/pushpin/wht-pushpin.png</href>
			</Icon>
		</IconStyle>
	</Style>
	<Style id="4429">
		<IconStyle id="4430">
			<color>ff0000ff</color>
			<heading>0</heading>
			<Icon id="4431">
				<href>http://maps.google.com/mapfiles/kml/pushpin/wht-pushpin.png</href>
			</Icon>
		</IconStyle>
	</Style>
	<Style id="4434">
		<IconStyle id="4435">
			<color>ffb469ff</color>
			<heading>0</heading>
			<Icon id="4436">
				<href>http://maps.google.com/mapfiles/kml/pushpin/wht-pushpin.png</href>
			</Icon>
		</IconStyle>
	</Style>
	<Style id="4439">
		<IconStyle id="4440">
			<color>ffb469ff</color>
			<heading>0</heading>
			<Icon id="4441">
				<href>http://maps.google.com/mapfiles/kml/pushpin/wht-pushpin.png</href>
			</Icon>
		</IconStyle>
	</Style>
	<Style id="444">
		<IconStyle id="445">
			<color>ff00ffff</color>
			<heading>0</heading>
			<Icon id="446">
				<href>http://maps.google.com/mapfiles/kml/pushpin/wht-pushpin.png</href>
			</Icon>
		</IconStyle>
	</Style>
	<Style id="4444">
		<IconStyle id="4445">
			<color>ff00ffff</color>
			<heading>0</heading>
			<Icon id="4446">
				<href>http://maps.google.com/mapfiles/kml/pushpin/wht-pushpin.png</href>
			</Icon>
		</IconStyle>
	</Style>
	<Style id="4449">
		<IconStyle id="4450">
			<color>ffb469ff</color>
			<heading>0</heading>
			<Icon id="4451">
				<href>http://maps.google.com/mapfiles/kml/pushpin/wht-pushpin.png</href>
			</Icon>
		</IconStyle>
	</Style>
	<Style id="4454">
		<IconStyle id="4455">
			<color>ff00ffff</color>
			<heading>0</heading>
			<Icon id="4456">
				<href>http://maps.google.com/mapfiles/kml/pushpin/wht-pushpin.png</href>
			</Icon>
		</IconStyle>
	</Style>
	<Style id="4459">
		<IconStyle id="4460">
			<color>ffb469ff</color>
			<heading>0</heading>
			<Icon id="4461">
				<href>http://maps.google.com/mapfiles/kml/pushpin/wht-pushpin.png</href>
			</Icon>
		</IconStyle>
	</Style>
	<Style id="4464">
		<IconStyle id="4465">
			<color>ffb469ff</color>
			<heading>0</heading>
			<Icon id="4466">
				<href>http://maps.google.com/mapfiles/kml/pushpin/wht-pushpin.png</href>
			</Icon>
		</IconStyle>
	</Style>
	<Style id="4469">
		<IconStyle id="4470">
			<color>ffb469ff</color>
			<heading>0</heading>
			<Icon id="4471">
				<href>http://maps.google.com/mapfiles/kml/pushpin/wht-pushpin.png</href>
			</Icon>
		</IconStyle>
	</Style>
	<Style id="4474">
		<IconStyle id="4475">
			<color>ff0000ff</color>
			<heading>0</heading>
			<Icon id="4476">
				<href>http://maps.google.com/mapfiles/kml/pushpin/wht-pushpin.png</href>
			</Icon>
		</IconStyle>
	</Style>
	<Style id="4479">
		<IconStyle id="4480">
			<color>ffb469ff</color>
			<heading>0</heading>
			<Icon id="4481">
				<href>http://maps.google.com/mapfiles/kml/pushpin/wht-pushpin.png</href>
			</Icon>
		</IconStyle>
	</Style>
	<Style id="4484">
		<IconStyle id="4485">
			<color>ff0000ff</color>
			<heading>0</heading>
			<Icon id="4486">
				<href>http://maps.google.com/mapfiles/kml/pushpin/wht-pushpin.png</href>
			</Icon>
		</IconStyle>
	</Style>
	<Style id="4489">
		<IconStyle id="4490">
			<color>ffb469ff</color>
			<heading>0</heading>
			<Icon id="4491">
				<href>http://maps.google.com/mapfiles/kml/pushpin/wht-pushpin.png</href>
			</Icon>
		</IconStyle>
	</Style>
	<Style id="449">
		<IconStyle id="450">
			<color>ff0000ff</color>
			<heading>0</heading>
			<Icon id="451">
				<href>http://maps.google.com/mapfiles/kml/pushpin/wht-pushpin.png</href>
			</Icon>
		</IconStyle>
	</Style>
	<Style id="4494">
		<IconStyle id="4495">
			<color>ffb469ff</color>
			<heading>0</heading>
			<Icon id="4496">
				<href>http://maps.google.com/mapfiles/kml/pushpin/wht-pushpin.png</href>
			</Icon>
		</IconStyle>
	</Style>
	<Style id="4499">
		<IconStyle id="4500">
			<color>ffb469ff</color>
			<heading>0</heading>
			<Icon id="4501">
				<href>http://maps.google.com/mapfiles/kml/pushpin/wht-pushpin.png</href>
			</Icon>
		</IconStyle>
	</Style>
	<Style id="4504">
		<IconStyle id="4505">
			<color>ffb469ff</color>
			<heading>0</heading>
			<Icon id="4506">
				<href>http://maps.google.com/mapfiles/kml/pushpin/wht-pushpin.png</href>
			</Icon>
		</IconStyle>
	</Style>
	<Style id="4509">
		<IconStyle id="4510">
			<color>ff0000ff</color>
			<heading>0</heading>
			<Icon id="4511">
				<href>http://maps.google.com/mapfiles/kml/pushpin/wht-pushpin.png</href>
			</Icon>
		</IconStyle>
	</Style>
	<Style id="4514">
		<IconStyle id="4515">
			<color>ff0000ff</color>
			<heading>0</heading>
			<Icon id="4516">
				<href>http://maps.google.com/mapfiles/kml/pushpin/wht-pushpin.png</href>
			</Icon>
		</IconStyle>
	</Style>
	<Style id="4519">
		<IconStyle id="4520">
			<color>ff0000ff</color>
			<heading>0</heading>
			<Icon id="4521">
				<href>http://maps.google.com/mapfiles/kml/pushpin/wht-pushpin.png</href>
			</Icon>
		</IconStyle>
	</Style>
	<Style id="4524">
		<IconStyle id="4525">
			<color>ffb469ff</color>
			<heading>0</heading>
			<Icon id="4526">
				<href>http://maps.google.com/mapfiles/kml/pushpin/wht-pushpin.png</href>
			</Icon>
		</IconStyle>
	</Style>
	<Style id="4529">
		<IconStyle id="4530">
			<color>ffb469ff</color>
			<heading>0</heading>
			<Icon id="4531">
				<href>http://maps.google.com/mapfiles/kml/pushpin/wht-pushpin.png</href>
			</Icon>
		</IconStyle>
	</Style>
	<Style id="4534">
		<IconStyle id="4535">
			<color>ff0000ff</color>
			<heading>0</heading>
			<Icon id="4536">
				<href>http://maps.google.com/mapfiles/kml/pushpin/wht-pushpin.png</href>
			</Icon>
		</IconStyle>
	</Style>
	<Style id="4539">
		<IconStyle id="4540">
			<color>ffb469ff</color>
			<heading>0</heading>
			<Icon id="4541">
				<href>http://maps.google.com/mapfiles/kml/pushpin/wht-pushpin.png</href>
			</Icon>
		</IconStyle>
	</Style>
	<Style id="454">
		<IconStyle id="455">
			<color>ff008000</color>
			<heading>0</heading>
			<Icon id="456">
				<href>http://maps.google.com/mapfiles/kml/pushpin/wht-pushpin.png</href>
			</Icon>
		</IconStyle>
	</Style>
	<Style id="4544">
		<IconStyle id="4545">
			<color>ff0000ff</color>
			<heading>0</heading>
			<Icon id="4546">
				<href>http://maps.google.com/mapfiles/kml/pushpin/wht-pushpin.png</href>
			</Icon>
		</IconStyle>
	</Style>
	<Style id="4549">
		<IconStyle id="4550">
			<color>ff0000ff</color>
			<heading>0</heading>
			<Icon id="4551">
				<href>http://maps.google.com/mapfiles/kml/pushpin/wht-pushpin.png</href>
			</Icon>
		</IconStyle>
	</Style>
	<Style id="4554">
		<IconStyle id="4555">
			<color>ff00ffff</color>
			<heading>0</heading>
			<Icon id="4556">
				<href>http://maps.google.com/mapfiles/kml/pushpin/wht-pushpin.png</href>
			</Icon>
		</IconStyle>
	</Style>
	<Style id="4559">
		<IconStyle id="4560">
			<color>ff008000</color>
			<heading>0</heading>
			<Icon id="4561">
				<href>http://maps.google.com/mapfiles/kml/pushpin/wht-pushpin.png</href>
			</Icon>
		</IconStyle>
	</Style>
	<Style id="4564">
		<IconStyle id="4565">
			<color>ff00ffff</color>
			<heading>0</heading>
			<Icon id="4566">
				<href>http://maps.google.com/mapfiles/kml/pushpin/wht-pushpin.png</href>
			</Icon>
		</IconStyle>
	</Style>
	<Style id="4569">
		<IconStyle id="4570">
			<color>ffb469ff</color>
			<heading>0</heading>
			<Icon id="4571">
				<href>http://maps.google.com/mapfiles/kml/pushpin/wht-pushpin.png</href>
			</Icon>
		</IconStyle>
	</Style>
	<Style id="4574">
		<IconStyle id="4575">
			<color>ffb469ff</color>
			<heading>0</heading>
			<Icon id="4576">
				<href>http://maps.google.com/mapfiles/kml/pushpin/wht-pushpin.png</href>
			</Icon>
		</IconStyle>
	</Style>
	<Style id="4579">
		<IconStyle id="4580">
			<color>ff0000ff</color>
			<heading>0</heading>
			<Icon id="4581">
				<href>http://maps.google.com/mapfiles/kml/pushpin/wht-pushpin.png</href>
			</Icon>
		</IconStyle>
	</Style>
	<Style id="4584">
		<IconStyle id="4585">
			<color>ff0000ff</color>
			<heading>0</heading>
			<Icon id="4586">
				<href>http://maps.google.com/mapfiles/kml/pushpin/wht-pushpin.png</href>
			</Icon>
		</IconStyle>
	</Style>
	<Style id="4589">
		<IconStyle id="4590">
			<color>ffb469ff</color>
			<heading>0</heading>
			<Icon id="4591">
				<href>http://maps.google.com/mapfiles/kml/pushpin/wht-pushpin.png</href>
			</Icon>
		</IconStyle>
	</Style>
	<Style id="459">
		<IconStyle id="460">
			<color>ffb469ff</color>
			<heading>0</heading>
			<Icon id="461">
				<href>http://maps.google.com/mapfiles/kml/pushpin/wht-pushpin.png</href>
			</Icon>
		</IconStyle>
	</Style>
	<Style id="4594">
		<IconStyle id="4595">
			<color>ff00ffff</color>
			<heading>0</heading>
			<Icon id="4596">
				<href>http://maps.google.com/mapfiles/kml/pushpin/wht-pushpin.png</href>
			</Icon>
		</IconStyle>
	</Style>
	<Style id="4599">
		<IconStyle id="4600">
			<color>ff0000ff</color>
			<heading>0</heading>
			<Icon id="4601">
				<href>http://maps.google.com/mapfiles/kml/pushpin/wht-pushpin.png</href>
			</Icon>
		</IconStyle>
	</Style>
	<Style id="4604">
		<IconStyle id="4605">
			<color>ffb469ff</color>
			<heading>0</heading>
			<Icon id="4606">
				<href>http://maps.google.com/mapfiles/kml/pushpin/wht-pushpin.png</href>
			</Icon>
		</IconStyle>
	</Style>
	<Style id="4609">
		<IconStyle id="4610">
			<color>ffb469ff</color>
			<heading>0</heading>
			<Icon id="4611">
				<href>http://maps.google.com/mapfiles/kml/pushpin/wht-pushpin.png</href>
			</Icon>
		</IconStyle>
	</Style>
	<Style id="4614">
		<IconStyle id="4615">
			<color>ff00ffff</color>
			<heading>0</heading>
			<Icon id="4616">
				<href>http://maps.google.com/mapfiles/kml/pushpin/wht-pushpin.png</href>
			</Icon>
		</IconStyle>
	</Style>
	<Style id="4619">
		<IconStyle id="4620">
			<color>ff0000ff</color>
			<heading>0</heading>
			<Icon id="4621">
				<href>http://maps.google.com/mapfiles/kml/pushpin/wht-pushpin.png</href>
			</Icon>
		</IconStyle>
	</Style>
	<Style id="4624">
		<IconStyle id="4625">
			<color>ffb469ff</color>
			<heading>0</heading>
			<Icon id="4626">
				<href>http://maps.google.com/mapfiles/kml/pushpin/wht-pushpin.png</href>
			</Icon>
		</IconStyle>
	</Style>
	<Style id="464">
		<IconStyle id="465">
			<color>ff0000ff</color>
			<heading>0</heading>
			<Icon id="466">
				<href>http://maps.google.com/mapfiles/kml/pushpin/wht-pushpin.png</href>
			</Icon>
		</IconStyle>
	</Style>
	<Style id="469">
		<IconStyle id="470">
			<color>ff0000ff</color>
			<heading>0</heading>
			<Icon id="471">
				<href>http://maps.google.com/mapfiles/kml/pushpin/wht-pushpin.png</href>
			</Icon>
		</IconStyle>
	</Style>
	<Style id="474">
		<IconStyle id="475">
			<color>ff00ffff</color>
			<heading>0</heading>
			<Icon id="476">
				<href>http://maps.google.com/mapfiles/kml/pushpin/wht-pushpin.png</href>
			</Icon>
		</IconStyle>
	</Style>
	<Style id="479">
		<IconStyle id="480">
			<color>ff0000ff</color>
			<heading>0</heading>
			<Icon id="481">
				<href>http://maps.google.com/mapfiles/kml/pushpin/wht-pushpin.png</href>
			</Icon>
		</IconStyle>
	</Style>
	<Style id="484">
		<IconStyle id="485">
			<color>ff00ffff</color>
			<heading>0</heading>
			<Icon id="486">
				<href>http://maps.google.com/mapfiles/kml/pushpin/wht-pushpin.png</href>
			</Icon>
		</IconStyle>
	</Style>
	<Style id="489">
		<IconStyle id="490">
			<color>ffb469ff</color>
			<heading>0</heading>
			<Icon id="491">
				<href>http://maps.google.com/mapfiles/kml/pushpin/wht-pushpin.png</href>
			</Icon>
		</IconStyle>
	</Style>
	<Style id="49">
		<IconStyle id="50">
			<color>ffb469ff</color>
			<heading>0</heading>
			<Icon id="51">
				<href>http://maps.google.com/mapfiles/kml/pushpin/wht-pushpin.png</href>
			</Icon>
		</IconStyle>
	</Style>
	<Style id="494">
		<IconStyle id="495">
			<color>ff008000</color>
			<heading>0</heading>
			<Icon id="496">
				<href>http://maps.google.com/mapfiles/kml/pushpin/wht-pushpin.png</href>
			</Icon>
		</IconStyle>
	</Style>
	<Style id="499">
		<IconStyle id="500">
			<color>ffb469ff</color>
			<heading>0</heading>
			<Icon id="501">
				<href>http://maps.google.com/mapfiles/kml/pushpin/wht-pushpin.png</href>
			</Icon>
		</IconStyle>
	</Style>
	<Style id="504">
		<IconStyle id="505">
			<color>ffb469ff</color>
			<heading>0</heading>
			<Icon id="506">
				<href>http://maps.google.com/mapfiles/kml/pushpin/wht-pushpin.png</href>
			</Icon>
		</IconStyle>
	</Style>
	<Style id="509">
		<IconStyle id="510">
			<color>ffb469ff</color>
			<heading>0</heading>
			<Icon id="511">
				<href>http://maps.google.com/mapfiles/kml/pushpin/wht-pushpin.png</href>
			</Icon>
		</IconStyle>
	</Style>
	<Style id="514">
		<IconStyle id="515">
			<color>ffb469ff</color>
			<heading>0</heading>
			<Icon id="516">
				<href>http://maps.google.com/mapfiles/kml/pushpin/wht-pushpin.png</href>
			</Icon>
		</IconStyle>
	</Style>
	<Style id="519">
		<IconStyle id="520">
			<color>ff0000ff</color>
			<heading>0</heading>
			<Icon id="521">
				<href>http://maps.google.com/mapfiles/kml/pushpin/wht-pushpin.png</href>
			</Icon>
		</IconStyle>
	</Style>
	<Style id="524">
		<IconStyle id="525">
			<color>ff0000ff</color>
			<heading>0</heading>
			<Icon id="526">
				<href>http://maps.google.com/mapfiles/kml/pushpin/wht-pushpin.png</href>
			</Icon>
		</IconStyle>
	</Style>
	<Style id="529">
		<IconStyle id="530">
			<color>ff0000ff</color>
			<heading>0</heading>
			<Icon id="531">
				<href>http://maps.google.com/mapfiles/kml/pushpin/wht-pushpin.png</href>
			</Icon>
		</IconStyle>
	</Style>
	<Style id="534">
		<IconStyle id="535">
			<color>ff0000ff</color>
			<heading>0</heading>
			<Icon id="536">
				<href>http://maps.google.com/mapfiles/kml/pushpin/wht-pushpin.png</href>
			</Icon>
		</IconStyle>
	</Style>
	<Style id="539">
		<IconStyle id="540">
			<color>ff00ffff</color>
			<heading>0</heading>
			<Icon id="541">
				<href>http://maps.google.com/mapfiles/kml/pushpin/wht-pushpin.png</href>
			</Icon>
		</IconStyle>
	</Style>
	<Style id="54">
		<IconStyle id="55">
			<color>ffb469ff</color>
			<heading>0</heading>
			<Icon id="56">
				<href>http://maps.google.com/mapfiles/kml/pushpin/wht-pushpin.png</href>
			</Icon>
		</IconStyle>
	</Style>
	<Style id="544">
		<IconStyle id="545">
			<color>ff0000ff</color>
			<heading>0</heading>
			<Icon id="546">
				<href>http://maps.google.com/mapfiles/kml/pushpin/wht-pushpin.png</href>
			</Icon>
		</IconStyle>
	</Style>
	<Style id="549">
		<IconStyle id="550">
			<color>ff0000ff</color>
			<heading>0</heading>
			<Icon id="551">
				<href>http://maps.google.com/mapfiles/kml/pushpin/wht-pushpin.png</href>
			</Icon>
		</IconStyle>
	</Style>
	<Style id="554">
		<IconStyle id="555">
			<color>ff0000ff</color>
			<heading>0</heading>
			<Icon id="556">
				<href>http://maps.google.com/mapfiles/kml/pushpin/wht-pushpin.png</href>
			</Icon>
		</IconStyle>
	</Style>
	<Style id="559">
		<IconStyle id="560">
			<color>ff008000</color>
			<heading>0</heading>
			<Icon id="561">
				<href>http://maps.google.com/mapfiles/kml/pushpin/wht-pushpin.png</href>
			</Icon>
		</IconStyle>
	</Style>
	<Style id="564">
		<IconStyle id="565">
			<color>ff00ffff</color>
			<heading>0</heading>
			<Icon id="566">
				<href>http://maps.google.com/mapfiles/kml/pushpin/wht-pushpin.png</href>
			</Icon>
		</IconStyle>
	</Style>
	<Style id="569">
		<IconStyle id="570">
			<color>ffb469ff</color>
			<heading>0</heading>
			<Icon id="571">
				<href>http://maps.google.com/mapfiles/kml/pushpin/wht-pushpin.png</href>
			</Icon>
		</IconStyle>
	</Style>
	<Style id="574">
		<IconStyle id="575">
			<color>ff00ffff</color>
			<heading>0</heading>
			<Icon id="576">
				<href>http://maps.google.com/mapfiles/kml/pushpin/wht-pushpin.png</href>
			</Icon>
		</IconStyle>
	</Style>
	<Style id="5740">
		<IconStyle id="575">
			<color>ff00ffff</color>
			<heading>0</heading>
			<Icon id="576">
				<href>http://maps.google.com/mapfiles/kml/pushpin/wht-pushpin.png</href>
			</Icon>
		</IconStyle>
	</Style>
	<StyleMap id="5741">
		<Pair>
			<key>normal</key>
			<styleUrl>#574</styleUrl>
		</Pair>
		<Pair>
			<key>highlight</key>
			<styleUrl>#5740</styleUrl>
		</Pair>
	</StyleMap>
	<Style id="579">
		<IconStyle id="580">
			<color>ff0000ff</color>
			<heading>0</heading>
			<Icon id="581">
				<href>http://maps.google.com/mapfiles/kml/pushpin/wht-pushpin.png</href>
			</Icon>
		</IconStyle>
	</Style>
	<Style id="584">
		<IconStyle id="585">
			<color>ffb469ff</color>
			<heading>0</heading>
			<Icon id="586">
				<href>http://maps.google.com/mapfiles/kml/pushpin/wht-pushpin.png</href>
			</Icon>
		</IconStyle>
	</Style>
	<Style id="589">
		<IconStyle id="590">
			<color>ffb469ff</color>
			<heading>0</heading>
			<Icon id="591">
				<href>http://maps.google.com/mapfiles/kml/pushpin/wht-pushpin.png</href>
			</Icon>
		</IconStyle>
	</Style>
	<Style id="59">
		<IconStyle id="60">
			<color>ffb469ff</color>
			<heading>0</heading>
			<Icon id="61">
				<href>http://maps.google.com/mapfiles/kml/pushpin/wht-pushpin.png</href>
			</Icon>
		</IconStyle>
	</Style>
	<Style id="594">
		<IconStyle id="595">
			<color>ffb469ff</color>
			<heading>0</heading>
			<Icon id="596">
				<href>http://maps.google.com/mapfiles/kml/pushpin/wht-pushpin.png</href>
			</Icon>
		</IconStyle>
	</Style>
	<Style id="599">
		<IconStyle id="600">
			<color>ffb469ff</color>
			<heading>0</heading>
			<Icon id="601">
				<href>http://maps.google.com/mapfiles/kml/pushpin/wht-pushpin.png</href>
			</Icon>
		</IconStyle>
	</Style>
	<Style id="604">
		<IconStyle id="605">
			<color>ff008000</color>
			<heading>0</heading>
			<Icon id="606">
				<href>http://maps.google.com/mapfiles/kml/pushpin/wht-pushpin.png</href>
			</Icon>
		</IconStyle>
	</Style>
	<Style id="609">
		<IconStyle id="610">
			<color>ff0000ff</color>
			<heading>0</heading>
			<Icon id="611">
				<href>http://maps.google.com/mapfiles/kml/pushpin/wht-pushpin.png</href>
			</Icon>
		</IconStyle>
	</Style>
	<Style id="614">
		<IconStyle id="615">
			<color>ff0000ff</color>
			<heading>0</heading>
			<Icon id="616">
				<href>http://maps.google.com/mapfiles/kml/pushpin/wht-pushpin.png</href>
			</Icon>
		</IconStyle>
	</Style>
	<Style id="619">
		<IconStyle id="620">
			<color>ff0000ff</color>
			<heading>0</heading>
			<Icon id="621">
				<href>http://maps.google.com/mapfiles/kml/pushpin/wht-pushpin.png</href>
			</Icon>
		</IconStyle>
	</Style>
	<Style id="624">
		<IconStyle id="625">
			<color>ff00ffff</color>
			<heading>0</heading>
			<Icon id="626">
				<href>http://maps.google.com/mapfiles/kml/pushpin/wht-pushpin.png</href>
			</Icon>
		</IconStyle>
	</Style>
	<Style id="629">
		<IconStyle id="630">
			<color>ffb469ff</color>
			<heading>0</heading>
			<Icon id="631">
				<href>http://maps.google.com/mapfiles/kml/pushpin/wht-pushpin.png</href>
			</Icon>
		</IconStyle>
	</Style>
	<Style id="634">
		<IconStyle id="635">
			<color>ff0000ff</color>
			<heading>0</heading>
			<Icon id="636">
				<href>http://maps.google.com/mapfiles/kml/pushpin/wht-pushpin.png</href>
			</Icon>
		</IconStyle>
	</Style>
	<Style id="639">
		<IconStyle id="640">
			<color>ffb469ff</color>
			<heading>0</heading>
			<Icon id="641">
				<href>http://maps.google.com/mapfiles/kml/pushpin/wht-pushpin.png</href>
			</Icon>
		</IconStyle>
	</Style>
	<Style id="64">
		<IconStyle id="65">
			<color>ff0000ff</color>
			<heading>0</heading>
			<Icon id="66">
				<href>http://maps.google.com/mapfiles/kml/pushpin/wht-pushpin.png</href>
			</Icon>
		</IconStyle>
	</Style>
	<Style id="644">
		<IconStyle id="645">
			<color>ff0000ff</color>
			<heading>0</heading>
			<Icon id="646">
				<href>http://maps.google.com/mapfiles/kml/pushpin/wht-pushpin.png</href>
			</Icon>
		</IconStyle>
	</Style>
	<Style id="649">
		<IconStyle id="650">
			<color>ffb469ff</color>
			<heading>0</heading>
			<Icon id="651">
				<href>http://maps.google.com/mapfiles/kml/pushpin/wht-pushpin.png</href>
			</Icon>
		</IconStyle>
	</Style>
	<Style id="654">
		<IconStyle id="655">
			<color>ffb469ff</color>
			<heading>0</heading>
			<Icon id="656">
				<href>http://maps.google.com/mapfiles/kml/pushpin/wht-pushpin.png</href>
			</Icon>
		</IconStyle>
	</Style>
	<Style id="659">
		<IconStyle id="660">
			<color>ff0000ff</color>
			<heading>0</heading>
			<Icon id="661">
				<href>http://maps.google.com/mapfiles/kml/pushpin/wht-pushpin.png</href>
			</Icon>
		</IconStyle>
	</Style>
	<StyleMap id="6590">
		<Pair>
			<key>normal</key>
			<styleUrl>#6591</styleUrl>
		</Pair>
		<Pair>
			<key>highlight</key>
			<styleUrl>#659</styleUrl>
		</Pair>
	</StyleMap>
	<Style id="6591">
		<IconStyle id="660">
			<color>ff0000ff</color>
			<heading>0</heading>
			<Icon id="661">
				<href>http://maps.google.com/mapfiles/kml/pushpin/wht-pushpin.png</href>
			</Icon>
		</IconStyle>
	</Style>
	<Style id="664">
		<IconStyle id="665">
			<color>ff0000ff</color>
			<heading>0</heading>
			<Icon id="666">
				<href>http://maps.google.com/mapfiles/kml/pushpin/wht-pushpin.png</href>
			</Icon>
		</IconStyle>
	</Style>
	<Style id="669">
		<IconStyle id="670">
			<color>ffb469ff</color>
			<heading>0</heading>
			<Icon id="671">
				<href>http://maps.google.com/mapfiles/kml/pushpin/wht-pushpin.png</href>
			</Icon>
		</IconStyle>
	</Style>
	<Style id="674">
		<IconStyle id="675">
			<color>ffb469ff</color>
			<heading>0</heading>
			<Icon id="676">
				<href>http://maps.google.com/mapfiles/kml/pushpin/wht-pushpin.png</href>
			</Icon>
		</IconStyle>
	</Style>
	<Style id="679">
		<IconStyle id="680">
			<color>ff0000ff</color>
			<heading>0</heading>
			<Icon id="681">
				<href>http://maps.google.com/mapfiles/kml/pushpin/wht-pushpin.png</href>
			</Icon>
		</IconStyle>
	</Style>
	<Style id="684">
		<IconStyle id="685">
			<color>ffb469ff</color>
			<heading>0</heading>
			<Icon id="686">
				<href>http://maps.google.com/mapfiles/kml/pushpin/wht-pushpin.png</href>
			</Icon>
		</IconStyle>
	</Style>
	<Style id="689">
		<IconStyle id="690">
			<color>ff0000ff</color>
			<heading>0</heading>
			<Icon id="691">
				<href>http://maps.google.com/mapfiles/kml/pushpin/wht-pushpin.png</href>
			</Icon>
		</IconStyle>
	</Style>
	<Style id="69">
		<IconStyle id="70">
			<color>ff00ffff</color>
			<heading>0</heading>
			<Icon id="71">
				<href>http://maps.google.com/mapfiles/kml/pushpin/wht-pushpin.png</href>
			</Icon>
		</IconStyle>
	</Style>
	<Style id="694">
		<IconStyle id="695">
			<color>ff00ffff</color>
			<heading>0</heading>
			<Icon id="696">
				<href>http://maps.google.com/mapfiles/kml/pushpin/wht-pushpin.png</href>
			</Icon>
		</IconStyle>
	</Style>
	<Style id="699">
		<IconStyle id="700">
			<color>ff008000</color>
			<heading>0</heading>
			<Icon id="701">
				<href>http://maps.google.com/mapfiles/kml/pushpin/wht-pushpin.png</href>
			</Icon>
		</IconStyle>
	</Style>
	<Style id="704">
		<IconStyle id="705">
			<color>ff00ffff</color>
			<heading>0</heading>
			<Icon id="706">
				<href>http://maps.google.com/mapfiles/kml/pushpin/wht-pushpin.png</href>
			</Icon>
		</IconStyle>
	</Style>
	<Style id="709">
		<IconStyle id="710">
			<color>ff0000ff</color>
			<heading>0</heading>
			<Icon id="711">
				<href>http://maps.google.com/mapfiles/kml/pushpin/wht-pushpin.png</href>
			</Icon>
		</IconStyle>
	</Style>
	<Style id="714">
		<IconStyle id="715">
			<color>ff0000ff</color>
			<heading>0</heading>
			<Icon id="716">
				<href>http://maps.google.com/mapfiles/kml/pushpin/wht-pushpin.png</href>
			</Icon>
		</IconStyle>
	</Style>
	<Style id="719">
		<IconStyle id="720">
			<color>ffb469ff</color>
			<heading>0</heading>
			<Icon id="721">
				<href>http://maps.google.com/mapfiles/kml/pushpin/wht-pushpin.png</href>
			</Icon>
		</IconStyle>
	</Style>
	<Style id="724">
		<IconStyle id="725">
			<color>ff0000ff</color>
			<heading>0</heading>
			<Icon id="726">
				<href>http://maps.google.com/mapfiles/kml/pushpin/wht-pushpin.png</href>
			</Icon>
		</IconStyle>
	</Style>
	<Style id="729">
		<IconStyle id="730">
			<color>ff0000ff</color>
			<heading>0</heading>
			<Icon id="731">
				<href>http://maps.google.com/mapfiles/kml/pushpin/wht-pushpin.png</href>
			</Icon>
		</IconStyle>
	</Style>
	<Style id="734">
		<IconStyle id="735">
			<color>ff0000ff</color>
			<heading>0</heading>
			<Icon id="736">
				<href>http://maps.google.com/mapfiles/kml/pushpin/wht-pushpin.png</href>
			</Icon>
		</IconStyle>
	</Style>
	<Style id="739">
		<IconStyle id="740">
			<color>ff0000ff</color>
			<heading>0</heading>
			<Icon id="741">
				<href>http://maps.google.com/mapfiles/kml/pushpin/wht-pushpin.png</href>
			</Icon>
		</IconStyle>
	</Style>
	<Style id="74">
		<IconStyle id="75">
			<color>ff0000ff</color>
			<heading>0</heading>
			<Icon id="76">
				<href>http://maps.google.com/mapfiles/kml/pushpin/wht-pushpin.png</href>
			</Icon>
		</IconStyle>
	</Style>
	<Style id="744">
		<IconStyle id="745">
			<color>ff00ffff</color>
			<heading>0</heading>
			<Icon id="746">
				<href>http://maps.google.com/mapfiles/kml/pushpin/wht-pushpin.png</href>
			</Icon>
		</IconStyle>
	</Style>
	<Style id="749">
		<IconStyle id="750">
			<color>ff0000ff</color>
			<heading>0</heading>
			<Icon id="751">
				<href>http://maps.google.com/mapfiles/kml/pushpin/wht-pushpin.png</href>
			</Icon>
		</IconStyle>
	</Style>
	<Style id="754">
		<IconStyle id="755">
			<color>ff00ffff</color>
			<heading>0</heading>
			<Icon id="756">
				<href>http://maps.google.com/mapfiles/kml/pushpin/wht-pushpin.png</href>
			</Icon>
		</IconStyle>
	</Style>
	<Style id="759">
		<IconStyle id="760">
			<color>ffb469ff</color>
			<heading>0</heading>
			<Icon id="761">
				<href>http://maps.google.com/mapfiles/kml/pushpin/wht-pushpin.png</href>
			</Icon>
		</IconStyle>
	</Style>
	<Style id="764">
		<IconStyle id="765">
			<color>ff00ffff</color>
			<heading>0</heading>
			<Icon id="766">
				<href>http://maps.google.com/mapfiles/kml/pushpin/wht-pushpin.png</href>
			</Icon>
		</IconStyle>
	</Style>
	<Style id="769">
		<IconStyle id="770">
			<color>ffb469ff</color>
			<heading>0</heading>
			<Icon id="771">
				<href>http://maps.google.com/mapfiles/kml/pushpin/wht-pushpin.png</href>
			</Icon>
		</IconStyle>
	</Style>
	<Style id="774">
		<IconStyle id="775">
			<color>ffb469ff</color>
			<heading>0</heading>
			<Icon id="776">
				<href>http://maps.google.com/mapfiles/kml/pushpin/wht-pushpin.png</href>
			</Icon>
		</IconStyle>
	</Style>
	<Style id="779">
		<IconStyle id="780">
			<color>ff00ffff</color>
			<heading>0</heading>
			<Icon id="781">
				<href>http://maps.google.com/mapfiles/kml/pushpin/wht-pushpin.png</href>
			</Icon>
		</IconStyle>
	</Style>
	<Style id="784">
		<IconStyle id="785">
			<color>ff00ffff</color>
			<heading>0</heading>
			<Icon id="786">
				<href>http://maps.google.com/mapfiles/kml/pushpin/wht-pushpin.png</href>
			</Icon>
		</IconStyle>
	</Style>
	<Style id="789">
		<IconStyle id="790">
			<color>ff0000ff</color>
			<heading>0</heading>
			<Icon id="791">
				<href>http://maps.google.com/mapfiles/kml/pushpin/wht-pushpin.png</href>
			</Icon>
		</IconStyle>
	</Style>
	<Style id="79">
		<IconStyle id="80">
			<color>ff0000ff</color>
			<heading>0</heading>
			<Icon id="81">
				<href>http://maps.google.com/mapfiles/kml/pushpin/wht-pushpin.png</href>
			</Icon>
		</IconStyle>
	</Style>
	<Style id="794">
		<IconStyle id="795">
			<color>ff00ffff</color>
			<heading>0</heading>
			<Icon id="796">
				<href>http://maps.google.com/mapfiles/kml/pushpin/wht-pushpin.png</href>
			</Icon>
		</IconStyle>
	</Style>
	<Style id="799">
		<IconStyle id="800">
			<color>ff00ffff</color>
			<heading>0</heading>
			<Icon id="801">
				<href>http://maps.google.com/mapfiles/kml/pushpin/wht-pushpin.png</href>
			</Icon>
		</IconStyle>
	</Style>
	<Style id="804">
		<IconStyle id="805">
			<color>ff0000ff</color>
			<heading>0</heading>
			<Icon id="806">
				<href>http://maps.google.com/mapfiles/kml/pushpin/wht-pushpin.png</href>
			</Icon>
		</IconStyle>
	</Style>
	<Style id="809">
		<IconStyle id="810">
			<color>ff0000ff</color>
			<heading>0</heading>
			<Icon id="811">
				<href>http://maps.google.com/mapfiles/kml/pushpin/wht-pushpin.png</href>
			</Icon>
		</IconStyle>
	</Style>
	<Style id="814">
		<IconStyle id="815">
			<color>ff0000ff</color>
			<heading>0</heading>
			<Icon id="816">
				<href>http://maps.google.com/mapfiles/kml/pushpin/wht-pushpin.png</href>
			</Icon>
		</IconStyle>
	</Style>
	<Style id="819">
		<IconStyle id="820">
			<color>ff0000ff</color>
			<heading>0</heading>
			<Icon id="821">
				<href>http://maps.google.com/mapfiles/kml/pushpin/wht-pushpin.png</href>
			</Icon>
		</IconStyle>
	</Style>
	<Style id="824">
		<IconStyle id="825">
			<color>ff00ffff</color>
			<heading>0</heading>
			<Icon id="826">
				<href>http://maps.google.com/mapfiles/kml/pushpin/wht-pushpin.png</href>
			</Icon>
		</IconStyle>
	</Style>
	<Style id="829">
		<IconStyle id="830">
			<color>ff00ffff</color>
			<heading>0</heading>
			<Icon id="831">
				<href>http://maps.google.com/mapfiles/kml/pushpin/wht-pushpin.png</href>
			</Icon>
		</IconStyle>
	</Style>
	<Style id="834">
		<IconStyle id="835">
			<color>ffb469ff</color>
			<heading>0</heading>
			<Icon id="836">
				<href>http://maps.google.com/mapfiles/kml/pushpin/wht-pushpin.png</href>
			</Icon>
		</IconStyle>
	</Style>
	<Style id="839">
		<IconStyle id="840">
			<color>ff0000ff</color>
			<heading>0</heading>
			<Icon id="841">
				<href>http://maps.google.com/mapfiles/kml/pushpin/wht-pushpin.png</href>
			</Icon>
		</IconStyle>
	</Style>
	<Style id="84">
		<IconStyle id="85">
			<color>ffb469ff</color>
			<heading>0</heading>
			<Icon id="86">
				<href>http://maps.google.com/mapfiles/kml/pushpin/wht-pushpin.png</href>
			</Icon>
		</IconStyle>
	</Style>
	<Style id="844">
		<IconStyle id="845">
			<color>ff00ffff</color>
			<heading>0</heading>
			<Icon id="846">
				<href>http://maps.google.com/mapfiles/kml/pushpin/wht-pushpin.png</href>
			</Icon>
		</IconStyle>
	</Style>
	<Style id="849">
		<IconStyle id="850">
			<color>ffb469ff</color>
			<heading>0</heading>
			<Icon id="851">
				<href>http://maps.google.com/mapfiles/kml/pushpin/wht-pushpin.png</href>
			</Icon>
		</IconStyle>
	</Style>
	<Style id="854">
		<IconStyle id="855">
			<color>ff0000ff</color>
			<heading>0</heading>
			<Icon id="856">
				<href>http://maps.google.com/mapfiles/kml/pushpin/wht-pushpin.png</href>
			</Icon>
		</IconStyle>
	</Style>
	<Style id="859">
		<IconStyle id="860">
			<color>ff0000ff</color>
			<heading>0</heading>
			<Icon id="861">
				<href>http://maps.google.com/mapfiles/kml/pushpin/wht-pushpin.png</href>
			</Icon>
		</IconStyle>
	</Style>
	<Style id="864">
		<IconStyle id="865">
			<color>ff0000ff</color>
			<heading>0</heading>
			<Icon id="866">
				<href>http://maps.google.com/mapfiles/kml/pushpin/wht-pushpin.png</href>
			</Icon>
		</IconStyle>
	</Style>
	<Style id="869">
		<IconStyle id="870">
			<color>ff008000</color>
			<heading>0</heading>
			<Icon id="871">
				<href>http://maps.google.com/mapfiles/kml/pushpin/wht-pushpin.png</href>
			</Icon>
		</IconStyle>
	</Style>
	<Style id="874">
		<IconStyle id="875">
			<color>ff0000ff</color>
			<heading>0</heading>
			<Icon id="876">
				<href>http://maps.google.com/mapfiles/kml/pushpin/wht-pushpin.png</href>
			</Icon>
		</IconStyle>
	</Style>
	<Style id="879">
		<IconStyle id="880">
			<color>ff00ffff</color>
			<heading>0</heading>
			<Icon id="881">
				<href>http://maps.google.com/mapfiles/kml/pushpin/wht-pushpin.png</href>
			</Icon>
		</IconStyle>
	</Style>
	<Style id="884">
		<IconStyle id="885">
			<color>ff0000ff</color>
			<heading>0</heading>
			<Icon id="886">
				<href>http://maps.google.com/mapfiles/kml/pushpin/wht-pushpin.png</href>
			</Icon>
		</IconStyle>
	</Style>
	<Style id="889">
		<IconStyle id="890">
			<color>ff0000ff</color>
			<heading>0</heading>
			<Icon id="891">
				<href>http://maps.google.com/mapfiles/kml/pushpin/wht-pushpin.png</href>
			</Icon>
		</IconStyle>
	</Style>
	<Style id="89">
		<IconStyle id="90">
			<color>ff0000ff</color>
			<heading>0</heading>
			<Icon id="91">
				<href>http://maps.google.com/mapfiles/kml/pushpin/wht-pushpin.png</href>
			</Icon>
		</IconStyle>
	</Style>
	<Style id="894">
		<IconStyle id="895">
			<color>ff0000ff</color>
			<heading>0</heading>
			<Icon id="896">
				<href>http://maps.google.com/mapfiles/kml/pushpin/wht-pushpin.png</href>
			</Icon>
		</IconStyle>
	</Style>
	<Style id="899">
		<IconStyle id="900">
			<color>ff00ffff</color>
			<heading>0</heading>
			<Icon id="901">
				<href>http://maps.google.com/mapfiles/kml/pushpin/wht-pushpin.png</href>
			</Icon>
		</IconStyle>
	</Style>
	<Style id="904">
		<IconStyle id="905">
			<color>ff0000ff</color>
			<heading>0</heading>
			<Icon id="906">
				<href>http://maps.google.com/mapfiles/kml/pushpin/wht-pushpin.png</href>
			</Icon>
		</IconStyle>
	</Style>
	<Style id="909">
		<IconStyle id="910">
			<color>ff00ffff</color>
			<heading>0</heading>
			<Icon id="911">
				<href>http://maps.google.com/mapfiles/kml/pushpin/wht-pushpin.png</href>
			</Icon>
		</IconStyle>
	</Style>
	<Style id="914">
		<IconStyle id="915">
			<color>ffb469ff</color>
			<heading>0</heading>
			<Icon id="916">
				<href>http://maps.google.com/mapfiles/kml/pushpin/wht-pushpin.png</href>
			</Icon>
		</IconStyle>
	</Style>
	<Style id="919">
		<IconStyle id="920">
			<color>ffb469ff</color>
			<heading>0</heading>
			<Icon id="921">
				<href>http://maps.google.com/mapfiles/kml/pushpin/wht-pushpin.png</href>
			</Icon>
		</IconStyle>
	</Style>
	<Style id="924">
		<IconStyle id="925">
			<color>ffb469ff</color>
			<heading>0</heading>
			<Icon id="926">
				<href>http://maps.google.com/mapfiles/kml/pushpin/wht-pushpin.png</href>
			</Icon>
		</IconStyle>
	</Style>
	<Style id="929">
		<IconStyle id="930">
			<color>ffb469ff</color>
			<heading>0</heading>
			<Icon id="931">
				<href>http://maps.google.com/mapfiles/kml/pushpin/wht-pushpin.png</href>
			</Icon>
		</IconStyle>
	</Style>
	<Style id="934">
		<IconStyle id="935">
			<color>ff00ffff</color>
			<heading>0</heading>
			<Icon id="936">
				<href>http://maps.google.com/mapfiles/kml/pushpin/wht-pushpin.png</href>
			</Icon>
		</IconStyle>
	</Style>
	<Style id="939">
		<IconStyle id="940">
			<color>ffb469ff</color>
			<heading>0</heading>
			<Icon id="941">
				<href>http://maps.google.com/mapfiles/kml/pushpin/wht-pushpin.png</href>
			</Icon>
		</IconStyle>
	</Style>
	<Style id="94">
		<IconStyle id="95">
			<color>ff0000ff</color>
			<heading>0</heading>
			<Icon id="96">
				<href>http://maps.google.com/mapfiles/kml/pushpin/wht-pushpin.png</href>
			</Icon>
		</IconStyle>
	</Style>
	<Style id="944">
		<IconStyle id="945">
			<color>ffb469ff</color>
			<heading>0</heading>
			<Icon id="946">
				<href>http://maps.google.com/mapfiles/kml/pushpin/wht-pushpin.png</href>
			</Icon>
		</IconStyle>
	</Style>
	<Style id="949">
		<IconStyle id="950">
			<color>ffb469ff</color>
			<heading>0</heading>
			<Icon id="951">
				<href>http://maps.google.com/mapfiles/kml/pushpin/wht-pushpin.png</href>
			</Icon>
		</IconStyle>
	</Style>
	<Style id="954">
		<IconStyle id="955">
			<color>ff0000ff</color>
			<heading>0</heading>
			<Icon id="956">
				<href>http://maps.google.com/mapfiles/kml/pushpin/wht-pushpin.png</href>
			</Icon>
		</IconStyle>
	</Style>
	<Style id="959">
		<IconStyle id="960">
			<color>ffb469ff</color>
			<heading>0</heading>
			<Icon id="961">
				<href>http://maps.google.com/mapfiles/kml/pushpin/wht-pushpin.png</href>
			</Icon>
		</IconStyle>
	</Style>
	<Style id="964">
		<IconStyle id="965">
			<color>ffb469ff</color>
			<heading>0</heading>
			<Icon id="966">
				<href>http://maps.google.com/mapfiles/kml/pushpin/wht-pushpin.png</href>
			</Icon>
		</IconStyle>
	</Style>
	<Style id="969">
		<IconStyle id="970">
			<color>ff0000ff</color>
			<heading>0</heading>
			<Icon id="971">
				<href>http://maps.google.com/mapfiles/kml/pushpin/wht-pushpin.png</href>
			</Icon>
		</IconStyle>
	</Style>
	<Style id="974">
		<IconStyle id="975">
			<color>ff0000ff</color>
			<heading>0</heading>
			<Icon id="976">
				<href>http://maps.google.com/mapfiles/kml/pushpin/wht-pushpin.png</href>
			</Icon>
		</IconStyle>
	</Style>
	<Style id="979">
		<IconStyle id="980">
			<color>ffb469ff</color>
			<heading>0</heading>
			<Icon id="981">
				<href>http://maps.google.com/mapfiles/kml/pushpin/wht-pushpin.png</href>
			</Icon>
		</IconStyle>
	</Style>
	<Style id="984">
		<IconStyle id="985">
			<color>ffb469ff</color>
			<heading>0</heading>
			<Icon id="986">
				<href>http://maps.google.com/mapfiles/kml/pushpin/wht-pushpin.png</href>
			</Icon>
		</IconStyle>
	</Style>
	<Style id="989">
		<IconStyle id="990">
			<color>ffb469ff</color>
			<heading>0</heading>
			<Icon id="991">
				<href>http://maps.google.com/mapfiles/kml/pushpin/wht-pushpin.png</href>
			</Icon>
		</IconStyle>
	</Style>
	<Style id="99">
		<IconStyle id="100">
			<color>ffb469ff</color>
			<heading>0</heading>
			<Icon id="101">
				<href>http://maps.google.com/mapfiles/kml/pushpin/wht-pushpin.png</href>
			</Icon>
		</IconStyle>
	</Style>
	<Style id="994">
		<IconStyle id="995">
			<color>ff0000ff</color>
			<heading>0</heading>
			<Icon id="996">
				<href>http://maps.google.com/mapfiles/kml/pushpin/wht-pushpin.png</href>
			</Icon>
		</IconStyle>
	</Style>
	<Style id="999">
		<IconStyle id="1000">
			<color>ff00ffff</color>
			<heading>0</heading>
			<Icon id="1001">
				<href>http://maps.google.com/mapfiles/kml/pushpin/wht-pushpin.png</href>
			</Icon>
		</IconStyle>
	</Style>
	<Folder id="2">
		<name>Red de Transporte</name>
		<open>1</open>
		<Folder id="3">
			<name>Con capacidad</name>
			<Style id="4559">
				<IconStyle id="4560">
					<color>ff008000</color>
					<colorMode>normal</colorMode>
					<scale>1</scale>
					<heading>0</heading>
					<Icon id="4561">
						<href>http://maps.google.com/mapfiles/kml/pushpin/wht-pushpin.png</href>
					</Icon>
				</IconStyle>
			</Style>
			<Placemark id="163">
				<name>ALCOCERO DE MOLA 220</name>
				<description>Nudo de transporte
----------------
Latitud: 42.48831773
Longitud: -3.364574195
----------------
ALCOCERO DE MOLA 220
Capacidad MGES en RdT (MW): 59.0
Capacidad MPE en RdT (MW): 59.0
Capacidad MGES en RdD (MW): 59.0
Capacidad MPE en RdD (MW): 59.0</description>
				<styleUrl>#164</styleUrl>
				<Point id="162">
					<coordinates>-3.364574195,42.48831773,0</coordinates>
				</Point>
			</Placemark>
			<Placemark id="453">
				<name>ASTILLERO 220</name>
				<description>Nudo de transporte
----------------
Latitud: 43.39769201
Longitud: -3.825608218
----------------
ASTILLERO 220
Capacidad MGES en RdT (MW): 602.0
Capacidad MPE en RdT (MW): 235.0
Capacidad MGES en RdD (MW): 602.0
Capacidad MPE en RdD (MW): 235.0</description>
				<styleUrl>#454</styleUrl>
				<Point id="452">
					<coordinates>-3.825608218,43.39769201,0</coordinates>
				</Point>
			</Placemark>
			<Placemark id="493">
				<name>BADALONA 220</name>
				<description>Nudo de transporte
----------------
Latitud: 41.42738135826698
Longitud: 2.2343852994689275
----------------
BADALONA 220
Capacidad MGES en RdT (MW): 672.0
Capacidad MPE en RdT (MW): 157.0
Capacidad MGES en RdD (MW): 672.0
Capacidad MPE en RdD (MW): 157.0</description>
				<styleUrl>#494</styleUrl>
				<Point id="492">
					<coordinates>2.234385299468927,41.42738135826698,0</coordinates>
				</Point>
			</Placemark>
			<Placemark id="558">
				<name>BARRUNDIA 220</name>
				<description>Nudo de transporte
----------------
Latitud: 42.8927503516498
Longitud: -2.45017376716236
----------------
BARRUNDIA 220
Capacidad MGES en RdT (MW): 27.0
Capacidad MPE en RdT (MW): 27.0
Capacidad MGES en RdD (MW): 27.0
Capacidad MPE en RdD (MW): 27.0</description>
				<styleUrl>#559</styleUrl>
				<Point id="557">
					<coordinates>-2.45017376716236,42.8927503516498,0</coordinates>
				</Point>
			</Placemark>
			<Placemark id="603">
				<name>BELESAR 220</name>
				<description>Nudo de transporte
----------------
Latitud: 42.62868724
Longitud: -7.712290773
----------------
BELESAR 220
Capacidad MGES en RdT (MW): 60.0
Capacidad MPE en RdT (MW): 60.0
Capacidad MGES en RdD (MW): 60.0
Capacidad MPE en RdD (MW): 60.0</description>
				<styleUrl>#604</styleUrl>
				<Point id="602">
					<coordinates>-7.712290773,42.62868724,0</coordinates>
				</Point>
			</Placemark>
			<Placemark id="698">
				<name>BOADILLA 220</name>
				<description>Nudo de transporte
----------------
Latitud: 40.4076783895372
Longitud: -3.90895646346126
----------------
BOADILLA 220
Capacidad MGES en RdT (MW): 185.0
Capacidad MPE en RdT (MW): 185.0
Capacidad MGES en RdD (MW): 185.0
Capacidad MPE en RdD (MW): 185.0</description>
				<styleUrl>#699</styleUrl>
				<Point id="697">
					<coordinates>-3.90895646346126,40.4076783895372,0</coordinates>
				</Point>
			</Placemark>
			<Placemark id="868">
				<name>CAN JARDI 220</name>
				<description>Nudo de transporte
----------------
Latitud: 41.47706067
Longitud: 2.024616969
----------------
CAN JARDI 220
Capacidad MGES en RdT (MW): 77.0
Capacidad MPE en RdT (MW): 77.0
Capacidad MGES en RdD (MW): 77.0
Capacidad MPE en RdD (MW): 77.0</description>
				<styleUrl>#869</styleUrl>
				<Point id="867">
					<coordinates>2.024616969,41.47706067,0</coordinates>
				</Point>
			</Placemark>
			<Placemark id="1068">
				<name>CASTRELO 220</name>
				<description>Nudo de transporte
----------------
Latitud: 42.29350708
Longitud: -8.112470635
----------------
CASTRELO 220
Capacidad MGES en RdT (MW): 317.0
Capacidad MPE en RdT (MW): 295.0
Capacidad MGES en RdD (MW): 317.0
Capacidad MPE en RdD (MW): 295.0</description>
				<styleUrl>#1069</styleUrl>
				<Point id="1067">
					<coordinates>-8.112470634999999,42.29350708,0</coordinates>
				</Point>
			</Placemark>
			<Placemark id="1438">
				<name>ELGEA 220</name>
				<description>Nudo de transporte
----------------
Latitud: 42.8925591129171
Longitud: -2.45007346517369
----------------
ELGEA 220
Capacidad MGES en RdT (MW): 27.0
Capacidad MPE en RdT (MW): 27.0
Capacidad MGES en RdD (MW): 27.0
Capacidad MPE en RdD (MW): 27.0</description>
				<styleUrl>#1439</styleUrl>
				<Point id="1437">
					<coordinates>-2.45007346517369,42.8925591129171,0</coordinates>
				</Point>
			</Placemark>
			<Placemark id="1858">
				<name>GUIA 66</name>
				<description>Nudo de transporte
----------------
Latitud: 28.1280405180253
Longitud: -15.617697553874
----------------
GUIA 66
Capacidad MGES en RdT (MW): 16.0
Capacidad MPE en RdT (MW): 16.0
Capacidad MGES en RdD (MW): 16.0
Capacidad MPE en RdD (MW): 16.0</description>
				<styleUrl>#1859</styleUrl>
				<Point id="1857">
					<coordinates>-15.617697553874,28.1280405180253,0</coordinates>
				</Point>
			</Placemark>
			<Placemark id="1863">
				<name>GUIA DE ISORA 66</name>
				<description>Nudo de transporte
----------------
Latitud: 28.2229270832874
Longitud: -16.804366083474
----------------
GUIA DE ISORA 66
Capacidad MGES en RdT (MW): 7.0
Capacidad MPE en RdT (MW): 7.0
Capacidad MGES en RdD (MW): 7.0
Capacidad MPE en RdD (MW): 7.0</description>
				<styleUrl>#1864</styleUrl>
				<Point id="1862">
					<coordinates>-16.804366083474,28.2229270832874,0</coordinates>
				</Point>
			</Placemark>
			<Placemark id="1988">
				<name>INCA 66</name>
				<description>Nudo de transporte
----------------
Latitud: 39.7091447526405
Longitud: 2.89768039085592
----------------
INCA 66
Capacidad MGES en RdT (MW): 102.0
Capacidad MPE en RdT (MW): 102.0
Capacidad MGES en RdD (MW): 102.0
Capacidad MPE en RdD (MW): 102.0</description>
				<styleUrl>#1989</styleUrl>
				<Point id="1987">
					<coordinates>2.89768039085592,39.7091447526405,0</coordinates>
				</Point>
			</Placemark>
			<Placemark id="2058">
				<name>JINAMAR 66</name>
				<description>Nudo de transporte
----------------
Latitud: 28.0736190111025
Longitud: -15.44012805957
----------------
JINAMAR 66
Capacidad MGES en RdT (MW): 19.0
Capacidad MPE en RdT (MW): 19.0
Capacidad MGES en RdD (MW): 19.0
Capacidad MPE en RdD (MW): 19.0</description>
				<styleUrl>#2059</styleUrl>
				<Point id="2057">
					<coordinates>-15.44012805957,28.0736190111025,0</coordinates>
				</Point>
			</Placemark>
			<Placemark id="2413">
				<name>LOS VIENTOS 220</name>
				<description>Nudo de transporte
----------------
Latitud: 41.49340085
Longitud: -1.138192907
----------------
LOS VIENTOS 220
Capacidad MGES en RdT (MW): 295.0
Capacidad MPE en RdT (MW): 2.0
Capacidad MGES en RdD (MW): 295.0
Capacidad MPE en RdD (MW): 2.0</description>
				<styleUrl>#2414</styleUrl>
				<Point id="2412">
					<coordinates>-1.138192907,41.49340085,0</coordinates>
				</Point>
			</Placemark>
			<Placemark id="2438">
				<name>LUDRIO 400</name>
				<description>Nudo de transporte
----------------
Latitud: 43.12868863
Longitud: -7.416398883
----------------
LUDRIO 400
Capacidad MGES en RdT (MW): 1041.0
Capacidad MPE en RdT (MW): 522.0
Capacidad MGES en RdD (MW): 1041.0
Capacidad MPE en RdD (MW): 522.0</description>
				<styleUrl>#2439</styleUrl>
				<Point id="2437">
					<coordinates>-7.416398883,43.12868863,0</coordinates>
				</Point>
			</Placemark>
			<Placemark id="2853">
				<name>MURTERAR 220</name>
				<description>Nudo de transporte
----------------
Latitud: 39.8130846188182
Longitud: 3.09454746384915
----------------
MURTERAR 220
Capacidad MGES en RdT (MW): 144.0
Capacidad MPE en RdT (MW): 61.0
Capacidad MGES en RdD (MW): 144.0
Capacidad MPE en RdD (MW): 61.0</description>
				<styleUrl>#2854</styleUrl>
				<Point id="2852">
					<coordinates>3.09454746384915,39.8130846188182,0</coordinates>
				</Point>
			</Placemark>
			<Placemark id="3113">
				<name>PESOZ 400</name>
				<description>Nudo de transporte
----------------
Latitud: 43.24497195
Longitud: -6.864631876
----------------
PESOZ 400
Capacidad MGES en RdT (MW): 382.0
Capacidad MPE en RdT (MW): 13.0
Capacidad MGES en RdD (MW): 382.0
Capacidad MPE en RdD (MW): 13.0</description>
				<styleUrl>#3114</styleUrl>
				<Point id="3112">
					<coordinates>-6.864631876,43.24497195,0</coordinates>
				</Point>
			</Placemark>
			<Placemark id="3283">
				<name>PUEBLA DE GUZMAN 220</name>
				<description>Nudo de transporte
----------------
Latitud: 37.5491738035386
Longitud: -7.241080408696886
----------------
PUEBLA DE GUZMAN 220
Capacidad MGES en RdT (MW): 209.0
Capacidad MPE en RdT (MW): 74.0
Capacidad MGES en RdD (MW): 209.0
Capacidad MPE en RdD (MW): 74.0</description>
				<styleUrl>#3284</styleUrl>
				<Point id="3282">
					<coordinates>-7.241080408696886,37.5491738035386,0</coordinates>
				</Point>
			</Placemark>
			<Placemark id="3433">
				<name>RICOBAYO 220</name>
				<description>Nudo de transporte
----------------
Latitud: 41.5277541205673
Longitud: -5.98776112261211
----------------
RICOBAYO 220
Capacidad MGES en RdT (MW): 49.0
Capacidad MPE en RdT (MW): 49.0
Capacidad MGES en RdD (MW): 49.0
Capacidad MPE en RdD (MW): 49.0</description>
				<styleUrl>#3434</styleUrl>
				<Point id="3432">
					<coordinates>-5.98776112261211,41.5277541205673,0</coordinates>
				</Point>
			</Placemark>
			<Placemark id="3653">
				<name>SAN JUAN BALEARES 66</name>
				<description>Nudo de transporte
----------------
Latitud: 39.5471907273205
Longitud: 2.70117003394807
----------------
SAN JUAN BALEARES 66
Capacidad MGES en RdT (MW): 217.0
Capacidad MPE en RdT (MW): 58.0
Capacidad MGES en RdD (MW): 217.0
Capacidad MPE en RdD (MW): 58.0</description>
				<styleUrl>#3654</styleUrl>
				<Point id="3652">
					<coordinates>2.70117003394807,39.5471907273205,0</coordinates>
				</Point>
			</Placemark>
			<Placemark id="3663">
				<name>SAN MARTIN BALEARES 66</name>
				<description>Nudo de transporte
----------------
Latitud: 39.813227950225354
Longitud: 3.094042896776458
----------------
SAN MARTIN BALEARES 66
Capacidad MGES en RdT (MW): 140.0
Capacidad MPE en RdT (MW): 68.0
Capacidad MGES en RdD (MW): 140.0
Capacidad MPE en RdD (MW): 68.0</description>
				<styleUrl>#3664</styleUrl>
				<Point id="3662">
					<coordinates>3.094042896776458,39.81322795022535,0</coordinates>
				</Point>
			</Placemark>
			<Placemark id="3858">
				<name>SANTURCE 220</name>
				<description>Nudo de transporte
----------------
Latitud: 43.34029809
Longitud: -3.051591184
----------------
SANTURCE 220
Capacidad MGES en RdT (MW): 129.0
Capacidad MPE en RdT (MW): 129.0
Capacidad MGES en RdD (MW): 129.0
Capacidad MPE en RdD (MW): 129.0</description>
				<styleUrl>#3859</styleUrl>
				<Point id="3857">
					<coordinates>-3.051591184,43.34029809,0</coordinates>
				</Point>
			</Placemark>
			<Placemark id="3953">
				<name>SOLORZANO 220</name>
				<description>Nudo de transporte
----------------
Latitud: 43.34292528
Longitud: -3.5845201799999997
----------------
SOLORZANO 220
Capacidad MGES en RdT (MW): 112.0
Capacidad MPE en RdT (MW): 102.0
Capacidad MGES en RdD (MW): 112.0
Capacidad MPE en RdD (MW): 102.0</description>
				<styleUrl>#3954</styleUrl>
				<Point id="3952">
					<coordinates>-3.584520179999999,43.34292528,0</coordinates>
				</Point>
			</Placemark>
			<Placemark id="4128">
				<name>TIBO 220</name>
				<description>Nudo de transporte
----------------
Latitud: 42.58741308
Longitud: -8.642768458
----------------
TIBO 220
Capacidad MGES en RdT (MW): 63.0
Capacidad MPE en RdT (MW): 63.0
Capacidad MGES en RdD (MW): 63.0
Capacidad MPE en RdD (MW): 63.0</description>
				<styleUrl>#4129</styleUrl>
				<Point id="4127">
					<coordinates>-8.642768458000001,42.58741308,0</coordinates>
				</Point>
			</Placemark>
			<Placemark id="4148">
				<name>TOMEZA 220</name>
				<description>Nudo de transporte
----------------
Latitud: 42.38052603431226
Longitud: -8.62381417399438
----------------
TOMEZA 220
Capacidad MGES en RdT (MW): 41.0
Capacidad MPE en RdT (MW): 41.0
Capacidad MGES en RdD (MW): 41.0
Capacidad MPE en RdD (MW): 41.0</description>
				<styleUrl>#4149</styleUrl>
				<Point id="4147">
					<coordinates>-8.623814173994379,42.38052603431226,0</coordinates>
				</Point>
			</Placemark>
			<Placemark id="4558">
				<name>VILLIMAR 220</name>
				<description>Nudo de transporte
----------------
Latitud: 42.3718998355887
Longitud: -3.65164628291436
----------------
VILLIMAR 220
Capacidad MGES en RdT (MW): 59.0
Capacidad MPE en RdT (MW): 40.0
Capacidad MGES en RdD (MW): 59.0
Capacidad MPE en RdD (MW): 40.0</description>
				<styleUrl>#4559</styleUrl>
				<Point id="4557">
					<coordinates>-3.65164628291436,42.3718998355887,0</coordinates>
				</Point>
			</Placemark>
		</Folder>
		<Folder id="4">
			<name>Sin capacidad</name>
			<open>1</open>
			<Style id="4619">
				<IconStyle id="4620">
					<color>ff0000ff</color>
					<colorMode>normal</colorMode>
					<scale>1</scale>
					<heading>0</heading>
					<Icon id="4621">
						<href>http://maps.google.com/mapfiles/kml/pushpin/wht-pushpin.png</href>
					</Icon>
				</IconStyle>
			</Style>
			<Placemark id="63">
				<name>ABEGONDO 400</name>
				<description>Nudo de transporte
----------------
Latitud: 43.2194335159121
Longitud: -8.27935283177512
----------------
ABEGONDO 400
Capacidad MGES en RdT (MW): 0.0
Capacidad MPE en RdT (MW): 0.0
Capacidad MGES en RdD (MW): 0.0
Capacidad MPE en RdD (MW): 0.0</description>
				<styleUrl>#64</styleUrl>
				<Point id="62">
					<coordinates>-8.279352831775119,43.2194335159121,0</coordinates>
				</Point>
			</Placemark>
			<Placemark id="73">
				<name>ABONA 220</name>
				<description>Nudo de transporte
----------------
Latitud: 28.0793228985636
Longitud: -16.5022091340446
----------------
ABONA 220
Capacidad MGES en RdT (MW): 0.0
Capacidad MPE en RdT (MW): 0.0
Capacidad MGES en RdD (MW): 0.0
Capacidad MPE en RdD (MW): 0.0</description>
				<styleUrl>#74</styleUrl>
				<Point id="72">
					<coordinates>-16.5022091340446,28.0793228985636,0</coordinates>
				</Point>
			</Placemark>
			<Placemark id="78">
				<name>ABONA 66</name>
				<description>Nudo de transporte
----------------
Latitud: 28.0793228985636
Longitud: -16.502109134044602
----------------
ABONA 66
Capacidad MGES en RdT (MW): 0.0
Capacidad MPE en RdT (MW): 0.0
Capacidad MGES en RdD (MW): 0.0
Capacidad MPE en RdD (MW): 0.0</description>
				<styleUrl>#79</styleUrl>
				<Point id="77">
					<coordinates>-16.5021091340446,28.0793228985636,0</coordinates>
				</Point>
			</Placemark>
			<Placemark id="88">
				<name>ACECA 220</name>
				<description>Nudo de transporte
----------------
Latitud: 39.94406294
Longitud: -3.856358439
----------------
ACECA 220
Capacidad MGES en RdT (MW): 0.0
Capacidad MPE en RdT (MW): 0.0
Capacidad MGES en RdD (MW): 0.0
Capacidad MPE en RdD (MW): 0.0</description>
				<styleUrl>#89</styleUrl>
				<Point id="87">
					<coordinates>-3.856358439,39.94406294,0</coordinates>
				</Point>
			</Placemark>
			<Placemark id="93">
				<name>ADRALL 220</name>
				<description>Nudo de transporte
----------------
Latitud: 42.3238577796611
Longitud: 1.39563734479147
----------------
ADRALL 220
Capacidad MGES en RdT (MW): 0.0
Capacidad MPE en RdT (MW): 0.0
Capacidad MGES en RdD (MW): 0.0
Capacidad MPE en RdD (MW): 0.0</description>
				<styleUrl>#94</styleUrl>
				<Point id="92">
					<coordinates>1.39563734479147,42.3238577796611,0</coordinates>
				</Point>
			</Placemark>
			<Placemark id="128">
				<name>AGÜIMES 66</name>
				<description>Nudo de transporte
----------------
Latitud: 27.8886069195443
Longitud: -15.4501467059992
----------------
AGÜIMES 66
Capacidad MGES en RdT (MW): 0.0
Capacidad MPE en RdT (MW): 0.0
Capacidad MGES en RdD (MW): 0.0
Capacidad MPE en RdD (MW): 0.0</description>
				<styleUrl>#129</styleUrl>
				<Point id="127">
					<coordinates>-15.4501467059992,27.8886069195443,0</coordinates>
				</Point>
			</Placemark>
			<Placemark id="143">
				<name>ALBARELLOS 220</name>
				<description>Nudo de transporte
----------------
Latitud: 42.39963613
Longitud: -8.157816064
----------------
ALBARELLOS 220
Capacidad MGES en RdT (MW): 0.0
Capacidad MPE en RdT (MW): 0.0
Capacidad MGES en RdD (MW): 0.0
Capacidad MPE en RdD (MW): 0.0</description>
				<styleUrl>#144</styleUrl>
				<Point id="142">
					<coordinates>-8.157816064,42.39963613,0</coordinates>
				</Point>
			</Placemark>
			<Placemark id="148">
				<name>ALBATARREC 220</name>
				<description>Nudo de transporte
----------------
Latitud: 41.577484412419
Longitud: 0.622207830350113
----------------
ALBATARREC 220
Capacidad MGES en RdT (MW): 0.0
Capacidad MPE en RdT (MW): 0.0
Capacidad MGES en RdD (MW): 0.0
Capacidad MPE en RdD (MW): 0.0</description>
				<styleUrl>#149</styleUrl>
				<Point id="147">
					<coordinates>0.622207830350113,41.577484412419,0</coordinates>
				</Point>
			</Placemark>
			<Placemark id="153">
				<name>ALCIRA 220</name>
				<description>Nudo de transporte
----------------
Latitud: 39.1512042
Longitud: -0.455817859
----------------
ALCIRA 220
Capacidad MGES en RdT (MW): 0.0
Capacidad MPE en RdT (MW): 0.0
Capacidad MGES en RdD (MW): 0.0
Capacidad MPE en RdD (MW): 0.0</description>
				<styleUrl>#154</styleUrl>
				<Point id="152">
					<coordinates>-0.455817859,39.1512042,0</coordinates>
				</Point>
			</Placemark>
			<Placemark id="168">
				<name>ALCORES 220</name>
				<description>Nudo de transporte
----------------
Latitud: 37.38832766
Longitud: -5.855368867
----------------
ALCORES 220
Capacidad MGES en RdT (MW): 0.0
Capacidad MPE en RdT (MW): 0.0
Capacidad MGES en RdD (MW): 0.0
Capacidad MPE en RdD (MW): 0.0</description>
				<styleUrl>#169</styleUrl>
				<Point id="167">
					<coordinates>-5.855368867,37.38832766,0</coordinates>
				</Point>
			</Placemark>
			<Placemark id="183">
				<name>ALDEA BLANCA 66</name>
				<description>Nudo de transporte
----------------
Latitud: 27.85095428
Longitud: -15.47730389
----------------
ALDEA BLANCA 66
Capacidad MGES en RdT (MW): 0.0
Capacidad MPE en RdT (MW): 0.0
Capacidad MGES en RdD (MW): 0.0
Capacidad MPE en RdD (MW): 0.0</description>
				<styleUrl>#184</styleUrl>
				<Point id="182">
					<coordinates>-15.47730389,27.85095428,0</coordinates>
				</Point>
			</Placemark>
			<Placemark id="188">
				<name>ALDEADAVILA 400</name>
				<description>Nudo de transporte
----------------
Latitud: 41.21081608
Longitud: -6.685192935
----------------
ALDEADAVILA 400
Capacidad MGES en RdT (MW): 0.0
Capacidad MPE en RdT (MW): 0.0
Capacidad MGES en RdD (MW): 0.0
Capacidad MPE en RdD (MW): 0.0</description>
				<styleUrl>#189</styleUrl>
				<Point id="187">
					<coordinates>-6.685192935,41.21081608,0</coordinates>
				</Point>
			</Placemark>
			<Placemark id="193">
				<name>ALDEADAVILA 220</name>
				<description>Nudo de transporte
----------------
Latitud: 41.21081608
Longitud: -6.685092935
----------------
ALDEADAVILA 220
Capacidad MGES en RdT (MW): 0.0
Capacidad MPE en RdT (MW): 0.0
Capacidad MGES en RdD (MW): 0.0
Capacidad MPE en RdD (MW): 0.0</description>
				<styleUrl>#194</styleUrl>
				<Point id="192">
					<coordinates>-6.685092935,41.21081608,0</coordinates>
				</Point>
			</Placemark>
			<Placemark id="228">
				<name>ALMADEN 400</name>
				<description>Nudo de transporte
----------------
Latitud: 38.7703372958738
Longitud: -4.8384446816686
----------------
ALMADEN 400
Capacidad MGES en RdT (MW): 0.0
Capacidad MPE en RdT (MW): 0.0
Capacidad MGES en RdD (MW): 0.0
Capacidad MPE en RdD (MW): 0.0</description>
				<styleUrl>#229</styleUrl>
				<Point id="227">
					<coordinates>-4.8384446816686,38.7703372958738,0</coordinates>
				</Point>
			</Placemark>
			<Placemark id="233">
				<name>ALMARAZ CN 400</name>
				<description>Nudo de transporte
----------------
Latitud: 39.80959344
Longitud: -5.692578355
----------------
ALMARAZ CN 400
Capacidad MGES en RdT (MW): 0.0
Capacidad MPE en RdT (MW): 0.0
Capacidad MGES en RdD (MW): 0.0
Capacidad MPE en RdD (MW): 0.0</description>
				<styleUrl>#234</styleUrl>
				<Point id="232">
					<coordinates>-5.692578354999999,39.80959344,0</coordinates>
				</Point>
			</Placemark>
			<Placemark id="238">
				<name>ALMARAZ CN 220</name>
				<description>Nudo de transporte
----------------
Latitud: 39.80959344
Longitud: -5.692478355
----------------
ALMARAZ CN 220
Capacidad MGES en RdT (MW): 0.0
Capacidad MPE en RdT (MW): 0.0
Capacidad MGES en RdD (MW): 0.0
Capacidad MPE en RdD (MW): 0.0</description>
				<styleUrl>#239</styleUrl>
				<Point id="237">
					<coordinates>-5.692478355,39.80959344,0</coordinates>
				</Point>
			</Placemark>
			<Placemark id="243">
				<name>ALMARAZ E.T. 220</name>
				<description>Nudo de transporte
----------------
Latitud: 39.8234237
Longitud: -5.66417968
----------------
ALMARAZ E.T. 220
Capacidad MGES en RdT (MW): 0.0
Capacidad MPE en RdT (MW): 0.0
Capacidad MGES en RdD (MW): 0.0
Capacidad MPE en RdD (MW): 0.0</description>
				<styleUrl>#244</styleUrl>
				<Point id="242">
					<coordinates>-5.664179680000001,39.8234237,0</coordinates>
				</Point>
			</Placemark>
			<Placemark id="263">
				<name>ALMODOVAR DEL RIO 220</name>
				<description>Nudo de transporte
----------------
Latitud: 37.75277661
Longitud: -5.019010326
----------------
ALMODOVAR DEL RIO 220
Capacidad MGES en RdT (MW): 0.0
Capacidad MPE en RdT (MW): 0.0
Capacidad MGES en RdD (MW): 0.0
Capacidad MPE en RdD (MW): 0.0</description>
				<styleUrl>#264</styleUrl>
				<Point id="262">
					<coordinates>-5.019010326,37.75277661,0</coordinates>
				</Point>
			</Placemark>
			<Placemark id="273">
				<name>ALVARADO 220</name>
				<description>Nudo de transporte
----------------
Latitud: 38.78917812
Longitud: -6.798633419
----------------
ALVARADO 220
Capacidad MGES en RdT (MW): 0.0
Capacidad MPE en RdT (MW): 0.0
Capacidad MGES en RdD (MW): 0.0
Capacidad MPE en RdD (MW): 0.0</description>
				<styleUrl>#274</styleUrl>
				<Point id="272">
					<coordinates>-6.798633419,38.78917812,0</coordinates>
				</Point>
			</Placemark>
			<Placemark id="278">
				<name>AMOEIRO 220</name>
				<description>Nudo de transporte
----------------
Latitud: 42.39044345
Longitud: -7.965805224
----------------
AMOEIRO 220
Capacidad MGES en RdT (MW): 0.0
Capacidad MPE en RdT (MW): 0.0
Capacidad MGES en RdD (MW): 0.0
Capacidad MPE en RdD (MW): 0.0</description>
				<styleUrl>#279</styleUrl>
				<Point id="277">
					<coordinates>-7.965805224,42.39044345,0</coordinates>
				</Point>
			</Placemark>
			<Placemark id="288">
				<name>ANCHUELO 400</name>
				<description>Nudo de transporte
----------------
Latitud: 40.4647791721351
Longitud: -3.29671349099203
----------------
ANCHUELO 400
Capacidad MGES en RdT (MW): 0.0
Capacidad MPE en RdT (MW): 0.0
Capacidad MGES en RdD (MW): 0.0
Capacidad MPE en RdD (MW): 0.0</description>
				<styleUrl>#289</styleUrl>
				<Point id="287">
					<coordinates>-3.29671349099203,40.4647791721351,0</coordinates>
				</Point>
			</Placemark>
			<Placemark id="293">
				<name>ANCHUELO 220</name>
				<description>Nudo de transporte
----------------
Latitud: 40.4647791721351
Longitud: -3.29661349099203
----------------
ANCHUELO 220
Capacidad MGES en RdT (MW): 0.0
Capacidad MPE en RdT (MW): 0.0
Capacidad MGES en RdD (MW): 0.0
Capacidad MPE en RdD (MW): 0.0</description>
				<styleUrl>#294</styleUrl>
				<Point id="292">
					<coordinates>-3.29661349099203,40.4647791721351,0</coordinates>
				</Point>
			</Placemark>
			<Placemark id="318">
				<name>AÑOVER 220</name>
				<description>Nudo de transporte
----------------
Latitud: 39.98260129
Longitud: -3.836700937
----------------
AÑOVER 220
Capacidad MGES en RdT (MW): 0.0
Capacidad MPE en RdT (MW): 0.0
Capacidad MGES en RdD (MW): 0.0
Capacidad MPE en RdD (MW): 0.0</description>
				<styleUrl>#319</styleUrl>
				<Point id="317">
					<coordinates>-3.836700936999999,39.98260129,0</coordinates>
				</Point>
			</Placemark>
			<Placemark id="333">
				<name>ARAGON 400</name>
				<description>Nudo de transporte
----------------
Latitud: 41.2196859
Longitud: -0.278836419
----------------
ARAGON 400
Capacidad MGES en RdT (MW): 0.0
Capacidad MPE en RdT (MW): 0.0
Capacidad MGES en RdD (MW): 0.0
Capacidad MPE en RdD (MW): 0.0</description>
				<styleUrl>#334</styleUrl>
				<Point id="332">
					<coordinates>-0.278836419,41.2196859,0</coordinates>
				</Point>
			</Placemark>
			<Placemark id="338">
				<name>ARAÑUELO 400</name>
				<description>Nudo de transporte
----------------
Latitud: 39.95234343
Longitud: -5.5887895929999996
----------------
ARAÑUELO 400
Capacidad MGES en RdT (MW): 0.0
Capacidad MPE en RdT (MW): 0.0
Capacidad MGES en RdD (MW): 0.0
Capacidad MPE en RdD (MW): 0.0</description>
				<styleUrl>#339</styleUrl>
				<Point id="337">
					<coordinates>-5.588789593,39.95234343,0</coordinates>
				</Point>
			</Placemark>
			<Placemark id="363">
				<name>ARCOS DE LA FRONTERA 400</name>
				<description>Nudo de transporte
----------------
Latitud: 36.67344444
Longitud: -5.818750191
----------------
ARCOS DE LA FRONTERA 400
Capacidad MGES en RdT (MW): 0.0
Capacidad MPE en RdT (MW): 0.0
Capacidad MGES en RdD (MW): 0.0
Capacidad MPE en RdD (MW): 0.0</description>
				<styleUrl>#364</styleUrl>
				<Point id="362">
					<coordinates>-5.818750190999999,36.67344444,0</coordinates>
				</Point>
			</Placemark>
			<Placemark id="378">
				<name>ARENAS DE SAN JUAN 220</name>
				<description>Nudo de transporte
----------------
Latitud: 39.24466831
Longitud: -3.4917591
----------------
ARENAS DE SAN JUAN 220
Capacidad MGES en RdT (MW): 0.0
Capacidad MPE en RdT (MW): 0.0
Capacidad MGES en RdD (MW): 0.0
Capacidad MPE en RdD (MW): 0.0</description>
				<styleUrl>#379</styleUrl>
				<Point id="377">
					<coordinates>-3.4917591,39.24466831,0</coordinates>
				</Point>
			</Placemark>
			<Placemark id="383">
				<name>ARGANDA 220</name>
				<description>Nudo de transporte
----------------
Latitud: 40.3021203145381
Longitud: -3.45930657240639
----------------
ARGANDA 220
Capacidad MGES en RdT (MW): 0.0
Capacidad MPE en RdT (MW): 0.0
Capacidad MGES en RdD (MW): 0.0
Capacidad MPE en RdD (MW): 0.0</description>
				<styleUrl>#384</styleUrl>
				<Point id="382">
					<coordinates>-3.45930657240639,40.3021203145381,0</coordinates>
				</Point>
			</Placemark>
			<Placemark id="398">
				<name>ARICO2 66</name>
				<description>Nudo de transporte
----------------
Latitud: 28.16045407189017
Longitud: -16.445359485588796
----------------
ARICO2 66
Capacidad MGES en RdT (MW): 0.0
Capacidad MPE en RdT (MW): 0.0
Capacidad MGES en RdD (MW): 0.0
Capacidad MPE en RdD (MW): 0.0</description>
				<styleUrl>#399</styleUrl>
				<Point id="397">
					<coordinates>-16.4453594855888,28.16045407189017,0</coordinates>
				</Point>
			</Placemark>
			<Placemark id="403">
				<name>ARINAGA 66</name>
				<description>Nudo de transporte
----------------
Latitud: 27.86808
Longitud: -15.40695
----------------
ARINAGA 66
Capacidad MGES en RdT (MW): 0.0
Capacidad MPE en RdT (MW): 0.0
Capacidad MGES en RdD (MW): 0.0
Capacidad MPE en RdD (MW): 0.0</description>
				<styleUrl>#404</styleUrl>
				<Point id="402">
					<coordinates>-15.40695,27.86808,0</coordinates>
				</Point>
			</Placemark>
			<Placemark id="413">
				<name>ARONA 66</name>
				<description>Nudo de transporte
----------------
Latitud: 28.0499588794015
Longitud: -16.6430513141465
----------------
ARONA 66
Capacidad MGES en RdT (MW): 0.0
Capacidad MPE en RdT (MW): 0.0
Capacidad MGES en RdD (MW): 0.0
Capacidad MPE en RdD (MW): 0.0</description>
				<styleUrl>#414</styleUrl>
				<Point id="412">
					<coordinates>-16.6430513141465,28.0499588794015,0</coordinates>
				</Point>
			</Placemark>
			<Placemark id="423">
				<name>ARROYO VALLE 220</name>
				<description>Nudo de transporte
----------------
Latitud: 38.19339149
Longitud: -4.508361676
----------------
ARROYO VALLE 220
Capacidad MGES en RdT (MW): 0.0
Capacidad MPE en RdT (MW): 0.0
Capacidad MGES en RdD (MW): 0.0
Capacidad MPE en RdD (MW): 0.0</description>
				<styleUrl>#424</styleUrl>
				<Point id="422">
					<coordinates>-4.508361676,38.19339149,0</coordinates>
				</Point>
			</Placemark>
			<Placemark id="433">
				<name>ARUCAS 66</name>
				<description>Nudo de transporte
----------------
Latitud: 28.0986850465097
Longitud: -15.5298116394814
----------------
ARUCAS 66
Capacidad MGES en RdT (MW): 0.0
Capacidad MPE en RdT (MW): 0.0
Capacidad MGES en RdD (MW): 0.0
Capacidad MPE en RdD (MW): 0.0</description>
				<styleUrl>#434</styleUrl>
				<Point id="432">
					<coordinates>-15.5298116394814,28.0986850465097,0</coordinates>
				</Point>
			</Placemark>
			<Placemark id="438">
				<name>ASCÓ 400</name>
				<description>Nudo de transporte
----------------
Latitud: 41.20455080185
Longitud: 0.570963634168664
----------------
ASCÓ 400
Capacidad MGES en RdT (MW): 0.0
Capacidad MPE en RdT (MW): 0.0
Capacidad MGES en RdD (MW): 0.0
Capacidad MPE en RdD (MW): 0.0</description>
				<styleUrl>#439</styleUrl>
				<Point id="437">
					<coordinates>0.570963634168664,41.20455080185,0</coordinates>
				</Point>
			</Placemark>
			<Placemark id="448">
				<name>ASOMADA 400</name>
				<description>Nudo de transporte
----------------
Latitud: 37.63508686
Longitud: -0.959935844
----------------
ASOMADA 400
Capacidad MGES en RdT (MW): 0.0
Capacidad MPE en RdT (MW): 0.0
Capacidad MGES en RdD (MW): 0.0
Capacidad MPE en RdD (MW): 0.0</description>
				<styleUrl>#449</styleUrl>
				<Point id="447">
					<coordinates>-0.959935844,37.63508686,0</coordinates>
				</Point>
			</Placemark>
			<Placemark id="463">
				<name>ATIOS 220</name>
				<description>Nudo de transporte
----------------
Latitud: 42.13950607
Longitud: -8.620733543
----------------
ATIOS 220
Capacidad MGES en RdT (MW): 0.0
Capacidad MPE en RdT (MW): 0.0
Capacidad MGES en RdD (MW): 0.0
Capacidad MPE en RdD (MW): 0.0</description>
				<styleUrl>#464</styleUrl>
				<Point id="462">
					<coordinates>-8.620733543,42.13950607,0</coordinates>
				</Point>
			</Placemark>
			<Placemark id="468">
				<name>AVE ZARAGOZA 220</name>
				<description>Nudo de transporte
----------------
Latitud: 41.57219275
Longitud: -0.787954009
----------------
AVE ZARAGOZA 220
Capacidad MGES en RdT (MW): 0.0
Capacidad MPE en RdT (MW): 0.0
Capacidad MGES en RdD (MW): 0.0
Capacidad MPE en RdD (MW): 0.0</description>
				<styleUrl>#469</styleUrl>
				<Point id="467">
					<coordinates>-0.787954009,41.57219275,0</coordinates>
				</Point>
			</Placemark>
			<Placemark id="478">
				<name>AYORA 400</name>
				<description>Nudo de transporte
----------------
Latitud: 39.0415891727803
Longitud: -1.0080980346347
----------------
AYORA 400
Capacidad MGES en RdT (MW): 0.0
Capacidad MPE en RdT (MW): 0.0
Capacidad MGES en RdD (MW): 0.0
Capacidad MPE en RdD (MW): 0.0</description>
				<styleUrl>#479</styleUrl>
				<Point id="477">
					<coordinates>-1.0080980346347,39.0415891727803,0</coordinates>
				</Point>
			</Placemark>
			<Placemark id="518">
				<name>BARO DE VIVER 220</name>
				<description>Nudo de transporte
----------------
Latitud: 41.4490711548158
Longitud: 2.1976059743464
----------------
BARO DE VIVER 220
Capacidad MGES en RdT (MW): 0.0
Capacidad MPE en RdT (MW): 0.0
Capacidad MGES en RdD (MW): 0.0
Capacidad MPE en RdD (MW): 0.0</description>
				<styleUrl>#519</styleUrl>
				<Point id="517">
					<coordinates>2.1976059743464,41.4490711548158,0</coordinates>
				</Point>
			</Placemark>
			<Placemark id="523">
				<name>BARRANCO CALDERINA 66</name>
				<description>Nudo de transporte
----------------
Latitud: 28.0874736901966
Longitud: -15.4274296845859
----------------
BARRANCO CALDERINA 66
Capacidad MGES en RdT (MW): 0.0
Capacidad MPE en RdT (MW): 0.0
Capacidad MGES en RdD (MW): 0.0
Capacidad MPE en RdD (MW): 0.0</description>
				<styleUrl>#524</styleUrl>
				<Point id="522">
					<coordinates>-15.4274296845859,28.0874736901966,0</coordinates>
				</Point>
			</Placemark>
			<Placemark id="528">
				<name>BARRANCO TIRAJANA B 220</name>
				<description>Nudo de transporte
----------------
Latitud: 27.8093967432763
Longitud: -15.4385696624604
----------------
BARRANCO TIRAJANA B 220
Capacidad MGES en RdT (MW): 0.0
Capacidad MPE en RdT (MW): 0.0
Capacidad MGES en RdD (MW): 0.0
Capacidad MPE en RdD (MW): 0.0</description>
				<styleUrl>#529</styleUrl>
				<Point id="527">
					<coordinates>-15.4385696624604,27.8093967432763,0</coordinates>
				</Point>
			</Placemark>
			<Placemark id="533">
				<name>BARRANCO DE TIRAJANA III 220</name>
				<description>Nudo de transporte
----------------
Latitud: 27.8066557241028
Longitud: -15.4382963280035
----------------
BARRANCO DE TIRAJANA III 220
Capacidad MGES en RdT (MW): 0.0
Capacidad MPE en RdT (MW): 0.0
Capacidad MGES en RdD (MW): 0.0
Capacidad MPE en RdD (MW): 0.0</description>
				<styleUrl>#534</styleUrl>
				<Point id="532">
					<coordinates>-15.4382963280035,27.8066557241028,0</coordinates>
				</Point>
			</Placemark>
			<Placemark id="543">
				<name>BARRANCO TIRAJANA 220</name>
				<description>Nudo de transporte
----------------
Latitud: 27.80666819717308
Longitud: -15.438575359675122
----------------
BARRANCO TIRAJANA 220
Capacidad MGES en RdT (MW): 0.0
Capacidad MPE en RdT (MW): 0.0
Capacidad MGES en RdD (MW): 0.0
Capacidad MPE en RdD (MW): 0.0</description>
				<styleUrl>#544</styleUrl>
				<Point id="542">
					<coordinates>-15.43857535967512,27.80666819717308,0</coordinates>
				</Point>
			</Placemark>
			<Placemark id="548">
				<name>BARRANCO TIRAJANA 66</name>
				<description>Nudo de transporte
----------------
Latitud: 27.80666819717308
Longitud: -15.438475359675122
----------------
BARRANCO TIRAJANA 66
Capacidad MGES en RdT (MW): 0.0
Capacidad MPE en RdT (MW): 0.0
Capacidad MGES en RdD (MW): 0.0
Capacidad MPE en RdD (MW): 0.0</description>
				<styleUrl>#549</styleUrl>
				<Point id="547">
					<coordinates>-15.43847535967512,27.80666819717308,0</coordinates>
				</Point>
			</Placemark>
			<Placemark id="553">
				<name>BARRANCO TIRAJANA B 66</name>
				<description>Nudo de transporte
----------------
Latitud: 27.8491922464682
Longitud: -15.4777571305863
----------------
BARRANCO TIRAJANA B 66
Capacidad MGES en RdT (MW): 0.0
Capacidad MPE en RdT (MW): 0.0
Capacidad MGES en RdD (MW): 0.0
Capacidad MPE en RdD (MW): 0.0</description>
				<styleUrl>#554</styleUrl>
				<Point id="552">
					<coordinates>-15.4777571305863,27.8491922464682,0</coordinates>
				</Point>
			</Placemark>
			<Placemark id="578">
				<name>BECHI 220</name>
				<description>Nudo de transporte
----------------
Latitud: 39.9279814142767
Longitud: -0.178108727680869
----------------
BECHI 220
Capacidad MGES en RdT (MW): 0.0
Capacidad MPE en RdT (MW): 0.0
Capacidad MGES en RdD (MW): 0.0
Capacidad MPE en RdD (MW): 0.0</description>
				<styleUrl>#579</styleUrl>
				<Point id="577">
					<coordinates>-0.178108727680869,39.9279814142767,0</coordinates>
				</Point>
			</Placemark>
			<Placemark id="608">
				<name>BELINCHON 400</name>
				<description>Nudo de transporte
----------------
Latitud: 40.03431549
Longitud: -3.078841579
----------------
BELINCHON 400
Capacidad MGES en RdT (MW): 0.0
Capacidad MPE en RdT (MW): 0.0
Capacidad MGES en RdD (MW): 0.0
Capacidad MPE en RdD (MW): 0.0</description>
				<styleUrl>#609</styleUrl>
				<Point id="607">
					<coordinates>-3.078841579,40.03431549,0</coordinates>
				</Point>
			</Placemark>
			<Placemark id="613">
				<name>BELLICENS 220</name>
				<description>Nudo de transporte
----------------
Latitud: 41.1153845722066
Longitud: 1.16354777198245
----------------
BELLICENS 220
Capacidad MGES en RdT (MW): 0.0
Capacidad MPE en RdT (MW): 0.0
Capacidad MGES en RdD (MW): 0.0
Capacidad MPE en RdD (MW): 0.0</description>
				<styleUrl>#614</styleUrl>
				<Point id="612">
					<coordinates>1.16354777198245,41.1153845722066,0</coordinates>
				</Point>
			</Placemark>
			<Placemark id="618">
				<name>BENADRESA 220</name>
				<description>Nudo de transporte
----------------
Latitud: 40.003768034902826
Longitud: -0.08601320045368421
----------------
BENADRESA 220
Capacidad MGES en RdT (MW): 0.0
Capacidad MPE en RdT (MW): 0.0
Capacidad MGES en RdD (MW): 0.0
Capacidad MPE en RdD (MW): 0.0</description>
				<styleUrl>#619</styleUrl>
				<Point id="617">
					<coordinates>-0.08601320045368421,40.00376803490283,0</coordinates>
				</Point>
			</Placemark>
			<Placemark id="633">
				<name>BENEJAMA 400</name>
				<description>Nudo de transporte
----------------
Latitud: 38.7191353441526
Longitud: -0.722955595983349
----------------
BENEJAMA 400
Capacidad MGES en RdT (MW): 0.0
Capacidad MPE en RdT (MW): 0.0
Capacidad MGES en RdD (MW): 0.0
Capacidad MPE en RdD (MW): 0.0</description>
				<styleUrl>#634</styleUrl>
				<Point id="632">
					<coordinates>-0.722955595983349,38.7191353441526,0</coordinates>
				</Point>
			</Placemark>
			<Placemark id="643">
				<name>BENICULL 220</name>
				<description>Nudo de transporte
----------------
Latitud: 39.1848387958781
Longitud: -0.402517848405378
----------------
BENICULL 220
Capacidad MGES en RdT (MW): 0.0
Capacidad MPE en RdT (MW): 0.0
Capacidad MGES en RdD (MW): 0.0
Capacidad MPE en RdD (MW): 0.0</description>
				<styleUrl>#644</styleUrl>
				<Point id="642">
					<coordinates>-0.402517848405378,39.1848387958781,0</coordinates>
				</Point>
			</Placemark>
			<Placemark id="658">
				<name>BERJA 220</name>
				<description>Nudo de transporte
----------------
Latitud: 36.83466852
Longitud: -2.922174785
----------------
BERJA 220
Capacidad MGES en RdT (MW): 0.0
Capacidad MPE en RdT (MW): 0.0
Capacidad MGES en RdD (MW): 0.0
Capacidad MPE en RdD (MW): 0.0</description>
				<styleUrl>#6590</styleUrl>
				<Point id="657">
					<coordinates>-2.920801751941475,36.83441796799927,0</coordinates>
				</Point>
			</Placemark>
			<Placemark id="663">
				<name>BERNAT 220</name>
				<description>Nudo de transporte
----------------
Latitud: 39.1492691904393
Longitud: -0.459338972832642
----------------
BERNAT 220
Capacidad MGES en RdT (MW): 0.0
Capacidad MPE en RdT (MW): 0.0
Capacidad MGES en RdD (MW): 0.0
Capacidad MPE en RdD (MW): 0.0</description>
				<styleUrl>#664</styleUrl>
				<Point id="662">
					<coordinates>-0.459338972832642,39.1492691904393,0</coordinates>
				</Point>
			</Placemark>
			<Placemark id="678">
				<name>BESOS NUEVO 220</name>
				<description>Nudo de transporte
----------------
Latitud: 41.4201926114664
Longitud: 2.22817447574767
----------------
BESOS NUEVO 220
Capacidad MGES en RdT (MW): 0.0
Capacidad MPE en RdT (MW): 0.0
Capacidad MGES en RdD (MW): 0.0
Capacidad MPE en RdD (MW): 0.0</description>
				<styleUrl>#679</styleUrl>
				<Point id="677">
					<coordinates>2.22817447574767,41.4201926114664,0</coordinates>
				</Point>
			</Placemark>
			<Placemark id="688">
				<name>BIESCAS 220</name>
				<description>Nudo de transporte
----------------
Latitud: 42.6284102840219
Longitud: -0.315664947421348
----------------
BIESCAS 220
Capacidad MGES en RdT (MW): 0.0
Capacidad MPE en RdT (MW): 0.0
Capacidad MGES en RdD (MW): 0.0
Capacidad MPE en RdD (MW): 0.0</description>
				<styleUrl>#689</styleUrl>
				<Point id="687">
					<coordinates>-0.315664947421348,42.6284102840219,0</coordinates>
				</Point>
			</Placemark>
			<Placemark id="708">
				<name>BOLARQUE 220</name>
				<description>Nudo de transporte
----------------
Latitud: 40.36649424
Longitud: -2.828739006
----------------
BOLARQUE 220
Capacidad MGES en RdT (MW): 0.0
Capacidad MPE en RdT (MW): 0.0
Capacidad MGES en RdD (MW): 0.0
Capacidad MPE en RdD (MW): 0.0</description>
				<styleUrl>#709</styleUrl>
				<Point id="707">
					<coordinates>-2.828739006,40.36649424,0</coordinates>
				</Point>
			</Placemark>
			<Placemark id="713">
				<name>BOSSA 132</name>
				<description>Nudo de transporte
----------------
Latitud: 38.9046131532947
Longitud: 1.37798988892445
----------------
BOSSA 132
Capacidad MGES en RdT (MW): 0.0
Capacidad MPE en RdT (MW): 0.0
Capacidad MGES en RdD (MW): 0.0
Capacidad MPE en RdD (MW): 0.0</description>
				<styleUrl>#714</styleUrl>
				<Point id="712">
					<coordinates>1.37798988892445,38.9046131532947,0</coordinates>
				</Point>
			</Placemark>
			<Placemark id="723">
				<name>BRAZATORTAS 220</name>
				<description>Nudo de transporte
----------------
Latitud: 38.65305374
Longitud: -4.2536086310000005
----------------
BRAZATORTAS 220
Capacidad MGES en RdT (MW): 0.0
Capacidad MPE en RdT (MW): 0.0
Capacidad MGES en RdD (MW): 0.0
Capacidad MPE en RdD (MW): 0.0</description>
				<styleUrl>#724</styleUrl>
				<Point id="722">
					<coordinates>-4.253608631000001,38.65305374,0</coordinates>
				</Point>
			</Placemark>
			<Placemark id="728">
				<name>BROVALES 400</name>
				<description>Nudo de transporte
----------------
Latitud: 38.32195825
Longitud: -6.701576185
----------------
BROVALES 400
Capacidad MGES en RdT (MW): 0.0
Capacidad MPE en RdT (MW): 0.0
Capacidad MGES en RdD (MW): 0.0
Capacidad MPE en RdD (MW): 0.0</description>
				<styleUrl>#729</styleUrl>
				<Point id="727">
					<coordinates>-6.701576185,38.32195825,0</coordinates>
				</Point>
			</Placemark>
			<Placemark id="733">
				<name>BROVALES 220</name>
				<description>Nudo de transporte
----------------
Latitud: 38.32195825
Longitud: -6.701476185000001
----------------
BROVALES 220
Capacidad MGES en RdT (MW): 0.0
Capacidad MPE en RdT (MW): 0.0
Capacidad MGES en RdD (MW): 0.0
Capacidad MPE en RdD (MW): 0.0</description>
				<styleUrl>#734</styleUrl>
				<Point id="732">
					<coordinates>-6.701476185000001,38.32195825,0</coordinates>
				</Point>
			</Placemark>
			<Placemark id="738">
				<name>BUENAVISTA 220</name>
				<description>Nudo de transporte
----------------
Latitud: 40.3104688638831
Longitud: -3.75069000842357
----------------
BUENAVISTA 220
Capacidad MGES en RdT (MW): 0.0
Capacidad MPE en RdT (MW): 0.0
Capacidad MGES en RdD (MW): 0.0
Capacidad MPE en RdD (MW): 0.0</description>
				<styleUrl>#739</styleUrl>
				<Point id="737">
					<coordinates>-3.75069000842357,40.3104688638831,0</coordinates>
				</Point>
			</Placemark>
			<Placemark id="748">
				<name>BUENOS AIRES 220</name>
				<description>Nudo de transporte
----------------
Latitud: 28.45488
Longitud: -16.26882
----------------
BUENOS AIRES 220
Capacidad MGES en RdT (MW): 0.0
Capacidad MPE en RdT (MW): 0.0
Capacidad MGES en RdD (MW): 0.0
Capacidad MPE en RdD (MW): 0.0</description>
				<styleUrl>#749</styleUrl>
				<Point id="747">
					<coordinates>-16.26882,28.45488,0</coordinates>
				</Point>
			</Placemark>
			<Placemark id="788">
				<name>CALA MESQUIDA 132</name>
				<description>Nudo de transporte
----------------
Latitud: 39.7388821719565
Longitud: 3.42715963404003
----------------
CALA MESQUIDA 132
Capacidad MGES en RdT (MW): 0.0
Capacidad MPE en RdT (MW): 0.0
Capacidad MGES en RdD (MW): 0.0
Capacidad MPE en RdD (MW): 0.0</description>
				<styleUrl>#789</styleUrl>
				<Point id="787">
					<coordinates>3.42715963404003,39.7388821719565,0</coordinates>
				</Point>
			</Placemark>
			<Placemark id="803">
				<name>CALATORAO 220</name>
				<description>Nudo de transporte
----------------
Latitud: 41.5175413843621
Longitud: -1.33827673094107
----------------
CALATORAO 220
Capacidad MGES en RdT (MW): 0.0
Capacidad MPE en RdT (MW): 0.0
Capacidad MGES en RdD (MW): 0.0
Capacidad MPE en RdD (MW): 0.0</description>
				<styleUrl>#804</styleUrl>
				<Point id="802">
					<coordinates>-1.33827673094107,41.5175413843621,0</coordinates>
				</Point>
			</Placemark>
			<Placemark id="808">
				<name>CALDERS 400</name>
				<description>Nudo de transporte
----------------
Latitud: 41.7666806597289
Longitud: 1.93501718872833
----------------
CALDERS 400
Capacidad MGES en RdT (MW): 0.0
Capacidad MPE en RdT (MW): 0.0
Capacidad MGES en RdD (MW): 0.0
Capacidad MPE en RdD (MW): 0.0</description>
				<styleUrl>#809</styleUrl>
				<Point id="807">
					<coordinates>1.93501718872833,41.7666806597289,0</coordinates>
				</Point>
			</Placemark>
			<Placemark id="813">
				<name>CALERA Y CHOZAS 220</name>
				<description>Nudo de transporte
----------------
Latitud: 40.003015457467
Longitud: -4.82221739149449
----------------
CALERA Y CHOZAS 220
Capacidad MGES en RdT (MW): 0.0
Capacidad MPE en RdT (MW): 0.0
Capacidad MGES en RdD (MW): 0.0
Capacidad MPE en RdD (MW): 0.0</description>
				<styleUrl>#814</styleUrl>
				<Point id="812">
					<coordinates>-4.82221739149449,40.003015457467,0</coordinates>
				</Point>
			</Placemark>
			<Placemark id="818">
				<name>CALETILLAS 220</name>
				<description>Nudo de transporte
----------------
Latitud: 28.38357
Longitud: -16.36052
----------------
CALETILLAS 220
Capacidad MGES en RdT (MW): 0.0
Capacidad MPE en RdT (MW): 0.0
Capacidad MGES en RdD (MW): 0.0
Capacidad MPE en RdD (MW): 0.0</description>
				<styleUrl>#819</styleUrl>
				<Point id="817">
					<coordinates>-16.36052,28.38357,0</coordinates>
				</Point>
			</Placemark>
			<Placemark id="838">
				<name>CAMPANARIO 400</name>
				<description>Nudo de transporte
----------------
Latitud: 38.88300744
Longitud: -1.278311285
----------------
CAMPANARIO 400
Capacidad MGES en RdT (MW): 0.0
Capacidad MPE en RdT (MW): 0.0
Capacidad MGES en RdD (MW): 0.0
Capacidad MPE en RdD (MW): 0.0</description>
				<styleUrl>#839</styleUrl>
				<Point id="837">
					<coordinates>-1.278311285,38.88300744,0</coordinates>
				</Point>
			</Placemark>
			<Placemark id="853">
				<name>CAMPOS 400</name>
				<description>Nudo de transporte
----------------
Latitud: 38.0619737241743
Longitud: -1.39285952705135
----------------
CAMPOS 400
Capacidad MGES en RdT (MW): 0.0
Capacidad MPE en RdT (MW): 0.0
Capacidad MGES en RdD (MW): 0.0
Capacidad MPE en RdD (MW): 0.0</description>
				<styleUrl>#854</styleUrl>
				<Point id="852">
					<coordinates>-1.39285952705135,38.0619737241743,0</coordinates>
				</Point>
			</Placemark>
			<Placemark id="858">
				<name>CAN BARBA 400</name>
				<description>Nudo de transporte
----------------
Latitud: 41.5524192523958
Longitud: 2.05667272052464
----------------
CAN BARBA 400
Capacidad MGES en RdT (MW): 0.0
Capacidad MPE en RdT (MW): 0.0
Capacidad MGES en RdD (MW): 0.0
Capacidad MPE en RdD (MW): 0.0</description>
				<styleUrl>#859</styleUrl>
				<Point id="857">
					<coordinates>2.05667272052464,41.5524192523958,0</coordinates>
				</Point>
			</Placemark>
			<Placemark id="863">
				<name>CAN JARDI 400</name>
				<description>Nudo de transporte
----------------
Latitud: 41.47522096626759
Longitud: 2.023079515902885
----------------
CAN JARDI 400
Capacidad MGES en RdT (MW): 0.0
Capacidad MPE en RdT (MW): 0.0
Capacidad MGES en RdD (MW): 0.0
Capacidad MPE en RdD (MW): 0.0</description>
				<styleUrl>#864</styleUrl>
				<Point id="862">
					<coordinates>2.023079515902885,41.47522096626759,0</coordinates>
				</Point>
			</Placemark>
			<Placemark id="873">
				<name>CAN JARDI B 220</name>
				<description>Nudo de transporte
----------------
Latitud: 41.4740834838937
Longitud: 2.02434318346822
----------------
CAN JARDI B 220
Capacidad MGES en RdT (MW): 0.0
Capacidad MPE en RdT (MW): 0.0
Capacidad MGES en RdD (MW): 0.0
Capacidad MPE en RdD (MW): 0.0</description>
				<styleUrl>#874</styleUrl>
				<Point id="872">
					<coordinates>2.02434318346822,41.4740834838937,0</coordinates>
				</Point>
			</Placemark>
			<Placemark id="883">
				<name>CANDELARIA 220</name>
				<description>Nudo de transporte
----------------
Latitud: 28.3821490758479
Longitud: -16.3585542365254
----------------
CANDELARIA 220
Capacidad MGES en RdT (MW): 0.0
Capacidad MPE en RdT (MW): 0.0
Capacidad MGES en RdD (MW): 0.0
Capacidad MPE en RdD (MW): 0.0</description>
				<styleUrl>#884</styleUrl>
				<Point id="882">
					<coordinates>-16.3585542365254,28.3821490758479,0</coordinates>
				</Point>
			</Placemark>
			<Placemark id="888">
				<name>CANDELARIA 66</name>
				<description>Nudo de transporte
----------------
Latitud: 28.3821490758479
Longitud: -16.3584542365254
----------------
CANDELARIA 66
Capacidad MGES en RdT (MW): 0.0
Capacidad MPE en RdT (MW): 0.0
Capacidad MGES en RdD (MW): 0.0
Capacidad MPE en RdD (MW): 0.0</description>
				<styleUrl>#889</styleUrl>
				<Point id="887">
					<coordinates>-16.3584542365254,28.3821490758479,0</coordinates>
				</Point>
			</Placemark>
			<Placemark id="893">
				<name>CANDELARIA B 66</name>
				<description>Nudo de transporte
----------------
Latitud: 28.3817861332826
Longitud: -16.3580073881132
----------------
CANDELARIA B 66
Capacidad MGES en RdT (MW): 0.0
Capacidad MPE en RdT (MW): 0.0
Capacidad MGES en RdD (MW): 0.0
Capacidad MPE en RdD (MW): 0.0</description>
				<styleUrl>#894</styleUrl>
				<Point id="892">
					<coordinates>-16.3580073881132,28.3817861332826,0</coordinates>
				</Point>
			</Placemark>
			<Placemark id="903">
				<name>CANYET 220</name>
				<description>Nudo de transporte
----------------
Latitud: 41.4661107683736
Longitud: 2.23457066570966
----------------
CANYET 220
Capacidad MGES en RdT (MW): 0.0
Capacidad MPE en RdT (MW): 0.0
Capacidad MGES en RdD (MW): 0.0
Capacidad MPE en RdD (MW): 0.0</description>
				<styleUrl>#904</styleUrl>
				<Point id="902">
					<coordinates>2.23457066570966,41.4661107683736,0</coordinates>
				</Point>
			</Placemark>
			<Placemark id="953">
				<name>CARMONITA 400</name>
				<description>Nudo de transporte
----------------
Latitud: 39.0950059328594
Longitud: -6.36966370024389
----------------
CARMONITA 400
Capacidad MGES en RdT (MW): 0.0
Capacidad MPE en RdT (MW): 0.0
Capacidad MGES en RdD (MW): 0.0
Capacidad MPE en RdD (MW): 0.0</description>
				<styleUrl>#954</styleUrl>
				<Point id="952">
					<coordinates>-6.369663700243889,39.0950059328594,0</coordinates>
				</Point>
			</Placemark>
			<Placemark id="968">
				<name>CARRIZAL 66</name>
				<description>Nudo de transporte
----------------
Latitud: 27.9139488907714
Longitud: -15.4233926465448
----------------
CARRIZAL 66
Capacidad MGES en RdT (MW): 0.0
Capacidad MPE en RdT (MW): 0.0
Capacidad MGES en RdD (MW): 0.0
Capacidad MPE en RdD (MW): 0.0</description>
				<styleUrl>#969</styleUrl>
				<Point id="967">
					<coordinates>-15.4233926465448,27.9139488907714,0</coordinates>
				</Point>
			</Placemark>
			<Placemark id="973">
				<name>CARROYUELAS 220</name>
				<description>Nudo de transporte
----------------
Latitud: 39.48434194875424
Longitud: -3.5809051298663745
----------------
CARROYUELAS 220
Capacidad MGES en RdT (MW): 0.0
Capacidad MPE en RdT (MW): 0.0
Capacidad MGES en RdD (MW): 0.0
Capacidad MPE en RdD (MW): 0.0</description>
				<styleUrl>#974</styleUrl>
				<Point id="972">
					<coordinates>-3.580905129866375,39.48434194875424,0</coordinates>
				</Point>
			</Placemark>
			<Placemark id="993">
				<name>CARTELLE 220</name>
				<description>Nudo de transporte
----------------
Latitud: 42.25634295
Longitud: -8.057049726
----------------
CARTELLE 220
Capacidad MGES en RdT (MW): 0.0
Capacidad MPE en RdT (MW): 0.0
Capacidad MGES en RdD (MW): 0.0
Capacidad MPE en RdD (MW): 0.0</description>
				<styleUrl>#994</styleUrl>
				<Point id="992">
					<coordinates>-8.057049726000001,42.25634295,0</coordinates>
				</Point>
			</Placemark>
			<Placemark id="1003">
				<name>CARTUJOS 220</name>
				<description>Nudo de transporte
----------------
Latitud: 41.58979917420089
Longitud: -0.8425723664584384
----------------
CARTUJOS 220
Capacidad MGES en RdT (MW): 0.0
Capacidad MPE en RdT (MW): 0.0
Capacidad MGES en RdD (MW): 0.0
Capacidad MPE en RdD (MW): 0.0</description>
				<styleUrl>#1004</styleUrl>
				<Point id="1002">
					<coordinates>-0.8425723664584384,41.58979917420089,0</coordinates>
				</Point>
			</Placemark>
			<Placemark id="1008">
				<name>CA&apos;S TRESORER 220</name>
				<description>Nudo de transporte
----------------
Latitud: 39.56664646083468
Longitud: 2.6873625101894483
----------------
CA&apos;S TRESORER 220
Capacidad MGES en RdT (MW): 0.0
Capacidad MPE en RdT (MW): 0.0
Capacidad MGES en RdD (MW): 0.0
Capacidad MPE en RdD (MW): 0.0</description>
				<styleUrl>#1009</styleUrl>
				<Point id="1007">
					<coordinates>2.687362510189448,39.56664646083468,0</coordinates>
				</Point>
			</Placemark>
			<Placemark id="1013">
				<name>CA&apos;S TRESORER 66</name>
				<description>Nudo de transporte
----------------
Latitud: 39.5666516905724
Longitud: 2.6877555164201103
----------------
CA&apos;S TRESORER 66
Capacidad MGES en RdT (MW): 0.0
Capacidad MPE en RdT (MW): 0.0
Capacidad MGES en RdD (MW): 0.0
Capacidad MPE en RdD (MW): 0.0</description>
				<styleUrl>#1014</styleUrl>
				<Point id="1012">
					<coordinates>2.68775551642011,39.5666516905724,0</coordinates>
				</Point>
			</Placemark>
			<Placemark id="1018">
				<name>CASA DE CAMPO 220</name>
				<description>Nudo de transporte
----------------
Latitud: 40.43591006
Longitud: -3.74077228
----------------
CASA DE CAMPO 220
Capacidad MGES en RdT (MW): 0.0
Capacidad MPE en RdT (MW): 0.0
Capacidad MGES en RdD (MW): 0.0
Capacidad MPE en RdD (MW): 0.0</description>
				<styleUrl>#1019</styleUrl>
				<Point id="1017">
					<coordinates>-3.74077228,40.43591006,0</coordinates>
				</Point>
			</Placemark>
			<Placemark id="1023">
				<name>CASAQUEMADA 220</name>
				<description>Nudo de transporte
----------------
Latitud: 37.44048198
Longitud: -6.266260046
----------------
CASAQUEMADA 220
Capacidad MGES en RdT (MW): 0.0
Capacidad MPE en RdT (MW): 0.0
Capacidad MGES en RdD (MW): 0.0
Capacidad MPE en RdD (MW): 0.0</description>
				<styleUrl>#1024</styleUrl>
				<Point id="1022">
					<coordinates>-6.266260046,37.44048198,0</coordinates>
				</Point>
			</Placemark>
			<Placemark id="1028">
				<name>CASATEJADA 220</name>
				<description>Nudo de transporte
----------------
Latitud: 39.97726892
Longitud: -5.702381948
----------------
CASATEJADA 220
Capacidad MGES en RdT (MW): 0.0
Capacidad MPE en RdT (MW): 0.0
Capacidad MGES en RdD (MW): 0.0
Capacidad MPE en RdD (MW): 0.0</description>
				<styleUrl>#1029</styleUrl>
				<Point id="1027">
					<coordinates>-5.702381948,39.97726892,0</coordinates>
				</Point>
			</Placemark>
			<Placemark id="1033">
				<name>CASILLAS 220</name>
				<description>Nudo de transporte
----------------
Latitud: 37.857904602862
Longitud: -4.81271317647177
----------------
CASILLAS 220
Capacidad MGES en RdT (MW): 0.0
Capacidad MPE en RdT (MW): 0.0
Capacidad MGES en RdD (MW): 0.0
Capacidad MPE en RdD (MW): 0.0</description>
				<styleUrl>#1034</styleUrl>
				<Point id="1032">
					<coordinates>-4.81271317647177,37.857904602862,0</coordinates>
				</Point>
			</Placemark>
			<Placemark id="1063">
				<name>CASTELLON, C.T. 400</name>
				<description>Nudo de transporte
----------------
Latitud: 39.958583369134395
Longitud: -0.002655200784125622
----------------
CASTELLON, C.T. 400
Capacidad MGES en RdT (MW): 0.0
Capacidad MPE en RdT (MW): 0.0
Capacidad MGES en RdD (MW): 0.0
Capacidad MPE en RdD (MW): 0.0</description>
				<styleUrl>#1064</styleUrl>
				<Point id="1062">
					<coordinates>-0.002655200784125622,39.9585833691344,0</coordinates>
				</Point>
			</Placemark>
			<Placemark id="1073">
				<name>CATADAU 400</name>
				<description>Nudo de transporte
----------------
Latitud: 39.2508643607815
Longitud: -0.561441682481649
----------------
CATADAU 400
Capacidad MGES en RdT (MW): 0.0
Capacidad MPE en RdT (MW): 0.0
Capacidad MGES en RdD (MW): 0.0
Capacidad MPE en RdD (MW): 0.0</description>
				<styleUrl>#1074</styleUrl>
				<Point id="1072">
					<coordinates>-0.5614416824816491,39.2508643607815,0</coordinates>
				</Point>
			</Placemark>
			<Placemark id="1078">
				<name>CATADAU 220</name>
				<description>Nudo de transporte
----------------
Latitud: 39.2508643607815
Longitud: -0.5613416824816491
----------------
CATADAU 220
Capacidad MGES en RdT (MW): 0.0
Capacidad MPE en RdT (MW): 0.0
Capacidad MGES en RdD (MW): 0.0
Capacidad MPE en RdD (MW): 0.0</description>
				<styleUrl>#1079</styleUrl>
				<Point id="1077">
					<coordinates>-0.5613416824816491,39.2508643607815,0</coordinates>
				</Point>
			</Placemark>
			<Placemark id="1083">
				<name>CEDILLO 400</name>
				<description>Nudo de transporte
----------------
Latitud: 39.66621535
Longitud: -7.53210506
----------------
CEDILLO 400
Capacidad MGES en RdT (MW): 0.0
Capacidad MPE en RdT (MW): 0.0
Capacidad MGES en RdD (MW): 0.0
Capacidad MPE en RdD (MW): 0.0</description>
				<styleUrl>#1084</styleUrl>
				<Point id="1082">
					<coordinates>-7.53210506,39.66621535,0</coordinates>
				</Point>
			</Placemark>
			<Placemark id="1088">
				<name>CENTELLES 220</name>
				<description>Nudo de transporte
----------------
Latitud: 41.8081042948289
Longitud: 2.21221412806832
----------------
CENTELLES 220
Capacidad MGES en RdT (MW): 0.0
Capacidad MPE en RdT (MW): 0.0
Capacidad MGES en RdD (MW): 0.0
Capacidad MPE en RdD (MW): 0.0</description>
				<styleUrl>#1089</styleUrl>
				<Point id="1087">
					<coordinates>2.21221412806832,41.8081042948289,0</coordinates>
				</Point>
			</Placemark>
			<Placemark id="1093">
				<name>CENTENARIO 220</name>
				<description>Nudo de transporte
----------------
Latitud: 37.39400795
Longitud: -6.011337871
----------------
CENTENARIO 220
Capacidad MGES en RdT (MW): 0.0
Capacidad MPE en RdT (MW): 0.0
Capacidad MGES en RdD (MW): 0.0
Capacidad MPE en RdD (MW): 0.0</description>
				<styleUrl>#1094</styleUrl>
				<Point id="1092">
					<coordinates>-6.011337871,37.39400795,0</coordinates>
				</Point>
			</Placemark>
			<Placemark id="1098">
				<name>CERCS 220</name>
				<description>Nudo de transporte
----------------
Latitud: 42.1742939831694
Longitud: 1.85494670255879
----------------
CERCS 220
Capacidad MGES en RdT (MW): 0.0
Capacidad MPE en RdT (MW): 0.0
Capacidad MGES en RdD (MW): 0.0
Capacidad MPE en RdD (MW): 0.0</description>
				<styleUrl>#1099</styleUrl>
				<Point id="1097">
					<coordinates>1.85494670255879,42.1742939831694,0</coordinates>
				</Point>
			</Placemark>
			<Placemark id="1108">
				<name>CERRATO 400</name>
				<description>Nudo de transporte
----------------
Latitud: 41.8889249075831
Longitud: -4.38200131450448
----------------
CERRATO 400
Capacidad MGES en RdT (MW): 0.0
Capacidad MPE en RdT (MW): 0.0
Capacidad MGES en RdD (MW): 0.0
Capacidad MPE en RdD (MW): 0.0</description>
				<styleUrl>#1109</styleUrl>
				<Point id="1107">
					<coordinates>-4.38200131450448,41.8889249075831,0</coordinates>
				</Point>
			</Placemark>
			<Placemark id="1123">
				<name>CHANTADA 220</name>
				<description>Nudo de transporte
----------------
Latitud: 42.62534576
Longitud: -7.768633563
----------------
CHANTADA 220
Capacidad MGES en RdT (MW): 0.0
Capacidad MPE en RdT (MW): 0.0
Capacidad MGES en RdD (MW): 0.0
Capacidad MPE en RdD (MW): 0.0</description>
				<styleUrl>#1124</styleUrl>
				<Point id="1122">
					<coordinates>-7.768633563,42.62534576,0</coordinates>
				</Point>
			</Placemark>
			<Placemark id="1133">
				<name>CHIO 66</name>
				<description>Nudo de transporte
----------------
Latitud: 28.2211013797442
Longitud: -16.8041652110471
----------------
CHIO 66
Capacidad MGES en RdT (MW): 0.0
Capacidad MPE en RdT (MW): 0.0
Capacidad MGES en RdD (MW): 0.0
Capacidad MPE en RdD (MW): 0.0</description>
				<styleUrl>#1134</styleUrl>
				<Point id="1132">
					<coordinates>-16.8041652110471,28.2211013797442,0</coordinates>
				</Point>
			</Placemark>
			<Placemark id="1153">
				<name>CINCA 220</name>
				<description>Nudo de transporte
----------------
Latitud: 41.9241203722257
Longitud: 0.194104604677651
----------------
CINCA 220
Capacidad MGES en RdT (MW): 0.0
Capacidad MPE en RdT (MW): 0.0
Capacidad MGES en RdD (MW): 0.0
Capacidad MPE en RdD (MW): 0.0</description>
				<styleUrl>#1154</styleUrl>
				<Point id="1152">
					<coordinates>0.194104604677651,41.9241203722257,0</coordinates>
				</Point>
			</Placemark>
			<Placemark id="1158">
				<name>CINSA 66</name>
				<description>Nudo de transporte
----------------
Latitud: 27.9780867438454
Longitud: -15.383345357607
----------------
CINSA 66
Capacidad MGES en RdT (MW): 0.0
Capacidad MPE en RdT (MW): 0.0
Capacidad MGES en RdD (MW): 0.0
Capacidad MPE en RdD (MW): 0.0</description>
				<styleUrl>#1159</styleUrl>
				<Point id="1157">
					<coordinates>-15.383345357607,27.9780867438454,0</coordinates>
				</Point>
			</Placemark>
			<Placemark id="1163">
				<name>CISNEROS 220</name>
				<description>Nudo de transporte
----------------
Latitud: 40.5261368817741
Longitud: -3.29195401976344
----------------
CISNEROS 220
Capacidad MGES en RdT (MW): 0.0
Capacidad MPE en RdT (MW): 0.0
Capacidad MGES en RdD (MW): 0.0
Capacidad MPE en RdD (MW): 0.0</description>
				<styleUrl>#1164</styleUrl>
				<Point id="1162">
					<coordinates>-3.29195401976344,40.5261368817741,0</coordinates>
				</Point>
			</Placemark>
			<Placemark id="1178">
				<name>CIUDADELA 132</name>
				<description>Nudo de transporte
----------------
Latitud: 40.0034424007574
Longitud: 3.85516107577998
----------------
CIUDADELA 132
Capacidad MGES en RdT (MW): 0.0
Capacidad MPE en RdT (MW): 0.0
Capacidad MGES en RdD (MW): 0.0
Capacidad MPE en RdD (MW): 0.0</description>
				<styleUrl>#1179</styleUrl>
				<Point id="1177">
					<coordinates>3.85516107577998,40.0034424007574,0</coordinates>
				</Point>
			</Placemark>
			<Placemark id="1188">
				<name>COFRENTES 400</name>
				<description>Nudo de transporte
----------------
Latitud: 39.214207380968
Longitud: -1.05426902138201
----------------
COFRENTES 400
Capacidad MGES en RdT (MW): 0.0
Capacidad MPE en RdT (MW): 0.0
Capacidad MGES en RdD (MW): 0.0
Capacidad MPE en RdD (MW): 0.0</description>
				<styleUrl>#1189</styleUrl>
				<Point id="1187">
					<coordinates>-1.05426902138201,39.214207380968,0</coordinates>
				</Point>
			</Placemark>
			<Placemark id="1203">
				<name>COMPLUTUM 220</name>
				<description>Nudo de transporte
----------------
Latitud: 40.4723319929077
Longitud: -3.38751814979147
----------------
COMPLUTUM 220
Capacidad MGES en RdT (MW): 0.0
Capacidad MPE en RdT (MW): 0.0
Capacidad MGES en RdD (MW): 0.0
Capacidad MPE en RdD (MW): 0.0</description>
				<styleUrl>#1204</styleUrl>
				<Point id="1202">
					<coordinates>-3.38751814979147,40.4723319929077,0</coordinates>
				</Point>
			</Placemark>
			<Placemark id="1208">
				<name>COMPOSTILLA 400</name>
				<description>Nudo de transporte
----------------
Latitud: 42.5606568246996
Longitud: -6.60507289656709
----------------
COMPOSTILLA 400
Capacidad MGES en RdT (MW): 0.0
Capacidad MPE en RdT (MW): 0.0
Capacidad MGES en RdD (MW): 0.0
Capacidad MPE en RdD (MW): 0.0</description>
				<styleUrl>#1209</styleUrl>
				<Point id="1207">
					<coordinates>-6.605072896567089,42.5606568246996,0</coordinates>
				</Point>
			</Placemark>
			<Placemark id="1228">
				<name>CORDOVILLA 220</name>
				<description>Nudo de transporte
----------------
Latitud: 42.78805584
Longitud: -1.633797423
----------------
CORDOVILLA 220
Capacidad MGES en RdT (MW): 0.0
Capacidad MPE en RdT (MW): 0.0
Capacidad MGES en RdD (MW): 0.0
Capacidad MPE en RdD (MW): 0.0</description>
				<styleUrl>#1229</styleUrl>
				<Point id="1227">
					<coordinates>-1.633797423,42.78805584,0</coordinates>
				</Point>
			</Placemark>
			<Placemark id="1233">
				<name>CORNATEL 220</name>
				<description>Nudo de transporte
----------------
Latitud: 42.47254113
Longitud: -6.813470694
----------------
CORNATEL 220
Capacidad MGES en RdT (MW): 0.0
Capacidad MPE en RdT (MW): 0.0
Capacidad MGES en RdD (MW): 0.0
Capacidad MPE en RdD (MW): 0.0</description>
				<styleUrl>#1234</styleUrl>
				<Point id="1232">
					<coordinates>-6.813470694,42.47254113,0</coordinates>
				</Point>
			</Placemark>
			<Placemark id="1238">
				<name>CORRALEJO 66</name>
				<description>Nudo de transporte
----------------
Latitud: 28.7135935859669
Longitud: -13.8774197909048
----------------
CORRALEJO 66
Capacidad MGES en RdT (MW): 0.0
Capacidad MPE en RdT (MW): 0.0
Capacidad MGES en RdD (MW): 0.0
Capacidad MPE en RdD (MW): 0.0</description>
				<styleUrl>#1239</styleUrl>
				<Point id="1237">
					<coordinates>-13.8774197909048,28.7135935859669,0</coordinates>
				</Point>
			</Placemark>
			<Placemark id="1243">
				<name>COSLADA 220</name>
				<description>Nudo de transporte
----------------
Latitud: 40.4225467094042
Longitud: -3.57565637149607
----------------
COSLADA 220
Capacidad MGES en RdT (MW): 0.0
Capacidad MPE en RdT (MW): 0.0
Capacidad MGES en RdD (MW): 0.0
Capacidad MPE en RdD (MW): 0.0</description>
				<styleUrl>#1244</styleUrl>
				<Point id="1242">
					<coordinates>-3.57565637149607,40.4225467094042,0</coordinates>
				</Point>
			</Placemark>
			<Placemark id="1253">
				<name>COSTA DE LA LUZ 220</name>
				<description>Nudo de transporte
----------------
Latitud: 37.30713125
Longitud: -7.207606468
----------------
COSTA DE LA LUZ 220
Capacidad MGES en RdT (MW): 0.0
Capacidad MPE en RdT (MW): 0.0
Capacidad MGES en RdD (MW): 0.0
Capacidad MPE en RdD (MW): 0.0</description>
				<styleUrl>#1254</styleUrl>
				<Point id="1252">
					<coordinates>-7.207606467999999,37.30713125,0</coordinates>
				</Point>
			</Placemark>
			<Placemark id="1263">
				<name>CRISTOBAL COLON 220</name>
				<description>Nudo de transporte
----------------
Latitud: 37.21869129
Longitud: -6.942883666
----------------
CRISTOBAL COLON 220
Capacidad MGES en RdT (MW): 0.0
Capacidad MPE en RdT (MW): 0.0
Capacidad MGES en RdD (MW): 0.0
Capacidad MPE en RdD (MW): 0.0</description>
				<styleUrl>#1264</styleUrl>
				<Point id="1262">
					<coordinates>-6.942883666000001,37.21869129,0</coordinates>
				</Point>
			</Placemark>
			<Placemark id="1273">
				<name>DAGANZO 220</name>
				<description>Nudo de transporte
----------------
Latitud: 40.554106390385535
Longitud: -3.478618809210284
----------------
DAGANZO 220
Capacidad MGES en RdT (MW): 0.0
Capacidad MPE en RdT (MW): 0.0
Capacidad MGES en RdD (MW): 0.0
Capacidad MPE en RdD (MW): 0.0</description>
				<styleUrl>#1274</styleUrl>
				<Point id="1272">
					<coordinates>-3.478618809210284,40.55410639038553,0</coordinates>
				</Point>
			</Placemark>
			<Placemark id="1288">
				<name>DON RODRIGO 400</name>
				<description>Nudo de transporte
----------------
Latitud: 37.24670881
Longitud: -5.841857603
----------------
DON RODRIGO 400
Capacidad MGES en RdT (MW): 0.0
Capacidad MPE en RdT (MW): 0.0
Capacidad MGES en RdD (MW): 0.0
Capacidad MPE en RdD (MW): 0.0</description>
				<styleUrl>#1289</styleUrl>
				<Point id="1287">
					<coordinates>-5.841857603,37.24670881,0</coordinates>
				</Point>
			</Placemark>
			<Placemark id="1308">
				<name>DRAGO 66</name>
				<description>Nudo de transporte
----------------
Latitud: 28.347102469836
Longitud: -16.7236896118243
----------------
DRAGO 66
Capacidad MGES en RdT (MW): 0.0
Capacidad MPE en RdT (MW): 0.0
Capacidad MGES en RdD (MW): 0.0
Capacidad MPE en RdD (MW): 0.0</description>
				<styleUrl>#1309</styleUrl>
				<Point id="1307">
					<coordinates>-16.7236896118243,28.347102469836,0</coordinates>
				</Point>
			</Placemark>
			<Placemark id="1313">
				<name>DRAGONERA 132</name>
				<description>Nudo de transporte
----------------
Latitud: 39.890981286486
Longitud: 4.23659605192988
----------------
DRAGONERA 132
Capacidad MGES en RdT (MW): 0.0
Capacidad MPE en RdT (MW): 0.0
Capacidad MGES en RdD (MW): 0.0
Capacidad MPE en RdD (MW): 0.0</description>
				<styleUrl>#1314</styleUrl>
				<Point id="1312">
					<coordinates>4.23659605192988,39.890981286486,0</coordinates>
				</Point>
			</Placemark>
			<Placemark id="1323">
				<name>EIRIS 220</name>
				<description>Nudo de transporte
----------------
Latitud: 43.34301614
Longitud: -8.397827461
----------------
EIRIS 220
Capacidad MGES en RdT (MW): 0.0
Capacidad MPE en RdT (MW): 0.0
Capacidad MGES en RdD (MW): 0.0
Capacidad MPE en RdD (MW): 0.0</description>
				<styleUrl>#1324</styleUrl>
				<Point id="1322">
					<coordinates>-8.397827461,43.34301614,0</coordinates>
				</Point>
			</Placemark>
			<Placemark id="1333">
				<name>EL CANTALAR 220</name>
				<description>Nudo de transporte
----------------
Latitud: 38.424510309577
Longitud: -0.420584086256954
----------------
EL CANTALAR 220
Capacidad MGES en RdT (MW): 0.0
Capacidad MPE en RdT (MW): 0.0
Capacidad MGES en RdD (MW): 0.0
Capacidad MPE en RdD (MW): 0.0</description>
				<styleUrl>#1334</styleUrl>
				<Point id="1332">
					<coordinates>-0.420584086256954,38.424510309577,0</coordinates>
				</Point>
			</Placemark>
			<Placemark id="1338">
				<name>EL CERRO 220</name>
				<description>Nudo de transporte
----------------
Latitud: 42.733352101971
Longitud: -3.64961738297704
----------------
EL CERRO 220
Capacidad MGES en RdT (MW): 0.0
Capacidad MPE en RdT (MW): 0.0
Capacidad MGES en RdD (MW): 0.0
Capacidad MPE en RdD (MW): 0.0</description>
				<styleUrl>#1339</styleUrl>
				<Point id="1337">
					<coordinates>-3.64961738297704,42.733352101971,0</coordinates>
				</Point>
			</Placemark>
			<Placemark id="1343">
				<name>EL CONDADO 220</name>
				<description>Nudo de transporte
----------------
Latitud: 37.1847421016431
Longitud: -6.88278022341347
----------------
EL CONDADO 220
Capacidad MGES en RdT (MW): 0.0
Capacidad MPE en RdT (MW): 0.0
Capacidad MGES en RdD (MW): 0.0
Capacidad MPE en RdD (MW): 0.0</description>
				<styleUrl>#1344</styleUrl>
				<Point id="1342">
					<coordinates>-6.882780223413471,37.1847421016431,0</coordinates>
				</Point>
			</Placemark>
			<Placemark id="1353">
				<name>EL EMPERADOR 220</name>
				<description>Nudo de transporte
----------------
Latitud: 39.3407030115364
Longitud: -3.87204088800302
----------------
EL EMPERADOR 220
Capacidad MGES en RdT (MW): 0.0
Capacidad MPE en RdT (MW): 0.0
Capacidad MGES en RdD (MW): 0.0
Capacidad MPE en RdD (MW): 0.0</description>
				<styleUrl>#1354</styleUrl>
				<Point id="1352">
					<coordinates>-3.87204088800302,39.3407030115364,0</coordinates>
				</Point>
			</Placemark>
			<Placemark id="1363">
				<name>EL PALMAR 400</name>
				<description>Nudo de transporte
----------------
Latitud: 37.94076929
Longitud: -1.188240078
----------------
EL PALMAR 400
Capacidad MGES en RdT (MW): 0.0
Capacidad MPE en RdT (MW): 0.0
Capacidad MGES en RdD (MW): 0.0
Capacidad MPE en RdD (MW): 0.0</description>
				<styleUrl>#1364</styleUrl>
				<Point id="1362">
					<coordinates>-1.188240078,37.94076929,0</coordinates>
				</Point>
			</Placemark>
			<Placemark id="1393">
				<name>EL ROSARIO 220</name>
				<description>Nudo de transporte
----------------
Latitud: 28.4506131388896
Longitud: -16.3406767236989
----------------
EL ROSARIO 220
Capacidad MGES en RdT (MW): 0.0
Capacidad MPE en RdT (MW): 0.0
Capacidad MGES en RdD (MW): 0.0
Capacidad MPE en RdD (MW): 0.0</description>
				<styleUrl>#1394</styleUrl>
				<Point id="1392">
					<coordinates>-16.3406767236989,28.4506131388896,0</coordinates>
				</Point>
			</Placemark>
			<Placemark id="1398">
				<name>EL ROSARIO 66</name>
				<description>Nudo de transporte
----------------
Latitud: 28.4506131388896
Longitud: -16.3405767236989
----------------
EL ROSARIO 66
Capacidad MGES en RdT (MW): 0.0
Capacidad MPE en RdT (MW): 0.0
Capacidad MGES en RdD (MW): 0.0
Capacidad MPE en RdD (MW): 0.0</description>
				<styleUrl>#1399</styleUrl>
				<Point id="1397">
					<coordinates>-16.3405767236989,28.4506131388896,0</coordinates>
				</Point>
			</Placemark>
			<Placemark id="1408">
				<name>EL SERRALLO 220</name>
				<description>Nudo de transporte
----------------
Latitud: 39.9580396367641
Longitud: -0.00454791234261563
----------------
EL SERRALLO 220
Capacidad MGES en RdT (MW): 0.0
Capacidad MPE en RdT (MW): 0.0
Capacidad MGES en RdD (MW): 0.0
Capacidad MPE en RdD (MW): 0.0</description>
				<styleUrl>#1409</styleUrl>
				<Point id="1407">
					<coordinates>-0.00454791234261563,39.9580396367641,0</coordinates>
				</Point>
			</Placemark>
			<Placemark id="1413">
				<name>EL TABLERO 66</name>
				<description>Nudo de transporte
----------------
Latitud: 27.7647025834365
Longitud: -15.6069772965495
----------------
EL TABLERO 66
Capacidad MGES en RdT (MW): 0.0
Capacidad MPE en RdT (MW): 0.0
Capacidad MGES en RdD (MW): 0.0
Capacidad MPE en RdD (MW): 0.0</description>
				<styleUrl>#1414</styleUrl>
				<Point id="1412">
					<coordinates>-15.6069772965495,27.7647025834365,0</coordinates>
				</Point>
			</Placemark>
			<Placemark id="1428">
				<name>ELCOGAS 220</name>
				<description>Nudo de transporte
----------------
Latitud: 38.65902325
Longitud: -3.985895064
----------------
ELCOGAS 220
Capacidad MGES en RdT (MW): 0.0
Capacidad MPE en RdT (MW): 0.0
Capacidad MGES en RdD (MW): 0.0
Capacidad MPE en RdD (MW): 0.0</description>
				<styleUrl>#1429</styleUrl>
				<Point id="1427">
					<coordinates>-3.985895064,38.65902325,0</coordinates>
				</Point>
			</Placemark>
			<Placemark id="1443">
				<name>ELIANA 400</name>
				<description>Nudo de transporte
----------------
Latitud: 39.5548072801204
Longitud: -0.510128570946234
----------------
ELIANA 400
Capacidad MGES en RdT (MW): 0.0
Capacidad MPE en RdT (MW): 0.0
Capacidad MGES en RdD (MW): 0.0
Capacidad MPE en RdD (MW): 0.0</description>
				<styleUrl>#1444</styleUrl>
				<Point id="1442">
					<coordinates>-0.510128570946234,39.5548072801204,0</coordinates>
				</Point>
			</Placemark>
			<Placemark id="1468">
				<name>ENTRENUCLEOS 220</name>
				<description>Nudo de transporte
----------------
Latitud: 37.2986344402003
Longitud: -5.90596914567799
----------------
ENTRENUCLEOS 220
Capacidad MGES en RdT (MW): 0.0
Capacidad MPE en RdT (MW): 0.0
Capacidad MGES en RdD (MW): 0.0
Capacidad MPE en RdD (MW): 0.0</description>
				<styleUrl>#1469</styleUrl>
				<Point id="1467">
					<coordinates>-5.90596914567799,37.2986344402003,0</coordinates>
				</Point>
			</Placemark>
			<Placemark id="1473">
				<name>ENTRERRIOS 220</name>
				<description>Nudo de transporte
----------------
Latitud: 41.7485848116554
Longitud: -1.18682684601591
----------------
ENTRERRIOS 220
Capacidad MGES en RdT (MW): 0.0
Capacidad MPE en RdT (MW): 0.0
Capacidad MGES en RdD (MW): 0.0
Capacidad MPE en RdD (MW): 0.0</description>
				<styleUrl>#1474</styleUrl>
				<Point id="1472">
					<coordinates>-1.18682684601591,41.7485848116554,0</coordinates>
				</Point>
			</Placemark>
			<Placemark id="1483">
				<name>ES BESSONS 220</name>
				<description>Nudo de transporte
----------------
Latitud: 39.58220473238246
Longitud: 3.158495813139213
----------------
ES BESSONS 220
Capacidad MGES en RdT (MW): 0.0
Capacidad MPE en RdT (MW): 0.0
Capacidad MGES en RdD (MW): 0.0
Capacidad MPE en RdD (MW): 0.0</description>
				<styleUrl>#1484</styleUrl>
				<Point id="1482">
					<coordinates>3.158495813139213,39.58220473238246,0</coordinates>
				</Point>
			</Placemark>
			<Placemark id="1488">
				<name>ES BESSONS 132</name>
				<description>Nudo de transporte
----------------
Latitud: 39.58220473238246
Longitud: 3.1585958131392133
----------------
ES BESSONS 132
Capacidad MGES en RdT (MW): 0.0
Capacidad MPE en RdT (MW): 0.0
Capacidad MGES en RdD (MW): 0.0
Capacidad MPE en RdD (MW): 0.0</description>
				<styleUrl>#1489</styleUrl>
				<Point id="1487">
					<coordinates>3.158595813139214,39.58220473238246,0</coordinates>
				</Point>
			</Placemark>
			<Placemark id="1493">
				<name>ES BESSONS 66</name>
				<description>Nudo de transporte
----------------
Latitud: 39.5821018285131
Longitud: 3.1586428762973098
----------------
ES BESSONS 66
Capacidad MGES en RdT (MW): 0.0
Capacidad MPE en RdT (MW): 0.0
Capacidad MGES en RdD (MW): 0.0
Capacidad MPE en RdD (MW): 0.0</description>
				<styleUrl>#1494</styleUrl>
				<Point id="1492">
					<coordinates>3.158642876297311,39.5821018285131,0</coordinates>
				</Point>
			</Placemark>
			<Placemark id="1498">
				<name>ES BESSONS B 66</name>
				<description>Nudo de transporte
----------------
Latitud: 39.5821018285131
Longitud: 3.15874287629731
----------------
ES BESSONS B 66
Capacidad MGES en RdT (MW): 0.0
Capacidad MPE en RdT (MW): 0.0
Capacidad MGES en RdD (MW): 0.0
Capacidad MPE en RdD (MW): 0.0</description>
				<styleUrl>#1499</styleUrl>
				<Point id="1497">
					<coordinates>3.15874287629731,39.5821018285131,0</coordinates>
				</Point>
			</Placemark>
			<Placemark id="1503">
				<name>ESCALONA 220</name>
				<description>Nudo de transporte
----------------
Latitud: 42.4698712185987
Longitud: 0.144886863977327
----------------
ESCALONA 220
Capacidad MGES en RdT (MW): 0.0
Capacidad MPE en RdT (MW): 0.0
Capacidad MGES en RdD (MW): 0.0
Capacidad MPE en RdD (MW): 0.0</description>
				<styleUrl>#1504</styleUrl>
				<Point id="1502">
					<coordinates>0.144886863977327,42.4698712185987,0</coordinates>
				</Point>
			</Placemark>
			<Placemark id="1508">
				<name>ESCATRON 400</name>
				<description>Nudo de transporte
----------------
Latitud: 42.296467093672
Longitud: -0.342519610072423
----------------
ESCATRON 400
Capacidad MGES en RdT (MW): 0.0
Capacidad MPE en RdT (MW): 0.0
Capacidad MGES en RdD (MW): 0.0
Capacidad MPE en RdD (MW): 0.0</description>
				<styleUrl>#1509</styleUrl>
				<Point id="1507">
					<coordinates>-0.342519610072423,42.296467093672,0</coordinates>
				</Point>
			</Placemark>
			<Placemark id="1513">
				<name>ESCATRON 220</name>
				<description>Nudo de transporte
----------------
Latitud: 42.296467093672
Longitud: -0.342419610072423
----------------
ESCATRON 220
Capacidad MGES en RdT (MW): 0.0
Capacidad MPE en RdT (MW): 0.0
Capacidad MGES en RdD (MW): 0.0
Capacidad MPE en RdD (MW): 0.0</description>
				<styleUrl>#1514</styleUrl>
				<Point id="1512">
					<coordinates>-0.342419610072423,42.296467093672,0</coordinates>
				</Point>
			</Placemark>
			<Placemark id="1518">
				<name>ESCOBAR 66</name>
				<description>Nudo de transporte
----------------
Latitud: 27.91399
Longitud: -15.42343
----------------
ESCOBAR 66
Capacidad MGES en RdT (MW): 0.0
Capacidad MPE en RdT (MW): 0.0
Capacidad MGES en RdD (MW): 0.0
Capacidad MPE en RdD (MW): 0.0</description>
				<styleUrl>#1519</styleUrl>
				<Point id="1517">
					<coordinates>-15.42343,27.91399,0</coordinates>
				</Point>
			</Placemark>
			<Placemark id="1523">
				<name>ESCUCHA 220</name>
				<description>Nudo de transporte
----------------
Latitud: 40.7962964313083
Longitud: -0.815943055467547
----------------
ESCUCHA 220
Capacidad MGES en RdT (MW): 0.0
Capacidad MPE en RdT (MW): 0.0
Capacidad MGES en RdD (MW): 0.0
Capacidad MPE en RdD (MW): 0.0</description>
				<styleUrl>#1524</styleUrl>
				<Point id="1522">
					<coordinates>-0.8159430554675471,40.7962964313083,0</coordinates>
				</Point>
			</Placemark>
			<Placemark id="1528">
				<name>ESPARTAL 220</name>
				<description>Nudo de transporte
----------------
Latitud: 41.5429716737053
Longitud: -0.678999744257523
----------------
ESPARTAL 220
Capacidad MGES en RdT (MW): 0.0
Capacidad MPE en RdT (MW): 0.0
Capacidad MGES en RdD (MW): 0.0
Capacidad MPE en RdD (MW): 0.0</description>
				<styleUrl>#1529</styleUrl>
				<Point id="1527">
					<coordinates>-0.678999744257523,41.5429716737053,0</coordinates>
				</Point>
			</Placemark>
			<Placemark id="1538">
				<name>ESQUEDAS 220</name>
				<description>Nudo de transporte
----------------
Latitud: 42.2154383089088
Longitud: -0.571412671013075
----------------
ESQUEDAS 220
Capacidad MGES en RdT (MW): 0.0
Capacidad MPE en RdT (MW): 0.0
Capacidad MGES en RdD (MW): 0.0
Capacidad MPE en RdD (MW): 0.0</description>
				<styleUrl>#1539</styleUrl>
				<Point id="1537">
					<coordinates>-0.571412671013075,42.2154383089088,0</coordinates>
				</Point>
			</Placemark>
			<Placemark id="1553">
				<name>FADRELL 400</name>
				<description>Nudo de transporte
----------------
Latitud: 40.00352914
Longitud: -0.086106685
----------------
FADRELL 400
Capacidad MGES en RdT (MW): 0.0
Capacidad MPE en RdT (MW): 0.0
Capacidad MGES en RdD (MW): 0.0
Capacidad MPE en RdD (MW): 0.0</description>
				<styleUrl>#1554</styleUrl>
				<Point id="1552">
					<coordinates>-0.086106685,40.00352914,0</coordinates>
				</Point>
			</Placemark>
			<Placemark id="1573">
				<name>FAUSITA 220</name>
				<description>Nudo de transporte
----------------
Latitud: 37.564303926883
Longitud: -0.9494493818315091
----------------
FAUSITA 220
Capacidad MGES en RdT (MW): 0.0
Capacidad MPE en RdT (MW): 0.0
Capacidad MGES en RdD (MW): 0.0
Capacidad MPE en RdD (MW): 0.0</description>
				<styleUrl>#1574</styleUrl>
				<Point id="1572">
					<coordinates>-0.9494493818315091,37.564303926883,0</coordinates>
				</Point>
			</Placemark>
			<Placemark id="1588">
				<name>FONTEFRIA 400</name>
				<description>Nudo de transporte
----------------
Latitud: 42.254855
Longitud: -8.313346
----------------
FONTEFRIA 400
Capacidad MGES en RdT (MW): 0.0
Capacidad MPE en RdT (MW): 0.0
Capacidad MGES en RdD (MW): 0.0
Capacidad MPE en RdD (MW): 0.0</description>
				<styleUrl>#1589</styleUrl>
				<Point id="1587">
					<coordinates>-8.313345999999999,42.254855,0</coordinates>
				</Point>
			</Placemark>
			<Placemark id="1598">
				<name>FORADADA 220</name>
				<description>Nudo de transporte
----------------
Latitud: 42.4166974980915
Longitud: 0.376740986466401
----------------
FORADADA 220
Capacidad MGES en RdT (MW): 0.0
Capacidad MPE en RdT (MW): 0.0
Capacidad MGES en RdD (MW): 0.0
Capacidad MPE en RdD (MW): 0.0</description>
				<styleUrl>#1599</styleUrl>
				<Point id="1597">
					<coordinates>0.376740986466401,42.4166974980915,0</coordinates>
				</Point>
			</Placemark>
			<Placemark id="1603">
				<name>FORMENTERA 132</name>
				<description>Nudo de transporte
----------------
Latitud: 38.6923177074854
Longitud: 1.4639345084433
----------------
FORMENTERA 132
Capacidad MGES en RdT (MW): 0.0
Capacidad MPE en RdT (MW): 0.0
Capacidad MGES en RdD (MW): 0.0
Capacidad MPE en RdD (MW): 0.0</description>
				<styleUrl>#1604</styleUrl>
				<Point id="1602">
					<coordinates>1.4639345084433,38.6923177074854,0</coordinates>
				</Point>
			</Placemark>
			<Placemark id="1608">
				<name>FORMENTERA 30</name>
				<description>Nudo de transporte
----------------
Latitud: 38.6923177074854
Longitud: 1.4639345084433
----------------
FORMENTERA 30
Capacidad MGES en RdT (MW): 0.0
Capacidad MPE en RdT (MW): 0.0
Capacidad MGES en RdD (MW): 0.0
Capacidad MPE en RdD (MW): 0.0</description>
				<styleUrl>#1609</styleUrl>
				<Point id="1607">
					<coordinates>1.4639345084433,38.6923177074854,0</coordinates>
				</Point>
			</Placemark>
			<Placemark id="1628">
				<name>FRIEIRA 220</name>
				<description>Nudo de transporte
----------------
Latitud: 42.1538642354021
Longitud: -8.19334563705894
----------------
FRIEIRA 220
Capacidad MGES en RdT (MW): 0.0
Capacidad MPE en RdT (MW): 0.0
Capacidad MGES en RdD (MW): 0.0
Capacidad MPE en RdD (MW): 0.0</description>
				<styleUrl>#1629</styleUrl>
				<Point id="1627">
					<coordinates>-8.19334563705894,42.1538642354021,0</coordinates>
				</Point>
			</Placemark>
			<Placemark id="1633">
				<name>FUENCARRAL 400</name>
				<description>Nudo de transporte
----------------
Latitud: 40.5194093805383
Longitud: -3.67196913896322
----------------
FUENCARRAL 400
Capacidad MGES en RdT (MW): 0.0
Capacidad MPE en RdT (MW): 0.0
Capacidad MGES en RdD (MW): 0.0
Capacidad MPE en RdD (MW): 0.0</description>
				<styleUrl>#1634</styleUrl>
				<Point id="1632">
					<coordinates>-3.67196913896322,40.5194093805383,0</coordinates>
				</Point>
			</Placemark>
			<Placemark id="1643">
				<name>FUENDETODOS 400</name>
				<description>Nudo de transporte
----------------
Latitud: 41.3371284394904
Longitud: -0.977370775639905
----------------
FUENDETODOS 400
Capacidad MGES en RdT (MW): 0.0
Capacidad MPE en RdT (MW): 0.0
Capacidad MGES en RdD (MW): 0.0
Capacidad MPE en RdD (MW): 0.0</description>
				<styleUrl>#1644</styleUrl>
				<Point id="1642">
					<coordinates>-0.9773707756399049,41.3371284394904,0</coordinates>
				</Point>
			</Placemark>
			<Placemark id="1653">
				<name>FUENLABRADA 220</name>
				<description>Nudo de transporte
----------------
Latitud: 40.27669832528
Longitud: -3.78177751601555
----------------
FUENLABRADA 220
Capacidad MGES en RdT (MW): 0.0
Capacidad MPE en RdT (MW): 0.0
Capacidad MGES en RdD (MW): 0.0
Capacidad MPE en RdD (MW): 0.0</description>
				<styleUrl>#1654</styleUrl>
				<Point id="1652">
					<coordinates>-3.78177751601555,40.27669832528,0</coordinates>
				</Point>
			</Placemark>
			<Placemark id="1708">
				<name>GANDIA 220</name>
				<description>Nudo de transporte
----------------
Latitud: 38.98244601772982
Longitud: -0.18519844089053228
----------------
GANDIA 220
Capacidad MGES en RdT (MW): 0.0
Capacidad MPE en RdT (MW): 0.0
Capacidad MGES en RdD (MW): 0.0
Capacidad MPE en RdD (MW): 0.0</description>
				<styleUrl>#1709</styleUrl>
				<Point id="1707">
					<coordinates>-0.1851984408905323,38.98244601772982,0</coordinates>
				</Point>
			</Placemark>
			<Placemark id="1733">
				<name>GAUSSA 400</name>
				<description>Nudo de transporte
----------------
Latitud: 39.6598156426769
Longitud: -0.317061165444792
----------------
GAUSSA 400
Capacidad MGES en RdT (MW): 0.0
Capacidad MPE en RdT (MW): 0.0
Capacidad MGES en RdD (MW): 0.0
Capacidad MPE en RdD (MW): 0.0</description>
				<styleUrl>#1734</styleUrl>
				<Point id="1732">
					<coordinates>-0.317061165444792,39.6598156426769,0</coordinates>
				</Point>
			</Placemark>
			<Placemark id="1738">
				<name>GAVARROT 220</name>
				<description>Nudo de transporte
----------------
Latitud: 41.3251080151299
Longitud: 2.02801458039178
----------------
GAVARROT 220
Capacidad MGES en RdT (MW): 0.0
Capacidad MPE en RdT (MW): 0.0
Capacidad MGES en RdD (MW): 0.0
Capacidad MPE en RdD (MW): 0.0</description>
				<styleUrl>#1739</styleUrl>
				<Point id="1737">
					<coordinates>2.02801458039178,41.3251080151299,0</coordinates>
				</Point>
			</Placemark>
			<Placemark id="1743">
				<name>GAZULES 220</name>
				<description>Nudo de transporte
----------------
Latitud: 36.49853411
Longitud: -5.783379914
----------------
GAZULES 220
Capacidad MGES en RdT (MW): 0.0
Capacidad MPE en RdT (MW): 0.0
Capacidad MGES en RdD (MW): 0.0
Capacidad MPE en RdD (MW): 0.0</description>
				<styleUrl>#1744</styleUrl>
				<Point id="1742">
					<coordinates>-5.783379914,36.49853411,0</coordinates>
				</Point>
			</Placemark>
			<Placemark id="1758">
				<name>GODELLETA 400</name>
				<description>Nudo de transporte
----------------
Latitud: 39.44326757861996
Longitud: -0.6717325162611232
----------------
GODELLETA 400
Capacidad MGES en RdT (MW): 0.0
Capacidad MPE en RdT (MW): 0.0
Capacidad MGES en RdD (MW): 0.0
Capacidad MPE en RdD (MW): 0.0</description>
				<styleUrl>#1759</styleUrl>
				<Point id="1757">
					<coordinates>-0.6717325162611232,39.44326757861996,0</coordinates>
				</Point>
			</Placemark>
			<Placemark id="1768">
				<name>GOZON 400</name>
				<description>Nudo de transporte
----------------
Latitud: 43.5685951772986
Longitud: -5.84741656435334
----------------
GOZON 400
Capacidad MGES en RdT (MW): 0.0
Capacidad MPE en RdT (MW): 0.0
Capacidad MGES en RdD (MW): 0.0
Capacidad MPE en RdD (MW): 0.0</description>
				<styleUrl>#1769</styleUrl>
				<Point id="1767">
					<coordinates>-5.84741656435334,43.5685951772986,0</coordinates>
				</Point>
			</Placemark>
			<Placemark id="1773">
				<name>GOZON 220</name>
				<description>Nudo de transporte
----------------
Latitud: 43.5685951772986
Longitud: -5.84731656435334
----------------
GOZON 220
Capacidad MGES en RdT (MW): 0.0
Capacidad MPE en RdT (MW): 0.0
Capacidad MGES en RdD (MW): 0.0
Capacidad MPE en RdD (MW): 0.0</description>
				<styleUrl>#1774</styleUrl>
				<Point id="1772">
					<coordinates>-5.84731656435334,43.5685951772986,0</coordinates>
				</Point>
			</Placemark>
			<Placemark id="1793">
				<name>GRAN TARAJAL 132</name>
				<description>Nudo de transporte
----------------
Latitud: 28.2332082738785
Longitud: -14.0196500190274
----------------
GRAN TARAJAL 132
Capacidad MGES en RdT (MW): 0.0
Capacidad MPE en RdT (MW): 0.0
Capacidad MGES en RdD (MW): 0.0
Capacidad MPE en RdD (MW): 0.0</description>
				<styleUrl>#1794</styleUrl>
				<Point id="1792">
					<coordinates>-14.0196500190274,28.2332082738785,0</coordinates>
				</Point>
			</Placemark>
			<Placemark id="1798">
				<name>GRAN TARAJAL 66</name>
				<description>Nudo de transporte
----------------
Latitud: 28.2332082738785
Longitud: -14.0195500190274
----------------
GRAN TARAJAL 66
Capacidad MGES en RdT (MW): 0.0
Capacidad MPE en RdT (MW): 0.0
Capacidad MGES en RdD (MW): 0.0
Capacidad MPE en RdD (MW): 0.0</description>
				<styleUrl>#1799</styleUrl>
				<Point id="1797">
					<coordinates>-14.0195500190274,28.2332082738785,0</coordinates>
				</Point>
			</Placemark>
			<Placemark id="1803">
				<name>GRANADILLA 220</name>
				<description>Nudo de transporte
----------------
Latitud: 28.08571094913574
Longitud: -16.49614062540735
----------------
GRANADILLA 220
Capacidad MGES en RdT (MW): 0.0
Capacidad MPE en RdT (MW): 0.0
Capacidad MGES en RdD (MW): 0.0
Capacidad MPE en RdD (MW): 0.0</description>
				<styleUrl>#1804</styleUrl>
				<Point id="1802">
					<coordinates>-16.49614062540735,28.08571094913574,0</coordinates>
				</Point>
			</Placemark>
			<Placemark id="1808">
				<name>GRANADILLA 66</name>
				<description>Nudo de transporte
----------------
Latitud: 28.08571094913574
Longitud: -16.49604062540735
----------------
GRANADILLA 66
Capacidad MGES en RdT (MW): 0.0
Capacidad MPE en RdT (MW): 0.0
Capacidad MGES en RdD (MW): 0.0
Capacidad MPE en RdD (MW): 0.0</description>
				<styleUrl>#1809</styleUrl>
				<Point id="1807">
					<coordinates>-16.49604062540735,28.08571094913574,0</coordinates>
				</Point>
			</Placemark>
			<Placemark id="1813">
				<name>GRANADILLA B 220</name>
				<description>Nudo de transporte
----------------
Latitud: 28.08571094913574
Longitud: -16.49614062540735
----------------
GRANADILLA B 220
Capacidad MGES en RdT (MW): 0.0
Capacidad MPE en RdT (MW): 0.0
Capacidad MGES en RdD (MW): 0.0
Capacidad MPE en RdD (MW): 0.0</description>
				<styleUrl>#1814</styleUrl>
				<Point id="1812">
					<coordinates>-16.49614062540735,28.08571094913574,0</coordinates>
				</Point>
			</Placemark>
			<Placemark id="1818">
				<name>GRIJOTA 400</name>
				<description>Nudo de transporte
----------------
Latitud: 42.0721590156259
Longitud: -4.55652409557418
----------------
GRIJOTA 400
Capacidad MGES en RdT (MW): 0.0
Capacidad MPE en RdT (MW): 0.0
Capacidad MGES en RdD (MW): 0.0
Capacidad MPE en RdD (MW): 0.0</description>
				<styleUrl>#1819</styleUrl>
				<Point id="1817">
					<coordinates>-4.55652409557418,42.0721590156259,0</coordinates>
				</Point>
			</Placemark>
			<Placemark id="1868">
				<name>GUILLENA 400</name>
				<description>Nudo de transporte
----------------
Latitud: 37.63802238
Longitud: -6.097577577
----------------
GUILLENA 400
Capacidad MGES en RdT (MW): 0.0
Capacidad MPE en RdT (MW): 0.0
Capacidad MGES en RdD (MW): 0.0
Capacidad MPE en RdD (MW): 0.0</description>
				<styleUrl>#1869</styleUrl>
				<Point id="1867">
					<coordinates>-6.097577577000001,37.63802238,0</coordinates>
				</Point>
			</Placemark>
			<Placemark id="1873">
				<name>GUILLENA 220</name>
				<description>Nudo de transporte
----------------
Latitud: 37.63802238
Longitud: -6.097477577
----------------
GUILLENA 220
Capacidad MGES en RdT (MW): 0.0
Capacidad MPE en RdT (MW): 0.0
Capacidad MGES en RdD (MW): 0.0
Capacidad MPE en RdD (MW): 0.0</description>
				<styleUrl>#1874</styleUrl>
				<Point id="1872">
					<coordinates>-6.097477577,37.63802238,0</coordinates>
				</Point>
			</Placemark>
			<Placemark id="1878">
				<name>GUILLENA B 220</name>
				<description>Nudo de transporte
----------------
Latitud: 37.63788
Longitud: -6.098
----------------
GUILLENA B 220
Capacidad MGES en RdT (MW): 0.0
Capacidad MPE en RdT (MW): 0.0
Capacidad MGES en RdD (MW): 0.0
Capacidad MPE en RdD (MW): 0.0</description>
				<styleUrl>#1879</styleUrl>
				<Point id="1877">
					<coordinates>-6.098,37.63788,0</coordinates>
				</Point>
			</Placemark>
			<Placemark id="1883">
				<name>GUINCHOS 66</name>
				<description>Nudo de transporte
----------------
Latitud: 28.6644891130363
Longitud: -17.7681787592329
----------------
GUINCHOS 66
Capacidad MGES en RdT (MW): 0.0
Capacidad MPE en RdT (MW): 0.0
Capacidad MGES en RdD (MW): 0.0
Capacidad MPE en RdD (MW): 0.0</description>
				<styleUrl>#1884</styleUrl>
				<Point id="1882">
					<coordinates>-17.7681787592329,28.6644891130363,0</coordinates>
				</Point>
			</Placemark>
			<Placemark id="1893">
				<name>GURREA 220</name>
				<description>Nudo de transporte
----------------
Latitud: 42.0379783574771
Longitud: -0.773897845717838
----------------
GURREA 220
Capacidad MGES en RdT (MW): 0.0
Capacidad MPE en RdT (MW): 0.0
Capacidad MGES en RdD (MW): 0.0
Capacidad MPE en RdD (MW): 0.0</description>
				<styleUrl>#1894</styleUrl>
				<Point id="1892">
					<coordinates>-0.773897845717838,42.0379783574771,0</coordinates>
				</Point>
			</Placemark>
			<Placemark id="1898">
				<name>HARO 220</name>
				<description>Nudo de transporte
----------------
Latitud: 42.57018432
Longitud: -2.883876252
----------------
HARO 220
Capacidad MGES en RdT (MW): 0.0
Capacidad MPE en RdT (MW): 0.0
Capacidad MGES en RdD (MW): 0.0
Capacidad MPE en RdD (MW): 0.0</description>
				<styleUrl>#1899</styleUrl>
				<Point id="1897">
					<coordinates>-2.883876252,42.57018432,0</coordinates>
				</Point>
			</Placemark>
			<Placemark id="1913">
				<name>HERRERA 400</name>
				<description>Nudo de transporte
----------------
Latitud: 42.5943141719051
Longitud: -4.34348723406778
----------------
HERRERA 400
Capacidad MGES en RdT (MW): 0.0
Capacidad MPE en RdT (MW): 0.0
Capacidad MGES en RdD (MW): 0.0
Capacidad MPE en RdD (MW): 0.0</description>
				<styleUrl>#1914</styleUrl>
				<Point id="1912">
					<coordinates>-4.34348723406778,42.5943141719051,0</coordinates>
				</Point>
			</Placemark>
			<Placemark id="1918">
				<name>HERRERA 220</name>
				<description>Nudo de transporte
----------------
Latitud: 42.5943141719051
Longitud: -4.34338723406778
----------------
HERRERA 220
Capacidad MGES en RdT (MW): 0.0
Capacidad MPE en RdT (MW): 0.0
Capacidad MGES en RdD (MW): 0.0
Capacidad MPE en RdD (MW): 0.0</description>
				<styleUrl>#1919</styleUrl>
				<Point id="1917">
					<coordinates>-4.34338723406778,42.5943141719051,0</coordinates>
				</Point>
			</Placemark>
			<Placemark id="1923">
				<name>HIJAR 220</name>
				<description>Nudo de transporte
----------------
Latitud: 41.17201981248
Longitud: -0.418395406224342
----------------
HIJAR 220
Capacidad MGES en RdT (MW): 0.0
Capacidad MPE en RdT (MW): 0.0
Capacidad MGES en RdD (MW): 0.0
Capacidad MPE en RdD (MW): 0.0</description>
				<styleUrl>#1924</styleUrl>
				<Point id="1922">
					<coordinates>-0.418395406224342,41.17201981248,0</coordinates>
				</Point>
			</Placemark>
			<Placemark id="1928">
				<name>HINOJOSA 400</name>
				<description>Nudo de transporte
----------------
Latitud: 39.44326757861996
Longitud: -0.6717325162611232
----------------
HINOJOSA 400
Capacidad MGES en RdT (MW): 0.0
Capacidad MPE en RdT (MW): 0.0
Capacidad MGES en RdD (MW): 0.0
Capacidad MPE en RdD (MW): 0.0</description>
				<styleUrl>#1929</styleUrl>
				<Point id="1927">
					<coordinates>-0.6717325162611232,39.44326757861996,0</coordinates>
				</Point>
			</Placemark>
			<Placemark id="1933">
				<name>HORNILLO 220</name>
				<description>Nudo de transporte
----------------
Latitud: 40.2758196138162
Longitud: -3.71090095310976
----------------
HORNILLO 220
Capacidad MGES en RdT (MW): 0.0
Capacidad MPE en RdT (MW): 0.0
Capacidad MGES en RdD (MW): 0.0
Capacidad MPE en RdD (MW): 0.0</description>
				<styleUrl>#1934</styleUrl>
				<Point id="1932">
					<coordinates>-3.71090095310976,40.2758196138162,0</coordinates>
				</Point>
			</Placemark>
			<Placemark id="1953">
				<name>HUELVES 220</name>
				<description>Nudo de transporte
----------------
Latitud: 40.06070115
Longitud: -2.938223776
----------------
HUELVES 220
Capacidad MGES en RdT (MW): 0.0
Capacidad MPE en RdT (MW): 0.0
Capacidad MGES en RdD (MW): 0.0
Capacidad MPE en RdD (MW): 0.0</description>
				<styleUrl>#1954</styleUrl>
				<Point id="1952">
					<coordinates>-2.938223776,40.06070115,0</coordinates>
				</Point>
			</Placemark>
			<Placemark id="1958">
				<name>HUENEJA 400</name>
				<description>Nudo de transporte
----------------
Latitud: 37.2191608
Longitud: -2.941525533
----------------
HUENEJA 400
Capacidad MGES en RdT (MW): 0.0
Capacidad MPE en RdT (MW): 0.0
Capacidad MGES en RdD (MW): 0.0
Capacidad MPE en RdD (MW): 0.0</description>
				<styleUrl>#1959</styleUrl>
				<Point id="1957">
					<coordinates>-2.941525533,37.2191608,0</coordinates>
				</Point>
			</Placemark>
			<Placemark id="1963">
				<name>IBIZA 132</name>
				<description>Nudo de transporte
----------------
Latitud: 38.9196664461242
Longitud: 1.4305952643699262
----------------
IBIZA 132
Capacidad MGES en RdT (MW): 0.0
Capacidad MPE en RdT (MW): 0.0
Capacidad MGES en RdD (MW): 0.0
Capacidad MPE en RdD (MW): 0.0</description>
				<styleUrl>#1964</styleUrl>
				<Point id="1962">
					<coordinates>1.430595264369926,38.9196664461242,0</coordinates>
				</Point>
			</Placemark>
			<Placemark id="1968">
				<name>IBIZA 66</name>
				<description>Nudo de transporte
----------------
Latitud: 38.9196664461242
Longitud: 1.4306952643699262
----------------
IBIZA 66
Capacidad MGES en RdT (MW): 0.0
Capacidad MPE en RdT (MW): 0.0
Capacidad MGES en RdD (MW): 0.0
Capacidad MPE en RdD (MW): 0.0</description>
				<styleUrl>#1969</styleUrl>
				<Point id="1967">
					<coordinates>1.430695264369926,38.9196664461242,0</coordinates>
				</Point>
			</Placemark>
			<Placemark id="1973">
				<name>IBIZA 23 66</name>
				<description>Nudo de transporte
----------------
Latitud: 38.9196664461242
Longitud: 1.4305952643699262
----------------
IBIZA 23 66
Capacidad MGES en RdT (MW): 0.0
Capacidad MPE en RdT (MW): 0.0
Capacidad MGES en RdD (MW): 0.0
Capacidad MPE en RdD (MW): 0.0</description>
				<styleUrl>#1974</styleUrl>
				<Point id="1972">
					<coordinates>1.430595264369926,38.9196664461242,0</coordinates>
				</Point>
			</Placemark>
			<Placemark id="1993">
				<name>INGENIO 220</name>
				<description>Nudo de transporte
----------------
Latitud: 39.9784097540808
Longitud: -0.0154106738365575
----------------
INGENIO 220
Capacidad MGES en RdT (MW): 0.0
Capacidad MPE en RdT (MW): 0.0
Capacidad MGES en RdD (MW): 0.0
Capacidad MPE en RdD (MW): 0.0</description>
				<styleUrl>#1994</styleUrl>
				<Point id="1992">
					<coordinates>-0.0154106738365575,39.9784097540808,0</coordinates>
				</Point>
			</Placemark>
			<Placemark id="2003">
				<name>ISONA 400</name>
				<description>Nudo de transporte
----------------
Latitud: 42.117445
Longitud: 1.046953
----------------
ISONA 400
Capacidad MGES en RdT (MW): 0.0
Capacidad MPE en RdT (MW): 0.0
Capacidad MGES en RdD (MW): 0.0
Capacidad MPE en RdD (MW): 0.0</description>
				<styleUrl>#2004</styleUrl>
				<Point id="2002">
					<coordinates>1.046953,42.117445,0</coordinates>
				</Point>
			</Placemark>
			<Placemark id="2008">
				<name>ISONA 220</name>
				<description>Nudo de transporte
----------------
Latitud: 42.1199360523019
Longitud: 0.987640271565844
----------------
ISONA 220
Capacidad MGES en RdT (MW): 0.0
Capacidad MPE en RdT (MW): 0.0
Capacidad MGES en RdD (MW): 0.0
Capacidad MPE en RdD (MW): 0.0</description>
				<styleUrl>#2009</styleUrl>
				<Point id="2007">
					<coordinates>0.9876402715658439,42.1199360523019,0</coordinates>
				</Point>
			</Placemark>
			<Placemark id="2013">
				<name>ITXASO 400</name>
				<description>Nudo de transporte
----------------
Latitud: 43.06349364
Longitud: -2.273488099
----------------
ITXASO 400
Capacidad MGES en RdT (MW): 0.0
Capacidad MPE en RdT (MW): 0.0
Capacidad MGES en RdD (MW): 0.0
Capacidad MPE en RdD (MW): 0.0</description>
				<styleUrl>#2014</styleUrl>
				<Point id="2012">
					<coordinates>-2.273488099,43.06349364,0</coordinates>
				</Point>
			</Placemark>
			<Placemark id="2023">
				<name>IZNALLOZ 400</name>
				<description>Nudo de transporte
----------------
Latitud: 37.3806093305135
Longitud: -3.53228211297258
----------------
IZNALLOZ 400
Capacidad MGES en RdT (MW): 0.0
Capacidad MPE en RdT (MW): 0.0
Capacidad MGES en RdD (MW): 0.0
Capacidad MPE en RdD (MW): 0.0</description>
				<styleUrl>#2024</styleUrl>
				<Point id="2022">
					<coordinates>-3.53228211297258,37.3806093305135,0</coordinates>
				</Point>
			</Placemark>
			<Placemark id="2043">
				<name>JARES 132</name>
				<description>Nudo de transporte
----------------
Latitud: 28.237973193909
Longitud: -14.1042882286565
----------------
JARES 132
Capacidad MGES en RdT (MW): 0.0
Capacidad MPE en RdT (MW): 0.0
Capacidad MGES en RdD (MW): 0.0
Capacidad MPE en RdD (MW): 0.0</description>
				<styleUrl>#2044</styleUrl>
				<Point id="2042">
					<coordinates>-14.1042882286565,28.237973193909,0</coordinates>
				</Point>
			</Placemark>
			<Placemark id="2048">
				<name>JIJONA 220</name>
				<description>Nudo de transporte
----------------
Latitud: 38.4920970022144
Longitud: -0.477706073459646
----------------
JIJONA 220
Capacidad MGES en RdT (MW): 0.0
Capacidad MPE en RdT (MW): 0.0
Capacidad MGES en RdD (MW): 0.0
Capacidad MPE en RdD (MW): 0.0</description>
				<styleUrl>#2049</styleUrl>
				<Point id="2047">
					<coordinates>-0.477706073459646,38.4920970022144,0</coordinates>
				</Point>
			</Placemark>
			<Placemark id="2053">
				<name>JINAMAR 220</name>
				<description>Nudo de transporte
----------------
Latitud: 28.0736190111025
Longitud: -15.44022805957
----------------
JINAMAR 220
Capacidad MGES en RdT (MW): 0.0
Capacidad MPE en RdT (MW): 0.0
Capacidad MGES en RdD (MW): 0.0
Capacidad MPE en RdD (MW): 0.0</description>
				<styleUrl>#2054</styleUrl>
				<Point id="2052">
					<coordinates>-15.44022805957,28.0736190111025,0</coordinates>
				</Point>
			</Placemark>
			<Placemark id="2073">
				<name>JOSE CABRERA 220</name>
				<description>Nudo de transporte
----------------
Latitud: 40.35114364
Longitud: -2.884676574
----------------
JOSE CABRERA 220
Capacidad MGES en RdT (MW): 0.0
Capacidad MPE en RdT (MW): 0.0
Capacidad MGES en RdD (MW): 0.0
Capacidad MPE en RdD (MW): 0.0</description>
				<styleUrl>#2074</styleUrl>
				<Point id="2072">
					<coordinates>-2.884676574,40.35114364,0</coordinates>
				</Point>
			</Placemark>
			<Placemark id="2083">
				<name>JUNDIZ 220</name>
				<description>Nudo de transporte
----------------
Latitud: 42.83805989
Longitud: -2.745246667
----------------
JUNDIZ 220
Capacidad MGES en RdT (MW): 0.0
Capacidad MPE en RdT (MW): 0.0
Capacidad MGES en RdD (MW): 0.0
Capacidad MPE en RdD (MW): 0.0</description>
				<styleUrl>#2084</styleUrl>
				<Point id="2082">
					<coordinates>-2.745246667,42.83805989,0</coordinates>
				</Point>
			</Placemark>
			<Placemark id="2098">
				<name>LA CEREAL 400</name>
				<description>Nudo de transporte
----------------
Latitud: 40.600515251720616
Longitud: -3.7230746373398627
----------------
LA CEREAL 400
Capacidad MGES en RdT (MW): 0.0
Capacidad MPE en RdT (MW): 0.0
Capacidad MGES en RdD (MW): 0.0
Capacidad MPE en RdD (MW): 0.0</description>
				<styleUrl>#2099</styleUrl>
				<Point id="2097">
					<coordinates>-3.723074637339863,40.60051525172062,0</coordinates>
				</Point>
			</Placemark>
			<Placemark id="2103">
				<name>LA CEREAL 220</name>
				<description>Nudo de transporte
----------------
Latitud: 40.600515251720616
Longitud: -3.7229746373398624
----------------
LA CEREAL 220
Capacidad MGES en RdT (MW): 0.0
Capacidad MPE en RdT (MW): 0.0
Capacidad MGES en RdD (MW): 0.0
Capacidad MPE en RdD (MW): 0.0</description>
				<styleUrl>#2104</styleUrl>
				<Point id="2102">
					<coordinates>-3.722974637339862,40.60051525172062,0</coordinates>
				</Point>
			</Placemark>
			<Placemark id="2123">
				<name>LA FARGA 400</name>
				<description>Nudo de transporte
----------------
Latitud: 42.0627177415102
Longitud: 2.88312182872558
----------------
LA FARGA 400
Capacidad MGES en RdT (MW): 0.0
Capacidad MPE en RdT (MW): 0.0
Capacidad MGES en RdD (MW): 0.0
Capacidad MPE en RdD (MW): 0.0</description>
				<styleUrl>#2124</styleUrl>
				<Point id="2122">
					<coordinates>2.88312182872558,42.0627177415102,0</coordinates>
				</Point>
			</Placemark>
			<Placemark id="2138">
				<name>LA GRELA 220</name>
				<description>Nudo de transporte
----------------
Latitud: 43.34270133
Longitud: -8.429022418
----------------
LA GRELA 220
Capacidad MGES en RdT (MW): 0.0
Capacidad MPE en RdT (MW): 0.0
Capacidad MGES en RdD (MW): 0.0
Capacidad MPE en RdD (MW): 0.0</description>
				<styleUrl>#2139</styleUrl>
				<Point id="2137">
					<coordinates>-8.429022418000001,43.34270133,0</coordinates>
				</Point>
			</Placemark>
			<Placemark id="2153">
				<name>LA NAVA 220</name>
				<description>Nudo de transporte
----------------
Latitud: 38.67977659
Longitud: -4.145199539
----------------
LA NAVA 220
Capacidad MGES en RdT (MW): 0.0
Capacidad MPE en RdT (MW): 0.0
Capacidad MGES en RdD (MW): 0.0
Capacidad MPE en RdD (MW): 0.0</description>
				<styleUrl>#2154</styleUrl>
				<Point id="2152">
					<coordinates>-4.145199539,38.67977659,0</coordinates>
				</Point>
			</Placemark>
			<Placemark id="2163">
				<name>LA OLIVA 66</name>
				<description>Nudo de transporte
----------------
Latitud: 28.74884
Longitud: -13.87956
----------------
LA OLIVA 66
Capacidad MGES en RdT (MW): 0.0
Capacidad MPE en RdT (MW): 0.0
Capacidad MGES en RdD (MW): 0.0
Capacidad MPE en RdD (MW): 0.0</description>
				<styleUrl>#2164</styleUrl>
				<Point id="2162">
					<coordinates>-13.87956,28.74884,0</coordinates>
				</Point>
			</Placemark>
			<Placemark id="2183">
				<name>LA PINILLA 400</name>
				<description>Nudo de transporte
----------------
Latitud: 38.7646669385206
Longitud: -1.60218672914428
----------------
LA PINILLA 400
Capacidad MGES en RdT (MW): 0.0
Capacidad MPE en RdT (MW): 0.0
Capacidad MGES en RdD (MW): 0.0
Capacidad MPE en RdD (MW): 0.0</description>
				<styleUrl>#2184</styleUrl>
				<Point id="2182">
					<coordinates>-1.60218672914428,38.7646669385206,0</coordinates>
				</Point>
			</Placemark>
			<Placemark id="2188">
				<name>LA PLANA 400</name>
				<description>Nudo de transporte
----------------
Latitud: 39.967411650233
Longitud: -0.0980285901519268
----------------
LA PLANA 400
Capacidad MGES en RdT (MW): 0.0
Capacidad MPE en RdT (MW): 0.0
Capacidad MGES en RdD (MW): 0.0
Capacidad MPE en RdD (MW): 0.0</description>
				<styleUrl>#2189</styleUrl>
				<Point id="2187">
					<coordinates>-0.0980285901519268,39.967411650233,0</coordinates>
				</Point>
			</Placemark>
			<Placemark id="2193">
				<name>LA PLANA 220</name>
				<description>Nudo de transporte
----------------
Latitud: 39.966855627297
Longitud: -0.0958783832804578
----------------
LA PLANA 220
Capacidad MGES en RdT (MW): 0.0
Capacidad MPE en RdT (MW): 0.0
Capacidad MGES en RdD (MW): 0.0
Capacidad MPE en RdD (MW): 0.0</description>
				<styleUrl>#2194</styleUrl>
				<Point id="2192">
					<coordinates>-0.09587838328045779,39.966855627297,0</coordinates>
				</Point>
			</Placemark>
			<Placemark id="2203">
				<name>LA SAGRA 400</name>
				<description>Nudo de transporte
----------------
Latitud: 40.1320846890011
Longitud: -3.82023022369582
----------------
LA SAGRA 400
Capacidad MGES en RdT (MW): 0.0
Capacidad MPE en RdT (MW): 0.0
Capacidad MGES en RdD (MW): 0.0
Capacidad MPE en RdD (MW): 0.0</description>
				<styleUrl>#2204</styleUrl>
				<Point id="2202">
					<coordinates>-3.82023022369582,40.1320846890011,0</coordinates>
				</Point>
			</Placemark>
			<Placemark id="2208">
				<name>LA SAGRA 220</name>
				<description>Nudo de transporte
----------------
Latitud: 40.1320846890011
Longitud: -3.82013022369582
----------------
LA SAGRA 220
Capacidad MGES en RdT (MW): 0.0
Capacidad MPE en RdT (MW): 0.0
Capacidad MGES en RdD (MW): 0.0
Capacidad MPE en RdD (MW): 0.0</description>
				<styleUrl>#2209</styleUrl>
				<Point id="2207">
					<coordinates>-3.82013022369582,40.1320846890011,0</coordinates>
				</Point>
			</Placemark>
			<Placemark id="2213">
				<name>LA SAGRA B 220</name>
				<description>Nudo de transporte
----------------
Latitud: 40.1320846890011
Longitud: -3.82023022369582
----------------
LA SAGRA B 220
Capacidad MGES en RdT (MW): 0.0
Capacidad MPE en RdT (MW): 0.0
Capacidad MGES en RdD (MW): 0.0
Capacidad MPE en RdD (MW): 0.0</description>
				<styleUrl>#2214</styleUrl>
				<Point id="2212">
					<coordinates>-3.82023022369582,40.1320846890011,0</coordinates>
				</Point>
			</Placemark>
			<Placemark id="2218">
				<name>LA SECUITA 400</name>
				<description>Nudo de transporte
----------------
Latitud: 41.2022574617217
Longitud: 1.22512514574304
----------------
LA SECUITA 400
Capacidad MGES en RdT (MW): 0.0
Capacidad MPE en RdT (MW): 0.0
Capacidad MGES en RdD (MW): 0.0
Capacidad MPE en RdD (MW): 0.0</description>
				<styleUrl>#2219</styleUrl>
				<Point id="2217">
					<coordinates>1.22512514574304,41.2022574617217,0</coordinates>
				</Point>
			</Placemark>
			<Placemark id="2223">
				<name>LA SECUITA 220</name>
				<description>Nudo de transporte
----------------
Latitud: 41.2022574617217
Longitud: 1.22522514574304
----------------
LA SECUITA 220
Capacidad MGES en RdT (MW): 0.0
Capacidad MPE en RdT (MW): 0.0
Capacidad MGES en RdD (MW): 0.0
Capacidad MPE en RdD (MW): 0.0</description>
				<styleUrl>#2224</styleUrl>
				<Point id="2222">
					<coordinates>1.22522514574304,41.2022574617217,0</coordinates>
				</Point>
			</Placemark>
			<Placemark id="2238">
				<name>LA TORRECILLA 220</name>
				<description>Nudo de transporte
----------------
Latitud: 40.3189172157596
Longitud: -3.61339290769602
----------------
LA TORRECILLA 220
Capacidad MGES en RdT (MW): 0.0
Capacidad MPE en RdT (MW): 0.0
Capacidad MGES en RdD (MW): 0.0
Capacidad MPE en RdD (MW): 0.0</description>
				<styleUrl>#2239</styleUrl>
				<Point id="2237">
					<coordinates>-3.61339290769602,40.3189172157596,0</coordinates>
				</Point>
			</Placemark>
			<Placemark id="2248">
				<name>LAGUARDIA 220</name>
				<description>Nudo de transporte
----------------
Latitud: 42.5096126
Longitud: -2.583426389
----------------
LAGUARDIA 220
Capacidad MGES en RdT (MW): 0.0
Capacidad MPE en RdT (MW): 0.0
Capacidad MGES en RdD (MW): 0.0
Capacidad MPE en RdD (MW): 0.0</description>
				<styleUrl>#2249</styleUrl>
				<Point id="2247">
					<coordinates>-2.583426389,42.5096126,0</coordinates>
				</Point>
			</Placemark>
			<Placemark id="2268">
				<name>LAS BREÑAS 66</name>
				<description>Nudo de transporte
----------------
Latitud: 28.6359753240883
Longitud: -17.7728499957347
----------------
LAS BREÑAS 66
Capacidad MGES en RdT (MW): 0.0
Capacidad MPE en RdT (MW): 0.0
Capacidad MGES en RdD (MW): 0.0
Capacidad MPE en RdD (MW): 0.0</description>
				<styleUrl>#2269</styleUrl>
				<Point id="2267">
					<coordinates>-17.7728499957347,28.6359753240883,0</coordinates>
				</Point>
			</Placemark>
			<Placemark id="2283">
				<name>LAS ROSAS 220</name>
				<description>Nudo de transporte
----------------
Latitud: 28.4579040253568
Longitud: -16.314438454511
----------------
LAS ROSAS 220
Capacidad MGES en RdT (MW): 0.0
Capacidad MPE en RdT (MW): 0.0
Capacidad MGES en RdD (MW): 0.0
Capacidad MPE en RdD (MW): 0.0</description>
				<styleUrl>#2284</styleUrl>
				<Point id="2282">
					<coordinates>-16.314438454511,28.4579040253568,0</coordinates>
				</Point>
			</Placemark>
			<Placemark id="2288">
				<name>LAS ROSAS 66</name>
				<description>Nudo de transporte
----------------
Latitud: 28.4579040253568
Longitud: -16.314338454511
----------------
LAS ROSAS 66
Capacidad MGES en RdT (MW): 0.0
Capacidad MPE en RdT (MW): 0.0
Capacidad MGES en RdD (MW): 0.0
Capacidad MPE en RdD (MW): 0.0</description>
				<styleUrl>#2289</styleUrl>
				<Point id="2287">
					<coordinates>-16.314338454511,28.4579040253568,0</coordinates>
				</Point>
			</Placemark>
			<Placemark id="2318">
				<name>LLAVORSI 220</name>
				<description>Nudo de transporte
----------------
Latitud: 42.49642343398
Longitud: 1.21355236625259
----------------
LLAVORSI 220
Capacidad MGES en RdT (MW): 0.0
Capacidad MPE en RdT (MW): 0.0
Capacidad MGES en RdD (MW): 0.0
Capacidad MPE en RdD (MW): 0.0</description>
				<styleUrl>#2319</styleUrl>
				<Point id="2317">
					<coordinates>1.21355236625259,42.49642343398,0</coordinates>
				</Point>
			</Placemark>
			<Placemark id="2328">
				<name>LLUBI 220</name>
				<description>Nudo de transporte
----------------
Latitud: 39.6735338752922
Longitud: 3.03959222374036
----------------
LLUBI 220
Capacidad MGES en RdT (MW): 0.0
Capacidad MPE en RdT (MW): 0.0
Capacidad MGES en RdD (MW): 0.0
Capacidad MPE en RdD (MW): 0.0</description>
				<styleUrl>#2329</styleUrl>
				<Point id="2327">
					<coordinates>3.039592223740359,39.6735338752922,0</coordinates>
				</Point>
			</Placemark>
			<Placemark id="2333">
				<name>LLUBI 66</name>
				<description>Nudo de transporte
----------------
Latitud: 39.6735338752922
Longitud: 3.03969222374036
----------------
LLUBI 66
Capacidad MGES en RdT (MW): 0.0
Capacidad MPE en RdT (MW): 0.0
Capacidad MGES en RdD (MW): 0.0
Capacidad MPE en RdD (MW): 0.0</description>
				<styleUrl>#2334</styleUrl>
				<Point id="2332">
					<coordinates>3.03969222374036,39.6735338752922,0</coordinates>
				</Point>
			</Placemark>
			<Placemark id="2343">
				<name>LOECHES 400</name>
				<description>Nudo de transporte
----------------
Latitud: 40.38783386083402
Longitud: -3.4223271323397135
----------------
LOECHES 400
Capacidad MGES en RdT (MW): 0.0
Capacidad MPE en RdT (MW): 0.0
Capacidad MGES en RdD (MW): 0.0
Capacidad MPE en RdD (MW): 0.0</description>
				<styleUrl>#2344</styleUrl>
				<Point id="2342">
					<coordinates>-3.422327132339714,40.38783386083402,0</coordinates>
				</Point>
			</Placemark>
			<Placemark id="2348">
				<name>LOECHES 220</name>
				<description>Nudo de transporte
----------------
Latitud: 40.38783386083402
Longitud: -3.4222271323397133
----------------
LOECHES 220
Capacidad MGES en RdT (MW): 0.0
Capacidad MPE en RdT (MW): 0.0
Capacidad MGES en RdD (MW): 0.0
Capacidad MPE en RdD (MW): 0.0</description>
				<styleUrl>#2349</styleUrl>
				<Point id="2347">
					<coordinates>-3.422227132339713,40.38783386083402,0</coordinates>
				</Point>
			</Placemark>
			<Placemark id="2353">
				<name>LOECHES B 220</name>
				<description>Nudo de transporte
----------------
Latitud: 40.3870756631395
Longitud: -3.41915858481929
----------------
LOECHES B 220
Capacidad MGES en RdT (MW): 0.0
Capacidad MPE en RdT (MW): 0.0
Capacidad MGES en RdD (MW): 0.0
Capacidad MPE en RdD (MW): 0.0</description>
				<styleUrl>#2354</styleUrl>
				<Point id="2352">
					<coordinates>-3.41915858481929,40.3870756631395,0</coordinates>
				</Point>
			</Placemark>
			<Placemark id="2358">
				<name>LOGROÑO 220</name>
				<description>Nudo de transporte
----------------
Latitud: 42.45991026
Longitud: -2.489106495
----------------
LOGROÑO 220
Capacidad MGES en RdT (MW): 0.0
Capacidad MPE en RdT (MW): 0.0
Capacidad MGES en RdD (MW): 0.0
Capacidad MPE en RdD (MW): 0.0</description>
				<styleUrl>#2359</styleUrl>
				<Point id="2357">
					<coordinates>-2.489106495,42.45991026,0</coordinates>
				</Point>
			</Placemark>
			<Placemark id="2363">
				<name>LOMBA 400</name>
				<description>Nudo de transporte
----------------
Latitud: 42.5860575969825
Longitud: -6.62432527071812
----------------
LOMBA 400
Capacidad MGES en RdT (MW): 0.0
Capacidad MPE en RdT (MW): 0.0
Capacidad MGES en RdD (MW): 0.0
Capacidad MPE en RdD (MW): 0.0</description>
				<styleUrl>#2364</styleUrl>
				<Point id="2362">
					<coordinates>-6.62432527071812,42.5860575969825,0</coordinates>
				</Point>
			</Placemark>
			<Placemark id="2393">
				<name>LOS LEONES 220</name>
				<description>Nudo de transporte
----------------
Latitud: 41.6911339823493
Longitud: -0.873182507831085
----------------
LOS LEONES 220
Capacidad MGES en RdT (MW): 0.0
Capacidad MPE en RdT (MW): 0.0
Capacidad MGES en RdD (MW): 0.0
Capacidad MPE en RdD (MW): 0.0</description>
				<styleUrl>#2394</styleUrl>
				<Point id="2392">
					<coordinates>-0.8731825078310851,41.6911339823493,0</coordinates>
				</Point>
			</Placemark>
			<Placemark id="2403">
				<name>LOS RAMOS 220</name>
				<description>Nudo de transporte
----------------
Latitud: 36.7312556
Longitud: -4.471162295
----------------
LOS RAMOS 220
Capacidad MGES en RdT (MW): 0.0
Capacidad MPE en RdT (MW): 0.0
Capacidad MGES en RdD (MW): 0.0
Capacidad MPE en RdD (MW): 0.0</description>
				<styleUrl>#2404</styleUrl>
				<Point id="2402">
					<coordinates>-4.471162295,36.7312556,0</coordinates>
				</Point>
			</Placemark>
			<Placemark id="2423">
				<name>LOUSAME 220</name>
				<description>Nudo de transporte
----------------
Latitud: 42.81798
Longitud: -8.78071
----------------
LOUSAME 220
Capacidad MGES en RdT (MW): 0.0
Capacidad MPE en RdT (MW): 0.0
Capacidad MGES en RdD (MW): 0.0
Capacidad MPE en RdD (MW): 0.0</description>
				<styleUrl>#2424</styleUrl>
				<Point id="2422">
					<coordinates>-8.780709999999999,42.81798,0</coordinates>
				</Point>
			</Placemark>
			<Placemark id="2428">
				<name>LUBIAN 220</name>
				<description>Nudo de transporte
----------------
Latitud: 42.0390138870188
Longitud: -6.89296551036301
----------------
LUBIAN 220
Capacidad MGES en RdT (MW): 0.0
Capacidad MPE en RdT (MW): 0.0
Capacidad MGES en RdD (MW): 0.0
Capacidad MPE en RdD (MW): 0.0</description>
				<styleUrl>#2429</styleUrl>
				<Point id="2427">
					<coordinates>-6.89296551036301,42.0390138870188,0</coordinates>
				</Point>
			</Placemark>
			<Placemark id="2433">
				<name>LUCERO 220</name>
				<description>Nudo de transporte
----------------
Latitud: 40.340774613304
Longitud: -3.88354145139285
----------------
LUCERO 220
Capacidad MGES en RdT (MW): 0.0
Capacidad MPE en RdT (MW): 0.0
Capacidad MGES en RdD (MW): 0.0
Capacidad MPE en RdD (MW): 0.0</description>
				<styleUrl>#2434</styleUrl>
				<Point id="2432">
					<coordinates>-3.88354145139285,40.340774613304,0</coordinates>
				</Point>
			</Placemark>
			<Placemark id="2448">
				<name>LUMINABASO 220</name>
				<description>Nudo de transporte
----------------
Latitud: 43.2122850297768
Longitud: -2.75874317036327
----------------
LUMINABASO 220
Capacidad MGES en RdT (MW): 0.0
Capacidad MPE en RdT (MW): 0.0
Capacidad MGES en RdD (MW): 0.0
Capacidad MPE en RdD (MW): 0.0</description>
				<styleUrl>#2449</styleUrl>
				<Point id="2447">
					<coordinates>-2.75874317036327,43.2122850297768,0</coordinates>
				</Point>
			</Placemark>
			<Placemark id="2458">
				<name>MADRIDEJOS 220</name>
				<description>Nudo de transporte
----------------
Latitud: 39.48923494
Longitud: -3.529911478
----------------
MADRIDEJOS 220
Capacidad MGES en RdT (MW): 0.0
Capacidad MPE en RdT (MW): 0.0
Capacidad MGES en RdD (MW): 0.0
Capacidad MPE en RdD (MW): 0.0</description>
				<styleUrl>#2459</styleUrl>
				<Point id="2457">
					<coordinates>-3.529911478,39.48923494,0</coordinates>
				</Point>
			</Placemark>
			<Placemark id="2473">
				<name>MAGAÑA 220</name>
				<description>Nudo de transporte
----------------
Latitud: 41.95366
Longitud: -2.20012
----------------
MAGAÑA 220
Capacidad MGES en RdT (MW): 0.0
Capacidad MPE en RdT (MW): 0.0
Capacidad MGES en RdD (MW): 0.0
Capacidad MPE en RdD (MW): 0.0</description>
				<styleUrl>#2474</styleUrl>
				<Point id="2472">
					<coordinates>-2.20012,41.95366,0</coordinates>
				</Point>
			</Placemark>
			<Placemark id="2478">
				<name>MAHON 132</name>
				<description>Nudo de transporte
----------------
Latitud: 39.8970811781164
Longitud: 4.25812305335754
----------------
MAHON 132
Capacidad MGES en RdT (MW): 0.0
Capacidad MPE en RdT (MW): 0.0
Capacidad MGES en RdD (MW): 0.0
Capacidad MPE en RdD (MW): 0.0</description>
				<styleUrl>#2479</styleUrl>
				<Point id="2477">
					<coordinates>4.25812305335754,39.8970811781164,0</coordinates>
				</Point>
			</Placemark>
			<Placemark id="2533">
				<name>MARIA 220</name>
				<description>Nudo de transporte
----------------
Latitud: 41.5051519308975
Longitud: -1.01362905039399
----------------
MARIA 220
Capacidad MGES en RdT (MW): 0.0
Capacidad MPE en RdT (MW): 0.0
Capacidad MGES en RdD (MW): 0.0
Capacidad MPE en RdD (MW): 0.0</description>
				<styleUrl>#2534</styleUrl>
				<Point id="2532">
					<coordinates>-1.01362905039399,41.5051519308975,0</coordinates>
				</Point>
			</Placemark>
			<Placemark id="2543">
				<name>MARRATXI B 66</name>
				<description>Nudo de transporte
----------------
Latitud: 39.6116942969377
Longitud: 2.72634259199642
----------------
MARRATXI B 66
Capacidad MGES en RdT (MW): 0.0
Capacidad MPE en RdT (MW): 0.0
Capacidad MGES en RdD (MW): 0.0
Capacidad MPE en RdD (MW): 0.0</description>
				<styleUrl>#2544</styleUrl>
				<Point id="2542">
					<coordinates>2.72634259199642,39.6116942969377,0</coordinates>
				</Point>
			</Placemark>
			<Placemark id="2583">
				<name>MATORRAL 66</name>
				<description>Nudo de transporte
----------------
Latitud: 27.8094596718606
Longitud: -15.4384259928512
----------------
MATORRAL 66
Capacidad MGES en RdT (MW): 0.0
Capacidad MPE en RdT (MW): 0.0
Capacidad MGES en RdD (MW): 0.0
Capacidad MPE en RdD (MW): 0.0</description>
				<styleUrl>#2584</styleUrl>
				<Point id="2582">
					<coordinates>-15.4384259928512,27.8094596718606,0</coordinates>
				</Point>
			</Placemark>
			<Placemark id="2588">
				<name>MAZARICOS 220</name>
				<description>Nudo de transporte
----------------
Latitud: 42.89338179
Longitud: -9.028733751
----------------
MAZARICOS 220
Capacidad MGES en RdT (MW): 0.0
Capacidad MPE en RdT (MW): 0.0
Capacidad MGES en RdD (MW): 0.0
Capacidad MPE en RdD (MW): 0.0</description>
				<styleUrl>#2589</styleUrl>
				<Point id="2587">
					<coordinates>-9.028733751000001,42.89338179,0</coordinates>
				</Point>
			</Placemark>
			<Placemark id="2598">
				<name>MECO 220</name>
				<description>Nudo de transporte
----------------
Latitud: 40.5414391587346
Longitud: -3.31318042595187
----------------
MECO 220
Capacidad MGES en RdT (MW): 0.0
Capacidad MPE en RdT (MW): 0.0
Capacidad MGES en RdD (MW): 0.0
Capacidad MPE en RdD (MW): 0.0</description>
				<styleUrl>#2599</styleUrl>
				<Point id="2597">
					<coordinates>-3.31318042595187,40.5414391587346,0</coordinates>
				</Point>
			</Placemark>
			<Placemark id="2608">
				<name>MEDINA DEL CAMPO 220</name>
				<description>Nudo de transporte
----------------
Latitud: 41.3274378504037
Longitud: -4.91080254424277
----------------
MEDINA DEL CAMPO 220
Capacidad MGES en RdT (MW): 0.0
Capacidad MPE en RdT (MW): 0.0
Capacidad MGES en RdD (MW): 0.0
Capacidad MPE en RdD (MW): 0.0</description>
				<styleUrl>#2609</styleUrl>
				<Point id="2607">
					<coordinates>-4.91080254424277,41.3274378504037,0</coordinates>
				</Point>
			</Placemark>
			<Placemark id="2643">
				<name>MERCADAL 132</name>
				<description>Nudo de transporte
----------------
Latitud: 39.9772405428622
Longitud: 4.09556290441703
----------------
MERCADAL 132
Capacidad MGES en RdT (MW): 0.0
Capacidad MPE en RdT (MW): 0.0
Capacidad MGES en RdD (MW): 0.0
Capacidad MPE en RdD (MW): 0.0</description>
				<styleUrl>#2644</styleUrl>
				<Point id="2642">
					<coordinates>4.09556290441703,39.9772405428622,0</coordinates>
				</Point>
			</Placemark>
			<Placemark id="2663">
				<name>MESON D.V. 220</name>
				<description>Nudo de transporte
----------------
Latitud: 43.16938797
Longitud: -8.35465609
----------------
MESON D.V. 220
Capacidad MGES en RdT (MW): 0.0
Capacidad MPE en RdT (MW): 0.0
Capacidad MGES en RdD (MW): 0.0
Capacidad MPE en RdD (MW): 0.0</description>
				<styleUrl>#2664</styleUrl>
				<Point id="2662">
					<coordinates>-8.354656090000001,43.16938797,0</coordinates>
				</Point>
			</Placemark>
			<Placemark id="2668">
				<name>MEZQUITA 400</name>
				<description>Nudo de transporte
----------------
Latitud: 40.7240662364821
Longitud: -0.849627399048853
----------------
MEZQUITA 400
Capacidad MGES en RdT (MW): 0.0
Capacidad MPE en RdT (MW): 0.0
Capacidad MGES en RdD (MW): 0.0
Capacidad MPE en RdD (MW): 0.0</description>
				<styleUrl>#2669</styleUrl>
				<Point id="2667">
					<coordinates>-0.8496273990488529,40.7240662364821,0</coordinates>
				</Point>
			</Placemark>
			<Placemark id="2678">
				<name>MINGLANILLA 400</name>
				<description>Nudo de transporte
----------------
Latitud: 39.52616504
Longitud: -1.564009732
----------------
MINGLANILLA 400
Capacidad MGES en RdT (MW): 0.0
Capacidad MPE en RdT (MW): 0.0
Capacidad MGES en RdD (MW): 0.0
Capacidad MPE en RdD (MW): 0.0</description>
				<styleUrl>#2679</styleUrl>
				<Point id="2677">
					<coordinates>-1.564009732,39.52616504,0</coordinates>
				</Point>
			</Placemark>
			<Placemark id="2688">
				<name>MIRANDA DE EBRO 220</name>
				<description>Nudo de transporte
----------------
Latitud: 42.6957174910368
Longitud: -2.92084853510354
----------------
MIRANDA DE EBRO 220
Capacidad MGES en RdT (MW): 0.0
Capacidad MPE en RdT (MW): 0.0
Capacidad MGES en RdD (MW): 0.0
Capacidad MPE en RdD (MW): 0.0</description>
				<styleUrl>#2689</styleUrl>
				<Point id="2687">
					<coordinates>-2.92084853510354,42.6957174910368,0</coordinates>
				</Point>
			</Placemark>
			<Placemark id="2718">
				<name>MONTEARENAS 400</name>
				<description>Nudo de transporte
----------------
Latitud: 42.5733030586383
Longitud: -6.55007648495355
----------------
MONTEARENAS 400
Capacidad MGES en RdT (MW): 0.0
Capacidad MPE en RdT (MW): 0.0
Capacidad MGES en RdD (MW): 0.0
Capacidad MPE en RdD (MW): 0.0</description>
				<styleUrl>#2719</styleUrl>
				<Point id="2717">
					<coordinates>-6.55007648495355,42.5733030586383,0</coordinates>
				</Point>
			</Placemark>
			<Placemark id="2728">
				<name>MONTEBELLO 220</name>
				<description>Nudo de transporte
----------------
Latitud: 38.5960572284738
Longitud: -0.139548088291368
----------------
MONTEBELLO 220
Capacidad MGES en RdT (MW): 0.0
Capacidad MPE en RdT (MW): 0.0
Capacidad MGES en RdD (MW): 0.0
Capacidad MPE en RdD (MW): 0.0</description>
				<styleUrl>#2729</styleUrl>
				<Point id="2727">
					<coordinates>-0.139548088291368,38.5960572284738,0</coordinates>
				</Point>
			</Placemark>
			<Placemark id="2733">
				<name>MONTECILLO BAJO 220</name>
				<description>Nudo de transporte
----------------
Latitud: 37.9152869897801
Longitud: -4.57776909683486
----------------
MONTECILLO BAJO 220
Capacidad MGES en RdT (MW): 0.0
Capacidad MPE en RdT (MW): 0.0
Capacidad MGES en RdD (MW): 0.0
Capacidad MPE en RdD (MW): 0.0</description>
				<styleUrl>#2734</styleUrl>
				<Point id="2732">
					<coordinates>-4.57776909683486,37.9152869897801,0</coordinates>
				</Point>
			</Placemark>
			<Placemark id="2738">
				<name>MONTESA 400</name>
				<description>Nudo de transporte
----------------
Latitud: 38.9287563779064
Longitud: -0.648476701304285
----------------
MONTESA 400
Capacidad MGES en RdT (MW): 0.0
Capacidad MPE en RdT (MW): 0.0
Capacidad MGES en RdD (MW): 0.0
Capacidad MPE en RdD (MW): 0.0</description>
				<styleUrl>#2739</styleUrl>
				<Point id="2737">
					<coordinates>-0.648476701304285,38.9287563779064,0</coordinates>
				</Point>
			</Placemark>
			<Placemark id="2743">
				<name>MONTETORRERO 220</name>
				<description>Nudo de transporte
----------------
Latitud: 41.5969016347676
Longitud: -0.854616910550007
----------------
MONTETORRERO 220
Capacidad MGES en RdT (MW): 0.0
Capacidad MPE en RdT (MW): 0.0
Capacidad MGES en RdD (MW): 0.0
Capacidad MPE en RdD (MW): 0.0</description>
				<styleUrl>#2744</styleUrl>
				<Point id="2742">
					<coordinates>-0.854616910550007,41.5969016347676,0</coordinates>
				</Point>
			</Placemark>
			<Placemark id="2748">
				<name>MONTOUTO 220</name>
				<description>Nudo de transporte
----------------
Latitud: 42.12625972
Longitud: -8.310972658
----------------
MONTOUTO 220
Capacidad MGES en RdT (MW): 0.0
Capacidad MPE en RdT (MW): 0.0
Capacidad MGES en RdD (MW): 0.0
Capacidad MPE en RdD (MW): 0.0</description>
				<styleUrl>#2749</styleUrl>
				<Point id="2747">
					<coordinates>-8.310972658000001,42.12625972,0</coordinates>
				</Point>
			</Placemark>
			<Placemark id="2753">
				<name>MONZON 220</name>
				<description>Nudo de transporte
----------------
Latitud: 41.933423648433
Longitud: 0.175790579566221
----------------
MONZON 220
Capacidad MGES en RdT (MW): 0.0
Capacidad MPE en RdT (MW): 0.0
Capacidad MGES en RdD (MW): 0.0
Capacidad MPE en RdD (MW): 0.0</description>
				<styleUrl>#2754</styleUrl>
				<Point id="2752">
					<coordinates>0.175790579566221,41.933423648433,0</coordinates>
				</Point>
			</Placemark>
			<Placemark id="2758">
				<name>MORA 220</name>
				<description>Nudo de transporte
----------------
Latitud: 39.68053357
Longitud: -3.802361059
----------------
MORA 220
Capacidad MGES en RdT (MW): 0.0
Capacidad MPE en RdT (MW): 0.0
Capacidad MGES en RdD (MW): 0.0
Capacidad MPE en RdD (MW): 0.0</description>
				<styleUrl>#2759</styleUrl>
				<Point id="2757">
					<coordinates>-3.802361059,39.68053357,0</coordinates>
				</Point>
			</Placemark>
			<Placemark id="2763">
				<name>MORALEJA 400</name>
				<description>Nudo de transporte
----------------
Latitud: 40.2597301336763
Longitud: -3.87543762658667
----------------
MORALEJA 400
Capacidad MGES en RdT (MW): 0.0
Capacidad MPE en RdT (MW): 0.0
Capacidad MGES en RdD (MW): 0.0
Capacidad MPE en RdD (MW): 0.0</description>
				<styleUrl>#2764</styleUrl>
				<Point id="2762">
					<coordinates>-3.875437626586669,40.2597301336763,0</coordinates>
				</Point>
			</Placemark>
			<Placemark id="2773">
				<name>MORALETS 220</name>
				<description>Nudo de transporte
----------------
Latitud: 42.5692308226844
Longitud: 0.756277764863256
----------------
MORALETS 220
Capacidad MGES en RdT (MW): 0.0
Capacidad MPE en RdT (MW): 0.0
Capacidad MGES en RdD (MW): 0.0
Capacidad MPE en RdD (MW): 0.0</description>
				<styleUrl>#2774</styleUrl>
				<Point id="2772">
					<coordinates>0.756277764863256,42.5692308226844,0</coordinates>
				</Point>
			</Placemark>
			<Placemark id="2778">
				<name>MORATA 400</name>
				<description>Nudo de transporte
----------------
Latitud: 40.25595055579268
Longitud: -3.442656378949225
----------------
MORATA 400
Capacidad MGES en RdT (MW): 0.0
Capacidad MPE en RdT (MW): 0.0
Capacidad MGES en RdD (MW): 0.0
Capacidad MPE en RdD (MW): 0.0</description>
				<styleUrl>#2779</styleUrl>
				<Point id="2777">
					<coordinates>-3.442656378949225,40.25595055579268,0</coordinates>
				</Point>
			</Placemark>
			<Placemark id="2788">
				<name>MORELLA 400</name>
				<description>Nudo de transporte
----------------
Latitud: 40.6109752547575
Longitud: -0.195433898814401
----------------
MORELLA 400
Capacidad MGES en RdT (MW): 0.0
Capacidad MPE en RdT (MW): 0.0
Capacidad MGES en RdD (MW): 0.0
Capacidad MPE en RdD (MW): 0.0</description>
				<styleUrl>#2789</styleUrl>
				<Point id="2787">
					<coordinates>-0.195433898814401,40.6109752547575,0</coordinates>
				</Point>
			</Placemark>
			<Placemark id="2798">
				<name>MORVEDRE 400</name>
				<description>Nudo de transporte
----------------
Latitud: 39.6421618247811
Longitud: -0.236400768050567
----------------
MORVEDRE 400
Capacidad MGES en RdT (MW): 0.0
Capacidad MPE en RdT (MW): 0.0
Capacidad MGES en RdD (MW): 0.0
Capacidad MPE en RdD (MW): 0.0</description>
				<styleUrl>#2799</styleUrl>
				<Point id="2797">
					<coordinates>-0.236400768050567,39.6421618247811,0</coordinates>
				</Point>
			</Placemark>
			<Placemark id="2803">
				<name>MORVEDRE B 220</name>
				<description>Nudo de transporte
----------------
Latitud: 39.6421618247811
Longitud: -0.236400768050567
----------------
MORVEDRE B 220
Capacidad MGES en RdT (MW): 0.0
Capacidad MPE en RdT (MW): 0.0
Capacidad MGES en RdD (MW): 0.0
Capacidad MPE en RdD (MW): 0.0</description>
				<styleUrl>#2804</styleUrl>
				<Point id="2802">
					<coordinates>-0.236400768050567,39.6421618247811,0</coordinates>
				</Point>
			</Placemark>
			<Placemark id="2813">
				<name>MUDARRA 400</name>
				<description>Nudo de transporte
----------------
Latitud: 41.7894901306943
Longitud: -4.93674624076648
----------------
MUDARRA 400
Capacidad MGES en RdT (MW): 0.0
Capacidad MPE en RdT (MW): 0.0
Capacidad MGES en RdD (MW): 0.0
Capacidad MPE en RdD (MW): 0.0</description>
				<styleUrl>#2814</styleUrl>
				<Point id="2812">
					<coordinates>-4.93674624076648,41.7894901306943,0</coordinates>
				</Point>
			</Placemark>
			<Placemark id="2823">
				<name>MUDARRITA 220</name>
				<description>Nudo de transporte
----------------
Latitud: 41.7891609309676
Longitud: -4.94203828702225
----------------
MUDARRITA 220
Capacidad MGES en RdT (MW): 0.0
Capacidad MPE en RdT (MW): 0.0
Capacidad MGES en RdD (MW): 0.0
Capacidad MPE en RdD (MW): 0.0</description>
				<styleUrl>#2824</styleUrl>
				<Point id="2822">
					<coordinates>-4.94203828702225,41.7891609309676,0</coordinates>
				</Point>
			</Placemark>
			<Placemark id="2833">
				<name>MUELA 400</name>
				<description>Nudo de transporte
----------------
Latitud: 39.2437926189886
Longitud: -0.931634451386766
----------------
MUELA 400
Capacidad MGES en RdT (MW): 0.0
Capacidad MPE en RdT (MW): 0.0
Capacidad MGES en RdD (MW): 0.0
Capacidad MPE en RdD (MW): 0.0</description>
				<styleUrl>#2834</styleUrl>
				<Point id="2832">
					<coordinates>-0.931634451386766,39.2437926189886,0</coordinates>
				</Point>
			</Placemark>
			<Placemark id="2843">
				<name>MUNIESA 400</name>
				<description>Nudo de transporte
----------------
Latitud: 41.03303416669254
Longitud: -0.8396747092332264
----------------
MUNIESA 400
Capacidad MGES en RdT (MW): 0.0
Capacidad MPE en RdT (MW): 0.0
Capacidad MGES en RdD (MW): 0.0
Capacidad MPE en RdD (MW): 0.0</description>
				<styleUrl>#2844</styleUrl>
				<Point id="2842">
					<coordinates>-0.8396747092332263,41.03303416669254,0</coordinates>
				</Point>
			</Placemark>
			<Placemark id="2863">
				<name>MURUARTE 220</name>
				<description>Nudo de transporte
----------------
Latitud: 42.67135269
Longitud: -1.65268556
----------------
MURUARTE 220
Capacidad MGES en RdT (MW): 0.0
Capacidad MPE en RdT (MW): 0.0
Capacidad MGES en RdD (MW): 0.0
Capacidad MPE en RdD (MW): 0.0</description>
				<styleUrl>#2864</styleUrl>
				<Point id="2862">
					<coordinates>-1.65268556,42.67135269,0</coordinates>
				</Point>
			</Placemark>
			<Placemark id="2883">
				<name>NUDO VIARIO 220</name>
				<description>Nudo de transporte
----------------
Latitud: 41.332508034098886
Longitud: 2.0568493926459013
----------------
NUDO VIARIO 220
Capacidad MGES en RdT (MW): 0.0
Capacidad MPE en RdT (MW): 0.0
Capacidad MGES en RdD (MW): 0.0
Capacidad MPE en RdD (MW): 0.0</description>
				<styleUrl>#2884</styleUrl>
				<Point id="2882">
					<coordinates>2.056849392645901,41.33250803409889,0</coordinates>
				</Point>
			</Placemark>
			<Placemark id="2893">
				<name>NUEVA ESCOMBRERAS 400</name>
				<description>Nudo de transporte
----------------
Latitud: 37.57455644
Longitud: -0.940204827
----------------
NUEVA ESCOMBRERAS 400
Capacidad MGES en RdT (MW): 0.0
Capacidad MPE en RdT (MW): 0.0
Capacidad MGES en RdD (MW): 0.0
Capacidad MPE en RdD (MW): 0.0</description>
				<styleUrl>#2894</styleUrl>
				<Point id="2892">
					<coordinates>-0.940204827,37.57455644,0</coordinates>
				</Point>
			</Placemark>
			<Placemark id="2898">
				<name>NUEVA ESCOMBRERAS B 400</name>
				<description>Nudo de transporte
----------------
Latitud: 37.57277995266
Longitud: -0.941490097763406
----------------
NUEVA ESCOMBRERAS B 400
Capacidad MGES en RdT (MW): 0.0
Capacidad MPE en RdT (MW): 0.0
Capacidad MGES en RdD (MW): 0.0
Capacidad MPE en RdD (MW): 0.0</description>
				<styleUrl>#2899</styleUrl>
				<Point id="2897">
					<coordinates>-0.941490097763406,37.57277995266,0</coordinates>
				</Point>
			</Placemark>
			<Placemark id="2903">
				<name>NUEVA MECO 220</name>
				<description>Nudo de transporte
----------------
Latitud: 40.5409902511014
Longitud: -3.31365370421749
----------------
NUEVA MECO 220
Capacidad MGES en RdT (MW): 0.0
Capacidad MPE en RdT (MW): 0.0
Capacidad MGES en RdD (MW): 0.0
Capacidad MPE en RdD (MW): 0.0</description>
				<styleUrl>#2904</styleUrl>
				<Point id="2902">
					<coordinates>-3.31365370421749,40.5409902511014,0</coordinates>
				</Point>
			</Placemark>
			<Placemark id="2923">
				<name>OLITE 220</name>
				<description>Nudo de transporte
----------------
Latitud: 42.41503313
Longitud: -1.678403259
----------------
OLITE 220
Capacidad MGES en RdT (MW): 0.0
Capacidad MPE en RdT (MW): 0.0
Capacidad MGES en RdD (MW): 0.0
Capacidad MPE en RdD (MW): 0.0</description>
				<styleUrl>#2924</styleUrl>
				<Point id="2922">
					<coordinates>-1.679621678379666,42.41331348191579,0</coordinates>
				</Point>
			</Placemark>
			<Placemark id="2938">
				<name>OLMEDILLA 400</name>
				<description>Nudo de transporte
----------------
Latitud: 39.63996472
Longitud: -2.083306641
----------------
OLMEDILLA 400
Capacidad MGES en RdT (MW): 0.0
Capacidad MPE en RdT (MW): 0.0
Capacidad MGES en RdD (MW): 0.0
Capacidad MPE en RdD (MW): 0.0</description>
				<styleUrl>#2939</styleUrl>
				<Point id="2937">
					<coordinates>-2.083306641,39.63996472,0</coordinates>
				</Point>
			</Placemark>
			<Placemark id="2953">
				<name>ONCALA 220</name>
				<description>Nudo de transporte
----------------
Latitud: 41.9630814826571
Longitud: -2.24671643545086
----------------
ONCALA 220
Capacidad MGES en RdT (MW): 0.0
Capacidad MPE en RdT (MW): 0.0
Capacidad MGES en RdD (MW): 0.0
Capacidad MPE en RdD (MW): 0.0</description>
				<styleUrl>#2954</styleUrl>
				<Point id="2952">
					<coordinates>-2.24671643545086,41.9630814826571,0</coordinates>
				</Point>
			</Placemark>
			<Placemark id="2958">
				<name>ONDINAS 220</name>
				<description>Nudo de transporte
----------------
Latitud: 42.84286618605223
Longitud: -6.469905994682479
----------------
ONDINAS 220
Capacidad MGES en RdT (MW): 0.0
Capacidad MPE en RdT (MW): 0.0
Capacidad MGES en RdD (MW): 0.0
Capacidad MPE en RdD (MW): 0.0</description>
				<styleUrl>#2959</styleUrl>
				<Point id="2957">
					<coordinates>-6.469905994682478,42.84286618605223,0</coordinates>
				</Point>
			</Placemark>
			<Placemark id="2963">
				<name>ONUBA 220</name>
				<description>Nudo de transporte
----------------
Latitud: 37.30194456
Longitud: -6.924119463
----------------
ONUBA 220
Capacidad MGES en RdT (MW): 0.0
Capacidad MPE en RdT (MW): 0.0
Capacidad MGES en RdD (MW): 0.0
Capacidad MPE en RdD (MW): 0.0</description>
				<styleUrl>#2964</styleUrl>
				<Point id="2962">
					<coordinates>-6.924119463,37.30194456,0</coordinates>
				</Point>
			</Placemark>
			<Placemark id="2968">
				<name>ORCOYEN 220</name>
				<description>Nudo de transporte
----------------
Latitud: 42.82125508
Longitud: -1.707887125
----------------
ORCOYEN 220
Capacidad MGES en RdT (MW): 0.0
Capacidad MPE en RdT (MW): 0.0
Capacidad MGES en RdD (MW): 0.0
Capacidad MPE en RdD (MW): 0.0</description>
				<styleUrl>#2969</styleUrl>
				<Point id="2967">
					<coordinates>-1.707887125,42.82125508,0</coordinates>
				</Point>
			</Placemark>
			<Placemark id="2973">
				<name>ORGIVA 220</name>
				<description>Nudo de transporte
----------------
Latitud: 36.89685073
Longitud: -3.419434838
----------------
ORGIVA 220
Capacidad MGES en RdT (MW): 0.0
Capacidad MPE en RdT (MW): 0.0
Capacidad MGES en RdD (MW): 0.0
Capacidad MPE en RdD (MW): 0.0</description>
				<styleUrl>#2974</styleUrl>
				<Point id="2972">
					<coordinates>-3.419434838,36.89685073,0</coordinates>
				</Point>
			</Placemark>
			<Placemark id="3063">
				<name>PENAGOS 400</name>
				<description>Nudo de transporte
----------------
Latitud: 43.34867351
Longitud: -3.824767889
----------------
PENAGOS 400
Capacidad MGES en RdT (MW): 0.0
Capacidad MPE en RdT (MW): 0.0
Capacidad MGES en RdD (MW): 0.0
Capacidad MPE en RdD (MW): 0.0</description>
				<styleUrl>#3064</styleUrl>
				<Point id="3062">
					<coordinates>-3.824767889,43.34867351,0</coordinates>
				</Point>
			</Placemark>
			<Placemark id="3068">
				<name>PENAGOS 220</name>
				<description>Nudo de transporte
----------------
Latitud: 43.34867351
Longitud: -3.8246678889999997
----------------
PENAGOS 220
Capacidad MGES en RdT (MW): 0.0
Capacidad MPE en RdT (MW): 0.0
Capacidad MGES en RdD (MW): 0.0
Capacidad MPE en RdD (MW): 0.0</description>
				<styleUrl>#3069</styleUrl>
				<Point id="3067">
					<coordinates>-3.824667889,43.34867351,0</coordinates>
				</Point>
			</Placemark>
			<Placemark id="3073">
				<name>PENEDES 220</name>
				<description>Nudo de transporte
----------------
Latitud: 41.3644623362645
Longitud: 1.7082043338446
----------------
PENEDES 220
Capacidad MGES en RdT (MW): 0.0
Capacidad MPE en RdT (MW): 0.0
Capacidad MGES en RdD (MW): 0.0
Capacidad MPE en RdD (MW): 0.0</description>
				<styleUrl>#3074</styleUrl>
				<Point id="3072">
					<coordinates>1.7082043338446,41.3644623362645,0</coordinates>
				</Point>
			</Placemark>
			<Placemark id="3093">
				<name>PEÑALBA 400</name>
				<description>Nudo de transporte
----------------
Latitud: 41.52764568
Longitud: -0.098968491
----------------
PEÑALBA 400
Capacidad MGES en RdT (MW): 0.0
Capacidad MPE en RdT (MW): 0.0
Capacidad MGES en RdD (MW): 0.0
Capacidad MPE en RdD (MW): 0.0</description>
				<styleUrl>#3094</styleUrl>
				<Point id="3092">
					<coordinates>-0.09896849100000002,41.52764568,0</coordinates>
				</Point>
			</Placemark>
			<Placemark id="3103">
				<name>PEÑARRUBIA 400</name>
				<description>Nudo de transporte
----------------
Latitud: 38.5230454021265
Longitud: -1.33299759112282
----------------
PEÑARRUBIA 400
Capacidad MGES en RdT (MW): 0.0
Capacidad MPE en RdT (MW): 0.0
Capacidad MGES en RdD (MW): 0.0
Capacidad MPE en RdD (MW): 0.0</description>
				<styleUrl>#3104</styleUrl>
				<Point id="3102">
					<coordinates>-1.33299759112282,38.5230454021265,0</coordinates>
				</Point>
			</Placemark>
			<Placemark id="3108">
				<name>PERAFORT 220</name>
				<description>Nudo de transporte
----------------
Latitud: 41.1945047989822
Longitud: 1.24841170034187
----------------
PERAFORT 220
Capacidad MGES en RdT (MW): 0.0
Capacidad MPE en RdT (MW): 0.0
Capacidad MGES en RdD (MW): 0.0
Capacidad MPE en RdD (MW): 0.0</description>
				<styleUrl>#3109</styleUrl>
				<Point id="3107">
					<coordinates>1.24841170034187,41.1945047989822,0</coordinates>
				</Point>
			</Placemark>
			<Placemark id="3123">
				<name>PIEROLA 400</name>
				<description>Nudo de transporte
----------------
Latitud: 41.5234553509718
Longitud: 1.82961918389613
----------------
PIEROLA 400
Capacidad MGES en RdT (MW): 0.0
Capacidad MPE en RdT (MW): 0.0
Capacidad MGES en RdD (MW): 0.0
Capacidad MPE en RdD (MW): 0.0</description>
				<styleUrl>#3124</styleUrl>
				<Point id="3122">
					<coordinates>1.82961918389613,41.5234553509718,0</coordinates>
				</Point>
			</Placemark>
			<Placemark id="3128">
				<name>PIEROLA 220</name>
				<description>Nudo de transporte
----------------
Latitud: 41.5234553509718
Longitud: 1.82971918389613
----------------
PIEROLA 220
Capacidad MGES en RdT (MW): 0.0
Capacidad MPE en RdT (MW): 0.0
Capacidad MGES en RdD (MW): 0.0
Capacidad MPE en RdD (MW): 0.0</description>
				<styleUrl>#3129</styleUrl>
				<Point id="3127">
					<coordinates>1.82971918389613,41.5234553509718,0</coordinates>
				</Point>
			</Placemark>
			<Placemark id="3143">
				<name>PINAR DE REY 220</name>
				<description>Nudo de transporte
----------------
Latitud: 36.24973632
Longitud: -5.411659543
----------------
PINAR DE REY 220
Capacidad MGES en RdT (MW): 0.0
Capacidad MPE en RdT (MW): 0.0
Capacidad MGES en RdD (MW): 0.0
Capacidad MPE en RdD (MW): 0.0</description>
				<styleUrl>#3144</styleUrl>
				<Point id="3142">
					<coordinates>-5.411659543,36.24973632,0</coordinates>
				</Point>
			</Placemark>
			<Placemark id="3158">
				<name>PINTO AYUDEN 220</name>
				<description>Nudo de transporte
----------------
Latitud: 40.2634646162693
Longitud: -3.72280181223406
----------------
PINTO AYUDEN 220
Capacidad MGES en RdT (MW): 0.0
Capacidad MPE en RdT (MW): 0.0
Capacidad MGES en RdD (MW): 0.0
Capacidad MPE en RdD (MW): 0.0</description>
				<styleUrl>#3159</styleUrl>
				<Point id="3157">
					<coordinates>-3.72280181223406,40.2634646162693,0</coordinates>
				</Point>
			</Placemark>
			<Placemark id="3163">
				<name>PLASENCIA 220</name>
				<description>Nudo de transporte
----------------
Latitud: 40.0221909201071
Longitud: -6.09437717493894
----------------
PLASENCIA 220
Capacidad MGES en RdT (MW): 0.0
Capacidad MPE en RdT (MW): 0.0
Capacidad MGES en RdD (MW): 0.0
Capacidad MPE en RdD (MW): 0.0</description>
				<styleUrl>#3164</styleUrl>
				<Point id="3162">
					<coordinates>-6.09437717493894,40.0221909201071,0</coordinates>
				</Point>
			</Placemark>
			<Placemark id="3173">
				<name>PLAYA BLANCA 66</name>
				<description>Nudo de transporte
----------------
Latitud: 28.8693690882852
Longitud: -13.7997537157796
----------------
PLAYA BLANCA 66
Capacidad MGES en RdT (MW): 0.0
Capacidad MPE en RdT (MW): 0.0
Capacidad MGES en RdD (MW): 0.0
Capacidad MPE en RdD (MW): 0.0</description>
				<styleUrl>#3174</styleUrl>
				<Point id="3172">
					<coordinates>-13.7997537157796,28.8693690882852,0</coordinates>
				</Point>
			</Placemark>
			<Placemark id="3178">
				<name>PLAZA 220</name>
				<description>Nudo de transporte
----------------
Latitud: 41.6300275098882
Longitud: -0.997524833537603
----------------
PLAZA 220
Capacidad MGES en RdT (MW): 0.0
Capacidad MPE en RdT (MW): 0.0
Capacidad MGES en RdD (MW): 0.0
Capacidad MPE en RdD (MW): 0.0</description>
				<styleUrl>#3179</styleUrl>
				<Point id="3177">
					<coordinates>-0.997524833537603,41.6300275098882,0</coordinates>
				</Point>
			</Placemark>
			<Placemark id="3208">
				<name>POLIGONO GRANADILLA 66</name>
				<description>Nudo de transporte
----------------
Latitud: 28.08111031656941
Longitud: -16.4993386731702
----------------
POLIGONO GRANADILLA 66
Capacidad MGES en RdT (MW): 0.0
Capacidad MPE en RdT (MW): 0.0
Capacidad MGES en RdD (MW): 0.0
Capacidad MPE en RdD (MW): 0.0</description>
				<styleUrl>#3209</styleUrl>
				<Point id="3207">
					<coordinates>-16.4993386731702,28.08111031656941,0</coordinates>
				</Point>
			</Placemark>
			<Placemark id="3223">
				<name>PONT DE SUERT 220</name>
				<description>Nudo de transporte
----------------
Latitud: 42.403451625782
Longitud: 0.73843299111563
----------------
PONT DE SUERT 220
Capacidad MGES en RdT (MW): 0.0
Capacidad MPE en RdT (MW): 0.0
Capacidad MGES en RdD (MW): 0.0
Capacidad MPE en RdD (MW): 0.0</description>
				<styleUrl>#3224</styleUrl>
				<Point id="3222">
					<coordinates>0.73843299111563,42.403451625782,0</coordinates>
				</Point>
			</Placemark>
			<Placemark id="3228">
				<name>PORIS 220</name>
				<description>Nudo de transporte
----------------
Latitud: 28.1722904722343
Longitud: -16.4374561742672
----------------
PORIS 220
Capacidad MGES en RdT (MW): 0.0
Capacidad MPE en RdT (MW): 0.0
Capacidad MGES en RdD (MW): 0.0
Capacidad MPE en RdD (MW): 0.0</description>
				<styleUrl>#3229</styleUrl>
				<Point id="3227">
					<coordinates>-16.4374561742672,28.17229047223431,0</coordinates>
				</Point>
			</Placemark>
			<Placemark id="3233">
				<name>PORIS 66</name>
				<description>Nudo de transporte
----------------
Latitud: 28.1722904722343
Longitud: -16.4373561742672
----------------
PORIS 66
Capacidad MGES en RdT (MW): 0.0
Capacidad MPE en RdT (MW): 0.0
Capacidad MGES en RdD (MW): 0.0
Capacidad MPE en RdD (MW): 0.0</description>
				<styleUrl>#3234</styleUrl>
				<Point id="3232">
					<coordinates>-16.4373561742672,28.17229047223431,0</coordinates>
				</Point>
			</Placemark>
			<Placemark id="3248">
				<name>POZA DE LA SAL 220</name>
				<description>Nudo de transporte
----------------
Latitud: 42.6672658920623
Longitud: -3.48810754444388
----------------
POZA DE LA SAL 220
Capacidad MGES en RdT (MW): 0.0
Capacidad MPE en RdT (MW): 0.0
Capacidad MGES en RdD (MW): 0.0
Capacidad MPE en RdD (MW): 0.0</description>
				<styleUrl>#3249</styleUrl>
				<Point id="3247">
					<coordinates>-3.48810754444388,42.6672658920623,0</coordinates>
				</Point>
			</Placemark>
			<Placemark id="3253">
				<name>PRADA 220</name>
				<description>Nudo de transporte
----------------
Latitud: 42.33145805731936
Longitud: -7.036784607184409
----------------
PRADA 220
Capacidad MGES en RdT (MW): 0.0
Capacidad MPE en RdT (MW): 0.0
Capacidad MGES en RdD (MW): 0.0
Capacidad MPE en RdD (MW): 0.0</description>
				<styleUrl>#3254</styleUrl>
				<Point id="3252">
					<coordinates>-7.036784607184409,42.33145805731936,0</coordinates>
				</Point>
			</Placemark>
			<Placemark id="3263">
				<name>PRADO SANTO DOMINGO 220</name>
				<description>Nudo de transporte
----------------
Latitud: 40.3256201541496
Longitud: -3.83841916126624
----------------
PRADO SANTO DOMINGO 220
Capacidad MGES en RdT (MW): 0.0
Capacidad MPE en RdT (MW): 0.0
Capacidad MGES en RdD (MW): 0.0
Capacidad MPE en RdD (MW): 0.0</description>
				<styleUrl>#3264</styleUrl>
				<Point id="3262">
					<coordinates>-3.83841916126624,40.3256201541496,0</coordinates>
				</Point>
			</Placemark>
			<Placemark id="3278">
				<name>PUEBLA DE GUZMAN 400</name>
				<description>Nudo de transporte
----------------
Latitud: 37.5491738035386
Longitud: -7.241180408696886
----------------
PUEBLA DE GUZMAN 400
Capacidad MGES en RdT (MW): 0.0
Capacidad MPE en RdT (MW): 0.0
Capacidad MGES en RdD (MW): 0.0
Capacidad MPE en RdD (MW): 0.0</description>
				<styleUrl>#3279</styleUrl>
				<Point id="3277">
					<coordinates>-7.241180408696885,37.5491738035386,0</coordinates>
				</Point>
			</Placemark>
			<Placemark id="3288">
				<name>PUEBLA DE SANABRIA 220</name>
				<description>Nudo de transporte
----------------
Latitud: 42.0616229312891
Longitud: -6.62385896576263
----------------
PUEBLA DE SANABRIA 220
Capacidad MGES en RdT (MW): 0.0
Capacidad MPE en RdT (MW): 0.0
Capacidad MGES en RdD (MW): 0.0
Capacidad MPE en RdD (MW): 0.0</description>
				<styleUrl>#3289</styleUrl>
				<Point id="3287">
					<coordinates>-6.62385896576263,42.0616229312891,0</coordinates>
				</Point>
			</Placemark>
			<Placemark id="3313">
				<name>PUENTES G.R. 400</name>
				<description>Nudo de transporte
----------------
Latitud: 43.4392649550068
Longitud: -7.86058257115198
----------------
PUENTES G.R. 400
Capacidad MGES en RdT (MW): 0.0
Capacidad MPE en RdT (MW): 0.0
Capacidad MGES en RdD (MW): 0.0
Capacidad MPE en RdD (MW): 0.0</description>
				<styleUrl>#3314</styleUrl>
				<Point id="3312">
					<coordinates>-7.86058257115198,43.4392649550068,0</coordinates>
				</Point>
			</Placemark>
			<Placemark id="3318">
				<name>PUERTO 220</name>
				<description>Nudo de transporte
----------------
Latitud: 43.36671326
Longitud: -8.402599573
----------------
PUERTO 220
Capacidad MGES en RdT (MW): 0.0
Capacidad MPE en RdT (MW): 0.0
Capacidad MGES en RdD (MW): 0.0
Capacidad MPE en RdD (MW): 0.0</description>
				<styleUrl>#3319</styleUrl>
				<Point id="3317">
					<coordinates>-8.402599573,43.36671326,0</coordinates>
				</Point>
			</Placemark>
			<Placemark id="3323">
				<name>PUERTO DE LA CRUZ 400</name>
				<description>Nudo de transporte
----------------
Latitud: 36.07421356
Longitud: -5.613926011
----------------
PUERTO DE LA CRUZ 400
Capacidad MGES en RdT (MW): 0.0
Capacidad MPE en RdT (MW): 0.0
Capacidad MGES en RdD (MW): 0.0
Capacidad MPE en RdD (MW): 0.0</description>
				<styleUrl>#3324</styleUrl>
				<Point id="3322">
					<coordinates>-5.613926011,36.07421356,0</coordinates>
				</Point>
			</Placemark>
			<Placemark id="3338">
				<name>PUERTO DEL ROSARIO 132</name>
				<description>Nudo de transporte
----------------
Latitud: 28.5207666992774
Longitud: -13.8724067826558
----------------
PUERTO DEL ROSARIO 132
Capacidad MGES en RdT (MW): 0.0
Capacidad MPE en RdT (MW): 0.0
Capacidad MGES en RdD (MW): 0.0
Capacidad MPE en RdD (MW): 0.0</description>
				<styleUrl>#3339</styleUrl>
				<Point id="3337">
					<coordinates>-13.8724067826558,28.5207666992774,0</coordinates>
				</Point>
			</Placemark>
			<Placemark id="3343">
				<name>PUERTO DEL ROSARIO 66</name>
				<description>Nudo de transporte
----------------
Latitud: 28.5207666992774
Longitud: -13.8723067826558
----------------
PUERTO DEL ROSARIO 66
Capacidad MGES en RdT (MW): 0.0
Capacidad MPE en RdT (MW): 0.0
Capacidad MGES en RdD (MW): 0.0
Capacidad MPE en RdD (MW): 0.0</description>
				<styleUrl>#3344</styleUrl>
				<Point id="3342">
					<coordinates>-13.8723067826558,28.5207666992774,0</coordinates>
				</Point>
			</Placemark>
			<Placemark id="3358">
				<name>PUIGPELAT 220</name>
				<description>Nudo de transporte
----------------
Latitud: 41.2833170700755
Longitud: 1.29134814155967
----------------
PUIGPELAT 220
Capacidad MGES en RdT (MW): 0.0
Capacidad MPE en RdT (MW): 0.0
Capacidad MGES en RdD (MW): 0.0
Capacidad MPE en RdD (MW): 0.0</description>
				<styleUrl>#3359</styleUrl>
				<Point id="3357">
					<coordinates>1.29134814155967,41.2833170700755,0</coordinates>
				</Point>
			</Placemark>
			<Placemark id="3368">
				<name>PUNTA GRANDE 66</name>
				<description>Nudo de transporte
----------------
Latitud: 28.9798475524098
Longitud: -13.5176323145393
----------------
PUNTA GRANDE 66
Capacidad MGES en RdT (MW): 0.0
Capacidad MPE en RdT (MW): 0.0
Capacidad MGES en RdD (MW): 0.0
Capacidad MPE en RdD (MW): 0.0</description>
				<styleUrl>#3369</styleUrl>
				<Point id="3367">
					<coordinates>-13.5176323145393,28.9798475524098,0</coordinates>
				</Point>
			</Placemark>
			<Placemark id="3393">
				<name>QUINTOS 220</name>
				<description>Nudo de transporte
----------------
Latitud: 37.35186303
Longitud: -5.95097263
----------------
QUINTOS 220
Capacidad MGES en RdT (MW): 0.0
Capacidad MPE en RdT (MW): 0.0
Capacidad MGES en RdD (MW): 0.0
Capacidad MPE en RdD (MW): 0.0</description>
				<styleUrl>#3394</styleUrl>
				<Point id="3392">
					<coordinates>-5.95097263,37.35186303,0</coordinates>
				</Point>
			</Placemark>
			<Placemark id="3413">
				<name>REQUENA 400</name>
				<description>Nudo de transporte
----------------
Latitud: 39.4593973334913
Longitud: -0.988526021987648
----------------
REQUENA 400
Capacidad MGES en RdT (MW): 0.0
Capacidad MPE en RdT (MW): 0.0
Capacidad MGES en RdD (MW): 0.0
Capacidad MPE en RdD (MW): 0.0</description>
				<styleUrl>#3414</styleUrl>
				<Point id="3412">
					<coordinates>-0.9885260219876481,39.4593973334913,0</coordinates>
				</Point>
			</Placemark>
			<Placemark id="3423">
				<name>RIBA-ROJA 220</name>
				<description>Nudo de transporte
----------------
Latitud: 41.2423680197977
Longitud: 0.430635185779927
----------------
RIBA-ROJA 220
Capacidad MGES en RdT (MW): 0.0
Capacidad MPE en RdT (MW): 0.0
Capacidad MGES en RdD (MW): 0.0
Capacidad MPE en RdD (MW): 0.0</description>
				<styleUrl>#3424</styleUrl>
				<Point id="3422">
					<coordinates>0.430635185779927,41.2423680197977,0</coordinates>
				</Point>
			</Placemark>
			<Placemark id="3428">
				<name>RIBINA 400</name>
				<description>Nudo de transporte
----------------
Latitud: 37.2266121401885
Longitud: -1.91892420183752
----------------
RIBINA 400
Capacidad MGES en RdT (MW): 0.0
Capacidad MPE en RdT (MW): 0.0
Capacidad MGES en RdD (MW): 0.0
Capacidad MPE en RdD (MW): 0.0</description>
				<styleUrl>#3429</styleUrl>
				<Point id="3427">
					<coordinates>-1.91892420183752,37.2266121401885,0</coordinates>
				</Point>
			</Placemark>
			<Placemark id="3458">
				<name>ROCAMORA 400</name>
				<description>Nudo de transporte
----------------
Latitud: 38.1486370844877
Longitud: -0.946824638439001
----------------
ROCAMORA 400
Capacidad MGES en RdT (MW): 0.0
Capacidad MPE en RdT (MW): 0.0
Capacidad MGES en RdD (MW): 0.0
Capacidad MPE en RdD (MW): 0.0</description>
				<styleUrl>#3459</styleUrl>
				<Point id="3457">
					<coordinates>-0.946824638439001,38.1486370844877,0</coordinates>
				</Point>
			</Placemark>
			<Placemark id="3478">
				<name>ROMICA 400</name>
				<description>Nudo de transporte
----------------
Latitud: 39.0438308014879
Longitud: -1.79961289637783
----------------
ROMICA 400
Capacidad MGES en RdT (MW): 0.0
Capacidad MPE en RdT (MW): 0.0
Capacidad MGES en RdD (MW): 0.0
Capacidad MPE en RdD (MW): 0.0</description>
				<styleUrl>#3479</styleUrl>
				<Point id="3477">
					<coordinates>-1.79961289637783,39.0438308014879,0</coordinates>
				</Point>
			</Placemark>
			<Placemark id="3488">
				<name>RUBI 400</name>
				<description>Nudo de transporte
----------------
Latitud: 41.47269244438
Longitud: 2.01047667213553
----------------
RUBI 400
Capacidad MGES en RdT (MW): 0.0
Capacidad MPE en RdT (MW): 0.0
Capacidad MGES en RdD (MW): 0.0
Capacidad MPE en RdD (MW): 0.0</description>
				<styleUrl>#3489</styleUrl>
				<Point id="3487">
					<coordinates>2.01047667213553,41.47269244438,0</coordinates>
				</Point>
			</Placemark>
			<Placemark id="3508">
				<name>S.AGUSTIN 220</name>
				<description>Nudo de transporte
----------------
Latitud: 42.15548095
Longitud: -7.061460792
----------------
S.AGUSTIN 220
Capacidad MGES en RdT (MW): 0.0
Capacidad MPE en RdT (MW): 0.0
Capacidad MGES en RdD (MW): 0.0
Capacidad MPE en RdD (MW): 0.0</description>
				<styleUrl>#3509</styleUrl>
				<Point id="3507">
					<coordinates>-7.061460792,42.15548095,0</coordinates>
				</Point>
			</Placemark>
			<Placemark id="3518">
				<name>SA VINYETA 66</name>
				<description>Nudo de transporte
----------------
Latitud: 39.7091693068164
Longitud: 2.89766203911784
----------------
SA VINYETA 66
Capacidad MGES en RdT (MW): 0.0
Capacidad MPE en RdT (MW): 0.0
Capacidad MGES en RdD (MW): 0.0
Capacidad MPE en RdD (MW): 0.0</description>
				<styleUrl>#3519</styleUrl>
				<Point id="3517">
					<coordinates>2.89766203911784,39.7091693068164,0</coordinates>
				</Point>
			</Placemark>
			<Placemark id="3523">
				<name>SABINAL 220</name>
				<description>Nudo de transporte
----------------
Latitud: 28.04449
Longitud: -15.41901
----------------
SABINAL 220
Capacidad MGES en RdT (MW): 0.0
Capacidad MPE en RdT (MW): 0.0
Capacidad MGES en RdD (MW): 0.0
Capacidad MPE en RdD (MW): 0.0</description>
				<styleUrl>#3524</styleUrl>
				<Point id="3522">
					<coordinates>-15.41901,28.04449,0</coordinates>
				</Point>
			</Placemark>
			<Placemark id="3528">
				<name>SABINAL 66</name>
				<description>Nudo de transporte
----------------
Latitud: 28.04449
Longitud: -15.41891
----------------
SABINAL 66
Capacidad MGES en RdT (MW): 0.0
Capacidad MPE en RdT (MW): 0.0
Capacidad MGES en RdD (MW): 0.0
Capacidad MPE en RdD (MW): 0.0</description>
				<styleUrl>#3529</styleUrl>
				<Point id="3527">
					<coordinates>-15.41891,28.04449,0</coordinates>
				</Point>
			</Placemark>
			<Placemark id="3533">
				<name>SABIÑANIGO 220</name>
				<description>Nudo de transporte
----------------
Latitud: 42.516976212978754
Longitud: -0.3589311562313937
----------------
SABIÑANIGO 220
Capacidad MGES en RdT (MW): 0.0
Capacidad MPE en RdT (MW): 0.0
Capacidad MGES en RdD (MW): 0.0
Capacidad MPE en RdD (MW): 0.0</description>
				<styleUrl>#3534</styleUrl>
				<Point id="3532">
					<coordinates>-0.3589311562313937,42.51697621297875,0</coordinates>
				</Point>
			</Placemark>
			<Placemark id="3538">
				<name>SABON 220</name>
				<description>Nudo de transporte
----------------
Latitud: 43.3291301340604
Longitud: -8.50130823369673
----------------
SABON 220
Capacidad MGES en RdT (MW): 0.0
Capacidad MPE en RdT (MW): 0.0
Capacidad MGES en RdD (MW): 0.0
Capacidad MPE en RdD (MW): 0.0</description>
				<styleUrl>#3539</styleUrl>
				<Point id="3537">
					<coordinates>-8.501308233696729,43.3291301340604,0</coordinates>
				</Point>
			</Placemark>
			<Placemark id="3553">
				<name>SAGUNTO 220</name>
				<description>Nudo de transporte
----------------
Latitud: 39.6722746827898
Longitud: -0.267383079067392
----------------
SAGUNTO 220
Capacidad MGES en RdT (MW): 0.0
Capacidad MPE en RdT (MW): 0.0
Capacidad MGES en RdD (MW): 0.0
Capacidad MPE en RdD (MW): 0.0</description>
				<styleUrl>#3554</styleUrl>
				<Point id="3552">
					<coordinates>-0.267383079067392,39.6722746827898,0</coordinates>
				</Point>
			</Placemark>
			<Placemark id="3558">
				<name>SAGUNTO GIS 220</name>
				<description>Nudo de transporte
----------------
Latitud: 39.6732190075209
Longitud: -0.267762391135753
----------------
SAGUNTO GIS 220
Capacidad MGES en RdT (MW): 0.0
Capacidad MPE en RdT (MW): 0.0
Capacidad MGES en RdD (MW): 0.0
Capacidad MPE en RdD (MW): 0.0</description>
				<styleUrl>#3559</styleUrl>
				<Point id="3557">
					<coordinates>-0.267762391135753,39.6732190075209,0</coordinates>
				</Point>
			</Placemark>
			<Placemark id="3578">
				<name>SALINAS 66</name>
				<description>Nudo de transporte
----------------
Latitud: 28.5062553738575
Longitud: -13.8448641711244
----------------
SALINAS 66
Capacidad MGES en RdT (MW): 0.0
Capacidad MPE en RdT (MW): 0.0
Capacidad MGES en RdD (MW): 0.0
Capacidad MPE en RdD (MW): 0.0</description>
				<styleUrl>#3579</styleUrl>
				<Point id="3577">
					<coordinates>-13.8448641711244,28.5062553738575,0</coordinates>
				</Point>
			</Placemark>
			<Placemark id="3583">
				<name>SALLENTE 400</name>
				<description>Nudo de transporte
----------------
Latitud: 42.5068349128905
Longitud: 0.991345420865541
----------------
SALLENTE 400
Capacidad MGES en RdT (MW): 0.0
Capacidad MPE en RdT (MW): 0.0
Capacidad MGES en RdD (MW): 0.0
Capacidad MPE en RdD (MW): 0.0</description>
				<styleUrl>#3584</styleUrl>
				<Point id="3582">
					<coordinates>0.9913454208655409,42.5068349128905,0</coordinates>
				</Point>
			</Placemark>
			<Placemark id="3603">
				<name>SAN ANTONIO 66</name>
				<description>Nudo de transporte
----------------
Latitud: 38.9573765158401
Longitud: 1.33650482708936
----------------
SAN ANTONIO 66
Capacidad MGES en RdT (MW): 0.0
Capacidad MPE en RdT (MW): 0.0
Capacidad MGES en RdD (MW): 0.0
Capacidad MPE en RdD (MW): 0.0</description>
				<styleUrl>#3604</styleUrl>
				<Point id="3602">
					<coordinates>1.33650482708936,38.9573765158401,0</coordinates>
				</Point>
			</Placemark>
			<Placemark id="3623">
				<name>SAN FERNANDO 400</name>
				<description>Nudo de transporte
----------------
Latitud: 40.4497301319889
Longitud: -3.51453922847748
----------------
SAN FERNANDO 400
Capacidad MGES en RdT (MW): 0.0
Capacidad MPE en RdT (MW): 0.0
Capacidad MGES en RdD (MW): 0.0
Capacidad MPE en RdD (MW): 0.0</description>
				<styleUrl>#3624</styleUrl>
				<Point id="3622">
					<coordinates>-3.51453922847748,40.4497301319889,0</coordinates>
				</Point>
			</Placemark>
			<Placemark id="3638">
				<name>SAN JORGE 132</name>
				<description>Nudo de transporte
----------------
Latitud: 38.9045717918576
Longitud: 1.37817862423951
----------------
SAN JORGE 132
Capacidad MGES en RdT (MW): 0.0
Capacidad MPE en RdT (MW): 0.0
Capacidad MGES en RdD (MW): 0.0
Capacidad MPE en RdD (MW): 0.0</description>
				<styleUrl>#3639</styleUrl>
				<Point id="3637">
					<coordinates>1.37817862423951,38.9045717918576,0</coordinates>
				</Point>
			</Placemark>
			<Placemark id="3643">
				<name>SAN JORGE 66</name>
				<description>Nudo de transporte
----------------
Latitud: 38.9045717918576
Longitud: 1.37827862423951
----------------
SAN JORGE 66
Capacidad MGES en RdT (MW): 0.0
Capacidad MPE en RdT (MW): 0.0
Capacidad MGES en RdD (MW): 0.0
Capacidad MPE en RdD (MW): 0.0</description>
				<styleUrl>#3644</styleUrl>
				<Point id="3642">
					<coordinates>1.37827862423951,38.9045717918576,0</coordinates>
				</Point>
			</Placemark>
			<Placemark id="3648">
				<name>SAN JORGE 30</name>
				<description>Nudo de transporte
----------------
Latitud: 38.904682116041
Longitud: 1.37807841922885
----------------
SAN JORGE 30
Capacidad MGES en RdT (MW): 0.0
Capacidad MPE en RdT (MW): 0.0
Capacidad MGES en RdD (MW): 0.0
Capacidad MPE en RdD (MW): 0.0</description>
				<styleUrl>#3649</styleUrl>
				<Point id="3647">
					<coordinates>1.37807841922885,38.904682116041,0</coordinates>
				</Point>
			</Placemark>
			<Placemark id="3658">
				<name>SAN MARTIN BALEARES 220</name>
				<description>Nudo de transporte
----------------
Latitud: 39.813227950225354
Longitud: 3.0939428967764577
----------------
SAN MARTIN BALEARES 220
Capacidad MGES en RdT (MW): 0.0
Capacidad MPE en RdT (MW): 0.0
Capacidad MGES en RdD (MW): 0.0
Capacidad MPE en RdD (MW): 0.0</description>
				<styleUrl>#3659</styleUrl>
				<Point id="3657">
					<coordinates>3.093942896776459,39.81322795022535,0</coordinates>
				</Point>
			</Placemark>
			<Placemark id="3693">
				<name>SAN SERVAN 400</name>
				<description>Nudo de transporte
----------------
Latitud: 38.8067682190657
Longitud: -6.51590301385701
----------------
SAN SERVAN 400
Capacidad MGES en RdT (MW): 0.0
Capacidad MPE en RdT (MW): 0.0
Capacidad MGES en RdD (MW): 0.0
Capacidad MPE en RdD (MW): 0.0</description>
				<styleUrl>#3694</styleUrl>
				<Point id="3692">
					<coordinates>-6.51590301385701,38.8067682190657,0</coordinates>
				</Point>
			</Placemark>
			<Placemark id="3713">
				<name>SANCHO LLOP 220</name>
				<description>Nudo de transporte
----------------
Latitud: 38.9705814063802
Longitud: -0.167481265248884
----------------
SANCHO LLOP 220
Capacidad MGES en RdT (MW): 0.0
Capacidad MPE en RdT (MW): 0.0
Capacidad MGES en RdD (MW): 0.0
Capacidad MPE en RdD (MW): 0.0</description>
				<styleUrl>#3714</styleUrl>
				<Point id="3712">
					<coordinates>-0.167481265248884,38.9705814063802,0</coordinates>
				</Point>
			</Placemark>
			<Placemark id="3718">
				<name>SANGÜESA 220</name>
				<description>Nudo de transporte
----------------
Latitud: 42.60031051
Longitud: -1.274091892
----------------
SANGÜESA 220
Capacidad MGES en RdT (MW): 0.0
Capacidad MPE en RdT (MW): 0.0
Capacidad MGES en RdD (MW): 0.0
Capacidad MPE en RdD (MW): 0.0</description>
				<styleUrl>#3719</styleUrl>
				<Point id="3717">
					<coordinates>-1.274091892,42.60031051,0</coordinates>
				</Point>
			</Placemark>
			<Placemark id="3768">
				<name>SANTA ELVIRA 220</name>
				<description>Nudo de transporte
----------------
Latitud: 37.3895182581154
Longitud: -5.93044455013588
----------------
SANTA ELVIRA 220
Capacidad MGES en RdT (MW): 0.0
Capacidad MPE en RdT (MW): 0.0
Capacidad MGES en RdD (MW): 0.0
Capacidad MPE en RdD (MW): 0.0</description>
				<styleUrl>#3769</styleUrl>
				<Point id="3767">
					<coordinates>-5.93044455013588,37.3895182581154,0</coordinates>
				</Point>
			</Placemark>
			<Placemark id="3783">
				<name>SANTA EULALIA 66</name>
				<description>Nudo de transporte
----------------
Latitud: 39.0064216549575
Longitud: 1.49036030426134
----------------
SANTA EULALIA 66
Capacidad MGES en RdT (MW): 0.0
Capacidad MPE en RdT (MW): 0.0
Capacidad MGES en RdD (MW): 0.0
Capacidad MPE en RdD (MW): 0.0</description>
				<styleUrl>#3784</styleUrl>
				<Point id="3782">
					<coordinates>1.49036030426134,39.0064216549575,0</coordinates>
				</Point>
			</Placemark>
			<Placemark id="3793">
				<name>SANTA MARIA 66</name>
				<description>Nudo de transporte
----------------
Latitud: 39.6531815893234
Longitud: 2.80590525282907
----------------
SANTA MARIA 66
Capacidad MGES en RdT (MW): 0.0
Capacidad MPE en RdT (MW): 0.0
Capacidad MGES en RdD (MW): 0.0
Capacidad MPE en RdD (MW): 0.0</description>
				<styleUrl>#3794</styleUrl>
				<Point id="3792">
					<coordinates>2.80590525282907,39.6531815893234,0</coordinates>
				</Point>
			</Placemark>
			<Placemark id="3813">
				<name>SANTA PONSA 220</name>
				<description>Nudo de transporte
----------------
Latitud: 39.5338948478274
Longitud: 2.50657536996065
----------------
SANTA PONSA 220
Capacidad MGES en RdT (MW): 0.0
Capacidad MPE en RdT (MW): 0.0
Capacidad MGES en RdD (MW): 0.0
Capacidad MPE en RdD (MW): 0.0</description>
				<styleUrl>#3814</styleUrl>
				<Point id="3812">
					<coordinates>2.50657536996065,39.5338948478274,0</coordinates>
				</Point>
			</Placemark>
			<Placemark id="3818">
				<name>SANTA PONSA 132</name>
				<description>Nudo de transporte
----------------
Latitud: 39.5338948478274
Longitud: 2.50667536996065
----------------
SANTA PONSA 132
Capacidad MGES en RdT (MW): 0.0
Capacidad MPE en RdT (MW): 0.0
Capacidad MGES en RdD (MW): 0.0
Capacidad MPE en RdD (MW): 0.0</description>
				<styleUrl>#3819</styleUrl>
				<Point id="3817">
					<coordinates>2.50667536996065,39.5338948478274,0</coordinates>
				</Point>
			</Placemark>
			<Placemark id="3823">
				<name>SANTA PONSA 66</name>
				<description>Nudo de transporte
----------------
Latitud: 39.5338948478274
Longitud: 2.5064753699606497
----------------
SANTA PONSA 66
Capacidad MGES en RdT (MW): 0.0
Capacidad MPE en RdT (MW): 0.0
Capacidad MGES en RdD (MW): 0.0
Capacidad MPE en RdD (MW): 0.0</description>
				<styleUrl>#3824</styleUrl>
				<Point id="3822">
					<coordinates>2.50647536996065,39.5338948478274,0</coordinates>
				</Point>
			</Placemark>
			<Placemark id="3848">
				<name>SANTIZ 220</name>
				<description>Nudo de transporte
----------------
Latitud: 41.1969500768177
Longitud: -5.87661950974453
----------------
SANTIZ 220
Capacidad MGES en RdT (MW): 0.0
Capacidad MPE en RdT (MW): 0.0
Capacidad MGES en RdD (MW): 0.0
Capacidad MPE en RdD (MW): 0.0</description>
				<styleUrl>#3849</styleUrl>
				<Point id="3847">
					<coordinates>-5.876619509744529,41.1969500768177,0</coordinates>
				</Point>
			</Placemark>
			<Placemark id="3853">
				<name>SANTURCE 400</name>
				<description>Nudo de transporte
----------------
Latitud: 43.34029809
Longitud: -3.051691184
----------------
SANTURCE 400
Capacidad MGES en RdT (MW): 0.0
Capacidad MPE en RdT (MW): 0.0
Capacidad MGES en RdD (MW): 0.0
Capacidad MPE en RdD (MW): 0.0</description>
				<styleUrl>#3854</styleUrl>
				<Point id="3852">
					<coordinates>-3.051691184,43.34029809,0</coordinates>
				</Point>
			</Placemark>
			<Placemark id="3868">
				<name>SAX 400</name>
				<description>Nudo de transporte
----------------
Latitud: 38.5618668688993
Longitud: -0.862025756141288
----------------
SAX 400
Capacidad MGES en RdT (MW): 0.0
Capacidad MPE en RdT (MW): 0.0
Capacidad MGES en RdD (MW): 0.0
Capacidad MPE en RdD (MW): 0.0</description>
				<styleUrl>#3869</styleUrl>
				<Point id="3867">
					<coordinates>-0.862025756141288,38.5618668688993,0</coordinates>
				</Point>
			</Placemark>
			<Placemark id="3873">
				<name>SEGORBE 220</name>
				<description>Nudo de transporte
----------------
Latitud: 39.8272712583404
Longitud: -0.456579603062504
----------------
SEGORBE 220
Capacidad MGES en RdT (MW): 0.0
Capacidad MPE en RdT (MW): 0.0
Capacidad MGES en RdD (MW): 0.0
Capacidad MPE en RdD (MW): 0.0</description>
				<styleUrl>#3874</styleUrl>
				<Point id="3872">
					<coordinates>-0.4565796030625039,39.8272712583404,0</coordinates>
				</Point>
			</Placemark>
			<Placemark id="3883">
				<name>SENTMENAT 400</name>
				<description>Nudo de transporte
----------------
Latitud: 41.6191525422458
Longitud: 2.11191101690078
----------------
SENTMENAT 400
Capacidad MGES en RdT (MW): 0.0
Capacidad MPE en RdT (MW): 0.0
Capacidad MGES en RdD (MW): 0.0
Capacidad MPE en RdD (MW): 0.0</description>
				<styleUrl>#3884</styleUrl>
				<Point id="3882">
					<coordinates>2.11191101690078,41.6191525422458,0</coordinates>
				</Point>
			</Placemark>
			<Placemark id="3913">
				<name>SIDEGASA 220</name>
				<description>Nudo de transporte
----------------
Latitud: 43.15334096
Longitud: -8.02211201
----------------
SIDEGASA 220
Capacidad MGES en RdT (MW): 0.0
Capacidad MPE en RdT (MW): 0.0
Capacidad MGES en RdD (MW): 0.0
Capacidad MPE en RdD (MW): 0.0</description>
				<styleUrl>#3914</styleUrl>
				<Point id="3912">
					<coordinates>-8.022112010000001,43.15334096,0</coordinates>
				</Point>
			</Placemark>
			<Placemark id="3958">
				<name>SON MOIX 220</name>
				<description>Nudo de transporte
----------------
Latitud: 39.591326791129
Longitud: 2.63261003687432
----------------
SON MOIX 220
Capacidad MGES en RdT (MW): 0.0
Capacidad MPE en RdT (MW): 0.0
Capacidad MGES en RdD (MW): 0.0
Capacidad MPE en RdD (MW): 0.0</description>
				<styleUrl>#3959</styleUrl>
				<Point id="3957">
					<coordinates>2.63261003687432,39.591326791129,0</coordinates>
				</Point>
			</Placemark>
			<Placemark id="3963">
				<name>SON MOIX 66</name>
				<description>Nudo de transporte
----------------
Latitud: 39.591326791129
Longitud: 2.6327100368743204
----------------
SON MOIX 66
Capacidad MGES en RdT (MW): 0.0
Capacidad MPE en RdT (MW): 0.0
Capacidad MGES en RdD (MW): 0.0
Capacidad MPE en RdD (MW): 0.0</description>
				<styleUrl>#3964</styleUrl>
				<Point id="3962">
					<coordinates>2.63271003687432,39.591326791129,0</coordinates>
				</Point>
			</Placemark>
			<Placemark id="3973">
				<name>SON ORLANDIS 220</name>
				<description>Nudo de transporte
----------------
Latitud: 39.6003952014383
Longitud: 2.74451873289312
----------------
SON ORLANDIS 220
Capacidad MGES en RdT (MW): 0.0
Capacidad MPE en RdT (MW): 0.0
Capacidad MGES en RdD (MW): 0.0
Capacidad MPE en RdD (MW): 0.0</description>
				<styleUrl>#3974</styleUrl>
				<Point id="3972">
					<coordinates>2.74451873289312,39.6003952014383,0</coordinates>
				</Point>
			</Placemark>
			<Placemark id="3988">
				<name>SON REUS 220</name>
				<description>Nudo de transporte
----------------
Latitud: 39.6507980453507
Longitud: 2.67875852288594
----------------
SON REUS 220
Capacidad MGES en RdT (MW): 0.0
Capacidad MPE en RdT (MW): 0.0
Capacidad MGES en RdD (MW): 0.0
Capacidad MPE en RdD (MW): 0.0</description>
				<styleUrl>#3989</styleUrl>
				<Point id="3987">
					<coordinates>2.67875852288594,39.6507980453507,0</coordinates>
				</Point>
			</Placemark>
			<Placemark id="3993">
				<name>SON REUS 66</name>
				<description>Nudo de transporte
----------------
Latitud: 39.6497493798029
Longitud: 2.6807576187963402
----------------
SON REUS 66
Capacidad MGES en RdT (MW): 0.0
Capacidad MPE en RdT (MW): 0.0
Capacidad MGES en RdD (MW): 0.0
Capacidad MPE en RdD (MW): 0.0</description>
				<styleUrl>#3994</styleUrl>
				<Point id="3992">
					<coordinates>2.68075761879634,39.6497493798029,0</coordinates>
				</Point>
			</Placemark>
			<Placemark id="4008">
				<name>SS.REYES 400</name>
				<description>Nudo de transporte
----------------
Latitud: 40.5652447569476
Longitud: -3.59640209510999
----------------
SS.REYES 400
Capacidad MGES en RdT (MW): 0.0
Capacidad MPE en RdT (MW): 0.0
Capacidad MGES en RdD (MW): 0.0
Capacidad MPE en RdD (MW): 0.0</description>
				<styleUrl>#4009</styleUrl>
				<Point id="4007">
					<coordinates>-3.59640209510999,40.5652447569476,0</coordinates>
				</Point>
			</Placemark>
			<Placemark id="4038">
				<name>TABERNAS 400</name>
				<description>Nudo de transporte
----------------
Latitud: 37.07099339
Longitud: -2.312346827
----------------
TABERNAS 400
Capacidad MGES en RdT (MW): 0.0
Capacidad MPE en RdT (MW): 0.0
Capacidad MGES en RdD (MW): 0.0
Capacidad MPE en RdD (MW): 0.0</description>
				<styleUrl>#4039</styleUrl>
				<Point id="4037">
					<coordinates>-2.312346827,37.07099339,0</coordinates>
				</Point>
			</Placemark>
			<Placemark id="4048">
				<name>TABESCAN 220</name>
				<description>Nudo de transporte
----------------
Latitud: 42.6459876320581
Longitud: 1.25920375765868
----------------
TABESCAN 220
Capacidad MGES en RdT (MW): 0.0
Capacidad MPE en RdT (MW): 0.0
Capacidad MGES en RdD (MW): 0.0
Capacidad MPE en RdD (MW): 0.0</description>
				<styleUrl>#4049</styleUrl>
				<Point id="4047">
					<coordinates>1.25920375765868,42.6459876320581,0</coordinates>
				</Point>
			</Placemark>
			<Placemark id="4063">
				<name>TAFALLA 220</name>
				<description>Nudo de transporte
----------------
Latitud: 42.50416634
Longitud: -1.682467691
----------------
TAFALLA 220
Capacidad MGES en RdT (MW): 0.0
Capacidad MPE en RdT (MW): 0.0
Capacidad MGES en RdD (MW): 0.0
Capacidad MPE en RdD (MW): 0.0</description>
				<styleUrl>#4064</styleUrl>
				<Point id="4062">
					<coordinates>-1.682467691,42.50416634,0</coordinates>
				</Point>
			</Placemark>
			<Placemark id="4068">
				<name>TAGORO 66</name>
				<description>Nudo de transporte
----------------
Latitud: 28.138994711186
Longitud: -16.4600833077197
----------------
TAGORO 66
Capacidad MGES en RdT (MW): 0.0
Capacidad MPE en RdT (MW): 0.0
Capacidad MGES en RdD (MW): 0.0
Capacidad MPE en RdD (MW): 0.0</description>
				<styleUrl>#4069</styleUrl>
				<Point id="4067">
					<coordinates>-16.4600833077197,28.138994711186,0</coordinates>
				</Point>
			</Placemark>
			<Placemark id="4088">
				<name>TAMBRE 220</name>
				<description>Nudo de transporte
----------------
Latitud: 42.83067821
Longitud: -8.845304178
----------------
TAMBRE 220
Capacidad MGES en RdT (MW): 0.0
Capacidad MPE en RdT (MW): 0.0
Capacidad MGES en RdD (MW): 0.0
Capacidad MPE en RdD (MW): 0.0</description>
				<styleUrl>#4089</styleUrl>
				<Point id="4087">
					<coordinates>-8.845304177999999,42.83067821,0</coordinates>
				</Point>
			</Placemark>
			<Placemark id="4103">
				<name>TELDE 66</name>
				<description>Nudo de transporte
----------------
Latitud: 27.9883985302323
Longitud: -15.4368662631456
----------------
TELDE 66
Capacidad MGES en RdT (MW): 0.0
Capacidad MPE en RdT (MW): 0.0
Capacidad MGES en RdD (MW): 0.0
Capacidad MPE en RdD (MW): 0.0</description>
				<styleUrl>#4104</styleUrl>
				<Point id="4102">
					<coordinates>-15.4368662631456,27.9883985302323,0</coordinates>
				</Point>
			</Placemark>
			<Placemark id="4118">
				<name>TIAS 132</name>
				<description>Nudo de transporte
----------------
Latitud: 28.9519751828274
Longitud: -13.6836472902105
----------------
TIAS 132
Capacidad MGES en RdT (MW): 0.0
Capacidad MPE en RdT (MW): 0.0
Capacidad MGES en RdD (MW): 0.0
Capacidad MPE en RdD (MW): 0.0</description>
				<styleUrl>#4119</styleUrl>
				<Point id="4117">
					<coordinates>-13.6836472902105,28.9519751828274,0</coordinates>
				</Point>
			</Placemark>
			<Placemark id="4123">
				<name>TIAS 66</name>
				<description>Nudo de transporte
----------------
Latitud: 28.952157163535
Longitud: -13.68330916925
----------------
TIAS 66
Capacidad MGES en RdT (MW): 0.0
Capacidad MPE en RdT (MW): 0.0
Capacidad MGES en RdD (MW): 0.0
Capacidad MPE en RdD (MW): 0.0</description>
				<styleUrl>#4124</styleUrl>
				<Point id="4122">
					<coordinates>-13.68330916925,28.952157163535,0</coordinates>
				</Point>
			</Placemark>
			<Placemark id="4138">
				<name>TIERRA ESTELLA 220</name>
				<description>Nudo de transporte
----------------
Latitud: 42.63454516
Longitud: -1.950237627
----------------
TIERRA ESTELLA 220
Capacidad MGES en RdT (MW): 0.0
Capacidad MPE en RdT (MW): 0.0
Capacidad MGES en RdD (MW): 0.0
Capacidad MPE en RdD (MW): 0.0</description>
				<styleUrl>#4139</styleUrl>
				<Point id="4137">
					<coordinates>-1.950237627,42.63454516,0</coordinates>
				</Point>
			</Placemark>
			<Placemark id="4153">
				<name>TORDESILLAS 400</name>
				<description>Nudo de transporte
----------------
Latitud: 41.50688759088
Longitud: -5.01322575329077
----------------
TORDESILLAS 400
Capacidad MGES en RdT (MW): 0.0
Capacidad MPE en RdT (MW): 0.0
Capacidad MGES en RdD (MW): 0.0
Capacidad MPE en RdD (MW): 0.0</description>
				<styleUrl>#4154</styleUrl>
				<Point id="4152">
					<coordinates>-5.01322575329077,41.50688759088,0</coordinates>
				</Point>
			</Placemark>
			<Placemark id="4188">
				<name>TORRENT 132</name>
				<description>Nudo de transporte
----------------
Latitud: 39.4228963095508
Longitud: -0.455415553108807
----------------
TORRENT 132
Capacidad MGES en RdT (MW): 0.0
Capacidad MPE en RdT (MW): 0.0
Capacidad MGES en RdD (MW): 0.0
Capacidad MPE en RdD (MW): 0.0</description>
				<styleUrl>#4189</styleUrl>
				<Point id="4187">
					<coordinates>-0.455415553108807,39.4228963095508,0</coordinates>
				</Point>
			</Placemark>
			<Placemark id="4193">
				<name>TORRENT 66</name>
				<description>Nudo de transporte
----------------
Latitud: 39.4228963095508
Longitud: -0.455315553108807
----------------
TORRENT 66
Capacidad MGES en RdT (MW): 0.0
Capacidad MPE en RdT (MW): 0.0
Capacidad MGES en RdD (MW): 0.0
Capacidad MPE en RdD (MW): 0.0</description>
				<styleUrl>#4194</styleUrl>
				<Point id="4192">
					<coordinates>-0.455315553108807,39.4228963095508,0</coordinates>
				</Point>
			</Placemark>
			<Placemark id="4198">
				<name>TORRENTE 400</name>
				<description>Nudo de transporte
----------------
Latitud: 39.4228963095508
Longitud: -0.455415553108807
----------------
TORRENTE 400
Capacidad MGES en RdT (MW): 0.0
Capacidad MPE en RdT (MW): 0.0
Capacidad MGES en RdD (MW): 0.0
Capacidad MPE en RdD (MW): 0.0</description>
				<styleUrl>#4199</styleUrl>
				<Point id="4197">
					<coordinates>-0.455415553108807,39.4228963095508,0</coordinates>
				</Point>
			</Placemark>
			<Placemark id="4208">
				<name>TORRES DE SEGRE 220</name>
				<description>Nudo de transporte
----------------
Latitud: 41.5002257679746
Longitud: 0.493635552536547
----------------
TORRES DE SEGRE 220
Capacidad MGES en RdT (MW): 0.0
Capacidad MPE en RdT (MW): 0.0
Capacidad MGES en RdD (MW): 0.0
Capacidad MPE en RdD (MW): 0.0</description>
				<styleUrl>#4209</styleUrl>
				<Point id="4207">
					<coordinates>0.493635552536547,41.5002257679746,0</coordinates>
				</Point>
			</Placemark>
			<Placemark id="4228">
				<name>TRANSBADALONA 220</name>
				<description>Nudo de transporte
----------------
Latitud: 41.4274715688454
Longitud: 2.2341918803798
----------------
TRANSBADALONA 220
Capacidad MGES en RdT (MW): 0.0
Capacidad MPE en RdT (MW): 0.0
Capacidad MGES en RdD (MW): 0.0
Capacidad MPE en RdD (MW): 0.0</description>
				<styleUrl>#4229</styleUrl>
				<Point id="4227">
					<coordinates>2.2341918803798,41.4274715688454,0</coordinates>
				</Point>
			</Placemark>
			<Placemark id="4248">
				<name>TRILLO 400</name>
				<description>Nudo de transporte
----------------
Latitud: 40.70430703
Longitud: -2.623853446
----------------
TRILLO 400
Capacidad MGES en RdT (MW): 0.0
Capacidad MPE en RdT (MW): 0.0
Capacidad MGES en RdD (MW): 0.0
Capacidad MPE en RdD (MW): 0.0</description>
				<styleUrl>#4249</styleUrl>
				<Point id="4247">
					<coordinates>-2.623853446,40.70430703,0</coordinates>
				</Point>
			</Placemark>
			<Placemark id="4253">
				<name>TRILLO 220</name>
				<description>Nudo de transporte
----------------
Latitud: 40.70430703
Longitud: -2.623753446
----------------
TRILLO 220
Capacidad MGES en RdT (MW): 0.0
Capacidad MPE en RdT (MW): 0.0
Capacidad MGES en RdD (MW): 0.0
Capacidad MPE en RdD (MW): 0.0</description>
				<styleUrl>#4254</styleUrl>
				<Point id="4252">
					<coordinates>-2.623753446,40.70430703,0</coordinates>
				</Point>
			</Placemark>
			<Placemark id="4293">
				<name>VAGUADAS 220</name>
				<description>Nudo de transporte
----------------
Latitud: 38.83793098
Longitud: -6.978968225
----------------
VAGUADAS 220
Capacidad MGES en RdT (MW): 0.0
Capacidad MPE en RdT (MW): 0.0
Capacidad MGES en RdD (MW): 0.0
Capacidad MPE en RdD (MW): 0.0</description>
				<styleUrl>#4294</styleUrl>
				<Point id="4292">
					<coordinates>-6.978968225,38.83793098,0</coordinates>
				</Point>
			</Placemark>
			<Placemark id="4298">
				<name>VALDECABALLEROS 400</name>
				<description>Nudo de transporte
----------------
Latitud: 39.29349258
Longitud: -5.181311797
----------------
VALDECABALLEROS 400
Capacidad MGES en RdT (MW): 0.0
Capacidad MPE en RdT (MW): 0.0
Capacidad MGES en RdD (MW): 0.0
Capacidad MPE en RdD (MW): 0.0</description>
				<styleUrl>#4299</styleUrl>
				<Point id="4297">
					<coordinates>-5.181311797,39.29349258,0</coordinates>
				</Point>
			</Placemark>
			<Placemark id="4303">
				<name>VALDECARRETAS 400</name>
				<description>Nudo de transporte
----------------
Latitud: 41.4497452985845
Longitud: -5.36600977224498
----------------
VALDECARRETAS 400
Capacidad MGES en RdT (MW): 0.0
Capacidad MPE en RdT (MW): 0.0
Capacidad MGES en RdD (MW): 0.0
Capacidad MPE en RdD (MW): 0.0</description>
				<styleUrl>#4304</styleUrl>
				<Point id="4302">
					<coordinates>-5.36600977224498,41.4497452985845,0</coordinates>
				</Point>
			</Placemark>
			<Placemark id="4313">
				<name>VALDEMORO 220</name>
				<description>Nudo de transporte
----------------
Latitud: 40.1628857072952
Longitud: -3.64453998685722
----------------
VALDEMORO 220
Capacidad MGES en RdT (MW): 0.0
Capacidad MPE en RdT (MW): 0.0
Capacidad MGES en RdD (MW): 0.0
Capacidad MPE en RdD (MW): 0.0</description>
				<styleUrl>#4314</styleUrl>
				<Point id="4312">
					<coordinates>-3.64453998685722,40.1628857072952,0</coordinates>
				</Point>
			</Placemark>
			<Placemark id="4318">
				<name>VALL D&apos;UXO 220</name>
				<description>Nudo de transporte
----------------
Latitud: 39.793474516584
Longitud: -0.221183132044086
----------------
VALL D&apos;UXO 220
Capacidad MGES en RdT (MW): 0.0
Capacidad MPE en RdT (MW): 0.0
Capacidad MGES en RdD (MW): 0.0
Capacidad MPE en RdD (MW): 0.0</description>
				<styleUrl>#4319</styleUrl>
				<Point id="4317">
					<coordinates>-0.221183132044086,39.793474516584,0</coordinates>
				</Point>
			</Placemark>
			<Placemark id="4328">
				<name>VALLDIGNA 220</name>
				<description>Nudo de transporte
----------------
Latitud: 39.06088103602869
Longitud: -0.2792120107242515
----------------
VALLDIGNA 220
Capacidad MGES en RdT (MW): 0.0
Capacidad MPE en RdT (MW): 0.0
Capacidad MGES en RdD (MW): 0.0
Capacidad MPE en RdD (MW): 0.0</description>
				<styleUrl>#4329</styleUrl>
				<Point id="4327">
					<coordinates>-0.2792120107242515,39.06088103602869,0</coordinates>
				</Point>
			</Placemark>
			<Placemark id="4333">
				<name>VALLDURGENT 220</name>
				<description>Nudo de transporte
----------------
Latitud: 39.5846400238248
Longitud: 2.54917721896245
----------------
VALLDURGENT 220
Capacidad MGES en RdT (MW): 0.0
Capacidad MPE en RdT (MW): 0.0
Capacidad MGES en RdD (MW): 0.0
Capacidad MPE en RdD (MW): 0.0</description>
				<styleUrl>#4334</styleUrl>
				<Point id="4332">
					<coordinates>2.54917721896245,39.5846400238248,0</coordinates>
				</Point>
			</Placemark>
			<Placemark id="4338">
				<name>VALLDURGENT 66</name>
				<description>Nudo de transporte
----------------
Latitud: 39.5846400238248
Longitud: 2.5492772189624504
----------------
VALLDURGENT 66
Capacidad MGES en RdT (MW): 0.0
Capacidad MPE en RdT (MW): 0.0
Capacidad MGES en RdD (MW): 0.0
Capacidad MPE en RdD (MW): 0.0</description>
				<styleUrl>#4339</styleUrl>
				<Point id="4337">
					<coordinates>2.54927721896245,39.5846400238248,0</coordinates>
				</Point>
			</Placemark>
			<Placemark id="4343">
				<name>VALLE DE ARIDANE 66</name>
				<description>Nudo de transporte
----------------
Latitud: 28.6643647972153
Longitud: -17.9159348954066
----------------
VALLE DE ARIDANE 66
Capacidad MGES en RdT (MW): 0.0
Capacidad MPE en RdT (MW): 0.0
Capacidad MGES en RdD (MW): 0.0
Capacidad MPE en RdD (MW): 0.0</description>
				<styleUrl>#4344</styleUrl>
				<Point id="4342">
					<coordinates>-17.9159348954066,28.6643647972153,0</coordinates>
				</Point>
			</Placemark>
			<Placemark id="4353">
				<name>VALLE DEL CARCER 220</name>
				<description>Nudo de transporte
----------------
Latitud: 39.0618943476429
Longitud: -0.5212043439981922
----------------
VALLE DEL CARCER 220
Capacidad MGES en RdT (MW): 0.0
Capacidad MPE en RdT (MW): 0.0
Capacidad MGES en RdD (MW): 0.0
Capacidad MPE en RdD (MW): 0.0</description>
				<styleUrl>#4354</styleUrl>
				<Point id="4352">
					<coordinates>-0.5212043439981922,39.0618943476429,0</coordinates>
				</Point>
			</Placemark>
			<Placemark id="4358">
				<name>VALLECAS 220</name>
				<description>Nudo de transporte
----------------
Latitud: 40.3888702290645
Longitud: -3.62002762343814
----------------
VALLECAS 220
Capacidad MGES en RdT (MW): 0.0
Capacidad MPE en RdT (MW): 0.0
Capacidad MGES en RdD (MW): 0.0
Capacidad MPE en RdD (MW): 0.0</description>
				<styleUrl>#4359</styleUrl>
				<Point id="4357">
					<coordinates>-3.62002762343814,40.3888702290645,0</coordinates>
				</Point>
			</Placemark>
			<Placemark id="4383">
				<name>VANDELLOS 400</name>
				<description>Nudo de transporte
----------------
Latitud: 40.9768870638669
Longitud: 0.879221620468601
----------------
VANDELLOS 400
Capacidad MGES en RdT (MW): 0.0
Capacidad MPE en RdT (MW): 0.0
Capacidad MGES en RdD (MW): 0.0
Capacidad MPE en RdD (MW): 0.0</description>
				<styleUrl>#4384</styleUrl>
				<Point id="4382">
					<coordinates>0.879221620468601,40.9768870638669,0</coordinates>
				</Point>
			</Placemark>
			<Placemark id="4388">
				<name>VANDELLOS CN 220</name>
				<description>Nudo de transporte
----------------
Latitud: 40.9758601311465
Longitud: 0.878680658695727
----------------
VANDELLOS CN 220
Capacidad MGES en RdT (MW): 0.0
Capacidad MPE en RdT (MW): 0.0
Capacidad MGES en RdD (MW): 0.0
Capacidad MPE en RdD (MW): 0.0</description>
				<styleUrl>#4389</styleUrl>
				<Point id="4387">
					<coordinates>0.8786806586957271,40.9758601311465,0</coordinates>
				</Point>
			</Placemark>
			<Placemark id="4403">
				<name>VENTA INES 220</name>
				<description>Nudo de transporte
----------------
Latitud: 38.56620204
Longitud: -4.425633727
----------------
VENTA INES 220
Capacidad MGES en RdT (MW): 0.0
Capacidad MPE en RdT (MW): 0.0
Capacidad MGES en RdD (MW): 0.0
Capacidad MPE en RdD (MW): 0.0</description>
				<styleUrl>#4404</styleUrl>
				<Point id="4402">
					<coordinates>-4.425633727,38.56620204,0</coordinates>
				</Point>
			</Placemark>
			<Placemark id="4428">
				<name>VILADECANS 400</name>
				<description>Nudo de transporte
----------------
Latitud: 41.3253548211217
Longitud: 2.0284257497617677
----------------
VILADECANS 400
Capacidad MGES en RdT (MW): 0.0
Capacidad MPE en RdT (MW): 0.0
Capacidad MGES en RdD (MW): 0.0
Capacidad MPE en RdD (MW): 0.0</description>
				<styleUrl>#4429</styleUrl>
				<Point id="4427">
					<coordinates>2.028425749761768,41.3253548211217,0</coordinates>
				</Point>
			</Placemark>
			<Placemark id="4473">
				<name>VILLAMAYOR 220</name>
				<description>Nudo de transporte
----------------
Latitud: 40.9892697315117
Longitud: -5.68957353069144
----------------
VILLAMAYOR 220
Capacidad MGES en RdT (MW): 0.0
Capacidad MPE en RdT (MW): 0.0
Capacidad MGES en RdD (MW): 0.0
Capacidad MPE en RdD (MW): 0.0</description>
				<styleUrl>#4474</styleUrl>
				<Point id="4472">
					<coordinates>-5.689573530691439,40.9892697315117,0</coordinates>
				</Point>
			</Placemark>
			<Placemark id="4483">
				<name>VILLANUEVA DE GALLEGO 220</name>
				<description>Nudo de transporte
----------------
Latitud: 41.7426093744958
Longitud: -0.846559636402974
----------------
VILLANUEVA DE GALLEGO 220
Capacidad MGES en RdT (MW): 0.0
Capacidad MPE en RdT (MW): 0.0
Capacidad MGES en RdD (MW): 0.0
Capacidad MPE en RdD (MW): 0.0</description>
				<styleUrl>#4484</styleUrl>
				<Point id="4482">
					<coordinates>-0.846559636402974,41.7426093744958,0</coordinates>
				</Point>
			</Placemark>
			<Placemark id="4508">
				<name>VILLARES DEL SAZ 220</name>
				<description>Nudo de transporte
----------------
Latitud: 39.86175855
Longitud: -2.570306688
----------------
VILLARES DEL SAZ 220
Capacidad MGES en RdT (MW): 0.0
Capacidad MPE en RdT (MW): 0.0
Capacidad MGES en RdD (MW): 0.0
Capacidad MPE en RdD (MW): 0.0</description>
				<styleUrl>#4509</styleUrl>
				<Point id="4507">
					<coordinates>-2.570306688,39.86175855,0</coordinates>
				</Point>
			</Placemark>
			<Placemark id="4513">
				<name>VILLARINO 400</name>
				<description>Nudo de transporte
----------------
Latitud: 41.2554876645624
Longitud: -6.48806034763678
----------------
VILLARINO 400
Capacidad MGES en RdT (MW): 0.0
Capacidad MPE en RdT (MW): 0.0
Capacidad MGES en RdD (MW): 0.0
Capacidad MPE en RdD (MW): 0.0</description>
				<styleUrl>#4514</styleUrl>
				<Point id="4512">
					<coordinates>-6.48806034763678,41.2554876645624,0</coordinates>
				</Point>
			</Placemark>
			<Placemark id="4518">
				<name>VILLARINO 220</name>
				<description>Nudo de transporte
----------------
Latitud: 41.2554876645624
Longitud: -6.48796034763678
----------------
VILLARINO 220
Capacidad MGES en RdT (MW): 0.0
Capacidad MPE en RdT (MW): 0.0
Capacidad MGES en RdD (MW): 0.0
Capacidad MPE en RdD (MW): 0.0</description>
				<styleUrl>#4519</styleUrl>
				<Point id="4517">
					<coordinates>-6.48796034763678,41.2554876645624,0</coordinates>
				</Point>
			</Placemark>
			<Placemark id="4533">
				<name>VILLAVERDE 220</name>
				<description>Nudo de transporte
----------------
Latitud: 40.3423294924326
Longitud: -3.66939156055937
----------------
VILLAVERDE 220
Capacidad MGES en RdT (MW): 0.0
Capacidad MPE en RdT (MW): 0.0
Capacidad MGES en RdD (MW): 0.0
Capacidad MPE en RdD (MW): 0.0</description>
				<styleUrl>#4534</styleUrl>
				<Point id="4532">
					<coordinates>-3.66939156055937,40.3423294924326,0</coordinates>
				</Point>
			</Placemark>
			<Placemark id="4543">
				<name>VILLAVICIOSA 400</name>
				<description>Nudo de transporte
----------------
Latitud: 40.3479938677166
Longitud: -3.90459564263636
----------------
VILLAVICIOSA 400
Capacidad MGES en RdT (MW): 0.0
Capacidad MPE en RdT (MW): 0.0
Capacidad MGES en RdD (MW): 0.0
Capacidad MPE en RdD (MW): 0.0</description>
				<styleUrl>#4544</styleUrl>
				<Point id="4542">
					<coordinates>-3.904595642636361,40.3479938677166,0</coordinates>
				</Point>
			</Placemark>
			<Placemark id="4548">
				<name>VILLAVICIOSA 220</name>
				<description>Nudo de transporte
----------------
Latitud: 40.3479938677166
Longitud: -3.90449564263636
----------------
VILLAVICIOSA 220
Capacidad MGES en RdT (MW): 0.0
Capacidad MPE en RdT (MW): 0.0
Capacidad MGES en RdD (MW): 0.0
Capacidad MPE en RdD (MW): 0.0</description>
				<styleUrl>#4549</styleUrl>
				<Point id="4547">
					<coordinates>-3.90449564263636,40.3479938677166,0</coordinates>
				</Point>
			</Placemark>
			<Placemark id="4578">
				<name>VITORIA 400</name>
				<description>Nudo de transporte
----------------
Latitud: 42.8836497761565
Longitud: -2.6037865490498
----------------
VITORIA 400
Capacidad MGES en RdT (MW): 0.0
Capacidad MPE en RdT (MW): 0.0
Capacidad MGES en RdD (MW): 0.0
Capacidad MPE en RdD (MW): 0.0</description>
				<styleUrl>#4579</styleUrl>
				<Point id="4577">
					<coordinates>-2.6037865490498,42.8836497761565,0</coordinates>
				</Point>
			</Placemark>
			<Placemark id="4583">
				<name>VITORIA 220</name>
				<description>Nudo de transporte
----------------
Latitud: 42.88551722
Longitud: -2.601627599
----------------
VITORIA 220
Capacidad MGES en RdT (MW): 0.0
Capacidad MPE en RdT (MW): 0.0
Capacidad MGES en RdD (MW): 0.0
Capacidad MPE en RdD (MW): 0.0</description>
				<styleUrl>#4584</styleUrl>
				<Point id="4582">
					<coordinates>-2.601627599,42.88551722,0</coordinates>
				</Point>
			</Placemark>
			<Placemark id="4598">
				<name>ZAMORA 220</name>
				<description>Nudo de transporte
----------------
Latitud: 41.5358194423499
Longitud: -5.7355908482391
----------------
ZAMORA 220
Capacidad MGES en RdT (MW): 0.0
Capacidad MPE en RdT (MW): 0.0
Capacidad MGES en RdD (MW): 0.0
Capacidad MPE en RdD (MW): 0.0</description>
				<styleUrl>#4599</styleUrl>
				<Point id="4597">
					<coordinates>-5.7355908482391,41.5358194423499,0</coordinates>
				</Point>
			</Placemark>
			<Placemark id="4618">
				<name>ZONA FRANCA 220</name>
				<description>Nudo de transporte
----------------
Latitud: 41.3129600233402
Longitud: 2.13119042041093
----------------
ZONA FRANCA 220
Capacidad MGES en RdT (MW): 0.0
Capacidad MPE en RdT (MW): 0.0
Capacidad MGES en RdD (MW): 0.0
Capacidad MPE en RdD (MW): 0.0</description>
				<styleUrl>#4619</styleUrl>
				<Point id="4617">
					<coordinates>2.13119042041093,41.3129600233402,0</coordinates>
				</Point>
			</Placemark>
		</Folder>
		<Folder id="5">
			<name>Capacidad Parcial</name>
			<open>1</open>
			<Folder id="6">
				<name>Capacidad para MGES en RdT</name>
				<Style id="4364">
					<IconStyle id="4365">
						<color>ff00ffff</color>
						<colorMode>normal</colorMode>
						<scale>1</scale>
						<heading>0</heading>
						<Icon id="4366">
							<href>http://maps.google.com/mapfiles/kml/pushpin/wht-pushpin.png</href>
						</Icon>
					</IconStyle>
				</Style>
				<Placemark id="1543">
					<name>FACINAS 220</name>
					<description>Nudo de transporte
----------------
Latitud: 36.14708881
Longitud: -5.716592337
----------------
FACINAS 220
Capacidad MGES en RdT (MW): 94.0
Capacidad MPE en RdT (MW): 0.0
Capacidad MGES en RdD (MW): 0.0
Capacidad MPE en RdD (MW): 0.0</description>
					<styleUrl>#1544</styleUrl>
					<Point id="1542">
						<coordinates>-5.716592337,36.14708881,0</coordinates>
					</Point>
				</Placemark>
				<Placemark id="2573">
					<name>MATAS BLANCAS 132</name>
					<description>Nudo de transporte
----------------
Latitud: 28.12203
Longitud: -14.2835
----------------
MATAS BLANCAS 132
Capacidad MGES en RdT (MW): 6.0
Capacidad MPE en RdT (MW): 0.0
Capacidad MGES en RdD (MW): 0.0
Capacidad MPE en RdD (MW): 0.0</description>
					<styleUrl>#2574</styleUrl>
					<Point id="2572">
						<coordinates>-14.2835,28.12203,0</coordinates>
					</Point>
				</Placemark>
				<Placemark id="4078">
					<name>TAJO ENCANTADA 220</name>
					<description>Nudo de transporte
----------------
Latitud: 36.89730531
Longitud: -4.745721089
----------------
TAJO ENCANTADA 220
Capacidad MGES en RdT (MW): 375.0
Capacidad MPE en RdT (MW): 0.0
Capacidad MGES en RdD (MW): 0.0
Capacidad MPE en RdD (MW): 0.0</description>
					<styleUrl>#4079</styleUrl>
					<Point id="4077">
						<coordinates>-4.745721089,36.89730531,0</coordinates>
					</Point>
				</Placemark>
				<Placemark id="4308">
					<name>VALDECONEJOS 220</name>
					<description>Nudo de transporte
----------------
Latitud: 40.79532619
Longitud: -0.880340957
----------------
VALDECONEJOS 220
Capacidad MGES en RdT (MW): 275.0
Capacidad MPE en RdT (MW): 0.0
Capacidad MGES en RdD (MW): 0.0
Capacidad MPE en RdD (MW): 0.0</description>
					<styleUrl>#4309</styleUrl>
					<Point id="4307">
						<coordinates>-0.880340957,40.79532619,0</coordinates>
					</Point>
				</Placemark>
				<Placemark id="4363">
					<name>VALLEJERA 220</name>
					<description>Nudo de transporte
----------------
Latitud: 42.168662068351
Longitud: -4.16944985961499
----------------
VALLEJERA 220
Capacidad MGES en RdT (MW): 31.0
Capacidad MPE en RdT (MW): 0.0
Capacidad MGES en RdD (MW): 0.0
Capacidad MPE en RdD (MW): 0.0</description>
					<styleUrl>#4364</styleUrl>
					<Point id="4362">
						<coordinates>-4.16944985961499,42.168662068351,0</coordinates>
					</Point>
				</Placemark>
			</Folder>
			<Folder id="7">
				<name>Capacidad para MGES y MPE en RdT</name>
				<open>1</open>
				<Style id="4614">
					<IconStyle id="4615">
						<color>ff00ffff</color>
						<colorMode>normal</colorMode>
						<scale>1</scale>
						<heading>0</heading>
						<Icon id="4616">
							<href>http://maps.google.com/mapfiles/kml/pushpin/wht-pushpin.png</href>
						</Icon>
					</IconStyle>
				</Style>
				<Placemark id="68">
					<name>ABEGONDO 220</name>
					<description>Nudo de transporte
----------------
Latitud: 43.2194335159121
Longitud: -8.27925283177512
----------------
ABEGONDO 220
Capacidad MGES en RdT (MW): 127.0
Capacidad MPE en RdT (MW): 50.0
Capacidad MGES en RdD (MW): 0.0
Capacidad MPE en RdD (MW): 0.0</description>
					<styleUrl>#69</styleUrl>
					<Point id="67">
						<coordinates>-8.27925283177512,43.2194335159121,0</coordinates>
					</Point>
				</Placemark>
				<Placemark id="573">
					<name>BEARIZ 400</name>
					<description>Nudo de transporte
----------------
Latitud: 42.4827513533311
Longitud: -8.25155890988365
----------------
BEARIZ 400
Capacidad MGES en RdT (MW): 237.0
Capacidad MPE en RdT (MW): 237.0
Capacidad MGES en RdD (MW): 0.0
Capacidad MPE en RdD (MW): 0.0</description>
					<styleUrl>#5741</styleUrl>
					<Point id="572">
						<coordinates>-8.249518380737921,42.48913964855483,0</coordinates>
					</Point>
				</Placemark>
				<Placemark id="823">
					<name>CALLEJONES 66</name>
					<description>Nudo de transporte
----------------
Latitud: 28.9890695129867
Longitud: -13.5998370149247
----------------
CALLEJONES 66
Capacidad MGES en RdT (MW): 4.0
Capacidad MPE en RdT (MW): 4.0
Capacidad MGES en RdD (MW): 0.0
Capacidad MPE en RdD (MW): 0.0</description>
					<styleUrl>#824</styleUrl>
					<Point id="822">
						<coordinates>-13.5998370149247,28.9890695129867,0</coordinates>
					</Point>
				</Placemark>
				<Placemark id="908">
					<name>CAÑADA DE LA BARCA 132</name>
					<description>Nudo de transporte
----------------
Latitud: 28.1222866383054
Longitud: -14.2843089681287
----------------
CAÑADA DE LA BARCA 132
Capacidad MGES en RdT (MW): 21.0
Capacidad MPE en RdT (MW): 21.0
Capacidad MGES en RdD (MW): 0.0
Capacidad MPE en RdD (MW): 0.0</description>
					<styleUrl>#909</styleUrl>
					<Point id="907">
						<coordinates>-14.2843089681287,28.1222866383054,0</coordinates>
					</Point>
				</Placemark>
				<Placemark id="1148">
					<name>CILLAMAYOR 220</name>
					<description>Nudo de transporte
----------------
Latitud: 42.87001157
Longitud: -4.259827658
----------------
CILLAMAYOR 220
Capacidad MGES en RdT (MW): 186.0
Capacidad MPE en RdT (MW): 100.0
Capacidad MGES en RdD (MW): 0.0
Capacidad MPE en RdD (MW): 0.0</description>
					<styleUrl>#1149</styleUrl>
					<Point id="1147">
						<coordinates>-4.259827658,42.87001157,0</coordinates>
					</Point>
				</Placemark>
				<Placemark id="1218">
					<name>CONSO 220</name>
					<description>Nudo de transporte
----------------
Latitud: 42.16970316
Longitud: -7.173125656
----------------
CONSO 220
Capacidad MGES en RdT (MW): 91.0
Capacidad MPE en RdT (MW): 91.0
Capacidad MGES en RdD (MW): 0.0
Capacidad MPE en RdD (MW): 0.0</description>
					<styleUrl>#1219</styleUrl>
					<Point id="1217">
						<coordinates>-7.173125656,42.16970316,0</coordinates>
					</Point>
				</Placemark>
				<Placemark id="1478">
					<name>ERISTE 220</name>
					<description>Nudo de transporte
----------------
Latitud: 42.5889272002911
Longitud: 0.491921066191855
----------------
ERISTE 220
Capacidad MGES en RdT (MW): 10.0
Capacidad MPE en RdT (MW): 10.0
Capacidad MGES en RdD (MW): 0.0
Capacidad MPE en RdD (MW): 0.0</description>
					<styleUrl>#1479</styleUrl>
					<Point id="1477">
						<coordinates>0.4919210661918549,42.5889272002911,0</coordinates>
					</Point>
				</Placemark>
				<Placemark id="1778">
					<name>GRADO 220</name>
					<description>Nudo de transporte
----------------
Latitud: 42.1533656514623
Longitud: 0.232872228886299
----------------
GRADO 220
Capacidad MGES en RdT (MW): 13.0
Capacidad MPE en RdT (MW): 13.0
Capacidad MGES en RdD (MW): 0.0
Capacidad MPE en RdD (MW): 0.0</description>
					<styleUrl>#1779</styleUrl>
					<Point id="1777">
						<coordinates>0.232872228886299,42.1533656514623,0</coordinates>
					</Point>
				</Placemark>
				<Placemark id="2128">
					<name>LA FARGA 220</name>
					<description>Nudo de transporte
----------------
Latitud: 42.0627177415102
Longitud: 2.8832218287255804
----------------
LA FARGA 220
Capacidad MGES en RdT (MW): 232.0
Capacidad MPE en RdT (MW): 232.0
Capacidad MGES en RdD (MW): 0.0
Capacidad MPE en RdD (MW): 0.0</description>
					<styleUrl>#2129</styleUrl>
					<Point id="2127">
						<coordinates>2.88322182872558,42.0627177415102,0</coordinates>
					</Point>
				</Placemark>
				<Placemark id="2148">
					<name>LA LORA 400</name>
					<description>Nudo de transporte
----------------
Latitud: 42.5906389799757
Longitud: -3.8597981201415
----------------
LA LORA 400
Capacidad MGES en RdT (MW): 7.0
Capacidad MPE en RdT (MW): 7.0
Capacidad MGES en RdD (MW): 0.0
Capacidad MPE en RdD (MW): 0.0</description>
					<styleUrl>#2149</styleUrl>
					<Point id="2147">
						<coordinates>-3.8597981201415,42.5906389799757,0</coordinates>
					</Point>
				</Placemark>
				<Placemark id="2158">
					<name>LA OLIVA 132</name>
					<description>Nudo de transporte
----------------
Latitud: 28.74884
Longitud: -13.87966
----------------
LA OLIVA 132
Capacidad MGES en RdT (MW): 7.0
Capacidad MPE en RdT (MW): 7.0
Capacidad MGES en RdD (MW): 0.0
Capacidad MPE en RdD (MW): 0.0</description>
					<styleUrl>#2159</styleUrl>
					<Point id="2157">
						<coordinates>-13.87966,28.74884,0</coordinates>
					</Point>
				</Placemark>
				<Placemark id="2178">
					<name>LA PEREDA 220</name>
					<description>Nudo de transporte
----------------
Latitud: 43.27532007
Longitud: -5.80885571
----------------
LA PEREDA 220
Capacidad MGES en RdT (MW): 133.0
Capacidad MPE en RdT (MW): 133.0
Capacidad MGES en RdD (MW): 0.0
Capacidad MPE en RdD (MW): 0.0</description>
					<styleUrl>#2179</styleUrl>
					<Point id="2177">
						<coordinates>-5.809966506070303,43.27347580452181,0</coordinates>
					</Point>
				</Placemark>
				<Placemark id="2603">
					<name>MEDIANO 220</name>
					<description>Nudo de transporte
----------------
Latitud: 42.3130915608187
Longitud: 0.211901722312258
----------------
MEDIANO 220
Capacidad MGES en RdT (MW): 75.0
Capacidad MPE en RdT (MW): 75.0
Capacidad MGES en RdD (MW): 0.0
Capacidad MPE en RdD (MW): 0.0</description>
					<styleUrl>#2604</styleUrl>
					<Point id="2602">
						<coordinates>0.211901722312258,42.3130915608187,0</coordinates>
					</Point>
				</Placemark>
				<Placemark id="2673">
					<name>MEZQUITA 220</name>
					<description>Nudo de transporte
----------------
Latitud: 40.7240662364821
Longitud: -0.849527399048853
----------------
MEZQUITA 220
Capacidad MGES en RdT (MW): 16.0
Capacidad MPE en RdT (MW): 16.0
Capacidad MGES en RdD (MW): 0.0
Capacidad MPE en RdD (MW): 0.0</description>
					<styleUrl>#2674</styleUrl>
					<Point id="2672">
						<coordinates>-0.849527399048853,40.7240662364821,0</coordinates>
					</Point>
				</Placemark>
				<Placemark id="3028">
					<name>PARAMO DE POZA 220</name>
					<description>Nudo de transporte
----------------
Latitud: 42.681757187331776
Longitud: -3.5505591247101593
----------------
PARAMO DE POZA 220
Capacidad MGES en RdT (MW): 94.0
Capacidad MPE en RdT (MW): 23.0
Capacidad MGES en RdD (MW): 0.0
Capacidad MPE en RdD (MW): 0.0</description>
					<styleUrl>#3029</styleUrl>
					<Point id="3027">
						<coordinates>-3.55055912471016,42.68175718733178,0</coordinates>
					</Point>
				</Placemark>
				<Placemark id="3078">
					<name>PEÑADRADA 220</name>
					<description>Nudo de transporte
----------------
Latitud: 42.7672354271117
Longitud: -6.5326379952686
----------------
PEÑADRADA 220
Capacidad MGES en RdT (MW): 40.0
Capacidad MPE en RdT (MW): 40.0
Capacidad MGES en RdD (MW): 0.0
Capacidad MPE en RdD (MW): 0.0</description>
					<styleUrl>#3079</styleUrl>
					<Point id="3077">
						<coordinates>-6.532637995268601,42.7672354271117,0</coordinates>
					</Point>
				</Placemark>
				<Placemark id="3328">
					<name>PUERTO DE LA CRUZ 220</name>
					<description>Nudo de transporte
----------------
Latitud: 36.07421356
Longitud: -5.6138260110000004
----------------
PUERTO DE LA CRUZ 220
Capacidad MGES en RdT (MW): 324.0
Capacidad MPE en RdT (MW): 112.0
Capacidad MGES en RdD (MW): 0.0
Capacidad MPE en RdD (MW): 0.0</description>
					<styleUrl>#3329</styleUrl>
					<Point id="3327">
						<coordinates>-5.613826011,36.07421356,0</coordinates>
					</Point>
				</Placemark>
				<Placemark id="3383">
					<name>QUEREÑO 220</name>
					<description>Nudo de transporte
----------------
Latitud: 42.41882482
Longitud: -6.829889167
----------------
QUEREÑO 220
Capacidad MGES en RdT (MW): 154.0
Capacidad MPE en RdT (MW): 154.0
Capacidad MGES en RdD (MW): 0.0
Capacidad MPE en RdD (MW): 0.0</description>
					<styleUrl>#3384</styleUrl>
					<Point id="3382">
						<coordinates>-6.829889167,42.41882482,0</coordinates>
					</Point>
				</Placemark>
				<Placemark id="3403">
					<name>REGOELLE 220</name>
					<description>Nudo de transporte
----------------
Latitud: 43.01405249444
Longitud: -9.0510788732807
----------------
REGOELLE 220
Capacidad MGES en RdT (MW): 68.0
Capacidad MPE en RdT (MW): 68.0
Capacidad MGES en RdD (MW): 0.0
Capacidad MPE en RdD (MW): 0.0</description>
					<styleUrl>#3404</styleUrl>
					<Point id="3402">
						<coordinates>-9.0510788732807,43.01405249444,0</coordinates>
					</Point>
				</Placemark>
				<Placemark id="3498">
					<name>RUBIO 220</name>
					<description>Nudo de transporte
----------------
Latitud: 41.6483829556012
Longitud: 1.5914041025805
----------------
RUBIO 220
Capacidad MGES en RdT (MW): 53.0
Capacidad MPE en RdT (MW): 53.0
Capacidad MGES en RdD (MW): 0.0
Capacidad MPE en RdD (MW): 0.0</description>
					<styleUrl>#3499</styleUrl>
					<Point id="3497">
						<coordinates>1.5914041025805,41.6483829556012,0</coordinates>
					</Point>
				</Placemark>
				<Placemark id="3633">
					<name>SAN ISIDRO 66</name>
					<description>Nudo de transporte
----------------
Latitud: 28.07837025
Longitud: -16.55809415
----------------
SAN ISIDRO 66
Capacidad MGES en RdT (MW): 27.0
Capacidad MPE en RdT (MW): 27.0
Capacidad MGES en RdD (MW): 0.0
Capacidad MPE en RdD (MW): 0.0</description>
					<styleUrl>#3634</styleUrl>
					<Point id="3632">
						<coordinates>-16.55809415,28.07837025,0</coordinates>
					</Point>
				</Placemark>
				<Placemark id="3753">
					<name>SANTA AGUEDA 220</name>
					<description>Nudo de transporte
----------------
Latitud: 27.7693255340344
Longitud: -15.6629053182684
----------------
SANTA AGUEDA 220
Capacidad MGES en RdT (MW): 34.0
Capacidad MPE en RdT (MW): 34.0
Capacidad MGES en RdD (MW): 0.0
Capacidad MPE en RdD (MW): 0.0</description>
					<styleUrl>#3754</styleUrl>
					<Point id="3752">
						<coordinates>-15.6629053182684,27.7693255340344,0</coordinates>
					</Point>
				</Placemark>
				<Placemark id="3758">
					<name>SANTA AGUEDA 66</name>
					<description>Nudo de transporte
----------------
Latitud: 27.7693255340344
Longitud: -15.6628053182684
----------------
SANTA AGUEDA 66
Capacidad MGES en RdT (MW): 37.0
Capacidad MPE en RdT (MW): 37.0
Capacidad MGES en RdD (MW): 0.0
Capacidad MPE en RdD (MW): 0.0</description>
					<styleUrl>#3759</styleUrl>
					<Point id="3757">
						<coordinates>-15.6628053182684,27.7693255340344,0</coordinates>
					</Point>
				</Placemark>
				<Placemark id="3908">
					<name>SESUE 220</name>
					<description>Nudo de transporte
----------------
Latitud: 42.5430490861666
Longitud: 0.470120812773864
----------------
SESUE 220
Capacidad MGES en RdT (MW): 165.0
Capacidad MPE en RdT (MW): 165.0
Capacidad MGES en RdD (MW): 0.0
Capacidad MPE en RdD (MW): 0.0</description>
					<styleUrl>#3909</styleUrl>
					<Point id="3907">
						<coordinates>0.470120812773864,42.5430490861666,0</coordinates>
					</Point>
				</Placemark>
				<Placemark id="3978">
					<name>SON ORLANDIS 66</name>
					<description>Nudo de transporte
----------------
Latitud: 39.6003952014383
Longitud: 2.7446187328931204
----------------
SON ORLANDIS 66
Capacidad MGES en RdT (MW): 59.0
Capacidad MPE en RdT (MW): 59.0
Capacidad MGES en RdD (MW): 0.0
Capacidad MPE en RdD (MW): 0.0</description>
					<styleUrl>#3979</styleUrl>
					<Point id="3977">
						<coordinates>2.74461873289312,39.6003952014383,0</coordinates>
					</Point>
				</Placemark>
				<Placemark id="4368">
					<name>VALLITOS 220</name>
					<description>Nudo de transporte
----------------
Latitud: 28.0898267857236
Longitud: -16.7069299969109
----------------
VALLITOS 220
Capacidad MGES en RdT (MW): 8.0
Capacidad MPE en RdT (MW): 8.0
Capacidad MGES en RdD (MW): 0.0
Capacidad MPE en RdD (MW): 0.0</description>
					<styleUrl>#4369</styleUrl>
					<Point id="4367">
						<coordinates>-16.7069299969109,28.0898267857236,0</coordinates>
					</Point>
				</Placemark>
				<Placemark id="4553">
					<name>VILLAVICIOSA B 220</name>
					<description>Nudo de transporte
----------------
Latitud: 40.3479938677166
Longitud: -3.90459564263636
----------------
VILLAVICIOSA B 220
Capacidad MGES en RdT (MW): 26.0
Capacidad MPE en RdT (MW): 26.0
Capacidad MGES en RdD (MW): 0.0
Capacidad MPE en RdD (MW): 0.0</description>
					<styleUrl>#4554</styleUrl>
					<Point id="4552">
						<coordinates>-3.904595642636361,40.3479938677166,0</coordinates>
					</Point>
				</Placemark>
				<Placemark id="4613">
					<name>ZIERBENA 400</name>
					<description>Nudo de transporte
----------------
Latitud: 43.36069018
Longitud: -3.089729828
----------------
ZIERBENA 400
Capacidad MGES en RdT (MW): 1287.0
Capacidad MPE en RdT (MW): 1287.0
Capacidad MGES en RdD (MW): 0.0
Capacidad MPE en RdD (MW): 0.0</description>
					<styleUrl>#4614</styleUrl>
					<Point id="4612">
						<coordinates>-3.089729828,43.36069018,0</coordinates>
					</Point>
				</Placemark>
			</Folder>
			<Folder id="8">
				<name>Capacidad para MGES RdD</name>
				<open>1</open>
				<Style id="3609">
					<IconStyle id="3610">
						<color>ff00ffff</color>
						<colorMode>normal</colorMode>
						<scale>1</scale>
						<heading>0</heading>
						<Icon id="3611">
							<href>http://maps.google.com/mapfiles/kml/pushpin/wht-pushpin.png</href>
						</Icon>
					</IconStyle>
				</Style>
				<Placemark id="393">
					<name>ARGUINEGUIN 66</name>
					<description>Nudo de transporte
----------------
Latitud: 27.767581701454912
Longitud: -15.67864165742195
----------------
ARGUINEGUIN 66
Capacidad MGES en RdT (MW): 0.0
Capacidad MPE en RdT (MW): 0.0
Capacidad MGES en RdD (MW): 12.0
Capacidad MPE en RdD (MW): 0.0</description>
					<styleUrl>#394</styleUrl>
					<Point id="392">
						<coordinates>-15.67864165742195,27.76758170145491,0</coordinates>
					</Point>
				</Placemark>
				<Placemark id="793">
					<name>CALA MILLOR 66</name>
					<description>Nudo de transporte
----------------
Latitud: 39.5834025110877
Longitud: 3.36331273339569
----------------
CALA MILLOR 66
Capacidad MGES en RdT (MW): 0.0
Capacidad MPE en RdT (MW): 0.0
Capacidad MGES en RdD (MW): 77.0
Capacidad MPE en RdD (MW): 0.0</description>
					<styleUrl>#794</styleUrl>
					<Point id="792">
						<coordinates>3.36331273339569,39.5834025110877,0</coordinates>
					</Point>
				</Placemark>
				<Placemark id="2493">
					<name>MANACOR 66</name>
					<description>Nudo de transporte
----------------
Latitud: 39.5735496589034
Longitud: 3.19064422870886
----------------
MANACOR 66
Capacidad MGES en RdT (MW): 0.0
Capacidad MPE en RdT (MW): 0.0
Capacidad MGES en RdD (MW): 77.0
Capacidad MPE en RdD (MW): 0.0</description>
					<styleUrl>#2494</styleUrl>
					<Point id="2492">
						<coordinates>3.19064422870886,39.5735496589034,0</coordinates>
					</Point>
				</Placemark>
				<Placemark id="2578">
					<name>MATAS BLANCAS 66</name>
					<description>Nudo de transporte
----------------
Latitud: 28.123810723622697
Longitud: -14.282716545947427
----------------
MATAS BLANCAS 66
Capacidad MGES en RdT (MW): 0.0
Capacidad MPE en RdT (MW): 0.0
Capacidad MGES en RdD (MW): 16.0
Capacidad MPE en RdD (MW): 0.0</description>
					<styleUrl>#2579</styleUrl>
					<Point id="2577">
						<coordinates>-14.28271654594743,28.1238107236227,0</coordinates>
					</Point>
				</Placemark>
				<Placemark id="3608">
					<name>SAN BARTOLOME 66</name>
					<description>Nudo de transporte
----------------
Latitud: 29.0097387803642
Longitud: -13.6094308456166
----------------
SAN BARTOLOME 66
Capacidad MGES en RdT (MW): 0.0
Capacidad MPE en RdT (MW): 0.0
Capacidad MGES en RdD (MW): 4.0
Capacidad MPE en RdD (MW): 0.0</description>
					<styleUrl>#3609</styleUrl>
					<Point id="3607">
						<coordinates>-13.6094308456166,29.0097387803642,0</coordinates>
					</Point>
				</Placemark>
			</Folder>
			<Folder id="9">
				<name>Capacidad para MGES en RdD y RdT</name>
				<Style id="4159">
					<IconStyle id="4160">
						<color>ff00ffff</color>
						<colorMode>normal</colorMode>
						<scale>1</scale>
						<heading>0</heading>
						<Icon id="4161">
							<href>http://maps.google.com/mapfiles/kml/pushpin/wht-pushpin.png</href>
						</Icon>
					</IconStyle>
				</Style>
				<Placemark id="783">
					<name>CALA BLAVA 66</name>
					<description>Nudo de transporte
----------------
Latitud: 39.409713650442
Longitud: 2.8158573880412
----------------
CALA BLAVA 66
Capacidad MGES en RdT (MW): 79.0
Capacidad MPE en RdT (MW): 0.0
Capacidad MGES en RdD (MW): 79.0
Capacidad MPE en RdD (MW): 0.0</description>
					<styleUrl>#784</styleUrl>
					<Point id="782">
						<coordinates>2.8158573880412,39.409713650442,0</coordinates>
					</Point>
				</Placemark>
				<Placemark id="998">
					<name>CARTUJA 220</name>
					<description>Nudo de transporte
----------------
Latitud: 36.62032532
Longitud: -6.118803766
----------------
CARTUJA 220
Capacidad MGES en RdT (MW): 335.0
Capacidad MPE en RdT (MW): 0.0
Capacidad MGES en RdD (MW): 335.0
Capacidad MPE en RdD (MW): 0.0</description>
					<styleUrl>#999</styleUrl>
					<Point id="997">
						<coordinates>-6.118803766000001,36.62032532,0</coordinates>
					</Point>
				</Placemark>
				<Placemark id="2233">
					<name>LA SOLANA 220</name>
					<description>Nudo de transporte
----------------
Latitud: 38.68037576
Longitud: -4.144556863
----------------
LA SOLANA 220
Capacidad MGES en RdT (MW): 19.0
Capacidad MPE en RdT (MW): 0.0
Capacidad MGES en RdD (MW): 19.0
Capacidad MPE en RdD (MW): 0.0</description>
					<styleUrl>#2234</styleUrl>
					<Point id="2232">
						<coordinates>-4.144556863,38.68037576,0</coordinates>
					</Point>
				</Placemark>
				<Placemark id="2273">
					<name>LAS MAZORRAS 220</name>
					<description>Nudo de transporte
----------------
Latitud: 42.8528166854057
Longitud: -3.63759329593762
----------------
LAS MAZORRAS 220
Capacidad MGES en RdT (MW): 123.0
Capacidad MPE en RdT (MW): 0.0
Capacidad MGES en RdD (MW): 123.0
Capacidad MPE en RdD (MW): 0.0</description>
					<styleUrl>#2274</styleUrl>
					<Point id="2272">
						<coordinates>-3.63759329593762,42.8528166854057,0</coordinates>
					</Point>
				</Placemark>
				<Placemark id="4158">
					<name>TORDESILLAS 220</name>
					<description>Nudo de transporte
----------------
Latitud: 41.50887521416571
Longitud: -5.011172476134076
----------------
TORDESILLAS 220
Capacidad MGES en RdT (MW): 42.0
Capacidad MPE en RdT (MW): 0.0
Capacidad MGES en RdD (MW): 42.0
Capacidad MPE en RdD (MW): 0.0</description>
					<styleUrl>#4159</styleUrl>
					<Point id="4157">
						<coordinates>-5.011172476134076,41.50887521416571,0</coordinates>
					</Point>
				</Placemark>
			</Folder>
			<Folder id="10">
				<name>Capacidad para MGES y MPE en RdD</name>
				<open>1</open>
				<Style id="4594">
					<IconStyle id="4595">
						<color>ff00ffff</color>
						<colorMode>normal</colorMode>
						<scale>1</scale>
						<heading>0</heading>
						<Icon id="4596">
							<href>http://maps.google.com/mapfiles/kml/pushpin/wht-pushpin.png</href>
						</Icon>
					</IconStyle>
				</Style>
				<Placemark id="103">
					<name>AENA OESTE 220</name>
					<description>Nudo de transporte
----------------
Latitud: 41.29578563815336
Longitud: 2.0545559414999808
----------------
AENA OESTE 220
Capacidad MGES en RdT (MW): 0.0
Capacidad MPE en RdT (MW): 0.0
Capacidad MGES en RdD (MW): 128.0
Capacidad MPE en RdD (MW): 128.0</description>
					<styleUrl>#104</styleUrl>
					<Point id="102">
						<coordinates>2.054555941499981,41.29578563815336,0</coordinates>
					</Point>
				</Placemark>
				<Placemark id="108">
					<name>AEROPUERTO BARCELONA 220</name>
					<description>Nudo de transporte
----------------
Latitud: 41.314929624537
Longitud: 2.10354202878176
----------------
AEROPUERTO BARCELONA 220
Capacidad MGES en RdT (MW): 0.0
Capacidad MPE en RdT (MW): 0.0
Capacidad MGES en RdD (MW): 128.0
Capacidad MPE en RdD (MW): 128.0</description>
					<styleUrl>#109</styleUrl>
					<Point id="107">
						<coordinates>2.10354202878176,41.314929624537,0</coordinates>
					</Point>
				</Placemark>
				<Placemark id="113">
					<name>AGUACATE 220</name>
					<description>Nudo de transporte
----------------
Latitud: 40.36503754117
Longitud: -3.748281798343033
----------------
AGUACATE 220
Capacidad MGES en RdT (MW): 0.0
Capacidad MPE en RdT (MW): 0.0
Capacidad MGES en RdD (MW): 537.0
Capacidad MPE en RdD (MW): 537.0</description>
					<styleUrl>#114</styleUrl>
					<Point id="112">
						<coordinates>-3.748281798343033,40.36503754117,0</coordinates>
					</Point>
				</Placemark>
				<Placemark id="173">
					<name>ALCUDIA BALEARES 66</name>
					<description>Nudo de transporte
----------------
Latitud: 39.83812501
Longitud: 3.145737896
----------------
ALCUDIA BALEARES 66
Capacidad MGES en RdT (MW): 0.0
Capacidad MPE en RdT (MW): 0.0
Capacidad MGES en RdD (MW): 157.0
Capacidad MPE en RdD (MW): 80.0</description>
					<styleUrl>#174</styleUrl>
					<Point id="172">
						<coordinates>3.145737896,39.83812501,0</coordinates>
					</Point>
				</Placemark>
				<Placemark id="223">
					<name>ALJARAFE 220</name>
					<description>Nudo de transporte
----------------
Latitud: 37.34631043
Longitud: -6.093318339
----------------
ALJARAFE 220
Capacidad MGES en RdT (MW): 0.0
Capacidad MPE en RdT (MW): 0.0
Capacidad MGES en RdD (MW): 411.0
Capacidad MPE en RdD (MW): 411.0</description>
					<styleUrl>#224</styleUrl>
					<Point id="222">
						<coordinates>-6.093318339000001,37.34631043,0</coordinates>
					</Point>
				</Placemark>
				<Placemark id="298">
					<name>ANDRATX 66</name>
					<description>Nudo de transporte
----------------
Latitud: 39.5445526679753
Longitud: 2.42270609037886
----------------
ANDRATX 66
Capacidad MGES en RdT (MW): 0.0
Capacidad MPE en RdT (MW): 0.0
Capacidad MGES en RdD (MW): 91.0
Capacidad MPE en RdD (MW): 91.0</description>
					<styleUrl>#299</styleUrl>
					<Point id="297">
						<coordinates>2.42270609037886,39.5445526679753,0</coordinates>
					</Point>
				</Placemark>
				<Placemark id="313">
					<name>ANTONIO LEYVA 220</name>
					<description>Nudo de transporte
----------------
Latitud: 40.38644654418199
Longitud: -3.71756515052454
----------------
ANTONIO LEYVA 220
Capacidad MGES en RdT (MW): 0.0
Capacidad MPE en RdT (MW): 0.0
Capacidad MGES en RdD (MW): 689.0
Capacidad MPE en RdD (MW): 689.0</description>
					<styleUrl>#314</styleUrl>
					<Point id="312">
						<coordinates>-3.71756515052454,40.38644654418199,0</coordinates>
					</Point>
				</Placemark>
				<Placemark id="343">
					<name>ARAVACA 220</name>
					<description>Nudo de transporte
----------------
Latitud: 40.46462513
Longitud: -3.806154562
----------------
ARAVACA 220
Capacidad MGES en RdT (MW): 0.0
Capacidad MPE en RdT (MW): 0.0
Capacidad MGES en RdD (MW): 709.0
Capacidad MPE en RdD (MW): 709.0</description>
					<styleUrl>#344</styleUrl>
					<Point id="342">
						<coordinates>-3.806154562,40.46462513,0</coordinates>
					</Point>
				</Placemark>
				<Placemark id="373">
					<name>ARENAL 66</name>
					<description>Nudo de transporte
----------------
Latitud: 39.5263950912481
Longitud: 2.77277669401706
----------------
ARENAL 66
Capacidad MGES en RdT (MW): 0.0
Capacidad MPE en RdT (MW): 0.0
Capacidad MGES en RdD (MW): 103.0
Capacidad MPE en RdD (MW): 103.0</description>
					<styleUrl>#374</styleUrl>
					<Point id="372">
						<coordinates>2.77277669401706,39.5263950912481,0</coordinates>
					</Point>
				</Placemark>
				<Placemark id="388">
					<name>ARGANZUELA 220</name>
					<description>Nudo de transporte
----------------
Latitud: 40.4076848390857
Longitud: -3.72014657596374
----------------
ARGANZUELA 220
Capacidad MGES en RdT (MW): 0.0
Capacidad MPE en RdT (MW): 0.0
Capacidad MGES en RdD (MW): 697.0
Capacidad MPE en RdD (MW): 697.0</description>
					<styleUrl>#389</styleUrl>
					<Point id="387">
						<coordinates>-3.72014657596374,40.4076848390857,0</coordinates>
					</Point>
				</Placemark>
				<Placemark id="408">
					<name>ARKALE 220</name>
					<description>Nudo de transporte
----------------
Latitud: 43.30694426
Longitud: -1.841706256
----------------
ARKALE 220
Capacidad MGES en RdT (MW): 0.0
Capacidad MPE en RdT (MW): 0.0
Capacidad MGES en RdD (MW): 1042.0
Capacidad MPE en RdD (MW): 449.0</description>
					<styleUrl>#409</styleUrl>
					<Point id="407">
						<coordinates>-1.841706256,43.30694426,0</coordinates>
					</Point>
				</Placemark>
				<Placemark id="428">
					<name>ARTA 66</name>
					<description>Nudo de transporte
----------------
Latitud: 39.6812209031364
Longitud: 3.34318422250682
----------------
ARTA 66
Capacidad MGES en RdT (MW): 0.0
Capacidad MPE en RdT (MW): 0.0
Capacidad MGES en RdD (MW): 61.0
Capacidad MPE en RdD (MW): 9.0</description>
					<styleUrl>#429</styleUrl>
					<Point id="427">
						<coordinates>3.34318422250682,39.6812209031364,0</coordinates>
					</Point>
				</Placemark>
				<Placemark id="443">
					<name>ASCÓ 220</name>
					<description>Nudo de transporte
----------------
Latitud: 41.20455080185
Longitud: 0.571063634168664
----------------
ASCÓ 220
Capacidad MGES en RdT (MW): 0.0
Capacidad MPE en RdT (MW): 0.0
Capacidad MGES en RdD (MW): 348.0
Capacidad MPE en RdD (MW): 66.0</description>
					<styleUrl>#444</styleUrl>
					<Point id="442">
						<coordinates>0.571063634168664,41.20455080185,0</coordinates>
					</Point>
				</Placemark>
				<Placemark id="473">
					<name>AYALA 220</name>
					<description>Nudo de transporte
----------------
Latitud: 43.08618746
Longitud: -3.009895484
----------------
AYALA 220
Capacidad MGES en RdT (MW): 0.0
Capacidad MPE en RdT (MW): 0.0
Capacidad MGES en RdD (MW): 598.0
Capacidad MPE en RdD (MW): 598.0</description>
					<styleUrl>#474</styleUrl>
					<Point id="472">
						<coordinates>-3.009895484,43.08618746,0</coordinates>
					</Point>
				</Placemark>
				<Placemark id="483">
					<name>AZCA 220</name>
					<description>Nudo de transporte
----------------
Latitud: 40.45589916
Longitud: -3.688279795
----------------
AZCA 220
Capacidad MGES en RdT (MW): 0.0
Capacidad MPE en RdT (MW): 0.0
Capacidad MGES en RdD (MW): 678.0
Capacidad MPE en RdD (MW): 678.0</description>
					<styleUrl>#484</styleUrl>
					<Point id="482">
						<coordinates>-3.688279795,40.45589916,0</coordinates>
					</Point>
				</Placemark>
				<Placemark id="538">
					<name>BARRANCO SECO 66</name>
					<description>Nudo de transporte
----------------
Latitud: 28.073592643748
Longitud: -15.4402346813069
----------------
BARRANCO SECO 66
Capacidad MGES en RdT (MW): 0.0
Capacidad MPE en RdT (MW): 0.0
Capacidad MGES en RdD (MW): 52.0
Capacidad MPE en RdD (MW): 52.0</description>
					<styleUrl>#539</styleUrl>
					<Point id="537">
						<coordinates>-15.4402346813069,28.073592643748,0</coordinates>
					</Point>
				</Placemark>
				<Placemark id="563">
					<name>BASAURI 220</name>
					<description>Nudo de transporte
----------------
Latitud: 43.22271768
Longitud: -2.893588873
----------------
BASAURI 220
Capacidad MGES en RdT (MW): 0.0
Capacidad MPE en RdT (MW): 0.0
Capacidad MGES en RdD (MW): 566.0
Capacidad MPE en RdD (MW): 566.0</description>
					<styleUrl>#564</styleUrl>
					<Point id="562">
						<coordinates>-2.893588873000001,43.22271768,0</coordinates>
					</Point>
				</Placemark>
				<Placemark id="623">
					<name>BENAHADUX 220</name>
					<description>Nudo de transporte
----------------
Latitud: 36.91041122
Longitud: -2.464672399
----------------
BENAHADUX 220
Capacidad MGES en RdT (MW): 0.0
Capacidad MPE en RdT (MW): 0.0
Capacidad MGES en RdD (MW): 905.0
Capacidad MPE en RdD (MW): 464.0</description>
					<styleUrl>#624</styleUrl>
					<Point id="622">
						<coordinates>-2.464672399,36.91041122,0</coordinates>
					</Point>
				</Placemark>
				<Placemark id="693">
					<name>BIT 66</name>
					<description>Nudo de transporte
----------------
Latitud: 39.633061024169194
Longitud: 2.6472207117231434
----------------
BIT 66
Capacidad MGES en RdT (MW): 0.0
Capacidad MPE en RdT (MW): 0.0
Capacidad MGES en RdD (MW): 183.0
Capacidad MPE en RdD (MW): 36.0</description>
					<styleUrl>#694</styleUrl>
					<Point id="692">
						<coordinates>2.647220711723143,39.63306102416919,0</coordinates>
					</Point>
				</Placemark>
				<Placemark id="703">
					<name>BOIMENTE 400</name>
					<description>Nudo de transporte
----------------
Latitud: 43.59114714
Longitud: -7.551636139
----------------
BOIMENTE 400
Capacidad MGES en RdT (MW): 0.0
Capacidad MPE en RdT (MW): 0.0
Capacidad MGES en RdD (MW): 1328.0
Capacidad MPE en RdD (MW): 159.0</description>
					<styleUrl>#704</styleUrl>
					<Point id="702">
						<coordinates>-7.551636139,43.59114714,0</coordinates>
					</Point>
				</Placemark>
				<Placemark id="743">
					<name>BUENAVISTA GC 66</name>
					<description>Nudo de transporte
----------------
Latitud: 28.1170035717494
Longitud: -15.4265416919121
----------------
BUENAVISTA GC 66
Capacidad MGES en RdT (MW): 0.0
Capacidad MPE en RdT (MW): 0.0
Capacidad MGES en RdD (MW): 58.0
Capacidad MPE en RdD (MW): 58.0</description>
					<styleUrl>#744</styleUrl>
					<Point id="742">
						<coordinates>-15.4265416919121,28.1170035717494,0</coordinates>
					</Point>
				</Placemark>
				<Placemark id="753">
					<name>BUENOS AIRES 66</name>
					<description>Nudo de transporte
----------------
Latitud: 28.45488
Longitud: -16.268720000000002
----------------
BUENOS AIRES 66
Capacidad MGES en RdT (MW): 0.0
Capacidad MPE en RdT (MW): 0.0
Capacidad MGES en RdD (MW): 20.0
Capacidad MPE en RdD (MW): 20.0</description>
					<styleUrl>#754</styleUrl>
					<Point id="752">
						<coordinates>-16.26872,28.45488,0</coordinates>
					</Point>
				</Placemark>
				<Placemark id="763">
					<name>BUNYOLA 66</name>
					<description>Nudo de transporte
----------------
Latitud: 39.68447110302989
Longitud: 2.7038896345703556
----------------
BUNYOLA 66
Capacidad MGES en RdT (MW): 0.0
Capacidad MPE en RdT (MW): 0.0
Capacidad MGES en RdD (MW): 69.0
Capacidad MPE en RdD (MW): 69.0</description>
					<styleUrl>#764</styleUrl>
					<Point id="762">
						<coordinates>2.703889634570356,39.68447110302989,0</coordinates>
					</Point>
				</Placemark>
				<Placemark id="778">
					<name>CACICEDO 220</name>
					<description>Nudo de transporte
----------------
Latitud: 43.4361184715641
Longitud: -3.86711338845522
----------------
CACICEDO 220
Capacidad MGES en RdT (MW): 0.0
Capacidad MPE en RdT (MW): 0.0
Capacidad MGES en RdD (MW): 460.0
Capacidad MPE en RdD (MW): 106.0</description>
					<styleUrl>#779</styleUrl>
					<Point id="777">
						<coordinates>-3.867113388455219,43.4361184715641,0</coordinates>
					</Point>
				</Placemark>
				<Placemark id="798">
					<name>CALAMOCHA 220</name>
					<description>Nudo de transporte
----------------
Latitud: 40.9157754887038
Longitud: -1.28480671765485
----------------
CALAMOCHA 220
Capacidad MGES en RdT (MW): 0.0
Capacidad MPE en RdT (MW): 0.0
Capacidad MGES en RdD (MW): 16.0
Capacidad MPE en RdD (MW): 16.0</description>
					<styleUrl>#799</styleUrl>
					<Point id="797">
						<coordinates>-1.28480671765485,40.9157754887038,0</coordinates>
					</Point>
				</Placemark>
				<Placemark id="828">
					<name>CALVIA 66</name>
					<description>Nudo de transporte
----------------
Latitud: 39.5266178381175
Longitud: 2.50738702524319
----------------
CALVIA 66
Capacidad MGES en RdT (MW): 0.0
Capacidad MPE en RdT (MW): 0.0
Capacidad MGES en RdD (MW): 145.0
Capacidad MPE en RdD (MW): 13.0</description>
					<styleUrl>#829</styleUrl>
					<Point id="827">
						<coordinates>2.50738702524319,39.5266178381175,0</coordinates>
					</Point>
				</Placemark>
				<Placemark id="843">
					<name>CAMPO NACIONES 220</name>
					<description>Nudo de transporte
----------------
Latitud: 40.464474221096
Longitud: -3.62155216200295
----------------
CAMPO NACIONES 220
Capacidad MGES en RdT (MW): 0.0
Capacidad MPE en RdT (MW): 0.0
Capacidad MGES en RdD (MW): 691.0
Capacidad MPE en RdD (MW): 691.0</description>
					<styleUrl>#844</styleUrl>
					<Point id="842">
						<coordinates>-3.62155216200295,40.464474221096,0</coordinates>
					</Point>
				</Placemark>
				<Placemark id="878">
					<name>CAN PICAFORT 66</name>
					<description>Nudo de transporte
----------------
Latitud: 39.7473973856046
Longitud: 3.15601351807197
----------------
CAN PICAFORT 66
Capacidad MGES en RdT (MW): 0.0
Capacidad MPE en RdT (MW): 0.0
Capacidad MGES en RdD (MW): 56.0
Capacidad MPE en RdD (MW): 30.0</description>
					<styleUrl>#879</styleUrl>
					<Point id="877">
						<coordinates>3.15601351807197,39.7473973856046,0</coordinates>
					</Point>
				</Placemark>
				<Placemark id="898">
					<name>CANILLEJAS 220</name>
					<description>Nudo de transporte
----------------
Latitud: 40.4346183141857
Longitud: -3.61469514041959
----------------
CANILLEJAS 220
Capacidad MGES en RdT (MW): 0.0
Capacidad MPE en RdT (MW): 0.0
Capacidad MGES en RdD (MW): 683.0
Capacidad MPE en RdD (MW): 683.0</description>
					<styleUrl>#899</styleUrl>
					<Point id="897">
						<coordinates>-3.61469514041959,40.4346183141857,0</coordinates>
					</Point>
				</Placemark>
				<Placemark id="933">
					<name>CAPDEPERA 66</name>
					<description>Nudo de transporte
----------------
Latitud: 39.6976932836241
Longitud: 3.41732779911308
----------------
CAPDEPERA 66
Capacidad MGES en RdT (MW): 0.0
Capacidad MPE en RdT (MW): 0.0
Capacidad MGES en RdD (MW): 61.0
Capacidad MPE en RdD (MW): 7.0</description>
					<styleUrl>#934</styleUrl>
					<Point id="932">
						<coordinates>3.41732779911308,39.6976932836241,0</coordinates>
					</Point>
				</Placemark>
				<Placemark id="1103">
					<name>CERDA 220</name>
					<description>Nudo de transporte
----------------
Latitud: 41.343087900437
Longitud: 2.13829790603806
----------------
CERDA 220
Capacidad MGES en RdT (MW): 0.0
Capacidad MPE en RdT (MW): 0.0
Capacidad MGES en RdD (MW): 726.0
Capacidad MPE en RdD (MW): 726.0</description>
					<styleUrl>#1104</styleUrl>
					<Point id="1102">
						<coordinates>2.13829790603806,41.343087900437,0</coordinates>
					</Point>
				</Placemark>
				<Placemark id="1113">
					<name>CERRO PLATA 220</name>
					<description>Nudo de transporte
----------------
Latitud: 40.3999586072393
Longitud: -3.68095760092401
----------------
CERRO PLATA 220
Capacidad MGES en RdT (MW): 0.0
Capacidad MPE en RdT (MW): 0.0
Capacidad MGES en RdD (MW): 170.0
Capacidad MPE en RdD (MW): 170.0</description>
					<styleUrl>#1114</styleUrl>
					<Point id="1112">
						<coordinates>-3.68095760092401,40.3999586072393,0</coordinates>
					</Point>
				</Placemark>
				<Placemark id="1128">
					<name>CHAYOFA 66</name>
					<description>Nudo de transporte
----------------
Latitud: 28.070459936378
Longitud: -16.698988728061
----------------
CHAYOFA 66
Capacidad MGES en RdT (MW): 0.0
Capacidad MPE en RdT (MW): 0.0
Capacidad MGES en RdD (MW): 15.0
Capacidad MPE en RdD (MW): 15.0</description>
					<styleUrl>#1129</styleUrl>
					<Point id="1127">
						<coordinates>-16.698988728061,28.070459936378,0</coordinates>
					</Point>
				</Placemark>
				<Placemark id="1143">
					<name>CICERO 220</name>
					<description>Nudo de transporte
----------------
Latitud: 43.3928798382333
Longitud: -3.52358136868317
----------------
CICERO 220
Capacidad MGES en RdT (MW): 0.0
Capacidad MPE en RdT (MW): 0.0
Capacidad MGES en RdD (MW): 112.0
Capacidad MPE en RdD (MW): 112.0</description>
					<styleUrl>#1144</styleUrl>
					<Point id="1142">
						<coordinates>-3.52358136868317,43.3928798382333,0</coordinates>
					</Point>
				</Placemark>
				<Placemark id="1183">
					<name>CODONYERS 220</name>
					<description>Nudo de transporte
----------------
Latitud: 41.4779920058148
Longitud: 2.0989696666036
----------------
CODONYERS 220
Capacidad MGES en RdT (MW): 0.0
Capacidad MPE en RdT (MW): 0.0
Capacidad MGES en RdD (MW): 364.0
Capacidad MPE en RdD (MW): 364.0</description>
					<styleUrl>#1184</styleUrl>
					<Point id="1182">
						<coordinates>2.0989696666036,41.4779920058148,0</coordinates>
					</Point>
				</Placemark>
				<Placemark id="1193">
					<name>COLISEO 66</name>
					<description>Nudo de transporte
----------------
Latitud: 39.5838273743999
Longitud: 2.65463003827859
----------------
COLISEO 66
Capacidad MGES en RdT (MW): 0.0
Capacidad MPE en RdT (MW): 0.0
Capacidad MGES en RdD (MW): 219.0
Capacidad MPE en RdD (MW): 219.0</description>
					<styleUrl>#1194</styleUrl>
					<Point id="1192">
						<coordinates>2.65463003827859,39.5838273743999,0</coordinates>
					</Point>
				</Placemark>
				<Placemark id="1198">
					<name>COLLBLANC 220</name>
					<description>Nudo de transporte
----------------
Latitud: 41.3774030440417
Longitud: 2.10500909214642
----------------
COLLBLANC 220
Capacidad MGES en RdT (MW): 0.0
Capacidad MPE en RdT (MW): 0.0
Capacidad MGES en RdD (MW): 803.0
Capacidad MPE en RdD (MW): 740.0</description>
					<styleUrl>#1199</styleUrl>
					<Point id="1197">
						<coordinates>2.10500909214642,41.3774030440417,0</coordinates>
					</Point>
				</Placemark>
				<Placemark id="1248">
					<name>COSLADA B 220</name>
					<description>Nudo de transporte
----------------
Latitud: 40.4225467094042
Longitud: -3.57565637149607
----------------
COSLADA B 220
Capacidad MGES en RdT (MW): 0.0
Capacidad MPE en RdT (MW): 0.0
Capacidad MGES en RdD (MW): 164.0
Capacidad MPE en RdD (MW): 164.0</description>
					<styleUrl>#1249</styleUrl>
					<Point id="1247">
						<coordinates>-3.57565637149607,40.4225467094042,0</coordinates>
					</Point>
				</Placemark>
				<Placemark id="1268">
					<name>CUESTA DE LA VILLA 66</name>
					<description>Nudo de transporte
----------------
Latitud: 28.4185961215068
Longitud: -16.4988376030568
----------------
CUESTA DE LA VILLA 66
Capacidad MGES en RdT (MW): 0.0
Capacidad MPE en RdT (MW): 0.0
Capacidad MGES en RdD (MW): 58.0
Capacidad MPE en RdD (MW): 58.0</description>
					<styleUrl>#1269</styleUrl>
					<Point id="1267">
						<coordinates>-16.4988376030568,28.4185961215068,0</coordinates>
					</Point>
				</Placemark>
				<Placemark id="1278">
					<name>DIQUE DEL ESTE 66</name>
					<description>Nudo de transporte
----------------
Latitud: 28.4989364913365
Longitud: -16.2046828124849
----------------
DIQUE DEL ESTE 66
Capacidad MGES en RdT (MW): 0.0
Capacidad MPE en RdT (MW): 0.0
Capacidad MGES en RdD (MW): 57.0
Capacidad MPE en RdD (MW): 57.0</description>
					<styleUrl>#1279</styleUrl>
					<Point id="1277">
						<coordinates>-16.2046828124849,28.4989364913365,0</coordinates>
					</Point>
				</Placemark>
				<Placemark id="1328">
					<name>EIXAMPLE 220</name>
					<description>Nudo de transporte
----------------
Latitud: 41.4087622780639
Longitud: 2.16932335789229
----------------
EIXAMPLE 220
Capacidad MGES en RdT (MW): 0.0
Capacidad MPE en RdT (MW): 0.0
Capacidad MGES en RdD (MW): 567.0
Capacidad MPE en RdD (MW): 145.0</description>
					<styleUrl>#1329</styleUrl>
					<Point id="1327">
						<coordinates>2.16932335789229,41.4087622780639,0</coordinates>
					</Point>
				</Placemark>
				<Placemark id="1348">
					<name>EL COTO 220</name>
					<description>Nudo de transporte
----------------
Latitud: 40.6968800141164
Longitud: -3.39931032347664
----------------
EL COTO 220
Capacidad MGES en RdT (MW): 0.0
Capacidad MPE en RdT (MW): 0.0
Capacidad MGES en RdD (MW): 678.0
Capacidad MPE en RdD (MW): 678.0</description>
					<styleUrl>#1349</styleUrl>
					<Point id="1347">
						<coordinates>-3.39931032347664,40.6968800141164,0</coordinates>
					</Point>
				</Placemark>
				<Placemark id="1358">
					<name>EL MORELL 220</name>
					<description>Nudo de transporte
----------------
Latitud: 41.2022547905232
Longitud: 1.22508590994855
----------------
EL MORELL 220
Capacidad MGES en RdT (MW): 0.0
Capacidad MPE en RdT (MW): 0.0
Capacidad MGES en RdD (MW): 109.0
Capacidad MPE en RdD (MW): 109.0</description>
					<styleUrl>#1359</styleUrl>
					<Point id="1357">
						<coordinates>1.22508590994855,41.2022547905232,0</coordinates>
					</Point>
				</Placemark>
				<Placemark id="1373">
					<name>EL PALMAR DE LA GOMERA 66</name>
					<description>Nudo de transporte
----------------
Latitud: 28.0872256151069
Longitud: -17.1153036401454
----------------
EL PALMAR DE LA GOMERA 66
Capacidad MGES en RdT (MW): 0.0
Capacidad MPE en RdT (MW): 0.0
Capacidad MGES en RdD (MW): 27.0
Capacidad MPE en RdD (MW): 27.0</description>
					<styleUrl>#1374</styleUrl>
					<Point id="1372">
						<coordinates>-17.1153036401454,28.0872256151069,0</coordinates>
					</Point>
				</Placemark>
				<Placemark id="1548">
					<name>FACULTATS 220</name>
					<description>Nudo de transporte
----------------
Latitud: 41.4204532750294
Longitud: 2.13379988947244
----------------
FACULTATS 220
Capacidad MGES en RdT (MW): 0.0
Capacidad MPE en RdT (MW): 0.0
Capacidad MGES en RdD (MW): 589.0
Capacidad MPE en RdD (MW): 589.0</description>
					<styleUrl>#1549</styleUrl>
					<Point id="1547">
						<coordinates>2.13379988947244,41.4204532750294,0</coordinates>
					</Point>
				</Placemark>
				<Placemark id="1558">
					<name>FALCA 66</name>
					<description>Nudo de transporte
----------------
Latitud: 39.5815650905416
Longitud: 2.63966976443472
----------------
FALCA 66
Capacidad MGES en RdT (MW): 0.0
Capacidad MPE en RdT (MW): 0.0
Capacidad MGES en RdD (MW): 197.0
Capacidad MPE en RdD (MW): 96.0</description>
					<styleUrl>#1559</styleUrl>
					<Point id="1557">
						<coordinates>2.63966976443472,39.5815650905416,0</coordinates>
					</Point>
				</Placemark>
				<Placemark id="1578">
					<name>FERIA DE MUESTRAS 220</name>
					<description>Nudo de transporte
----------------
Latitud: 39.50446066345264
Longitud: -0.42582459360300895
----------------
FERIA DE MUESTRAS 220
Capacidad MGES en RdT (MW): 0.0
Capacidad MPE en RdT (MW): 0.0
Capacidad MGES en RdD (MW): 504.0
Capacidad MPE en RdD (MW): 504.0</description>
					<styleUrl>#1579</styleUrl>
					<Point id="1577">
						<coordinates>-0.4258245936030089,39.50446066345264,0</coordinates>
					</Point>
				</Placemark>
				<Placemark id="1668">
					<name>FUENTE HITO 220</name>
					<description>Nudo de transporte
----------------
Latitud: 40.5361065927579
Longitud: -3.59648156364055
----------------
FUENTE HITO 220
Capacidad MGES en RdT (MW): 0.0
Capacidad MPE en RdT (MW): 0.0
Capacidad MGES en RdD (MW): 728.0
Capacidad MPE en RdD (MW): 728.0</description>
					<styleUrl>#1669</styleUrl>
					<Point id="1667">
						<coordinates>-3.59648156364055,40.5361065927579,0</coordinates>
					</Point>
				</Placemark>
				<Placemark id="1748">
					<name>GENETO 66</name>
					<description>Nudo de transporte
----------------
Latitud: 28.4579185018263
Longitud: -16.3144224087311
----------------
GENETO 66
Capacidad MGES en RdT (MW): 0.0
Capacidad MPE en RdT (MW): 0.0
Capacidad MGES en RdD (MW): 57.0
Capacidad MPE en RdD (MW): 57.0</description>
					<styleUrl>#1749</styleUrl>
					<Point id="1747">
						<coordinates>-16.3144224087311,28.4579185018263,0</coordinates>
					</Point>
				</Placemark>
				<Placemark id="1753">
					<name>GETAFE 220</name>
					<description>Nudo de transporte
----------------
Latitud: 40.318277958032546
Longitud: -3.6912060847207973
----------------
GETAFE 220
Capacidad MGES en RdT (MW): 0.0
Capacidad MPE en RdT (MW): 0.0
Capacidad MGES en RdD (MW): 17.0
Capacidad MPE en RdD (MW): 17.0</description>
					<styleUrl>#1754</styleUrl>
					<Point id="1752">
						<coordinates>-3.691206084720797,40.31827795803255,0</coordinates>
					</Point>
				</Placemark>
				<Placemark id="1838">
					<name>GUAJARA 66</name>
					<description>Nudo de transporte
----------------
Latitud: 28.4662009500462
Longitud: -16.2992758115212
----------------
GUAJARA 66
Capacidad MGES en RdT (MW): 0.0
Capacidad MPE en RdT (MW): 0.0
Capacidad MGES en RdD (MW): 57.0
Capacidad MPE en RdD (MW): 57.0</description>
					<styleUrl>#1839</styleUrl>
					<Point id="1837">
						<coordinates>-16.2992758115212,28.4662009500462,0</coordinates>
					</Point>
				</Placemark>
				<Placemark id="1888">
					<name>GUIXERES 220</name>
					<description>Nudo de transporte
----------------
Latitud: 41.4623602464677
Longitud: 2.25993669317001
----------------
GUIXERES 220
Capacidad MGES en RdT (MW): 0.0
Capacidad MPE en RdT (MW): 0.0
Capacidad MGES en RdD (MW): 512.0
Capacidad MPE en RdD (MW): 512.0</description>
					<styleUrl>#1889</styleUrl>
					<Point id="1887">
						<coordinates>2.25993669317001,41.4623602464677,0</coordinates>
					</Point>
				</Placemark>
				<Placemark id="1943">
					<name>HOSPITALET 220</name>
					<description>Nudo de transporte
----------------
Latitud: 41.3461081227082
Longitud: 2.10010983262228
----------------
HOSPITALET 220
Capacidad MGES en RdT (MW): 0.0
Capacidad MPE en RdT (MW): 0.0
Capacidad MGES en RdD (MW): 805.0
Capacidad MPE en RdD (MW): 805.0</description>
					<styleUrl>#1944</styleUrl>
					<Point id="1942">
						<coordinates>2.10010983262228,41.3461081227082,0</coordinates>
					</Point>
				</Placemark>
				<Placemark id="1978">
					<name>ICOD DE LOS VINOS 66</name>
					<description>Nudo de transporte
----------------
Latitud: 28.36812962805896
Longitud: -16.70048407708881
----------------
ICOD DE LOS VINOS 66
Capacidad MGES en RdT (MW): 0.0
Capacidad MPE en RdT (MW): 0.0
Capacidad MGES en RdD (MW): 56.0
Capacidad MPE en RdD (MW): 51.0</description>
					<styleUrl>#1979</styleUrl>
					<Point id="1977">
						<coordinates>-16.70048407708881,28.36812962805896,0</coordinates>
					</Point>
				</Placemark>
				<Placemark id="1998">
					<name>IRUN 220</name>
					<description>Nudo de transporte
----------------
Latitud: 43.33977671
Longitud: -1.81006395
----------------
IRUN 220
Capacidad MGES en RdT (MW): 0.0
Capacidad MPE en RdT (MW): 0.0
Capacidad MGES en RdD (MW): 400.0
Capacidad MPE en RdD (MW): 370.0</description>
					<styleUrl>#1999</styleUrl>
					<Point id="1997">
						<coordinates>-1.81006395,43.33977671,0</coordinates>
					</Point>
				</Placemark>
				<Placemark id="2078">
					<name>JUIA 220</name>
					<description>Nudo de transporte
----------------
Latitud: 42.0226454317144
Longitud: 2.90069522998051
----------------
JUIA 220
Capacidad MGES en RdT (MW): 0.0
Capacidad MPE en RdT (MW): 0.0
Capacidad MGES en RdD (MW): 232.0
Capacidad MPE en RdD (MW): 232.0</description>
					<styleUrl>#2079</styleUrl>
					<Point id="2077">
						<coordinates>2.90069522998051,42.0226454317144,0</coordinates>
					</Point>
				</Placemark>
				<Placemark id="2118">
					<name>LA ESTRELLA 220</name>
					<description>Nudo de transporte
----------------
Latitud: 40.4174370996233
Longitud: -3.66574844662857
----------------
LA ESTRELLA 220
Capacidad MGES en RdT (MW): 0.0
Capacidad MPE en RdT (MW): 0.0
Capacidad MGES en RdD (MW): 754.0
Capacidad MPE en RdD (MW): 754.0</description>
					<styleUrl>#2119</styleUrl>
					<Point id="2117">
						<coordinates>-3.665748446628569,40.4174370996233,0</coordinates>
					</Point>
				</Placemark>
				<Placemark id="2133">
					<name>LA FORTUNADA 220</name>
					<description>Nudo de transporte
----------------
Latitud: 42.5428384828989
Longitud: 0.197526974379077
----------------
LA FORTUNADA 220
Capacidad MGES en RdT (MW): 0.0
Capacidad MPE en RdT (MW): 0.0
Capacidad MGES en RdD (MW): 34.0
Capacidad MPE en RdD (MW): 34.0</description>
					<styleUrl>#2134</styleUrl>
					<Point id="2132">
						<coordinates>0.197526974379077,42.5428384828989,0</coordinates>
					</Point>
				</Placemark>
				<Placemark id="2143">
					<name>LA JARA 220</name>
					<description>Nudo de transporte
----------------
Latitud: 43.20581701
Longitud: -3.103279622
----------------
LA JARA 220
Capacidad MGES en RdT (MW): 0.0
Capacidad MPE en RdT (MW): 0.0
Capacidad MGES en RdD (MW): 162.0
Capacidad MPE en RdD (MW): 162.0</description>
					<styleUrl>#2144</styleUrl>
					<Point id="2142">
						<coordinates>-3.103279622,43.20581701,0</coordinates>
					</Point>
				</Placemark>
				<Placemark id="2173">
					<name>LA PATERNA 66</name>
					<description>Nudo de transporte
----------------
Latitud: 28.091038301238054
Longitud: -15.453883195231613
----------------
LA PATERNA 66
Capacidad MGES en RdT (MW): 0.0
Capacidad MPE en RdT (MW): 0.0
Capacidad MGES en RdD (MW): 47.0
Capacidad MPE en RdD (MW): 32.0</description>
					<styleUrl>#2174</styleUrl>
					<Point id="2172">
						<coordinates>-15.45388319523161,28.09103830123805,0</coordinates>
					</Point>
				</Placemark>
				<Placemark id="2258">
					<name>LANZAS AGUDAS 220</name>
					<description>Nudo de transporte
----------------
Latitud: 41.9045896
Longitud: -1.7363573
----------------
LANZAS AGUDAS 220
Capacidad MGES en RdT (MW): 0.0
Capacidad MPE en RdT (MW): 0.0
Capacidad MGES en RdD (MW): 647.0
Capacidad MPE en RdD (MW): 376.0</description>
					<styleUrl>#2259</styleUrl>
					<Point id="2257">
						<coordinates>-1.7363573,41.9045896,0</coordinates>
					</Point>
				</Placemark>
				<Placemark id="2278">
					<name>LAS PALMAS OESTE 66</name>
					<description>Nudo de transporte
----------------
Latitud: 28.1309327758365
Longitud: -15.4445754006047
----------------
LAS PALMAS OESTE 66
Capacidad MGES en RdT (MW): 0.0
Capacidad MPE en RdT (MW): 0.0
Capacidad MGES en RdD (MW): 56.0
Capacidad MPE en RdD (MW): 41.0</description>
					<styleUrl>#2279</styleUrl>
					<Point id="2277">
						<coordinates>-15.4445754006047,28.1309327758365,0</coordinates>
					</Point>
				</Placemark>
				<Placemark id="2303">
					<name>LES CORTS 220</name>
					<description>Nudo de transporte
----------------
Latitud: 41.3885454959733
Longitud: 2.13704058783781
----------------
LES CORTS 220
Capacidad MGES en RdT (MW): 0.0
Capacidad MPE en RdT (MW): 0.0
Capacidad MGES en RdD (MW): 412.0
Capacidad MPE en RdD (MW): 412.0</description>
					<styleUrl>#2304</styleUrl>
					<Point id="2302">
						<coordinates>2.13704058783781,41.3885454959733,0</coordinates>
					</Point>
				</Placemark>
				<Placemark id="2313">
					<name>LLATZER 66</name>
					<description>Nudo de transporte
----------------
Latitud: 39.5666308779326
Longitud: 2.68743416436678
----------------
LLATZER 66
Capacidad MGES en RdT (MW): 0.0
Capacidad MPE en RdT (MW): 0.0
Capacidad MGES en RdD (MW): 177.0
Capacidad MPE en RdD (MW): 55.0</description>
					<styleUrl>#2314</styleUrl>
					<Point id="2312">
						<coordinates>2.68743416436678,39.5666308779326,0</coordinates>
					</Point>
				</Placemark>
				<Placemark id="2338">
					<name>LLUCMAJOR 66</name>
					<description>Nudo de transporte
----------------
Latitud: 39.4982339230478
Longitud: 2.90051411530121
----------------
LLUCMAJOR 66
Capacidad MGES en RdT (MW): 0.0
Capacidad MPE en RdT (MW): 0.0
Capacidad MGES en RdD (MW): 119.0
Capacidad MPE en RdD (MW): 88.0</description>
					<styleUrl>#2339</styleUrl>
					<Point id="2337">
						<coordinates>2.900514115301211,39.4982339230478,0</coordinates>
					</Point>
				</Placemark>
				<Placemark id="2373">
					<name>LOMO APOLINARIO 66</name>
					<description>Nudo de transporte
----------------
Latitud: 28.0939913060483
Longitud: -15.4392152140465
----------------
LOMO APOLINARIO 66
Capacidad MGES en RdT (MW): 0.0
Capacidad MPE en RdT (MW): 0.0
Capacidad MGES en RdD (MW): 34.0
Capacidad MPE en RdD (MW): 34.0</description>
					<styleUrl>#2374</styleUrl>
					<Point id="2372">
						<coordinates>-15.4392152140465,28.0939913060483,0</coordinates>
					</Point>
				</Placemark>
				<Placemark id="2378">
					<name>LOMO MASPALOMAS 66</name>
					<description>Nudo de transporte
----------------
Latitud: 27.7721651951366
Longitud: -15.5809037626394
----------------
LOMO MASPALOMAS 66
Capacidad MGES en RdT (MW): 0.0
Capacidad MPE en RdT (MW): 0.0
Capacidad MGES en RdD (MW): 9.0
Capacidad MPE en RdD (MW): 9.0</description>
					<styleUrl>#2379</styleUrl>
					<Point id="2377">
						<coordinates>-15.5809037626394,27.7721651951366,0</coordinates>
					</Point>
				</Placemark>
				<Placemark id="2408">
					<name>LOS REALEJOS 66</name>
					<description>Nudo de transporte
----------------
Latitud: 28.38298
Longitud: -16.57358
----------------
LOS REALEJOS 66
Capacidad MGES en RdT (MW): 0.0
Capacidad MPE en RdT (MW): 0.0
Capacidad MGES en RdD (MW): 58.0
Capacidad MPE en RdD (MW): 58.0</description>
					<styleUrl>#2409</styleUrl>
					<Point id="2407">
						<coordinates>-16.57358,28.38298,0</coordinates>
					</Point>
				</Placemark>
				<Placemark id="2418">
					<name>LOURIZAN 220</name>
					<description>Nudo de transporte
----------------
Latitud: 42.4176876
Longitud: -8.66488174
----------------
LOURIZAN 220
Capacidad MGES en RdT (MW): 0.0
Capacidad MPE en RdT (MW): 0.0
Capacidad MGES en RdD (MW): 41.0
Capacidad MPE en RdD (MW): 41.0</description>
					<styleUrl>#2419</styleUrl>
					<Point id="2417">
						<coordinates>-8.66488174,42.4176876,0</coordinates>
					</Point>
				</Placemark>
				<Placemark id="2453">
					<name>MACHER 66</name>
					<description>Nudo de transporte
----------------
Latitud: 28.9520333456253
Longitud: -13.6836213716353
----------------
MACHER 66
Capacidad MGES en RdT (MW): 0.0
Capacidad MPE en RdT (MW): 0.0
Capacidad MGES en RdD (MW): 3.0
Capacidad MPE en RdD (MW): 3.0</description>
					<styleUrl>#2454</styleUrl>
					<Point id="2452">
						<coordinates>-13.6836213716353,28.9520333456253,0</coordinates>
					</Point>
				</Placemark>
				<Placemark id="2508">
					<name>MANUEL BECERRA 220</name>
					<description>Nudo de transporte
----------------
Latitud: 40.4313728366095
Longitud: -3.66078084269267
----------------
MANUEL BECERRA 220
Capacidad MGES en RdT (MW): 0.0
Capacidad MPE en RdT (MW): 0.0
Capacidad MGES en RdD (MW): 605.0
Capacidad MPE en RdD (MW): 605.0</description>
					<styleUrl>#2509</styleUrl>
					<Point id="2507">
						<coordinates>-3.66078084269267,40.4313728366095,0</coordinates>
					</Point>
				</Placemark>
				<Placemark id="2513">
					<name>MANUEL CRUZ 66</name>
					<description>Nudo de transporte
----------------
Latitud: 28.4692742895457
Longitud: -16.2764632963491
----------------
MANUEL CRUZ 66
Capacidad MGES en RdT (MW): 0.0
Capacidad MPE en RdT (MW): 0.0
Capacidad MGES en RdD (MW): 60.0
Capacidad MPE en RdD (MW): 60.0</description>
					<styleUrl>#2514</styleUrl>
					<Point id="2512">
						<coordinates>-16.2764632963491,28.4692742895457,0</coordinates>
					</Point>
				</Placemark>
				<Placemark id="2528">
					<name>MARAGALL 220</name>
					<description>Nudo de transporte
----------------
Latitud: 41.4170418250931
Longitud: 2.180043529176
----------------
MARAGALL 220
Capacidad MGES en RdT (MW): 0.0
Capacidad MPE en RdT (MW): 0.0
Capacidad MGES en RdD (MW): 806.0
Capacidad MPE en RdD (MW): 243.0</description>
					<styleUrl>#2529</styleUrl>
					<Point id="2527">
						<coordinates>2.180043529176,41.4170418250931,0</coordinates>
					</Point>
				</Placemark>
				<Placemark id="2538">
					<name>MARRATXI 66</name>
					<description>Nudo de transporte
----------------
Latitud: 39.6116942969377
Longitud: 2.72634259199642
----------------
MARRATXI 66
Capacidad MGES en RdT (MW): 0.0
Capacidad MPE en RdT (MW): 0.0
Capacidad MGES en RdD (MW): 39.0
Capacidad MPE en RdD (MW): 39.0</description>
					<styleUrl>#2539</styleUrl>
					<Point id="2537">
						<coordinates>2.72634259199642,39.6116942969377,0</coordinates>
					</Point>
				</Placemark>
				<Placemark id="2548">
					<name>MARZAGAN 66</name>
					<description>Nudo de transporte
----------------
Latitud: 28.03039483856
Longitud: -15.4198902630353
----------------
MARZAGAN 66
Capacidad MGES en RdT (MW): 0.0
Capacidad MPE en RdT (MW): 0.0
Capacidad MGES en RdD (MW): 16.0
Capacidad MPE en RdD (MW): 16.0</description>
					<styleUrl>#2549</styleUrl>
					<Point id="2547">
						<coordinates>-15.4198902630353,28.03039483856,0</coordinates>
					</Point>
				</Placemark>
				<Placemark id="2553">
					<name>MAS FIGUERES 220</name>
					<description>Nudo de transporte
----------------
Latitud: 41.5550668067732
Longitud: 2.0478024833422
----------------
MAS FIGUERES 220
Capacidad MGES en RdT (MW): 0.0
Capacidad MPE en RdT (MW): 0.0
Capacidad MGES en RdD (MW): 431.0
Capacidad MPE en RdD (MW): 431.0</description>
					<styleUrl>#2554</styleUrl>
					<Point id="2552">
						<coordinates>2.0478024833422,41.5550668067732,0</coordinates>
					</Point>
				</Placemark>
				<Placemark id="2563">
					<name>MATA 220</name>
					<description>Nudo de transporte
----------------
Latitud: 41.3735934312635
Longitud: 2.17221283590982
----------------
MATA 220
Capacidad MGES en RdT (MW): 0.0
Capacidad MPE en RdT (MW): 0.0
Capacidad MGES en RdD (MW): 763.0
Capacidad MPE en RdD (MW): 147.0</description>
					<styleUrl>#2564</styleUrl>
					<Point id="2562">
						<coordinates>2.17221283590982,41.3735934312635,0</coordinates>
					</Point>
				</Placemark>
				<Placemark id="2568">
					<name>MATAPORQUERA 220</name>
					<description>Nudo de transporte
----------------
Latitud: 42.88128507
Longitud: -4.158735614
----------------
MATAPORQUERA 220
Capacidad MGES en RdT (MW): 0.0
Capacidad MPE en RdT (MW): 0.0
Capacidad MGES en RdD (MW): 126.0
Capacidad MPE en RdD (MW): 126.0</description>
					<styleUrl>#2569</styleUrl>
					<Point id="2567">
						<coordinates>-4.158735614,42.88128507,0</coordinates>
					</Point>
				</Placemark>
				<Placemark id="2593">
					<name>MAZARREDO 220</name>
					<description>Nudo de transporte
----------------
Latitud: 40.4124157235047
Longitud: -3.71924713324739
----------------
MAZARREDO 220
Capacidad MGES en RdT (MW): 0.0
Capacidad MPE en RdT (MW): 0.0
Capacidad MGES en RdD (MW): 322.0
Capacidad MPE en RdD (MW): 322.0</description>
					<styleUrl>#2594</styleUrl>
					<Point id="2592">
						<coordinates>-3.71924713324739,40.4124157235047,0</coordinates>
					</Point>
				</Placemark>
				<Placemark id="2618">
					<name>MEDIODIA 220</name>
					<description>Nudo de transporte
----------------
Latitud: 40.3961856097271
Longitud: -3.70285866089766
----------------
MEDIODIA 220
Capacidad MGES en RdT (MW): 0.0
Capacidad MPE en RdT (MW): 0.0
Capacidad MGES en RdD (MW): 371.0
Capacidad MPE en RdD (MW): 371.0</description>
					<styleUrl>#2619</styleUrl>
					<Point id="2617">
						<coordinates>-3.70285866089766,40.3961856097271,0</coordinates>
					</Point>
				</Placemark>
				<Placemark id="2628">
					<name>MELANCOLICOS 220</name>
					<description>Nudo de transporte
----------------
Latitud: 40.4081233792059
Longitud: -3.72007930097772
----------------
MELANCOLICOS 220
Capacidad MGES en RdT (MW): 0.0
Capacidad MPE en RdT (MW): 0.0
Capacidad MGES en RdD (MW): 702.0
Capacidad MPE en RdD (MW): 702.0</description>
					<styleUrl>#2629</styleUrl>
					<Point id="2627">
						<coordinates>-3.72007930097772,40.4081233792059,0</coordinates>
					</Point>
				</Placemark>
				<Placemark id="2698">
					<name>MOGAN 66</name>
					<description>Nudo de transporte
----------------
Latitud: 27.8839282298151
Longitud: -15.724039863418
----------------
MOGAN 66
Capacidad MGES en RdT (MW): 0.0
Capacidad MPE en RdT (MW): 0.0
Capacidad MGES en RdD (MW): 65.0
Capacidad MPE en RdD (MW): 24.0</description>
					<styleUrl>#2699</styleUrl>
					<Point id="2697">
						<coordinates>-15.724039863418,27.8839282298151,0</coordinates>
					</Point>
				</Placemark>
				<Placemark id="2703">
					<name>MOLINES 66</name>
					<description>Nudo de transporte
----------------
Latitud: 39.5677922984937
Longitud: 2.67460420308196
----------------
MOLINES 66
Capacidad MGES en RdT (MW): 0.0
Capacidad MPE en RdT (MW): 0.0
Capacidad MGES en RdD (MW): 91.0
Capacidad MPE en RdD (MW): 58.0</description>
					<styleUrl>#2704</styleUrl>
					<Point id="2702">
						<coordinates>2.67460420308196,39.5677922984937,0</coordinates>
					</Point>
				</Placemark>
				<Placemark id="2808">
					<name>MOTORS 220</name>
					<description>Nudo de transporte
----------------
Latitud: 41.3454302792336
Longitud: 2.13023798937003
----------------
MOTORS 220
Capacidad MGES en RdT (MW): 0.0
Capacidad MPE en RdT (MW): 0.0
Capacidad MGES en RdD (MW): 583.0
Capacidad MPE en RdD (MW): 583.0</description>
					<styleUrl>#2809</styleUrl>
					<Point id="2807">
						<coordinates>2.13023798937003,41.3454302792336,0</coordinates>
					</Point>
				</Placemark>
				<Placemark id="2838">
					<name>MUELLE GRANDE 66</name>
					<description>Nudo de transporte
----------------
Latitud: 28.1530610675596
Longitud: -15.4173936304662
----------------
MUELLE GRANDE 66
Capacidad MGES en RdT (MW): 0.0
Capacidad MPE en RdT (MW): 0.0
Capacidad MGES en RdD (MW): 56.0
Capacidad MPE en RdD (MW): 56.0</description>
					<styleUrl>#2839</styleUrl>
					<Point id="2837">
						<coordinates>-15.4173936304662,28.1530610675596,0</coordinates>
					</Point>
				</Placemark>
				<Placemark id="2873">
					<name>NORTE 220</name>
					<description>Nudo de transporte
----------------
Latitud: 40.4388169909771
Longitud: -3.69742921902963
----------------
NORTE 220
Capacidad MGES en RdT (MW): 0.0
Capacidad MPE en RdT (MW): 0.0
Capacidad MGES en RdD (MW): 678.0
Capacidad MPE en RdD (MW): 678.0</description>
					<styleUrl>#2874</styleUrl>
					<Point id="2872">
						<coordinates>-3.69742921902963,40.4388169909771,0</coordinates>
					</Point>
				</Placemark>
				<Placemark id="2913">
					<name>NUREDDUNA 66</name>
					<description>Nudo de transporte
----------------
Latitud: 39.572283239258496
Longitud: 2.658246612444227
----------------
NUREDDUNA 66
Capacidad MGES en RdT (MW): 0.0
Capacidad MPE en RdT (MW): 0.0
Capacidad MGES en RdD (MW): 81.0
Capacidad MPE en RdD (MW): 81.0</description>
					<styleUrl>#2914</styleUrl>
					<Point id="2912">
						<coordinates>2.658246612444227,39.5722832392585,0</coordinates>
					</Point>
				</Placemark>
				<Placemark id="2933">
					<name>OLIVOS, LOS 66</name>
					<description>Nudo de transporte
----------------
Latitud: 28.125617949790037
Longitud: -16.74380564742093
----------------
OLIVOS, LOS 66
Capacidad MGES en RdT (MW): 0.0
Capacidad MPE en RdT (MW): 0.0
Capacidad MGES en RdD (MW): 28.0
Capacidad MPE en RdD (MW): 28.0</description>
					<styleUrl>#2934</styleUrl>
					<Point id="2932">
						<coordinates>-16.74380564742093,28.12561794979004,0</coordinates>
					</Point>
				</Placemark>
				<Placemark id="2983">
					<name>ORTIGUERO 220</name>
					<description>Nudo de transporte
----------------
Latitud: 43.32697252
Longitud: -4.902749706
----------------
ORTIGUERO 220
Capacidad MGES en RdT (MW): 0.0
Capacidad MPE en RdT (MW): 0.0
Capacidad MGES en RdD (MW): 468.0
Capacidad MPE en RdD (MW): 453.0</description>
					<styleUrl>#2984</styleUrl>
					<Point id="2982">
						<coordinates>-4.902749706,43.32697252,0</coordinates>
					</Point>
				</Placemark>
				<Placemark id="2988">
					<name>ORTUELLA 220</name>
					<description>Nudo de transporte
----------------
Latitud: 43.3158779
Longitud: -3.035485972
----------------
ORTUELLA 220
Capacidad MGES en RdT (MW): 0.0
Capacidad MPE en RdT (MW): 0.0
Capacidad MGES en RdD (MW): 655.0
Capacidad MPE en RdD (MW): 655.0</description>
					<styleUrl>#2989</styleUrl>
					<Point id="2987">
						<coordinates>-3.035485972,43.3158779,0</coordinates>
					</Point>
				</Placemark>
				<Placemark id="2998">
					<name>PALAFOX 220</name>
					<description>Nudo de transporte
----------------
Latitud: 40.4309201519641
Longitud: -3.70095714159913
----------------
PALAFOX 220
Capacidad MGES en RdT (MW): 0.0
Capacidad MPE en RdT (MW): 0.0
Capacidad MGES en RdD (MW): 724.0
Capacidad MPE en RdD (MW): 724.0</description>
					<styleUrl>#2999</styleUrl>
					<Point id="2997">
						<coordinates>-3.70095714159913,40.4309201519641,0</coordinates>
					</Point>
				</Placemark>
				<Placemark id="3003">
					<name>PALAU 220</name>
					<description>Nudo de transporte
----------------
Latitud: 41.5680908175089
Longitud: 2.18557705224746
----------------
PALAU 220
Capacidad MGES en RdT (MW): 0.0
Capacidad MPE en RdT (MW): 0.0
Capacidad MGES en RdD (MW): 720.0
Capacidad MPE en RdD (MW): 720.0</description>
					<styleUrl>#3004</styleUrl>
					<Point id="3002">
						<coordinates>2.18557705224746,41.5680908175089,0</coordinates>
					</Point>
				</Placemark>
				<Placemark id="3013">
					<name>PALMA NOVA 66</name>
					<description>Nudo de transporte
----------------
Latitud: 39.5165733370584
Longitud: 2.53082252754609
----------------
PALMA NOVA 66
Capacidad MGES en RdT (MW): 0.0
Capacidad MPE en RdT (MW): 0.0
Capacidad MGES en RdD (MW): 120.0
Capacidad MPE en RdD (MW): 12.0</description>
					<styleUrl>#3014</styleUrl>
					<Point id="3012">
						<coordinates>2.53082252754609,39.5165733370584,0</coordinates>
					</Point>
				</Placemark>
				<Placemark id="3048">
					<name>PARQUE INGENIEROS 220</name>
					<description>Nudo de transporte
----------------
Latitud: 40.3502145325205
Longitud: -3.70237109163211
----------------
PARQUE INGENIEROS 220
Capacidad MGES en RdT (MW): 0.0
Capacidad MPE en RdT (MW): 0.0
Capacidad MGES en RdD (MW): 695.0
Capacidad MPE en RdD (MW): 695.0</description>
					<styleUrl>#3049</styleUrl>
					<Point id="3047">
						<coordinates>-3.70237109163211,40.3502145325205,0</coordinates>
					</Point>
				</Placemark>
				<Placemark id="3193">
					<name>POLIGONO 220</name>
					<description>Nudo de transporte
----------------
Latitud: 36.6945979710104
Longitud: -4.46648506837684
----------------
POLIGONO 220
Capacidad MGES en RdT (MW): 0.0
Capacidad MPE en RdT (MW): 0.0
Capacidad MGES en RdD (MW): 374.0
Capacidad MPE en RdD (MW): 374.0</description>
					<styleUrl>#3194</styleUrl>
					<Point id="3192">
						<coordinates>-4.46648506837684,36.6945979710104,0</coordinates>
					</Point>
				</Placemark>
				<Placemark id="3198">
					<name>POLIGONO BALEARES 66</name>
					<description>Nudo de transporte
----------------
Latitud: 39.60837107055488
Longitud: 2.6589777953509834
----------------
POLIGONO BALEARES 66
Capacidad MGES en RdT (MW): 0.0
Capacidad MPE en RdT (MW): 0.0
Capacidad MGES en RdD (MW): 56.0
Capacidad MPE en RdD (MW): 3.0</description>
					<styleUrl>#3199</styleUrl>
					<Point id="3197">
						<coordinates>2.658977795350983,39.60837107055488,0</coordinates>
					</Point>
				</Placemark>
				<Placemark id="3203">
					<name>POLIGONO C 220</name>
					<description>Nudo de transporte
----------------
Latitud: 40.38116763
Longitud: -3.761202657
----------------
POLIGONO C 220
Capacidad MGES en RdT (MW): 0.0
Capacidad MPE en RdT (MW): 0.0
Capacidad MGES en RdD (MW): 493.0
Capacidad MPE en RdD (MW): 493.0</description>
					<styleUrl>#3204</styleUrl>
					<Point id="3202">
						<coordinates>-3.761202657,40.38116763,0</coordinates>
					</Point>
				</Placemark>
				<Placemark id="3213">
					<name>POLIGONO GUIMAR 66</name>
					<description>Nudo de transporte
----------------
Latitud: 28.3382101903436
Longitud: -16.3733380081219
----------------
POLIGONO GUIMAR 66
Capacidad MGES en RdT (MW): 0.0
Capacidad MPE en RdT (MW): 0.0
Capacidad MGES en RdD (MW): 24.0
Capacidad MPE en RdD (MW): 24.0</description>
					<styleUrl>#3214</styleUrl>
					<Point id="3212">
						<coordinates>-16.3733380081219,28.3382101903436,0</coordinates>
					</Point>
				</Placemark>
				<Placemark id="3218">
					<name>POLLENSA 66</name>
					<description>Nudo de transporte
----------------
Latitud: 39.884414702864
Longitud: 3.05626885571682
----------------
POLLENSA 66
Capacidad MGES en RdT (MW): 0.0
Capacidad MPE en RdT (MW): 0.0
Capacidad MGES en RdD (MW): 93.0
Capacidad MPE en RdD (MW): 93.0</description>
					<styleUrl>#3219</styleUrl>
					<Point id="3217">
						<coordinates>3.05626885571682,39.884414702864,0</coordinates>
					</Point>
				</Placemark>
				<Placemark id="3238">
					<name>PORTO COLOM 66</name>
					<description>Nudo de transporte
----------------
Latitud: 39.4209801363162
Longitud: 3.23599458121135
----------------
PORTO COLOM 66
Capacidad MGES en RdT (MW): 0.0
Capacidad MPE en RdT (MW): 0.0
Capacidad MGES en RdD (MW): 93.0
Capacidad MPE en RdD (MW): 81.0</description>
					<styleUrl>#3239</styleUrl>
					<Point id="3237">
						<coordinates>3.23599458121135,39.4209801363162,0</coordinates>
					</Point>
				</Placemark>
				<Placemark id="3268">
					<name>PROSPERIDAD 220</name>
					<description>Nudo de transporte
----------------
Latitud: 40.4428548756531
Longitud: -3.66650834598451
----------------
PROSPERIDAD 220
Capacidad MGES en RdT (MW): 0.0
Capacidad MPE en RdT (MW): 0.0
Capacidad MGES en RdD (MW): 678.0
Capacidad MPE en RdD (MW): 678.0</description>
					<styleUrl>#3269</styleUrl>
					<Point id="3267">
						<coordinates>-3.666508345984509,40.4428548756531,0</coordinates>
					</Point>
				</Placemark>
				<Placemark id="3298">
					<name>PUENTE PRINCESA 220</name>
					<description>Nudo de transporte
----------------
Latitud: 40.3846870176547
Longitud: -3.69424152636177
----------------
PUENTE PRINCESA 220
Capacidad MGES en RdT (MW): 0.0
Capacidad MPE en RdT (MW): 0.0
Capacidad MGES en RdD (MW): 138.0
Capacidad MPE en RdD (MW): 138.0</description>
					<styleUrl>#3299</styleUrl>
					<Point id="3297">
						<coordinates>-3.69424152636177,40.3846870176547,0</coordinates>
					</Point>
				</Placemark>
				<Placemark id="3398">
					<name>RAFAL 66</name>
					<description>Nudo de transporte
----------------
Latitud: 39.591301402107
Longitud: 2.6326773123407
----------------
RAFAL 66
Capacidad MGES en RdT (MW): 0.0
Capacidad MPE en RdT (MW): 0.0
Capacidad MGES en RdD (MW): 211.0
Capacidad MPE en RdD (MW): 99.0</description>
					<styleUrl>#3399</styleUrl>
					<Point id="3397">
						<coordinates>2.6326773123407,39.591301402107,0</coordinates>
					</Point>
				</Placemark>
				<Placemark id="3438">
					<name>RIERA DE CALDES 220</name>
					<description>Nudo de transporte
----------------
Latitud: 41.54875407259046
Longitud: 2.1724701763784955
----------------
RIERA DE CALDES 220
Capacidad MGES en RdT (MW): 0.0
Capacidad MPE en RdT (MW): 0.0
Capacidad MGES en RdD (MW): 817.0
Capacidad MPE en RdD (MW): 817.0</description>
					<styleUrl>#3439</styleUrl>
					<Point id="3437">
						<coordinates>2.172470176378495,41.54875407259046,0</coordinates>
					</Point>
				</Placemark>
				<Placemark id="3448">
					<name>RIUDARENES 400</name>
					<description>Nudo de transporte
----------------
Latitud: 41.8113795129941
Longitud: 2.71982765537323
----------------
RIUDARENES 400
Capacidad MGES en RdT (MW): 0.0
Capacidad MPE en RdT (MW): 0.0
Capacidad MGES en RdD (MW): 820.0
Capacidad MPE en RdD (MW): 820.0</description>
					<styleUrl>#3449</styleUrl>
					<Point id="3447">
						<coordinates>2.71982765537323,41.8113795129941,0</coordinates>
					</Point>
				</Placemark>
				<Placemark id="3513">
					<name>SA POBLA 66</name>
					<description>Nudo de transporte
----------------
Latitud: 39.7636117672828
Longitud: 3.03172315936997
----------------
SA POBLA 66
Capacidad MGES en RdT (MW): 0.0
Capacidad MPE en RdT (MW): 0.0
Capacidad MGES en RdD (MW): 152.0
Capacidad MPE en RdD (MW): 58.0</description>
					<styleUrl>#3514</styleUrl>
					<Point id="3512">
						<coordinates>3.03172315936997,39.7636117672828,0</coordinates>
					</Point>
				</Placemark>
				<Placemark id="3548">
					<name>SAGRERA, LA 220</name>
					<description>Nudo de transporte
----------------
Latitud: 41.4271276466671
Longitud: 2.1945337064434
----------------
SAGRERA, LA 220
Capacidad MGES en RdT (MW): 0.0
Capacidad MPE en RdT (MW): 0.0
Capacidad MGES en RdD (MW): 698.0
Capacidad MPE en RdD (MW): 145.0</description>
					<styleUrl>#3549</styleUrl>
					<Point id="3547">
						<coordinates>2.1945337064434,41.4271276466671,0</coordinates>
					</Point>
				</Placemark>
				<Placemark id="3563">
					<name>SALADAS 220</name>
					<description>Nudo de transporte
----------------
Latitud: 38.2994876902687
Longitud: -0.620381813249197
----------------
SALADAS 220
Capacidad MGES en RdT (MW): 0.0
Capacidad MPE en RdT (MW): 0.0
Capacidad MGES en RdD (MW): 591.0
Capacidad MPE en RdD (MW): 266.0</description>
					<styleUrl>#3564</styleUrl>
					<Point id="3562">
						<coordinates>-0.6203818132491969,38.2994876902687,0</coordinates>
					</Point>
				</Placemark>
				<Placemark id="3593">
					<name>SAN AGUSTIN BALEARES 66</name>
					<description>Nudo de transporte
----------------
Latitud: 39.5536559224436
Longitud: 2.59335553543781
----------------
SAN AGUSTIN BALEARES 66
Capacidad MGES en RdT (MW): 0.0
Capacidad MPE en RdT (MW): 0.0
Capacidad MGES en RdD (MW): 97.0
Capacidad MPE en RdD (MW): 97.0</description>
					<styleUrl>#3594</styleUrl>
					<Point id="3592">
						<coordinates>2.59335553543781,39.5536559224436,0</coordinates>
					</Point>
				</Placemark>
				<Placemark id="3598">
					<name>SAN AGUSTIN GC 66</name>
					<description>Nudo de transporte
----------------
Latitud: 27.7682595905372
Longitud: -15.5543180970608
----------------
SAN AGUSTIN GC 66
Capacidad MGES en RdT (MW): 0.0
Capacidad MPE en RdT (MW): 0.0
Capacidad MGES en RdD (MW): 9.0
Capacidad MPE en RdD (MW): 9.0</description>
					<styleUrl>#3599</styleUrl>
					<Point id="3597">
						<coordinates>-15.5543180970608,27.7682595905372,0</coordinates>
					</Point>
				</Placemark>
				<Placemark id="3668">
					<name>SAN MATEO 66</name>
					<description>Nudo de transporte
----------------
Latitud: 28.008822415059203
Longitud: -15.54352387430068
----------------
SAN MATEO 66
Capacidad MGES en RdT (MW): 0.0
Capacidad MPE en RdT (MW): 0.0
Capacidad MGES en RdD (MW): 25.0
Capacidad MPE en RdD (MW): 25.0</description>
					<styleUrl>#3669</styleUrl>
					<Point id="3667">
						<coordinates>-15.54352387430068,28.0088224150592,0</coordinates>
					</Point>
				</Placemark>
				<Placemark id="3723">
					<name>SANT ANDREU 220</name>
					<description>Nudo de transporte
----------------
Latitud: 41.4464884621972
Longitud: 2.18855499251236
----------------
SANT ANDREU 220
Capacidad MGES en RdT (MW): 0.0
Capacidad MPE en RdT (MW): 0.0
Capacidad MGES en RdD (MW): 435.0
Capacidad MPE en RdD (MW): 251.0</description>
					<styleUrl>#3724</styleUrl>
					<Point id="3722">
						<coordinates>2.18855499251236,41.4464884621972,0</coordinates>
					</Point>
				</Placemark>
				<Placemark id="3728">
					<name>SANT BOI 220</name>
					<description>Nudo de transporte
----------------
Latitud: 41.3357150512368
Longitud: 2.04026806158081
----------------
SANT BOI 220
Capacidad MGES en RdT (MW): 0.0
Capacidad MPE en RdT (MW): 0.0
Capacidad MGES en RdD (MW): 591.0
Capacidad MPE en RdD (MW): 591.0</description>
					<styleUrl>#3729</styleUrl>
					<Point id="3727">
						<coordinates>2.04026806158081,41.3357150512368,0</coordinates>
					</Point>
				</Placemark>
				<Placemark id="3738">
					<name>SANT CUGAT 220</name>
					<description>Nudo de transporte
----------------
Latitud: 41.4868787224868
Longitud: 2.07640393850328
----------------
SANT CUGAT 220
Capacidad MGES en RdT (MW): 0.0
Capacidad MPE en RdT (MW): 0.0
Capacidad MGES en RdD (MW): 349.0
Capacidad MPE en RdD (MW): 349.0</description>
					<styleUrl>#3739</styleUrl>
					<Point id="3737">
						<coordinates>2.07640393850328,41.4868787224868,0</coordinates>
					</Point>
				</Placemark>
				<Placemark id="3743">
					<name>SANT FOST 220</name>
					<description>Nudo de transporte
----------------
Latitud: 41.5121260295477
Longitud: 2.21800753368921
----------------
SANT FOST 220
Capacidad MGES en RdT (MW): 0.0
Capacidad MPE en RdT (MW): 0.0
Capacidad MGES en RdD (MW): 794.0
Capacidad MPE en RdD (MW): 794.0</description>
					<styleUrl>#3744</styleUrl>
					<Point id="3742">
						<coordinates>2.21800753368921,41.5121260295477,0</coordinates>
					</Point>
				</Placemark>
				<Placemark id="3763">
					<name>SANTA CATALINA 66</name>
					<description>Nudo de transporte
----------------
Latitud: 39.573370540113075
Longitud: 2.6349376030158433
----------------
SANTA CATALINA 66
Capacidad MGES en RdT (MW): 0.0
Capacidad MPE en RdT (MW): 0.0
Capacidad MGES en RdD (MW): 142.0
Capacidad MPE en RdD (MW): 142.0</description>
					<styleUrl>#3764</styleUrl>
					<Point id="3762">
						<coordinates>2.634937603015843,39.57337054011307,0</coordinates>
					</Point>
				</Placemark>
				<Placemark id="3828">
					<name>SANTANYI 66</name>
					<description>Nudo de transporte
----------------
Latitud: 39.3670896805371
Longitud: 3.11742655907046
----------------
SANTANYI 66
Capacidad MGES en RdT (MW): 0.0
Capacidad MPE en RdT (MW): 0.0
Capacidad MGES en RdD (MW): 52.0
Capacidad MPE en RdD (MW): 30.0</description>
					<styleUrl>#3829</styleUrl>
					<Point id="3827">
						<coordinates>3.11742655907046,39.3670896805371,0</coordinates>
					</Point>
				</Placemark>
				<Placemark id="3888">
					<name>SENTMENAT 220</name>
					<description>Nudo de transporte
----------------
Latitud: 41.6191525422458
Longitud: 2.11201101690078
----------------
SENTMENAT 220
Capacidad MGES en RdT (MW): 0.0
Capacidad MPE en RdT (MW): 0.0
Capacidad MGES en RdD (MW): 802.0
Capacidad MPE en RdD (MW): 802.0</description>
					<styleUrl>#3889</styleUrl>
					<Point id="3887">
						<coordinates>2.11201101690078,41.6191525422458,0</coordinates>
					</Point>
				</Placemark>
				<Placemark id="3903">
					<name>SES VELES 66</name>
					<description>Nudo de transporte
----------------
Latitud: 39.6547925003248
Longitud: 2.68774065262269
----------------
SES VELES 66
Capacidad MGES en RdT (MW): 0.0
Capacidad MPE en RdT (MW): 0.0
Capacidad MGES en RdD (MW): 153.0
Capacidad MPE en RdD (MW): 15.0</description>
					<styleUrl>#3904</styleUrl>
					<Point id="3902">
						<coordinates>2.68774065262269,39.6547925003248,0</coordinates>
					</Point>
				</Placemark>
				<Placemark id="3918">
					<name>SIDENOR 220</name>
					<description>Nudo de transporte
----------------
Latitud: 43.22441401
Longitud: -2.879126541
----------------
SIDENOR 220
Capacidad MGES en RdT (MW): 0.0
Capacidad MPE en RdT (MW): 0.0
Capacidad MGES en RdD (MW): 309.0
Capacidad MPE en RdD (MW): 309.0</description>
					<styleUrl>#3919</styleUrl>
					<Point id="3917">
						<coordinates>-2.879126541,43.22441401,0</coordinates>
					</Point>
				</Placemark>
				<Placemark id="3923">
					<name>SIERO 220</name>
					<description>Nudo de transporte
----------------
Latitud: 43.3813507
Longitud: -5.756304527
----------------
SIERO 220
Capacidad MGES en RdT (MW): 0.0
Capacidad MPE en RdT (MW): 0.0
Capacidad MGES en RdD (MW): 372.0
Capacidad MPE en RdD (MW): 372.0</description>
					<styleUrl>#3924</styleUrl>
					<Point id="3922">
						<coordinates>-5.756304527000001,43.3813507,0</coordinates>
					</Point>
				</Placemark>
				<Placemark id="3933">
					<name>SIMANCAS 220</name>
					<description>Nudo de transporte
----------------
Latitud: 40.4509174307069
Longitud: -3.62678157372311
----------------
SIMANCAS 220
Capacidad MGES en RdT (MW): 0.0
Capacidad MPE en RdT (MW): 0.0
Capacidad MGES en RdD (MW): 516.0
Capacidad MPE en RdD (MW): 516.0</description>
					<styleUrl>#3934</styleUrl>
					<Point id="3932">
						<coordinates>-3.62678157372311,40.4509174307069,0</coordinates>
					</Point>
				</Placemark>
				<Placemark id="3943">
					<name>SOLLER 66</name>
					<description>Nudo de transporte
----------------
Latitud: 39.7858935287297
Longitud: 2.69668336715669
----------------
SOLLER 66
Capacidad MGES en RdT (MW): 0.0
Capacidad MPE en RdT (MW): 0.0
Capacidad MGES en RdD (MW): 69.0
Capacidad MPE en RdD (MW): 65.0</description>
					<styleUrl>#3944</styleUrl>
					<Point id="3942">
						<coordinates>2.69668336715669,39.7858935287297,0</coordinates>
					</Point>
				</Placemark>
				<Placemark id="3948">
					<name>SOLORZANO 400</name>
					<description>Nudo de transporte
----------------
Latitud: 43.34292528
Longitud: -3.58462018
----------------
SOLORZANO 400
Capacidad MGES en RdT (MW): 0.0
Capacidad MPE en RdT (MW): 0.0
Capacidad MGES en RdD (MW): 481.0
Capacidad MPE en RdD (MW): 481.0</description>
					<styleUrl>#3949</styleUrl>
					<Point id="3947">
						<coordinates>-3.58462018,43.34292528,0</coordinates>
					</Point>
				</Placemark>
				<Placemark id="3968">
					<name>SON OMS 66</name>
					<description>Nudo de transporte
----------------
Latitud: 39.5374414132634
Longitud: 2.73413944940664
----------------
SON OMS 66
Capacidad MGES en RdT (MW): 0.0
Capacidad MPE en RdT (MW): 0.0
Capacidad MGES en RdD (MW): 144.0
Capacidad MPE en RdD (MW): 144.0</description>
					<styleUrl>#3969</styleUrl>
					<Point id="3967">
						<coordinates>2.73413944940664,39.5374414132634,0</coordinates>
					</Point>
				</Placemark>
				<Placemark id="3983">
					<name>SON PARDO 66</name>
					<description>Nudo de transporte
----------------
Latitud: 39.59622
Longitud: 2.65685
----------------
SON PARDO 66
Capacidad MGES en RdT (MW): 0.0
Capacidad MPE en RdT (MW): 0.0
Capacidad MGES en RdD (MW): 51.0
Capacidad MPE en RdD (MW): 51.0</description>
					<styleUrl>#3984</styleUrl>
					<Point id="3982">
						<coordinates>2.65685,39.59622,0</coordinates>
					</Point>
				</Placemark>
				<Placemark id="4023">
					<name>SUBIRATS 220</name>
					<description>Nudo de transporte
----------------
Latitud: 41.4268359690434
Longitud: 1.82127567648234
----------------
SUBIRATS 220
Capacidad MGES en RdT (MW): 0.0
Capacidad MPE en RdT (MW): 0.0
Capacidad MGES en RdD (MW): 472.0
Capacidad MPE en RdD (MW): 472.0</description>
					<styleUrl>#4024</styleUrl>
					<Point id="4022">
						<coordinates>1.82127567648234,41.4268359690434,0</coordinates>
					</Point>
				</Placemark>
				<Placemark id="4053">
					<name>TABIELLA 220</name>
					<description>Nudo de transporte
----------------
Latitud: 43.57727767
Longitud: -5.896316412
----------------
TABIELLA 220
Capacidad MGES en RdT (MW): 0.0
Capacidad MPE en RdT (MW): 0.0
Capacidad MGES en RdD (MW): 717.0
Capacidad MPE en RdD (MW): 633.0</description>
					<styleUrl>#4054</styleUrl>
					<Point id="4052">
						<coordinates>-5.896316412,43.57727767,0</coordinates>
					</Point>
				</Placemark>
				<Placemark id="4058">
					<name>TACORONTE 66</name>
					<description>Nudo de transporte
----------------
Latitud: 28.4746939087778
Longitud: -16.414651988561
----------------
TACORONTE 66
Capacidad MGES en RdT (MW): 0.0
Capacidad MPE en RdT (MW): 0.0
Capacidad MGES en RdD (MW): 57.0
Capacidad MPE en RdD (MW): 57.0</description>
					<styleUrl>#4059</styleUrl>
					<Point id="4057">
						<coordinates>-16.414651988561,28.4746939087778,0</coordinates>
					</Point>
				</Placemark>
				<Placemark id="4083">
					<name>TALAVERA 220</name>
					<description>Nudo de transporte
----------------
Latitud: 40.0031502641154
Longitud: -4.82289071297255
----------------
TALAVERA 220
Capacidad MGES en RdT (MW): 0.0
Capacidad MPE en RdT (MW): 0.0
Capacidad MGES en RdD (MW): 347.0
Capacidad MPE en RdD (MW): 300.0</description>
					<styleUrl>#4084</styleUrl>
					<Point id="4082">
						<coordinates>-4.82289071297255,40.0031502641154,0</coordinates>
					</Point>
				</Placemark>
				<Placemark id="4093">
					<name>TANGER (CATALUÑA) 220</name>
					<description>Nudo de transporte
----------------
Latitud: 41.4014248962587
Longitud: 2.2021582674263
----------------
TANGER (CATALUÑA) 220
Capacidad MGES en RdT (MW): 0.0
Capacidad MPE en RdT (MW): 0.0
Capacidad MGES en RdD (MW): 643.0
Capacidad MPE en RdD (MW): 149.0</description>
					<styleUrl>#4094</styleUrl>
					<Point id="4092">
						<coordinates>2.2021582674263,41.4014248962587,0</coordinates>
					</Point>
				</Placemark>
				<Placemark id="4108">
					<name>TELLEDO 220</name>
					<description>Nudo de transporte
----------------
Latitud: 43.02871587
Longitud: -5.837225722
----------------
TELLEDO 220
Capacidad MGES en RdT (MW): 0.0
Capacidad MPE en RdT (MW): 0.0
Capacidad MGES en RdD (MW): 133.0
Capacidad MPE en RdD (MW): 133.0</description>
					<styleUrl>#4109</styleUrl>
					<Point id="4107">
						<coordinates>-5.837225722,43.02871587,0</coordinates>
					</Point>
				</Placemark>
				<Placemark id="4258">
					<name>TRINITAT 220</name>
					<description>Nudo de transporte
----------------
Latitud: 41.4483619442123
Longitud: 2.18915866079845
----------------
TRINITAT 220
Capacidad MGES en RdT (MW): 0.0
Capacidad MPE en RdT (MW): 0.0
Capacidad MGES en RdD (MW): 794.0
Capacidad MPE en RdD (MW): 251.0</description>
					<styleUrl>#4259</styleUrl>
					<Point id="4257">
						<coordinates>2.18915866079845,41.4483619442123,0</coordinates>
					</Point>
				</Placemark>
				<Placemark id="4288">
					<name>URGELL 220</name>
					<description>Nudo de transporte
----------------
Latitud: 41.3870096097301
Longitud: 2.14846130917594
----------------
URGELL 220
Capacidad MGES en RdT (MW): 0.0
Capacidad MPE en RdT (MW): 0.0
Capacidad MGES en RdD (MW): 574.0
Capacidad MPE en RdD (MW): 574.0</description>
					<styleUrl>#4289</styleUrl>
					<Point id="4287">
						<coordinates>2.14846130917594,41.3870096097301,0</coordinates>
					</Point>
				</Placemark>
				<Placemark id="4348">
					<name>VALLE DEL ARCIPRESTE 220</name>
					<description>Nudo de transporte
----------------
Latitud: 40.48783956004768
Longitud: -3.894248031423557
----------------
VALLE DEL ARCIPRESTE 220
Capacidad MGES en RdT (MW): 0.0
Capacidad MPE en RdT (MW): 0.0
Capacidad MGES en RdD (MW): 327.0
Capacidad MPE en RdD (MW): 327.0</description>
					<styleUrl>#4349</styleUrl>
					<Point id="4347">
						<coordinates>-3.894248031423557,40.48783956004768,0</coordinates>
					</Point>
				</Placemark>
				<Placemark id="4373">
					<name>VALLITOS 66</name>
					<description>Nudo de transporte
----------------
Latitud: 28.0898267857236
Longitud: -16.7068299969109
----------------
VALLITOS 66
Capacidad MGES en RdT (MW): 0.0
Capacidad MPE en RdT (MW): 0.0
Capacidad MGES en RdD (MW): 57.0
Capacidad MPE en RdD (MW): 57.0</description>
					<styleUrl>#4374</styleUrl>
					<Point id="4372">
						<coordinates>-16.7068299969109,28.0898267857236,0</coordinates>
					</Point>
				</Placemark>
				<Placemark id="4443">
					<name>VILANOVA 220</name>
					<description>Nudo de transporte
----------------
Latitud: 41.3990790781223
Longitud: 2.16990563454417
----------------
VILANOVA 220
Capacidad MGES en RdT (MW): 0.0
Capacidad MPE en RdT (MW): 0.0
Capacidad MGES en RdD (MW): 820.0
Capacidad MPE en RdD (MW): 149.0</description>
					<styleUrl>#4444</styleUrl>
					<Point id="4442">
						<coordinates>2.16990563454417,41.3990790781223,0</coordinates>
					</Point>
				</Placemark>
				<Placemark id="4453">
					<name>VILLABLINO 220</name>
					<description>Nudo de transporte
----------------
Latitud: 42.9389674961008
Longitud: -6.2875400120725
----------------
VILLABLINO 220
Capacidad MGES en RdT (MW): 0.0
Capacidad MPE en RdT (MW): 0.0
Capacidad MGES en RdD (MW): 133.0
Capacidad MPE en RdD (MW): 133.0</description>
					<styleUrl>#4454</styleUrl>
					<Point id="4452">
						<coordinates>-6.2875400120725,42.9389674961008,0</coordinates>
					</Point>
				</Placemark>
				<Placemark id="4563">
					<name>VIMIANZO 220</name>
					<description>Nudo de transporte
----------------
Latitud: 43.10315093
Longitud: -9.046937839
----------------
VIMIANZO 220
Capacidad MGES en RdT (MW): 0.0
Capacidad MPE en RdT (MW): 0.0
Capacidad MGES en RdD (MW): 509.0
Capacidad MPE en RdD (MW): 240.0</description>
					<styleUrl>#4564</styleUrl>
					<Point id="4562">
						<coordinates>-9.046937839,43.10315093,0</coordinates>
					</Point>
				</Placemark>
				<Placemark id="4593">
					<name>ZAL 220</name>
					<description>Nudo de transporte
----------------
Latitud: 41.3363026379947
Longitud: 2.10345648238298
----------------
ZAL 220
Capacidad MGES en RdT (MW): 0.0
Capacidad MPE en RdT (MW): 0.0
Capacidad MGES en RdD (MW): 801.0
Capacidad MPE en RdD (MW): 726.0</description>
					<styleUrl>#4594</styleUrl>
					<Point id="4592">
						<coordinates>2.10345648238298,41.3363026379947,0</coordinates>
					</Point>
				</Placemark>
			</Folder>
		</Folder>
		<Folder id="11">
			<name>Concurso</name>
			<open>1</open>
			<Style id="4624">
				<IconStyle id="4625">
					<color>ffb469ff</color>
					<colorMode>normal</colorMode>
					<scale>1</scale>
					<heading>0</heading>
					<Icon id="4626">
						<href>http://maps.google.com/mapfiles/kml/pushpin/wht-pushpin.png</href>
					</Icon>
				</IconStyle>
			</Style>
			<Placemark id="38">
				<name>ABADES 400</name>
				<description>Nudo de transporte
----------------
Latitud: 40.9340213692372
Longitud: -4.19241293216942
----------------
ABADES 400
Capacidad MGES en RdT (MW): 549.0
Capacidad MPE en RdT (MW): 305.0</description>
				<styleUrl>#39</styleUrl>
				<Point id="37">
					<coordinates>-4.19241293216942,40.9340213692372,0</coordinates>
				</Point>
			</Placemark>
			<Placemark id="43">
				<name>ABADES 220</name>
				<description>Nudo de transporte
----------------
Latitud: 40.9340213692372
Longitud: -4.19231293216942
----------------
ABADES 220
Capacidad MGES en RdT (MW): 549.0
Capacidad MPE en RdT (MW): 245.0</description>
				<styleUrl>#44</styleUrl>
				<Point id="42">
					<coordinates>-4.19231293216942,40.9340213692372,0</coordinates>
				</Point>
			</Placemark>
			<Placemark id="48">
				<name>ABADIANO 220</name>
				<description>Nudo de transporte
----------------
Latitud: 43.1393025076368
Longitud: -2.59636249790196
----------------
ABADIANO 220
Capacidad MGES en RdT (MW): 722.0
Capacidad MPE en RdT (MW): 722.0</description>
				<styleUrl>#49</styleUrl>
				<Point id="47">
					<coordinates>-2.59636249790196,43.1393025076368,0</coordinates>
				</Point>
			</Placemark>
			<Placemark id="53">
				<name>ABANILLA (EL CARCHE) 400</name>
				<description>Nudo de transporte
----------------
Latitud: 38.3261718851613
Longitud: -1.08350559513841
----------------
ABANILLA (EL CARCHE) 400
Capacidad MGES en RdT (MW): 270.0
Capacidad MPE en RdT (MW): 270.0</description>
				<styleUrl>#54</styleUrl>
				<Point id="52">
					<coordinates>-1.08350559513841,38.3261718851613,0</coordinates>
				</Point>
			</Placemark>
			<Placemark id="58">
				<name>ABANTO 400</name>
				<description>Nudo de transporte
----------------
Latitud: 43.3283189230024
Longitud: -3.0876403021675
----------------
ABANTO 400
Capacidad MGES en RdT (MW): 625.0
Capacidad MPE en RdT (MW): 625.0</description>
				<styleUrl>#59</styleUrl>
				<Point id="57">
					<coordinates>-3.0876403021675,43.3283189230024,0</coordinates>
				</Point>
			</Placemark>
			<Placemark id="83">
				<name>ABRERA 220</name>
				<description>Nudo de transporte
----------------
Latitud: 41.5077889453326
Longitud: 1.89417388238429
----------------
ABRERA 220
Capacidad MGES en RdT (MW): 20.0
Capacidad MPE en RdT (MW): 20.0</description>
				<styleUrl>#84</styleUrl>
				<Point id="82">
					<coordinates>1.89417388238429,41.5077889453326,0</coordinates>
				</Point>
			</Placemark>
			<Placemark id="98">
				<name>AENA 220</name>
				<description>Nudo de transporte
----------------
Latitud: 42.2783848958438
Longitud: -2.01877064090762
----------------
AENA 220
Capacidad MGES en RdT (MW): 220.0
Capacidad MPE en RdT (MW): 220.0</description>
				<styleUrl>#99</styleUrl>
				<Point id="97">
					<coordinates>-2.01877064090762,42.2783848958438,0</coordinates>
				</Point>
			</Placemark>
			<Placemark id="118">
				<name>AGUAYO 400</name>
				<description>Nudo de transporte
----------------
Latitud: 43.1193747010676
Longitud: -4.01974009964071
----------------
AGUAYO 400
Capacidad MGES en RdT (MW): 229.0
Capacidad MPE en RdT (MW): 229.0</description>
				<styleUrl>#119</styleUrl>
				<Point id="117">
					<coordinates>-4.01974009964071,43.1193747010676,0</coordinates>
				</Point>
			</Placemark>
			<Placemark id="123">
				<name>AGUAYO 220</name>
				<description>Nudo de transporte
----------------
Latitud: 43.1193747010676
Longitud: -4.019640099640711
----------------
AGUAYO 220
Capacidad MGES en RdT (MW): 229.0
Capacidad MPE en RdT (MW): 229.0</description>
				<styleUrl>#124</styleUrl>
				<Point id="122">
					<coordinates>-4.019640099640711,43.1193747010676,0</coordinates>
				</Point>
			</Placemark>
			<Placemark id="133">
				<name>ALARCOS 220</name>
				<description>Nudo de transporte
----------------
Latitud: 38.9479220141372
Longitud: -3.96212068030712
----------------
ALARCOS 220
Capacidad MGES en RdT (MW): 217.0
Capacidad MPE en RdT (MW): 217.0</description>
				<styleUrl>#134</styleUrl>
				<Point id="132">
					<coordinates>-3.962120680307121,38.9479220141372,0</coordinates>
				</Point>
			</Placemark>
			<Placemark id="138">
				<name>ALBAL 220</name>
				<description>Nudo de transporte
----------------
Latitud: 39.3976156213698
Longitud: -0.445398283159073
----------------
ALBAL 220
Capacidad MGES en RdT (MW): 235.0
Capacidad MPE en RdT (MW): 235.0</description>
				<styleUrl>#139</styleUrl>
				<Point id="137">
					<coordinates>-0.445398283159073,39.3976156213698,0</coordinates>
				</Point>
			</Placemark>
			<Placemark id="158">
				<name>ALCOBENDAS 220</name>
				<description>Nudo de transporte
----------------
Latitud: 40.5486662681593
Longitud: -3.65110855681133
----------------
ALCOBENDAS 220
Capacidad MGES en RdT (MW): 763.0
Capacidad MPE en RdT (MW): 763.0</description>
				<styleUrl>#159</styleUrl>
				<Point id="157">
					<coordinates>-3.65110855681133,40.5486662681593,0</coordinates>
				</Point>
			</Placemark>
			<Placemark id="178">
				<name>ALDAIA 220</name>
				<description>Nudo de transporte
----------------
Latitud: 39.45176729174531
Longitud: -0.5011683325350029
----------------
ALDAIA 220
Capacidad MGES en RdT (MW): 113.0
Capacidad MPE en RdT (MW): 113.0</description>
				<styleUrl>#179</styleUrl>
				<Point id="177">
					<coordinates>-0.5011683325350029,39.45176729174531,0</coordinates>
				</Point>
			</Placemark>
			<Placemark id="198">
				<name>ALGECIRAS 220</name>
				<description>Nudo de transporte
----------------
Latitud: 36.1853986689137
Longitud: -5.38656653087284
----------------
ALGECIRAS 220
Capacidad MGES en RdT (MW): 205.0
Capacidad MPE en RdT (MW): 205.0</description>
				<styleUrl>#199</styleUrl>
				<Point id="197">
					<coordinates>-5.38656653087284,36.1853986689137,0</coordinates>
				</Point>
			</Placemark>
			<Placemark id="203">
				<name>ALGECIRAS 132</name>
				<description>Nudo de transporte
----------------
Latitud: 36.1855855915391
Longitud: -5.38657824041645
----------------
ALGECIRAS 132
Capacidad MGES en RdT (MW): 205.0
Capacidad MPE en RdT (MW): 139.0</description>
				<styleUrl>#204</styleUrl>
				<Point id="202">
					<coordinates>-5.38657824041645,36.1855855915391,0</coordinates>
				</Point>
			</Placemark>
			<Placemark id="208">
				<name>ALGETE 220</name>
				<description>Nudo de transporte
----------------
Latitud: 40.5929746716861
Longitud: -3.55190516249481
----------------
ALGETE 220
Capacidad MGES en RdT (MW): 746.0
Capacidad MPE en RdT (MW): 746.0</description>
				<styleUrl>#209</styleUrl>
				<Point id="207">
					<coordinates>-3.55190516249481,40.5929746716861,0</coordinates>
				</Point>
			</Placemark>
			<Placemark id="213">
				<name>ALHAURIN 220</name>
				<description>Nudo de transporte
----------------
Latitud: 36.6558746598537
Longitud: -4.57501611255718
----------------
ALHAURIN 220
Capacidad MGES en RdT (MW): 307.0
Capacidad MPE en RdT (MW): 307.0</description>
				<styleUrl>#214</styleUrl>
				<Point id="212">
					<coordinates>-4.57501611255718,36.6558746598537,0</coordinates>
				</Point>
			</Placemark>
			<Placemark id="218">
				<name>ALI 220</name>
				<description>Nudo de transporte
----------------
Latitud: 42.8564141523885
Longitud: -2.70754784177245
----------------
ALI 220
Capacidad MGES en RdT (MW): 358.0
Capacidad MPE en RdT (MW): 358.0</description>
				<styleUrl>#219</styleUrl>
				<Point id="217">
					<coordinates>-2.70754784177245,42.8564141523885,0</coordinates>
				</Point>
			</Placemark>
			<Placemark id="248">
				<name>ALMAZAN 400</name>
				<description>Nudo de transporte
----------------
Latitud: 41.4385043551761
Longitud: -2.50336381357005
----------------
ALMAZAN 400
Capacidad MGES en RdT (MW): 807.0
Capacidad MPE en RdT (MW): 222.0</description>
				<styleUrl>#249</styleUrl>
				<Point id="247">
					<coordinates>-2.50336381357005,41.4385043551761,0</coordinates>
				</Point>
			</Placemark>
			<Placemark id="253">
				<name>ALMAZAN 220</name>
				<description>Nudo de transporte
----------------
Latitud: 41.4932679713398
Longitud: -2.5110065900796896
----------------
ALMAZAN 220
Capacidad MGES en RdT (MW): 616.0
Capacidad MPE en RdT (MW): 616.0</description>
				<styleUrl>#254</styleUrl>
				<Point id="252">
					<coordinates>-2.51100659007969,41.4932679713398,0</coordinates>
				</Point>
			</Placemark>
			<Placemark id="258">
				<name>ALMENDRALES 400</name>
				<description>Nudo de transporte
----------------
Latitud: 41.3246416850783
Longitud: 0.20727399899678
----------------
ALMENDRALES 400
Capacidad MGES en RdT (MW): 1297.0
Capacidad MPE en RdT (MW): 1140.0</description>
				<styleUrl>#259</styleUrl>
				<Point id="257">
					<coordinates>0.20727399899678,41.3246416850783,0</coordinates>
				</Point>
			</Placemark>
			<Placemark id="268">
				<name>ALONSOTEGUI 220</name>
				<description>Nudo de transporte
----------------
Latitud: 43.2470501290114
Longitud: -2.98190454968631
----------------
ALONSOTEGUI 220
Capacidad MGES en RdT (MW): 175.0
Capacidad MPE en RdT (MW): 175.0</description>
				<styleUrl>#269</styleUrl>
				<Point id="267">
					<coordinates>-2.981904549686309,43.2470501290114,0</coordinates>
				</Point>
			</Placemark>
			<Placemark id="283">
				<name>AMOREBIETA 400</name>
				<description>Nudo de transporte
----------------
Latitud: 43.2069392608802
Longitud: -2.71141586597811
----------------
AMOREBIETA 400
Capacidad MGES en RdT (MW): 1385.0
Capacidad MPE en RdT (MW): 1385.0</description>
				<styleUrl>#284</styleUrl>
				<Point id="282">
					<coordinates>-2.71141586597811,43.2069392608802,0</coordinates>
				</Point>
			</Placemark>
			<Placemark id="303">
				<name>ANDUJAR 220</name>
				<description>Nudo de transporte
----------------
Latitud: 38.0438107024528
Longitud: -3.99593166184284
----------------
ANDUJAR 220
Capacidad MGES en RdT (MW): 442.0
Capacidad MPE en RdT (MW): 442.0</description>
				<styleUrl>#304</styleUrl>
				<Point id="302">
					<coordinates>-3.99593166184284,38.0438107024528,0</coordinates>
				</Point>
			</Placemark>
			<Placemark id="308">
				<name>ANOIA 220</name>
				<description>Nudo de transporte
----------------
Latitud: 41.5770251322211
Longitud: 1.6670716255548
----------------
ANOIA 220
Capacidad MGES en RdT (MW): 81.0
Capacidad MPE en RdT (MW): 81.0</description>
				<styleUrl>#309</styleUrl>
				<Point id="307">
					<coordinates>1.6670716255548,41.5770251322211,0</coordinates>
				</Point>
			</Placemark>
			<Placemark id="323">
				<name>APARECIDA 400</name>
				<description>Nudo de transporte
----------------
Latitud: 42.03588876
Longitud: -6.861094091
----------------
APARECIDA 400
Capacidad MGES en RdT (MW): 579.0
Capacidad MPE en RdT (MW): 418.0</description>
				<styleUrl>#324</styleUrl>
				<Point id="322">
					<coordinates>-6.861094091,42.03588876,0</coordinates>
				</Point>
			</Placemark>
			<Placemark id="328">
				<name>AQUA 220</name>
				<description>Nudo de transporte
----------------
Latitud: 39.4638597202558
Longitud: -0.358550631626659
----------------
AQUA 220
Capacidad MGES en RdT (MW): 297.0
Capacidad MPE en RdT (MW): 297.0</description>
				<styleUrl>#329</styleUrl>
				<Point id="327">
					<coordinates>-0.358550631626659,39.4638597202558,0</coordinates>
				</Point>
			</Placemark>
			<Placemark id="348">
				<name>ARBILLERA 400</name>
				<description>Nudo de transporte
----------------
Latitud: 42.0478543673343
Longitud: -6.54390166066176
----------------
ARBILLERA 400
Capacidad MGES en RdT (MW): 862.0
Capacidad MPE en RdT (MW): 862.0</description>
				<styleUrl>#349</styleUrl>
				<Point id="347">
					<coordinates>-6.54390166066176,42.0478543673343,0</coordinates>
				</Point>
			</Placemark>
			<Placemark id="353">
				<name>ARBILLERA 220</name>
				<description>Nudo de transporte
----------------
Latitud: 42.0478543673343
Longitud: -6.54380166066176
----------------
ARBILLERA 220
Capacidad MGES en RdT (MW): 603.0
Capacidad MPE en RdT (MW): 539.0</description>
				<styleUrl>#354</styleUrl>
				<Point id="352">
					<coordinates>-6.543801660661759,42.0478543673343,0</coordinates>
				</Point>
			</Placemark>
			<Placemark id="358">
				<name>ARCHIDONA 400</name>
				<description>Nudo de transporte
----------------
Latitud: 37.0871309164025
Longitud: -4.44123589165265
----------------
ARCHIDONA 400
Capacidad MGES en RdT (MW): 487.0
Capacidad MPE en RdT (MW): 487.0</description>
				<styleUrl>#359</styleUrl>
				<Point id="357">
					<coordinates>-4.44123589165265,37.0871309164025,0</coordinates>
				</Point>
			</Placemark>
			<Placemark id="368">
				<name>ARDOZ 220</name>
				<description>Nudo de transporte
----------------
Latitud: 40.4422322537222
Longitud: -3.48248496993297
----------------
ARDOZ 220
Capacidad MGES en RdT (MW): 323.0
Capacidad MPE en RdT (MW): 323.0</description>
				<styleUrl>#369</styleUrl>
				<Point id="367">
					<coordinates>-3.48248496993297,40.4422322537222,0</coordinates>
				</Point>
			</Placemark>
			<Placemark id="418">
				<name>ARROYO DE LA VEGA 220</name>
				<description>Nudo de transporte
----------------
Latitud: 40.53608249294701
Longitud: -3.5966550259199925
----------------
ARROYO DE LA VEGA 220
Capacidad MGES en RdT (MW): 512.0
Capacidad MPE en RdT (MW): 512.0</description>
				<styleUrl>#419</styleUrl>
				<Point id="417">
					<coordinates>-3.596655025919993,40.53608249294701,0</coordinates>
				</Point>
			</Placemark>
			<Placemark id="458">
				<name>ATARFE 220</name>
				<description>Nudo de transporte
----------------
Latitud: 37.225039314474
Longitud: -3.69716059261435
----------------
ATARFE 220
Capacidad MGES en RdT (MW): 167.0
Capacidad MPE en RdT (MW): 167.0</description>
				<styleUrl>#459</styleUrl>
				<Point id="457">
					<coordinates>-3.697160592614349,37.225039314474,0</coordinates>
				</Point>
			</Placemark>
			<Placemark id="488">
				<name>AZPEITIA 400</name>
				<description>Nudo de transporte
----------------
Latitud: 43.2131753104288
Longitud: -2.2522887601351
----------------
AZPEITIA 400
Capacidad MGES en RdT (MW): 933.0
Capacidad MPE en RdT (MW): 933.0</description>
				<styleUrl>#489</styleUrl>
				<Point id="487">
					<coordinates>-2.2522887601351,43.2131753104288,0</coordinates>
				</Point>
			</Placemark>
			<Placemark id="498">
				<name>BALBOA 400</name>
				<description>Nudo de transporte
----------------
Latitud: 38.32729083
Longitud: -6.711450787
----------------
BALBOA 400
Capacidad MGES en RdT (MW): 2097.0
Capacidad MPE en RdT (MW): 1042.0</description>
				<styleUrl>#499</styleUrl>
				<Point id="497">
					<coordinates>-6.711450787000001,38.32729083,0</coordinates>
				</Point>
			</Placemark>
			<Placemark id="503">
				<name>BALBOA 220</name>
				<description>Nudo de transporte
----------------
Latitud: 38.32729083
Longitud: -6.711350787000001
----------------
BALBOA 220
Capacidad MGES en RdT (MW): 750.0
Capacidad MPE en RdT (MW): 232.0</description>
				<styleUrl>#504</styleUrl>
				<Point id="502">
					<coordinates>-6.711350787000001,38.32729083,0</coordinates>
				</Point>
			</Placemark>
			<Placemark id="508">
				<name>BALSICAS 220</name>
				<description>Nudo de transporte
----------------
Latitud: 37.7973268419265
Longitud: -0.958453202749788
----------------
BALSICAS 220
Capacidad MGES en RdT (MW): 520.0
Capacidad MPE en RdT (MW): 512.0</description>
				<styleUrl>#509</styleUrl>
				<Point id="507">
					<coordinates>-0.958453202749788,37.7973268419265,0</coordinates>
				</Point>
			</Placemark>
			<Placemark id="513">
				<name>BARCINA 400</name>
				<description>Nudo de transporte
----------------
Latitud: 42.7776827622495
Longitud: -3.21488989206173
----------------
BARCINA 400
Capacidad MGES en RdT (MW): 132.0
Capacidad MPE en RdT (MW): 132.0</description>
				<styleUrl>#514</styleUrl>
				<Point id="512">
					<coordinates>-3.21488989206173,42.7776827622495,0</coordinates>
				</Point>
			</Placemark>
			<Placemark id="568">
				<name>BAZA REE 400</name>
				<description>Nudo de transporte
----------------
Latitud: 37.558898369161
Longitud: -2.74739057688659
----------------
BAZA REE 400
Capacidad MGES en RdT (MW): 596.0
Capacidad MPE en RdT (MW): 399.0</description>
				<styleUrl>#569</styleUrl>
				<Point id="567">
					<coordinates>-2.74739057688659,37.558898369161,0</coordinates>
				</Point>
			</Placemark>
			<Placemark id="583">
				<name>BEGOÑA 220</name>
				<description>Nudo de transporte
----------------
Latitud: 40.4819373134437
Longitud: -3.67927847729382
----------------
BEGOÑA 220
Capacidad MGES en RdT (MW): 318.0
Capacidad MPE en RdT (MW): 318.0</description>
				<styleUrl>#584</styleUrl>
				<Point id="582">
					<coordinates>-3.67927847729382,40.4819373134437,0</coordinates>
				</Point>
			</Placemark>
			<Placemark id="588">
				<name>BEGUES 400</name>
				<description>Nudo de transporte
----------------
Latitud: 41.3554060757283
Longitud: 1.9021476138539
----------------
BEGUES 400
Capacidad MGES en RdT (MW): 11.0
Capacidad MPE en RdT (MW): 11.0</description>
				<styleUrl>#589</styleUrl>
				<Point id="587">
					<coordinates>1.9021476138539,41.3554060757283,0</coordinates>
				</Point>
			</Placemark>
			<Placemark id="593">
				<name>BEGUES 220</name>
				<description>Nudo de transporte
----------------
Latitud: 41.3554060757283
Longitud: 1.9022476138539
----------------
BEGUES 220
Capacidad MGES en RdT (MW): 347.0
Capacidad MPE en RdT (MW): 347.0</description>
				<styleUrl>#594</styleUrl>
				<Point id="592">
					<coordinates>1.9022476138539,41.3554060757283,0</coordinates>
				</Point>
			</Placemark>
			<Placemark id="598">
				<name>BEGUES B 220</name>
				<description>Nudo de transporte
----------------
Latitud: 41.3557374998383
Longitud: 1.90303025315772
----------------
BEGUES B 220
Capacidad MGES en RdT (MW): 791.0
Capacidad MPE en RdT (MW): 791.0</description>
				<styleUrl>#599</styleUrl>
				<Point id="597">
					<coordinates>1.90303025315772,41.3557374998383,0</coordinates>
				</Point>
			</Placemark>
			<Placemark id="628">
				<name>BENAHAVIS 220</name>
				<description>Nudo de transporte
----------------
Latitud: 36.5148485416781
Longitud: -5.04838485319068
----------------
BENAHAVIS 220
Capacidad MGES en RdT (MW): 511.0
Capacidad MPE en RdT (MW): 511.0</description>
				<styleUrl>#629</styleUrl>
				<Point id="627">
					<coordinates>-5.04838485319068,36.5148485416781,0</coordinates>
				</Point>
			</Placemark>
			<Placemark id="638">
				<name>BENEJAMA 220</name>
				<description>Nudo de transporte
----------------
Latitud: 38.7191353441526
Longitud: -0.722855595983349
----------------
BENEJAMA 220
Capacidad MGES en RdT (MW): 9.0
Capacidad MPE en RdT (MW): 9.0</description>
				<styleUrl>#639</styleUrl>
				<Point id="637">
					<coordinates>-0.722855595983349,38.7191353441526,0</coordinates>
				</Point>
			</Placemark>
			<Placemark id="648">
				<name>BENIFERRI 220</name>
				<description>Nudo de transporte
----------------
Latitud: 39.4487069995154
Longitud: -0.404441990022503
----------------
BENIFERRI 220
Capacidad MGES en RdT (MW): 325.0
Capacidad MPE en RdT (MW): 171.0</description>
				<styleUrl>#649</styleUrl>
				<Point id="647">
					<coordinates>-0.404441990022503,39.4487069995154,0</coordinates>
				</Point>
			</Placemark>
			<Placemark id="653">
				<name>BENILLOBA 220</name>
				<description>Nudo de transporte
----------------
Latitud: 38.7007039213137
Longitud: -0.402813421310487
----------------
BENILLOBA 220
Capacidad MGES en RdT (MW): 209.0
Capacidad MPE en RdT (MW): 209.0</description>
				<styleUrl>#654</styleUrl>
				<Point id="652">
					<coordinates>-0.402813421310487,38.7007039213137,0</coordinates>
				</Point>
			</Placemark>
			<Placemark id="668">
				<name>BESCANO 400</name>
				<description>Nudo de transporte
----------------
Latitud: 41.9726451558587
Longitud: 2.69556900169159
----------------
BESCANO 400
Capacidad MGES en RdT (MW): 817.0
Capacidad MPE en RdT (MW): 817.0</description>
				<styleUrl>#669</styleUrl>
				<Point id="667">
					<coordinates>2.69556900169159,41.9726451558587,0</coordinates>
				</Point>
			</Placemark>
			<Placemark id="673">
				<name>BESCANO 220</name>
				<description>Nudo de transporte
----------------
Latitud: 41.9726451558587
Longitud: 2.69566900169159
----------------
BESCANO 220
Capacidad MGES en RdT (MW): 866.0
Capacidad MPE en RdT (MW): 763.0</description>
				<styleUrl>#674</styleUrl>
				<Point id="672">
					<coordinates>2.69566900169159,41.9726451558587,0</coordinates>
				</Point>
			</Placemark>
			<Placemark id="683">
				<name>BIENVENIDA 400</name>
				<description>Nudo de transporte
----------------
Latitud: 38.3172907148115
Longitud: -6.19786310728707
----------------
BIENVENIDA 400
Capacidad MGES en RdT (MW): 207.0
Capacidad MPE en RdT (MW): 207.0</description>
				<styleUrl>#684</styleUrl>
				<Point id="682">
					<coordinates>-6.197863107287071,38.3172907148115,0</coordinates>
				</Point>
			</Placemark>
			<Placemark id="718">
				<name>BRAZATORTAS 400</name>
				<description>Nudo de transporte
----------------
Latitud: 38.65305374
Longitud: -4.253708631
----------------
BRAZATORTAS 400
Capacidad MGES en RdT (MW): 551.0
Capacidad MPE en RdT (MW): 551.0</description>
				<styleUrl>#719</styleUrl>
				<Point id="717">
					<coordinates>-4.253708631,38.65305374,0</coordinates>
				</Point>
			</Placemark>
			<Placemark id="758">
				<name>BUNIEL 400</name>
				<description>Nudo de transporte
----------------
Latitud: 42.3223432427177
Longitud: -3.82037066439772
----------------
BUNIEL 400
Capacidad MGES en RdT (MW): 620.0
Capacidad MPE en RdT (MW): 620.0</description>
				<styleUrl>#759</styleUrl>
				<Point id="757">
					<coordinates>-3.82037066439772,42.3223432427177,0</coordinates>
				</Point>
			</Placemark>
			<Placemark id="768">
				<name>CABRA 400</name>
				<description>Nudo de transporte
----------------
Latitud: 37.45898482
Longitud: -4.493251163
----------------
CABRA 400
Capacidad MGES en RdT (MW): 188.0
Capacidad MPE en RdT (MW): 188.0</description>
				<styleUrl>#769</styleUrl>
				<Point id="767">
					<coordinates>-4.493251163,37.45898482,0</coordinates>
				</Point>
			</Placemark>
			<Placemark id="773">
				<name>CACERES 220</name>
				<description>Nudo de transporte
----------------
Latitud: 39.4795286602214
Longitud: -6.35780724518052
----------------
CACERES 220
Capacidad MGES en RdT (MW): 87.0
Capacidad MPE en RdT (MW): 87.0</description>
				<styleUrl>#774</styleUrl>
				<Point id="772">
					<coordinates>-6.357807245180521,39.4795286602214,0</coordinates>
				</Point>
			</Placemark>
			<Placemark id="833">
				<name>CAMINO FREGACEDOS 220</name>
				<description>Nudo de transporte
----------------
Latitud: 40.2915332888171
Longitud: -3.81695142838928
----------------
CAMINO FREGACEDOS 220
Capacidad MGES en RdT (MW): 190.0
Capacidad MPE en RdT (MW): 190.0</description>
				<styleUrl>#834</styleUrl>
				<Point id="832">
					<coordinates>-3.81695142838928,40.2915332888171,0</coordinates>
				</Point>
			</Placemark>
			<Placemark id="848">
				<name>CAMPOAMOR 220</name>
				<description>Nudo de transporte
----------------
Latitud: 37.9071956019492
Longitud: -0.7838367113411
----------------
CAMPOAMOR 220
Capacidad MGES en RdT (MW): 476.0
Capacidad MPE en RdT (MW): 331.0</description>
				<styleUrl>#849</styleUrl>
				<Point id="847">
					<coordinates>-0.7838367113411001,37.9071956019492,0</coordinates>
				</Point>
			</Placemark>
			<Placemark id="913">
				<name>CAÑAVERAL 400</name>
				<description>Nudo de transporte
----------------
Latitud: 39.7243644825906
Longitud: -6.87779380055263
----------------
CAÑAVERAL 400
Capacidad MGES en RdT (MW): 461.0
Capacidad MPE en RdT (MW): 461.0</description>
				<styleUrl>#914</styleUrl>
				<Point id="912">
					<coordinates>-6.87779380055263,39.7243644825906,0</coordinates>
				</Point>
			</Placemark>
			<Placemark id="918">
				<name>CAÑUELO 220</name>
				<description>Nudo de transporte
----------------
Latitud: 36.1913131594822
Longitud: -5.38832919983865
----------------
CAÑUELO 220
Capacidad MGES en RdT (MW): 1048.0
Capacidad MPE en RdT (MW): 300.0</description>
				<styleUrl>#919</styleUrl>
				<Point id="917">
					<coordinates>-5.38832919983865,36.1913131594822,0</coordinates>
				</Point>
			</Placemark>
			<Placemark id="923">
				<name>CAPARACENA 400</name>
				<description>Nudo de transporte
----------------
Latitud: 37.26966988
Longitud: -3.725024486
----------------
CAPARACENA 400
Capacidad MGES en RdT (MW): 26.0
Capacidad MPE en RdT (MW): 26.0</description>
				<styleUrl>#924</styleUrl>
				<Point id="922">
					<coordinates>-3.725024486000001,37.26966988,0</coordinates>
				</Point>
			</Placemark>
			<Placemark id="928">
				<name>CAPARACENA 220</name>
				<description>Nudo de transporte
----------------
Latitud: 37.26780595
Longitud: -3.7261701749999996
----------------
CAPARACENA 220
Capacidad MGES en RdT (MW): 253.0
Capacidad MPE en RdT (MW): 174.0</description>
				<styleUrl>#929</styleUrl>
				<Point id="927">
					<coordinates>-3.726170175,37.26780595,0</coordinates>
				</Point>
			</Placemark>
			<Placemark id="938">
				<name>CARIÑENA 400</name>
				<description>Nudo de transporte
----------------
Latitud: 41.3217028
Longitud: -1.230115166
----------------
CARIÑENA 400
Capacidad MGES en RdT (MW): 254.0
Capacidad MPE en RdT (MW): 254.0</description>
				<styleUrl>#939</styleUrl>
				<Point id="937">
					<coordinates>-1.230115166,41.3217028,0</coordinates>
				</Point>
			</Placemark>
			<Placemark id="943">
				<name>CARMONA 400</name>
				<description>Nudo de transporte
----------------
Latitud: 37.5572024207577
Longitud: -5.75903658363559
----------------
CARMONA 400
Capacidad MGES en RdT (MW): 296.0
Capacidad MPE en RdT (MW): 296.0</description>
				<styleUrl>#944</styleUrl>
				<Point id="942">
					<coordinates>-5.75903658363559,37.5572024207577,0</coordinates>
				</Point>
			</Placemark>
			<Placemark id="948">
				<name>CARMONA 220</name>
				<description>Nudo de transporte
----------------
Latitud: 37.5572024207577
Longitud: -5.75893658363559
----------------
CARMONA 220
Capacidad MGES en RdT (MW): 353.0
Capacidad MPE en RdT (MW): 353.0</description>
				<styleUrl>#949</styleUrl>
				<Point id="947">
					<coordinates>-5.75893658363559,37.5572024207577,0</coordinates>
				</Point>
			</Placemark>
			<Placemark id="958">
				<name>CARRIL 400</name>
				<description>Nudo de transporte
----------------
Latitud: 37.43696408
Longitud: -1.718588031
----------------
CARRIL 400
Capacidad MGES en RdT (MW): 54.0
Capacidad MPE en RdT (MW): 54.0</description>
				<styleUrl>#959</styleUrl>
				<Point id="957">
					<coordinates>-1.718588031,37.43696408,0</coordinates>
				</Point>
			</Placemark>
			<Placemark id="963">
				<name>CARRIO 220</name>
				<description>Nudo de transporte
----------------
Latitud: 43.5562066664398
Longitud: -5.72865240905196
----------------
CARRIO 220
Capacidad MGES en RdT (MW): 775.0
Capacidad MPE en RdT (MW): 422.0</description>
				<styleUrl>#964</styleUrl>
				<Point id="962">
					<coordinates>-5.72865240905196,43.5562066664398,0</coordinates>
				</Point>
			</Placemark>
			<Placemark id="978">
				<name>CARTAMA 400</name>
				<description>Nudo de transporte
----------------
Latitud: 36.7508917701351
Longitud: -4.60527857113712
----------------
CARTAMA 400
Capacidad MGES en RdT (MW): 521.0
Capacidad MPE en RdT (MW): 521.0</description>
				<styleUrl>#979</styleUrl>
				<Point id="977">
					<coordinates>-4.60527857113712,36.7508917701351,0</coordinates>
				</Point>
			</Placemark>
			<Placemark id="983">
				<name>CARTAMA 220</name>
				<description>Nudo de transporte
----------------
Latitud: 36.7508917701351
Longitud: -4.60517857113712
----------------
CARTAMA 220
Capacidad MGES en RdT (MW): 803.0
Capacidad MPE en RdT (MW): 803.0</description>
				<styleUrl>#984</styleUrl>
				<Point id="982">
					<coordinates>-4.60517857113712,36.7508917701351,0</coordinates>
				</Point>
			</Placemark>
			<Placemark id="988">
				<name>CARTELLE 400</name>
				<description>Nudo de transporte
----------------
Latitud: 42.25634295
Longitud: -8.057149726
----------------
CARTELLE 400
Capacidad MGES en RdT (MW): 1914.0
Capacidad MPE en RdT (MW): 1914.0</description>
				<styleUrl>#989</styleUrl>
				<Point id="987">
					<coordinates>-8.057149726,42.25634295,0</coordinates>
				</Point>
			</Placemark>
			<Placemark id="1038">
				<name>CASTALLA 220</name>
				<description>Nudo de transporte
----------------
Latitud: 38.5957967704037
Longitud: -0.721238512802967
----------------
CASTALLA 220
Capacidad MGES en RdT (MW): 602.0
Capacidad MPE en RdT (MW): 602.0</description>
				<styleUrl>#1039</styleUrl>
				<Point id="1037">
					<coordinates>-0.7212385128029669,38.5957967704037,0</coordinates>
				</Point>
			</Placemark>
			<Placemark id="1043">
				<name>CASTEJON 400</name>
				<description>Nudo de transporte
----------------
Latitud: 42.1708981649145
Longitud: -1.67576850867983
----------------
CASTEJON 400
Capacidad MGES en RdT (MW): 538.0
Capacidad MPE en RdT (MW): 538.0</description>
				<styleUrl>#1044</styleUrl>
				<Point id="1042">
					<coordinates>-1.67576850867983,42.1708981649145,0</coordinates>
				</Point>
			</Placemark>
			<Placemark id="1048">
				<name>CASTELLAR DE LA FRONTERA 400</name>
				<description>Nudo de transporte
----------------
Latitud: 36.3054996765739
Longitud: -5.39869004879647
----------------
CASTELLAR DE LA FRONTERA 400
Capacidad MGES en RdT (MW): 602.0
Capacidad MPE en RdT (MW): 602.0</description>
				<styleUrl>#1049</styleUrl>
				<Point id="1047">
					<coordinates>-5.39869004879647,36.3054996765739,0</coordinates>
				</Point>
			</Placemark>
			<Placemark id="1053">
				<name>CASTELLBISBAL 220</name>
				<description>Nudo de transporte
----------------
Latitud: 41.4455425938846
Longitud: 1.98608868044665
----------------
CASTELLBISBAL 220
Capacidad MGES en RdT (MW): 588.0
Capacidad MPE en RdT (MW): 588.0</description>
				<styleUrl>#1054</styleUrl>
				<Point id="1052">
					<coordinates>1.98608868044665,41.4455425938846,0</coordinates>
				</Point>
			</Placemark>
			<Placemark id="1058">
				<name>CASTELLET 220</name>
				<description>Nudo de transporte
----------------
Latitud: 41.2559442909351
Longitud: 1.58154884197334
----------------
CASTELLET 220
Capacidad MGES en RdT (MW): 387.0
Capacidad MPE en RdT (MW): 387.0</description>
				<styleUrl>#1059</styleUrl>
				<Point id="1057">
					<coordinates>1.58154884197334,41.2559442909351,0</coordinates>
				</Point>
			</Placemark>
			<Placemark id="1118">
				<name>CERVELLO 220</name>
				<description>Nudo de transporte
----------------
Latitud: 41.40599449125436
Longitud: 1.9891031507680257
----------------
CERVELLO 220
Capacidad MGES en RdT (MW): 576.0
Capacidad MPE en RdT (MW): 576.0</description>
				<styleUrl>#1119</styleUrl>
				<Point id="1117">
					<coordinates>1.989103150768026,41.40599449125436,0</coordinates>
				</Point>
			</Placemark>
			<Placemark id="1138">
				<name>CHUCENA 220</name>
				<description>Nudo de transporte
----------------
Latitud: 37.3419752129408
Longitud: -6.38517448008288
----------------
CHUCENA 220
Capacidad MGES en RdT (MW): 532.0
Capacidad MPE en RdT (MW): 445.0</description>
				<styleUrl>#1139</styleUrl>
				<Point id="1137">
					<coordinates>-6.385174480082879,37.3419752129408,0</coordinates>
				</Point>
			</Placemark>
			<Placemark id="1168">
				<name>CIUDAD DEPORTIVA 220</name>
				<description>Nudo de transporte
----------------
Latitud: 40.475108020569
Longitud: -3.62080757551169
----------------
CIUDAD DEPORTIVA 220
Capacidad MGES en RdT (MW): 318.0
Capacidad MPE en RdT (MW): 292.0</description>
				<styleUrl>#1169</styleUrl>
				<Point id="1167">
					<coordinates>-3.62080757551169,40.475108020569,0</coordinates>
				</Point>
			</Placemark>
			<Placemark id="1173">
				<name>CIUDAD RODRIGO 400</name>
				<description>Nudo de transporte
----------------
Latitud: 40.6422851719964
Longitud: -6.55133935763595
----------------
CIUDAD RODRIGO 400
Capacidad MGES en RdT (MW): 707.0
Capacidad MPE en RdT (MW): 707.0</description>
				<styleUrl>#1174</styleUrl>
				<Point id="1172">
					<coordinates>-6.55133935763595,40.6422851719964,0</coordinates>
				</Point>
			</Placemark>
			<Placemark id="1213">
				<name>COMPOSTILLA 220</name>
				<description>Nudo de transporte
----------------
Latitud: 42.5606568246996
Longitud: -6.60497289656709
----------------
COMPOSTILLA 220
Capacidad MGES en RdT (MW): 482.0
Capacidad MPE en RdT (MW): 482.0</description>
				<styleUrl>#1214</styleUrl>
				<Point id="1212">
					<coordinates>-6.60497289656709,42.5606568246996,0</coordinates>
				</Point>
			</Placemark>
			<Placemark id="1223">
				<name>CONSTANTI 220</name>
				<description>Nudo de transporte
----------------
Latitud: 41.1357245043115
Longitud: 1.22502680755987
----------------
CONSTANTI 220
Capacidad MGES en RdT (MW): 736.0
Capacidad MPE en RdT (MW): 736.0</description>
				<styleUrl>#1224</styleUrl>
				<Point id="1222">
					<coordinates>1.22502680755987,41.1357245043115,0</coordinates>
				</Point>
			</Placemark>
			<Placemark id="1258">
				<name>COSTASOL 220</name>
				<description>Nudo de transporte
----------------
Latitud: 36.5230369365059
Longitud: -4.85960981303292
----------------
COSTASOL 220
Capacidad MGES en RdT (MW): 552.0
Capacidad MPE en RdT (MW): 447.0</description>
				<styleUrl>#1259</styleUrl>
				<Point id="1257">
					<coordinates>-4.85960981303292,36.5230369365059,0</coordinates>
				</Point>
			</Placemark>
			<Placemark id="1283">
				<name>DON ALVARO (ALANGE) 400</name>
				<description>Nudo de transporte
----------------
Latitud: 38.8567131327582
Longitud: -6.29919573998911
----------------
DON ALVARO (ALANGE) 400
Capacidad MGES en RdT (MW): 1095.0
Capacidad MPE en RdT (MW): 1095.0</description>
				<styleUrl>#1284</styleUrl>
				<Point id="1282">
					<coordinates>-6.29919573998911,38.8567131327582,0</coordinates>
				</Point>
			</Placemark>
			<Placemark id="1293">
				<name>DON RODRIGO 220</name>
				<description>Nudo de transporte
----------------
Latitud: 37.24670881
Longitud: -5.8417576030000005
----------------
DON RODRIGO 220
Capacidad MGES en RdT (MW): 991.0
Capacidad MPE en RdT (MW): 507.0</description>
				<styleUrl>#1294</styleUrl>
				<Point id="1292">
					<coordinates>-5.841757603,37.24670881,0</coordinates>
				</Point>
			</Placemark>
			<Placemark id="1298">
				<name>DON RODRIGO B 220</name>
				<description>Nudo de transporte
----------------
Latitud: 37.2454008321621
Longitud: -5.84229421741268
----------------
DON RODRIGO B 220
Capacidad MGES en RdT (MW): 991.0
Capacidad MPE en RdT (MW): 653.0</description>
				<styleUrl>#1299</styleUrl>
				<Point id="1297">
					<coordinates>-5.84229421741268,37.2454008321621,0</coordinates>
				</Point>
			</Placemark>
			<Placemark id="1303">
				<name>DOS HERMANAS 220</name>
				<description>Nudo de transporte
----------------
Latitud: 37.2986138716697
Longitud: -5.90585483098476
----------------
DOS HERMANAS 220
Capacidad MGES en RdT (MW): 322.0
Capacidad MPE en RdT (MW): 322.0</description>
				<styleUrl>#1304</styleUrl>
				<Point id="1302">
					<coordinates>-5.90585483098476,37.2986138716697,0</coordinates>
				</Point>
			</Placemark>
			<Placemark id="1318">
				<name>EBORA 220</name>
				<description>Nudo de transporte
----------------
Latitud: 39.964414161738
Longitud: -4.78777319827602
----------------
EBORA 220
Capacidad MGES en RdT (MW): 293.0
Capacidad MPE en RdT (MW): 291.0</description>
				<styleUrl>#1319</styleUrl>
				<Point id="1317">
					<coordinates>-4.78777319827602,39.964414161738,0</coordinates>
				</Point>
			</Placemark>
			<Placemark id="1368">
				<name>EL PALMAR 220</name>
				<description>Nudo de transporte
----------------
Latitud: 37.94076929
Longitud: -1.188140078
----------------
EL PALMAR 220
Capacidad MGES en RdT (MW): 2.0
Capacidad MPE en RdT (MW): 2.0</description>
				<styleUrl>#1369</styleUrl>
				<Point id="1367">
					<coordinates>-1.188140078,37.94076929,0</coordinates>
				</Point>
			</Placemark>
			<Placemark id="1378">
				<name>EL PALMERAL 220</name>
				<description>Nudo de transporte
----------------
Latitud: 38.3287236915687
Longitud: -0.519381612885325
----------------
EL PALMERAL 220
Capacidad MGES en RdT (MW): 600.0
Capacidad MPE en RdT (MW): 548.0</description>
				<styleUrl>#1379</styleUrl>
				<Point id="1377">
					<coordinates>-0.519381612885325,38.3287236915687,0</coordinates>
				</Point>
			</Placemark>
			<Placemark id="1383">
				<name>EL PALO 400</name>
				<description>Nudo de transporte
----------------
Latitud: 43.2702911248497
Longitud: -6.67685030317215
----------------
EL PALO 400
Capacidad MGES en RdT (MW): 658.0
Capacidad MPE en RdT (MW): 658.0</description>
				<styleUrl>#1384</styleUrl>
				<Point id="1382">
					<coordinates>-6.67685030317215,43.2702911248497,0</coordinates>
				</Point>
			</Placemark>
			<Placemark id="1388">
				<name>EL PETREL 220</name>
				<description>Nudo de transporte
----------------
Latitud: 38.4388573692502
Longitud: -0.782231110514658
----------------
EL PETREL 220
Capacidad MGES en RdT (MW): 223.0
Capacidad MPE en RdT (MW): 223.0</description>
				<styleUrl>#1389</styleUrl>
				<Point id="1387">
					<coordinates>-0.782231110514658,38.4388573692502,0</coordinates>
				</Point>
			</Placemark>
			<Placemark id="1403">
				<name>EL SEQUERO 220</name>
				<description>Nudo de transporte
----------------
Latitud: 42.4174462047223
Longitud: -2.25251502406307
----------------
EL SEQUERO 220
Capacidad MGES en RdT (MW): 221.0
Capacidad MPE en RdT (MW): 146.0</description>
				<styleUrl>#1404</styleUrl>
				<Point id="1402">
					<coordinates>-2.25251502406307,42.4174462047223,0</coordinates>
				</Point>
			</Placemark>
			<Placemark id="1418">
				<name>EL ZUMAJO 220</name>
				<description>Nudo de transporte
----------------
Latitud: 36.2963473505314
Longitud: -5.98919395998071
----------------
EL ZUMAJO 220
Capacidad MGES en RdT (MW): 323.0
Capacidad MPE en RdT (MW): 323.0</description>
				<styleUrl>#1419</styleUrl>
				<Point id="1417">
					<coordinates>-5.98919395998071,36.2963473505314,0</coordinates>
				</Point>
			</Placemark>
			<Placemark id="1423">
				<name>ELCHE 220</name>
				<description>Nudo de transporte
----------------
Latitud: 38.2645921498875
Longitud: -0.636129818175668
----------------
ELCHE 220
Capacidad MGES en RdT (MW): 193.0
Capacidad MPE en RdT (MW): 193.0</description>
				<styleUrl>#1424</styleUrl>
				<Point id="1422">
					<coordinates>-0.636129818175668,38.2645921498875,0</coordinates>
				</Point>
			</Placemark>
			<Placemark id="1433">
				<name>ELDA 220</name>
				<description>Nudo de transporte
----------------
Latitud: 38.49954
Longitud: -0.79125
----------------
ELDA 220
Capacidad MGES en RdT (MW): 223.0
Capacidad MPE en RdT (MW): 223.0</description>
				<styleUrl>#1434</styleUrl>
				<Point id="1432">
					<coordinates>-0.79125,38.49954,0</coordinates>
				</Point>
			</Placemark>
			<Placemark id="1448">
				<name>ELIANA 220</name>
				<description>Nudo de transporte
----------------
Latitud: 39.5548072801204
Longitud: -0.510028570946234
----------------
ELIANA 220
Capacidad MGES en RdT (MW): 361.0
Capacidad MPE en RdT (MW): 361.0</description>
				<styleUrl>#1449</styleUrl>
				<Point id="1447">
					<coordinates>-0.510028570946234,39.5548072801204,0</coordinates>
				</Point>
			</Placemark>
			<Placemark id="1453">
				<name>ELIANA B 220</name>
				<description>Nudo de transporte
----------------
Latitud: 39.5548072801204
Longitud: -0.510128570946234
----------------
ELIANA B 220
Capacidad MGES en RdT (MW): 193.0
Capacidad MPE en RdT (MW): 193.0</description>
				<styleUrl>#1454</styleUrl>
				<Point id="1452">
					<coordinates>-0.510128570946234,39.5548072801204,0</coordinates>
				</Point>
			</Placemark>
			<Placemark id="1458">
				<name>ELS AUBALS 400</name>
				<description>Nudo de transporte
----------------
Latitud: 41.1174234714346
Longitud: 0.6416073197087
----------------
ELS AUBALS 400
Capacidad MGES en RdT (MW): 1431.0
Capacidad MPE en RdT (MW): 1426.0</description>
				<styleUrl>#1459</styleUrl>
				<Point id="1457">
					<coordinates>0.6416073197087,41.1174234714346,0</coordinates>
				</Point>
			</Placemark>
			<Placemark id="1463">
				<name>ELS AUBALS 220</name>
				<description>Nudo de transporte
----------------
Latitud: 41.1184256068162
Longitud: 0.641871676341065
----------------
ELS AUBALS 220
Capacidad MGES en RdT (MW): 660.0
Capacidad MPE en RdT (MW): 418.0</description>
				<styleUrl>#1464</styleUrl>
				<Point id="1462">
					<coordinates>0.641871676341065,41.1184256068162,0</coordinates>
				</Point>
			</Placemark>
			<Placemark id="1533">
				<name>ESPINARDO 220</name>
				<description>Nudo de transporte
----------------
Latitud: 38.0169518849652
Longitud: -1.15765815384463
----------------
ESPINARDO 220
Capacidad MGES en RdT (MW): 2.0
Capacidad MPE en RdT (MW): 2.0</description>
				<styleUrl>#1534</styleUrl>
				<Point id="1532">
					<coordinates>-1.15765815384463,38.0169518849652,0</coordinates>
				</Point>
			</Placemark>
			<Placemark id="1563">
				<name>FARGUE 220</name>
				<description>Nudo de transporte
----------------
Latitud: 37.1963966157197
Longitud: -3.57511223488647
----------------
FARGUE 220
Capacidad MGES en RdT (MW): 1004.0
Capacidad MPE en RdT (MW): 356.0</description>
				<styleUrl>#1564</styleUrl>
				<Point id="1562">
					<coordinates>-3.57511223488647,37.1963966157197,0</coordinates>
				</Point>
			</Placemark>
			<Placemark id="1568">
				<name>FAUSITA 400</name>
				<description>Nudo de transporte
----------------
Latitud: 37.5642529592768
Longitud: -0.949549381831509
----------------
FAUSITA 400
Capacidad MGES en RdT (MW): 82.0
Capacidad MPE en RdT (MW): 82.0</description>
				<styleUrl>#1569</styleUrl>
				<Point id="1567">
					<coordinates>-0.9495493818315092,37.5642529592768,0</coordinates>
				</Point>
			</Placemark>
			<Placemark id="1583">
				<name>FOIX 220</name>
				<description>Nudo de transporte
----------------
Latitud: 41.2100641843145
Longitud: 1.6578636675328
----------------
FOIX 220
Capacidad MGES en RdT (MW): 794.0
Capacidad MPE en RdT (MW): 794.0</description>
				<styleUrl>#1584</styleUrl>
				<Point id="1582">
					<coordinates>1.6578636675328,41.2100641843145,0</coordinates>
				</Point>
			</Placemark>
			<Placemark id="1593">
				<name>FONTEFRIA 220</name>
				<description>Nudo de transporte
----------------
Latitud: 42.2588528097401
Longitud: -8.32043933641117
----------------
FONTEFRIA 220
Capacidad MGES en RdT (MW): 194.0
Capacidad MPE en RdT (MW): 194.0</description>
				<styleUrl>#1594</styleUrl>
				<Point id="1592">
					<coordinates>-8.32043933641117,42.2588528097401,0</coordinates>
				</Point>
			</Placemark>
			<Placemark id="1613">
				<name>FORTUNA 220</name>
				<description>Nudo de transporte
----------------
Latitud: 40.3467916508843
Longitud: -3.78340789530085
----------------
FORTUNA 220
Capacidad MGES en RdT (MW): 48.0
Capacidad MPE en RdT (MW): 48.0</description>
				<styleUrl>#1614</styleUrl>
				<Point id="1612">
					<coordinates>-3.78340789530085,40.3467916508843,0</coordinates>
				</Point>
			</Placemark>
			<Placemark id="1618">
				<name>FRANQUESES 220</name>
				<description>Nudo de transporte
----------------
Latitud: 41.6424697312968
Longitud: 2.28215369904913
----------------
FRANQUESES 220
Capacidad MGES en RdT (MW): 468.0
Capacidad MPE en RdT (MW): 468.0</description>
				<styleUrl>#1619</styleUrl>
				<Point id="1617">
					<coordinates>2.28215369904913,41.6424697312968,0</coordinates>
				</Point>
			</Placemark>
			<Placemark id="1623">
				<name>FRESNILLO (ARANDA DE DUERO) 400</name>
				<description>Nudo de transporte
----------------
Latitud: 41.6965537816806
Longitud: -3.68466898803363
----------------
FRESNILLO (ARANDA DE DUERO) 400
Capacidad MGES en RdT (MW): 1051.0
Capacidad MPE en RdT (MW): 985.0</description>
				<styleUrl>#1624</styleUrl>
				<Point id="1622">
					<coordinates>-3.68466898803363,41.6965537816806,0</coordinates>
				</Point>
			</Placemark>
			<Placemark id="1638">
				<name>FUENCARRAL 220</name>
				<description>Nudo de transporte
----------------
Latitud: 40.5194093805383
Longitud: -3.6718691389632196
----------------
FUENCARRAL 220
Capacidad MGES en RdT (MW): 318.0
Capacidad MPE en RdT (MW): 0.0</description>
				<styleUrl>#1639</styleUrl>
				<Point id="1637">
					<coordinates>-3.67186913896322,40.5194093805383,0</coordinates>
				</Point>
			</Placemark>
			<Placemark id="1648">
				<name>FUENDETODOS 220</name>
				<description>Nudo de transporte
----------------
Latitud: 41.3371284394904
Longitud: -0.977270775639905
----------------
FUENDETODOS 220
Capacidad MGES en RdT (MW): 399.0
Capacidad MPE en RdT (MW): 189.0</description>
				<styleUrl>#1649</styleUrl>
				<Point id="1647">
					<coordinates>-0.9772707756399051,41.3371284394904,0</coordinates>
				</Point>
			</Placemark>
			<Placemark id="1658">
				<name>FUENTE DE CANTOS 400</name>
				<description>Nudo de transporte
----------------
Latitud: 38.2146
Longitud: -6.2153
----------------
FUENTE DE CANTOS 400
Capacidad MGES en RdT (MW): 793.0
Capacidad MPE en RdT (MW): 793.0</description>
				<styleUrl>#1659</styleUrl>
				<Point id="1657">
					<coordinates>-6.2153,38.2146,0</coordinates>
				</Point>
			</Placemark>
			<Placemark id="1663">
				<name>FUENTE DEL MAESTRE 400</name>
				<description>Nudo de transporte
----------------
Latitud: 38.4996
Longitud: -6.481
----------------
FUENTE DEL MAESTRE 400
Capacidad MGES en RdT (MW): 581.0
Capacidad MPE en RdT (MW): 581.0</description>
				<styleUrl>#1664</styleUrl>
				<Point id="1662">
					<coordinates>-6.481,38.4996,0</coordinates>
				</Point>
			</Placemark>
			<Placemark id="1673">
				<name>FUENTE SAN LUIS 220</name>
				<description>Nudo de transporte
----------------
Latitud: 39.439268305545426
Longitud: -0.37428556801224033
----------------
FUENTE SAN LUIS 220
Capacidad MGES en RdT (MW): 185.0
Capacidad MPE en RdT (MW): 185.0</description>
				<styleUrl>#1674</styleUrl>
				<Point id="1672">
					<coordinates>-0.3742855680122403,39.43926830554543,0</coordinates>
				</Point>
			</Placemark>
			<Placemark id="1678">
				<name>FUENTEBUREBA (BRIVIESCA) 400</name>
				<description>Nudo de transporte
----------------
Latitud: 42.5737802919117
Longitud: -3.31021903642479
----------------
FUENTEBUREBA (BRIVIESCA) 400
Capacidad MGES en RdT (MW): 1156.0
Capacidad MPE en RdT (MW): 1008.0</description>
				<styleUrl>#1679</styleUrl>
				<Point id="1677">
					<coordinates>-3.310219036424789,42.5737802919117,0</coordinates>
				</Point>
			</Placemark>
			<Placemark id="1683">
				<name>FUENTES DE LA ALCARRIA 400</name>
				<description>Nudo de transporte
----------------
Latitud: 40.7481798620349
Longitud: -2.98378825730175
----------------
FUENTES DE LA ALCARRIA 400
Capacidad MGES en RdT (MW): 917.0
Capacidad MPE en RdT (MW): 211.0</description>
				<styleUrl>#1684</styleUrl>
				<Point id="1682">
					<coordinates>-2.98378825730175,40.7481798620349,0</coordinates>
				</Point>
			</Placemark>
			<Placemark id="1688">
				<name>GABIAS 220</name>
				<description>Nudo de transporte
----------------
Latitud: 37.1457018943029
Longitud: -3.67062022368153
----------------
GABIAS 220
Capacidad MGES en RdT (MW): 231.0
Capacidad MPE en RdT (MW): 231.0</description>
				<styleUrl>#1689</styleUrl>
				<Point id="1687">
					<coordinates>-3.67062022368153,37.1457018943029,0</coordinates>
				</Point>
			</Placemark>
			<Placemark id="1693">
				<name>GALAPAGAR 400</name>
				<description>Nudo de transporte
----------------
Latitud: 40.5984386571318
Longitud: -4.00468982442507
----------------
GALAPAGAR 400
Capacidad MGES en RdT (MW): 916.0
Capacidad MPE en RdT (MW): 916.0</description>
				<styleUrl>#1694</styleUrl>
				<Point id="1692">
					<coordinates>-4.00468982442507,40.5984386571318,0</coordinates>
				</Point>
			</Placemark>
			<Placemark id="1698">
				<name>GALAPAGAR 220</name>
				<description>Nudo de transporte
----------------
Latitud: 40.5984386571318
Longitud: -4.004589824425071
----------------
GALAPAGAR 220
Capacidad MGES en RdT (MW): 450.0
Capacidad MPE en RdT (MW): 450.0</description>
				<styleUrl>#1699</styleUrl>
				<Point id="1697">
					<coordinates>-4.004589824425071,40.5984386571318,0</coordinates>
				</Point>
			</Placemark>
			<Placemark id="1703">
				<name>GAMARRA 220</name>
				<description>Nudo de transporte
----------------
Latitud: 42.87095761
Longitud: -2.665226079
----------------
GAMARRA 220
Capacidad MGES en RdT (MW): 247.0
Capacidad MPE en RdT (MW): 247.0</description>
				<styleUrl>#1704</styleUrl>
				<Point id="1702">
					<coordinates>-2.665226079,42.87095761,0</coordinates>
				</Point>
			</Placemark>
			<Placemark id="1713">
				<name>GAROÑA 220</name>
				<description>Nudo de transporte
----------------
Latitud: 42.7771169245235
Longitud: -3.21548991373222
----------------
GAROÑA 220
Capacidad MGES en RdT (MW): 787.0
Capacidad MPE en RdT (MW): 636.0</description>
				<styleUrl>#1714</styleUrl>
				<Point id="1712">
					<coordinates>-3.21548991373222,42.7771169245235,0</coordinates>
				</Point>
			</Placemark>
			<Placemark id="1718">
				<name>GARRAF 400</name>
				<description>Nudo de transporte
----------------
Latitud: 41.2551013029897
Longitud: 1.71919596281026
----------------
GARRAF 400
Capacidad MGES en RdT (MW): 988.0
Capacidad MPE en RdT (MW): 988.0</description>
				<styleUrl>#1719</styleUrl>
				<Point id="1717">
					<coordinates>1.71919596281026,41.2551013029897,0</coordinates>
				</Point>
			</Placemark>
			<Placemark id="1723">
				<name>GATICA 400</name>
				<description>Nudo de transporte
----------------
Latitud: 43.3500669857337
Longitud: -2.88131831323803
----------------
GATICA 400
Capacidad MGES en RdT (MW): 122.0
Capacidad MPE en RdT (MW): 122.0</description>
				<styleUrl>#1724</styleUrl>
				<Point id="1722">
					<coordinates>-2.88131831323803,43.3500669857337,0</coordinates>
				</Point>
			</Placemark>
			<Placemark id="1728">
				<name>GATICA 220</name>
				<description>Nudo de transporte
----------------
Latitud: 43.3500669857337
Longitud: -2.88121831323803
----------------
GATICA 220
Capacidad MGES en RdT (MW): 122.0
Capacidad MPE en RdT (MW): 122.0</description>
				<styleUrl>#1729</styleUrl>
				<Point id="1727">
					<coordinates>-2.88121831323803,43.3500669857337,0</coordinates>
				</Point>
			</Placemark>
			<Placemark id="1763">
				<name>GODELLETA 220</name>
				<description>Nudo de transporte
----------------
Latitud: 39.44326757861996
Longitud: -0.6716325162611232
----------------
GODELLETA 220
Capacidad MGES en RdT (MW): 517.0
Capacidad MPE en RdT (MW): 517.0</description>
				<styleUrl>#1764</styleUrl>
				<Point id="1762">
					<coordinates>-0.6716325162611232,39.44326757861996,0</coordinates>
				</Point>
			</Placemark>
			<Placemark id="1783">
				<name>GRAMANET 220</name>
				<description>Nudo de transporte
----------------
Latitud: 41.4603574561985
Longitud: 2.19113391293687
----------------
GRAMANET 220
Capacidad MGES en RdT (MW): 774.0
Capacidad MPE en RdT (MW): 615.0</description>
				<styleUrl>#1784</styleUrl>
				<Point id="1782">
					<coordinates>2.19113391293687,41.4603574561985,0</coordinates>
				</Point>
			</Placemark>
			<Placemark id="1788">
				<name>GRAMANET B 220</name>
				<description>Nudo de transporte
----------------
Latitud: 41.4603574561985
Longitud: 2.19113391293687
----------------
GRAMANET B 220
Capacidad MGES en RdT (MW): 537.0
Capacidad MPE en RdT (MW): 243.0</description>
				<styleUrl>#1789</styleUrl>
				<Point id="1787">
					<coordinates>2.19113391293687,41.4603574561985,0</coordinates>
				</Point>
			</Placemark>
			<Placemark id="1823">
				<name>GUADAIRA 220</name>
				<description>Nudo de transporte
----------------
Latitud: 37.3375150365468
Longitud: -5.9917911758666
----------------
GUADAIRA 220
Capacidad MGES en RdT (MW): 524.0
Capacidad MPE en RdT (MW): 524.0</description>
				<styleUrl>#1824</styleUrl>
				<Point id="1822">
					<coordinates>-5.9917911758666,37.3375150365468,0</coordinates>
				</Point>
			</Placemark>
			<Placemark id="1828">
				<name>GUADAME 400</name>
				<description>Nudo de transporte
----------------
Latitud: 38.05092623
Longitud: -4.191387591
----------------
GUADAME 400
Capacidad MGES en RdT (MW): 213.0
Capacidad MPE en RdT (MW): 213.0</description>
				<styleUrl>#1829</styleUrl>
				<Point id="1827">
					<coordinates>-4.191387591,38.05092623,0</coordinates>
				</Point>
			</Placemark>
			<Placemark id="1833">
				<name>GUADAME 220</name>
				<description>Nudo de transporte
----------------
Latitud: 38.0493927927564
Longitud: -4.1924936364162
----------------
GUADAME 220
Capacidad MGES en RdT (MW): 695.0
Capacidad MPE en RdT (MW): 695.0</description>
				<styleUrl>#1834</styleUrl>
				<Point id="1832">
					<coordinates>-4.1924936364162,38.0493927927564,0</coordinates>
				</Point>
			</Placemark>
			<Placemark id="1843">
				<name>GUARDO 220</name>
				<description>Nudo de transporte
----------------
Latitud: 42.7838315932214
Longitud: -4.85718394394149
----------------
GUARDO 220
Capacidad MGES en RdT (MW): 629.0
Capacidad MPE en RdT (MW): 413.0</description>
				<styleUrl>#1844</styleUrl>
				<Point id="1842">
					<coordinates>-4.85718394394149,42.7838315932214,0</coordinates>
				</Point>
			</Placemark>
			<Placemark id="1848">
				<name>GUEÑES 400</name>
				<description>Nudo de transporte
----------------
Latitud: 43.2187826724894
Longitud: -3.03084300337023
----------------
GUEÑES 400
Capacidad MGES en RdT (MW): 2147.0
Capacidad MPE en RdT (MW): 2147.0</description>
				<styleUrl>#1849</styleUrl>
				<Point id="1847">
					<coordinates>-3.03084300337023,43.2187826724894,0</coordinates>
				</Point>
			</Placemark>
			<Placemark id="1853">
				<name>GUEÑES 220</name>
				<description>Nudo de transporte
----------------
Latitud: 43.2187826724894
Longitud: -3.0307430033702296
----------------
GUEÑES 220
Capacidad MGES en RdT (MW): 833.0
Capacidad MPE en RdT (MW): 833.0</description>
				<styleUrl>#1854</styleUrl>
				<Point id="1852">
					<coordinates>-3.03074300337023,43.2187826724894,0</coordinates>
				</Point>
			</Placemark>
			<Placemark id="1903">
				<name>HERNANI 400</name>
				<description>Nudo de transporte
----------------
Latitud: 43.256414226742
Longitud: -1.97522416988836
----------------
HERNANI 400
Capacidad MGES en RdT (MW): 693.0
Capacidad MPE en RdT (MW): 693.0</description>
				<styleUrl>#1904</styleUrl>
				<Point id="1902">
					<coordinates>-1.97522416988836,43.256414226742,0</coordinates>
				</Point>
			</Placemark>
			<Placemark id="1908">
				<name>HERNANI 220</name>
				<description>Nudo de transporte
----------------
Latitud: 43.256207877551
Longitud: -1.97510789274387
----------------
HERNANI 220
Capacidad MGES en RdT (MW): 934.0
Capacidad MPE en RdT (MW): 934.0</description>
				<styleUrl>#1909</styleUrl>
				<Point id="1907">
					<coordinates>-1.97510789274387,43.256207877551,0</coordinates>
				</Point>
			</Placemark>
			<Placemark id="1938">
				<name>HORTALEZA 220</name>
				<description>Nudo de transporte
----------------
Latitud: 40.4724270500964
Longitud: -3.66453034868216
----------------
HORTALEZA 220
Capacidad MGES en RdT (MW): 676.0
Capacidad MPE en RdT (MW): 676.0</description>
				<styleUrl>#1939</styleUrl>
				<Point id="1937">
					<coordinates>-3.66453034868216,40.4724270500964,0</coordinates>
				</Point>
			</Placemark>
			<Placemark id="1948">
				<name>HOYA MORENA 220</name>
				<description>Nudo de transporte
----------------
Latitud: 37.7414379503812
Longitud: -0.874594932540903
----------------
HOYA MORENA 220
Capacidad MGES en RdT (MW): 476.0
Capacidad MPE en RdT (MW): 328.0</description>
				<styleUrl>#1949</styleUrl>
				<Point id="1947">
					<coordinates>-0.874594932540903,37.7414379503812,0</coordinates>
				</Point>
			</Placemark>
			<Placemark id="1983">
				<name>ILLORA 220</name>
				<description>Nudo de transporte
----------------
Latitud: 37.2404422179745
Longitud: -3.88502141702419
----------------
ILLORA 220
Capacidad MGES en RdT (MW): 602.0
Capacidad MPE en RdT (MW): 569.0</description>
				<styleUrl>#1984</styleUrl>
				<Point id="1982">
					<coordinates>-3.885021417024189,37.2404422179745,0</coordinates>
				</Point>
			</Placemark>
			<Placemark id="2018">
				<name>ITXASO 220</name>
				<description>Nudo de transporte
----------------
Latitud: 43.0823474844679
Longitud: -2.32069293147821
----------------
ITXASO 220
Capacidad MGES en RdT (MW): 905.0
Capacidad MPE en RdT (MW): 905.0</description>
				<styleUrl>#2019</styleUrl>
				<Point id="2017">
					<coordinates>-2.32069293147821,43.0823474844679,0</coordinates>
				</Point>
			</Placemark>
			<Placemark id="2028">
				<name>J.M.ORIOL 400</name>
				<description>Nudo de transporte
----------------
Latitud: 39.7243644825906
Longitud: -6.87779380055263
----------------
J.M.ORIOL 400
Capacidad MGES en RdT (MW): 474.0
Capacidad MPE en RdT (MW): 474.0</description>
				<styleUrl>#2029</styleUrl>
				<Point id="2027">
					<coordinates>-6.87779380055263,39.7243644825906,0</coordinates>
				</Point>
			</Placemark>
			<Placemark id="2033">
				<name>J.M.ORIOL 220</name>
				<description>Nudo de transporte
----------------
Latitud: 39.7243644825906
Longitud: -6.87769380055263
----------------
J.M.ORIOL 220
Capacidad MGES en RdT (MW): 814.0
Capacidad MPE en RdT (MW): 545.0</description>
				<styleUrl>#2034</styleUrl>
				<Point id="2032">
					<coordinates>-6.87769380055263,39.7243644825906,0</coordinates>
				</Point>
			</Placemark>
			<Placemark id="2038">
				<name>JALON 220</name>
				<description>Nudo de transporte
----------------
Latitud: 41.69730531769
Longitud: -1.28849432672296
----------------
JALON 220
Capacidad MGES en RdT (MW): 443.0
Capacidad MPE en RdT (MW): 134.0</description>
				<styleUrl>#2039</styleUrl>
				<Point id="2037">
					<coordinates>-1.28849432672296,41.69730531769,0</coordinates>
				</Point>
			</Placemark>
			<Placemark id="2063">
				<name>JORDANA 400</name>
				<description>Nudo de transporte
----------------
Latitud: 36.4440096389417
Longitud: -5.21876000259908
----------------
JORDANA 400
Capacidad MGES en RdT (MW): 968.0
Capacidad MPE en RdT (MW): 968.0</description>
				<styleUrl>#2064</styleUrl>
				<Point id="2062">
					<coordinates>-5.21876000259908,36.4440096389417,0</coordinates>
				</Point>
			</Placemark>
			<Placemark id="2068">
				<name>JORDANA 220</name>
				<description>Nudo de transporte
----------------
Latitud: 36.4440096389417
Longitud: -5.21866000259908
----------------
JORDANA 220
Capacidad MGES en RdT (MW): 1125.0
Capacidad MPE en RdT (MW): 1083.0</description>
				<styleUrl>#2069</styleUrl>
				<Point id="2067">
					<coordinates>-5.21866000259908,36.4440096389417,0</coordinates>
				</Point>
			</Placemark>
			<Placemark id="2088">
				<name>JUNEDA 220</name>
				<description>Nudo de transporte
----------------
Latitud: 41.5306675832246
Longitud: 0.827814066985599
----------------
JUNEDA 220
Capacidad MGES en RdT (MW): 224.0
Capacidad MPE en RdT (MW): 224.0</description>
				<styleUrl>#2089</styleUrl>
				<Point id="2087">
					<coordinates>0.8278140669855989,41.5306675832246,0</coordinates>
				</Point>
			</Placemark>
			<Placemark id="2093">
				<name>LA CANONJA 220</name>
				<description>Nudo de transporte
----------------
Latitud: 41.1156380293751
Longitud: 1.1635390671431
----------------
LA CANONJA 220
Capacidad MGES en RdT (MW): 560.0
Capacidad MPE en RdT (MW): 501.0</description>
				<styleUrl>#2094</styleUrl>
				<Point id="2092">
					<coordinates>1.1635390671431,41.1156380293751,0</coordinates>
				</Point>
			</Placemark>
			<Placemark id="2108">
				<name>LA ESPLUGA 400</name>
				<description>Nudo de transporte
----------------
Latitud: 41.4051249725736
Longitud: 1.12658003943739
----------------
LA ESPLUGA 400
Capacidad MGES en RdT (MW): 196.0
Capacidad MPE en RdT (MW): 196.0</description>
				<styleUrl>#2109</styleUrl>
				<Point id="2107">
					<coordinates>1.12658003943739,41.4051249725736,0</coordinates>
				</Point>
			</Placemark>
			<Placemark id="2113">
				<name>LA ESPLUGA 220</name>
				<description>Nudo de transporte
----------------
Latitud: 41.4050630192552
Longitud: 1.12425771723164
----------------
LA ESPLUGA 220
Capacidad MGES en RdT (MW): 724.0
Capacidad MPE en RdT (MW): 210.0</description>
				<styleUrl>#2114</styleUrl>
				<Point id="2112">
					<coordinates>1.12425771723164,41.4050630192552,0</coordinates>
				</Point>
			</Placemark>
			<Placemark id="2168">
				<name>LA PALOMA 220</name>
				<description>Nudo de transporte
----------------
Latitud: 39.0209030698001
Longitud: -3.37561735213339
----------------
LA PALOMA 220
Capacidad MGES en RdT (MW): 27.0
Capacidad MPE en RdT (MW): 27.0</description>
				<styleUrl>#2169</styleUrl>
				<Point id="2167">
					<coordinates>-3.37561735213339,39.0209030698001,0</coordinates>
				</Point>
			</Placemark>
			<Placemark id="2198">
				<name>LA ROCA 220</name>
				<description>Nudo de transporte
----------------
Latitud: 41.5877729753651
Longitud: 2.32046585981572
----------------
LA ROCA 220
Capacidad MGES en RdT (MW): 570.0
Capacidad MPE en RdT (MW): 570.0</description>
				<styleUrl>#2199</styleUrl>
				<Point id="2197">
					<coordinates>2.32046585981572,41.5877729753651,0</coordinates>
				</Point>
			</Placemark>
			<Placemark id="2228">
				<name>LA SELVA 220</name>
				<description>Nudo de transporte
----------------
Latitud: 41.209190404109
Longitud: 1.15008955235218
----------------
LA SELVA 220
Capacidad MGES en RdT (MW): 789.0
Capacidad MPE en RdT (MW): 789.0</description>
				<styleUrl>#2229</styleUrl>
				<Point id="2227">
					<coordinates>1.15008955235218,41.209190404109,0</coordinates>
				</Point>
			</Placemark>
			<Placemark id="2243">
				<name>LADA 400</name>
				<description>Nudo de transporte
----------------
Latitud: 43.3057970426239
Longitud: -5.69826270921407
----------------
LADA 400
Capacidad MGES en RdT (MW): 1634.0
Capacidad MPE en RdT (MW): 1544.0</description>
				<styleUrl>#2244</styleUrl>
				<Point id="2242">
					<coordinates>-5.69826270921407,43.3057970426239,0</coordinates>
				</Point>
			</Placemark>
			<Placemark id="2253">
				<name>LANCHA 220</name>
				<description>Nudo de transporte
----------------
Latitud: 37.9170951219998
Longitud: -4.70950833780709
----------------
LANCHA 220
Capacidad MGES en RdT (MW): 409.0
Capacidad MPE en RdT (MW): 336.0</description>
				<styleUrl>#2254</styleUrl>
				<Point id="2252">
					<coordinates>-4.70950833780709,37.9170951219998,0</coordinates>
				</Point>
			</Placemark>
			<Placemark id="2263">
				<name>LAS ARROYADAS 220</name>
				<description>Nudo de transporte
----------------
Latitud: 41.5254325114518
Longitud: -4.7142006995835
----------------
LAS ARROYADAS 220
Capacidad MGES en RdT (MW): 72.0
Capacidad MPE en RdT (MW): 72.0</description>
				<styleUrl>#2264</styleUrl>
				<Point id="2262">
					<coordinates>-4.7142006995835,41.5254325114518,0</coordinates>
				</Point>
			</Placemark>
			<Placemark id="2293">
				<name>LASTRAS 400</name>
				<description>Nudo de transporte
----------------
Latitud: 40.8806630092746
Longitud: -4.3395740304317
----------------
LASTRAS 400
Capacidad MGES en RdT (MW): 560.0
Capacidad MPE en RdT (MW): 560.0</description>
				<styleUrl>#2294</styleUrl>
				<Point id="2292">
					<coordinates>-4.3395740304317,40.8806630092746,0</coordinates>
				</Point>
			</Placemark>
			<Placemark id="2298">
				<name>LEGANES 220</name>
				<description>Nudo de transporte
----------------
Latitud: 40.3135710668846
Longitud: -3.77674989847618
----------------
LEGANES 220
Capacidad MGES en RdT (MW): 157.0
Capacidad MPE en RdT (MW): 157.0</description>
				<styleUrl>#2299</styleUrl>
				<Point id="2297">
					<coordinates>-3.776749898476179,40.3135710668846,0</coordinates>
				</Point>
			</Placemark>
			<Placemark id="2308">
				<name>LITORAL 400</name>
				<description>Nudo de transporte
----------------
Latitud: 36.9783920651644
Longitud: -1.90806103441791
----------------
LITORAL 400
Capacidad MGES en RdT (MW): 1709.0
Capacidad MPE en RdT (MW): 1040.0</description>
				<styleUrl>#2309</styleUrl>
				<Point id="2307">
					<coordinates>-1.90806103441791,36.9783920651644,0</coordinates>
				</Point>
			</Placemark>
			<Placemark id="2323">
				<name>LLERENA 400</name>
				<description>Nudo de transporte
----------------
Latitud: 38.2576089914289
Longitud: -5.92097212408192
----------------
LLERENA 400
Capacidad MGES en RdT (MW): 977.0
Capacidad MPE en RdT (MW): 977.0</description>
				<styleUrl>#2324</styleUrl>
				<Point id="2322">
					<coordinates>-5.92097212408192,38.2576089914289,0</coordinates>
				</Point>
			</Placemark>
			<Placemark id="2368">
				<name>LOMBA 220</name>
				<description>Nudo de transporte
----------------
Latitud: 42.5860575969825
Longitud: -6.62422527071812
----------------
LOMBA 220
Capacidad MGES en RdT (MW): 826.0
Capacidad MPE en RdT (MW): 826.0</description>
				<styleUrl>#2369</styleUrl>
				<Point id="2367">
					<coordinates>-6.624225270718121,42.5860575969825,0</coordinates>
				</Point>
			</Placemark>
			<Placemark id="2383">
				<name>LOS ARENALES 220</name>
				<description>Nudo de transporte
----------------
Latitud: 39.5067642119273
Longitud: -6.42389456038335
----------------
LOS ARENALES 220
Capacidad MGES en RdT (MW): 87.0
Capacidad MPE en RdT (MW): 87.0</description>
				<styleUrl>#2384</styleUrl>
				<Point id="2382">
					<coordinates>-6.423894560383349,39.5067642119273,0</coordinates>
				</Point>
			</Placemark>
			<Placemark id="2388">
				<name>LOS BARRIOS 220</name>
				<description>Nudo de transporte
----------------
Latitud: 36.1834999724841
Longitud: -5.42048385348205
----------------
LOS BARRIOS 220
Capacidad MGES en RdT (MW): 656.0
Capacidad MPE en RdT (MW): 197.0</description>
				<styleUrl>#2389</styleUrl>
				<Point id="2387">
					<coordinates>-5.42048385348205,36.1834999724841,0</coordinates>
				</Point>
			</Placemark>
			<Placemark id="2398">
				<name>LOS MONTES 220</name>
				<description>Nudo de transporte
----------------
Latitud: 36.7447743522278
Longitud: -4.38858658792511
----------------
LOS MONTES 220
Capacidad MGES en RdT (MW): 334.0
Capacidad MPE en RdT (MW): 334.0</description>
				<styleUrl>#2399</styleUrl>
				<Point id="2397">
					<coordinates>-4.38858658792511,36.7447743522278,0</coordinates>
				</Point>
			</Placemark>
			<Placemark id="2443">
				<name>LUENGOS 400</name>
				<description>Nudo de transporte
----------------
Latitud: 42.4497903562172
Longitud: -5.37159645520517
----------------
LUENGOS 400
Capacidad MGES en RdT (MW): 456.0
Capacidad MPE en RdT (MW): 456.0</description>
				<styleUrl>#2444</styleUrl>
				<Point id="2442">
					<coordinates>-5.37159645520517,42.4497903562172,0</coordinates>
				</Point>
			</Placemark>
			<Placemark id="2463">
				<name>MAGALLON 400</name>
				<description>Nudo de transporte
----------------
Latitud: 41.8468619701566
Longitud: -1.38063789143372
----------------
MAGALLON 400
Capacidad MGES en RdT (MW): 64.0
Capacidad MPE en RdT (MW): 64.0</description>
				<styleUrl>#2464</styleUrl>
				<Point id="2462">
					<coordinates>-1.38063789143372,41.8468619701566,0</coordinates>
				</Point>
			</Placemark>
			<Placemark id="2468">
				<name>MAGALLON 220</name>
				<description>Nudo de transporte
----------------
Latitud: 41.8468619701566
Longitud: -1.38053789143372
----------------
MAGALLON 220
Capacidad MGES en RdT (MW): 3.0
Capacidad MPE en RdT (MW): 3.0</description>
				<styleUrl>#2469</styleUrl>
				<Point id="2467">
					<coordinates>-1.38053789143372,41.8468619701566,0</coordinates>
				</Point>
			</Placemark>
			<Placemark id="2483">
				<name>MAIALS 400</name>
				<description>Nudo de transporte
----------------
Latitud: 41.3886139255359
Longitud: 0.505326090066157
----------------
MAIALS 400
Capacidad MGES en RdT (MW): 284.0
Capacidad MPE en RdT (MW): 208.0</description>
				<styleUrl>#2484</styleUrl>
				<Point id="2482">
					<coordinates>0.505326090066157,41.3886139255359,0</coordinates>
				</Point>
			</Placemark>
			<Placemark id="2488">
				<name>MAJADAHONDA 220</name>
				<description>Nudo de transporte
----------------
Latitud: 40.4485119304305
Longitud: -3.88408890942501
----------------
MAJADAHONDA 220
Capacidad MGES en RdT (MW): 707.0
Capacidad MPE en RdT (MW): 707.0</description>
				<styleUrl>#2489</styleUrl>
				<Point id="2487">
					<coordinates>-3.88408890942501,40.4485119304305,0</coordinates>
				</Point>
			</Placemark>
			<Placemark id="2498">
				<name>MANCHEGA 400</name>
				<description>Nudo de transporte
----------------
Latitud: 39.2333536077415
Longitud: -2.54575439366219
----------------
MANCHEGA 400
Capacidad MGES en RdT (MW): 2415.0
Capacidad MPE en RdT (MW): 1624.0</description>
				<styleUrl>#2499</styleUrl>
				<Point id="2497">
					<coordinates>-2.54575439366219,39.2333536077415,0</coordinates>
				</Point>
			</Placemark>
			<Placemark id="2503">
				<name>MANGRANERS 220</name>
				<description>Nudo de transporte
----------------
Latitud: 41.612038202759344
Longitud: 0.6679825079253408
----------------
MANGRANERS 220
Capacidad MGES en RdT (MW): 394.0
Capacidad MPE en RdT (MW): 394.0</description>
				<styleUrl>#2504</styleUrl>
				<Point id="2502">
					<coordinates>0.6679825079253408,41.61203820275934,0</coordinates>
				</Point>
			</Placemark>
			<Placemark id="2518">
				<name>MANZANARES 400</name>
				<description>Nudo de transporte
----------------
Latitud: 39.0447904
Longitud: -3.344360928
----------------
MANZANARES 400
Capacidad MGES en RdT (MW): 742.0
Capacidad MPE en RdT (MW): 742.0</description>
				<styleUrl>#2519</styleUrl>
				<Point id="2517">
					<coordinates>-3.344360928,39.0447904,0</coordinates>
				</Point>
			</Placemark>
			<Placemark id="2523">
				<name>MANZANARES 220</name>
				<description>Nudo de transporte
----------------
Latitud: 39.0447904
Longitud: -3.3442609279999997
----------------
MANZANARES 220
Capacidad MGES en RdT (MW): 329.0
Capacidad MPE en RdT (MW): 248.0</description>
				<styleUrl>#2524</styleUrl>
				<Point id="2522">
					<coordinates>-3.344260928,39.0447904,0</coordinates>
				</Point>
			</Placemark>
			<Placemark id="2558">
				<name>MASDENVERGE (CAMARLES) 400</name>
				<description>Nudo de transporte
----------------
Latitud: 40.7215114204751
Longitud: 0.539342040767614
----------------
MASDENVERGE (CAMARLES) 400
Capacidad MGES en RdT (MW): 660.0
Capacidad MPE en RdT (MW): 660.0</description>
				<styleUrl>#2559</styleUrl>
				<Point id="2557">
					<coordinates>0.5393420407676141,40.7215114204751,0</coordinates>
				</Point>
			</Placemark>
			<Placemark id="2613">
				<name>MEDINACELI 400</name>
				<description>Nudo de transporte
----------------
Latitud: 41.1061259298953
Longitud: -2.37440752304821
----------------
MEDINACELI 400
Capacidad MGES en RdT (MW): 691.0
Capacidad MPE en RdT (MW): 120.0</description>
				<styleUrl>#2614</styleUrl>
				<Point id="2612">
					<coordinates>-2.37440752304821,41.1061259298953,0</coordinates>
				</Point>
			</Placemark>
			<Placemark id="2623">
				<name>MEIRAMA 220</name>
				<description>Nudo de transporte
----------------
Latitud: 43.1689296751591
Longitud: -8.40969447501747
----------------
MEIRAMA 220
Capacidad MGES en RdT (MW): 424.0
Capacidad MPE en RdT (MW): 170.0</description>
				<styleUrl>#2624</styleUrl>
				<Point id="2622">
					<coordinates>-8.409694475017471,43.1689296751591,0</coordinates>
				</Point>
			</Placemark>
			<Placemark id="2633">
				<name>MEQUINENZA 400</name>
				<description>Nudo de transporte
----------------
Latitud: 41.3686162116486
Longitud: 0.276443018718459
----------------
MEQUINENZA 400
Capacidad MGES en RdT (MW): 260.0
Capacidad MPE en RdT (MW): 260.0</description>
				<styleUrl>#2634</styleUrl>
				<Point id="2632">
					<coordinates>0.276443018718459,41.3686162116486,0</coordinates>
				</Point>
			</Placemark>
			<Placemark id="2638">
				<name>MEQUINENZA 220</name>
				<description>Nudo de transporte
----------------
Latitud: 41.3686162116486
Longitud: 0.276543018718459
----------------
MEQUINENZA 220
Capacidad MGES en RdT (MW): 121.0
Capacidad MPE en RdT (MW): 121.0</description>
				<styleUrl>#2639</styleUrl>
				<Point id="2637">
					<coordinates>0.276543018718459,41.3686162116486,0</coordinates>
				</Point>
			</Placemark>
			<Placemark id="2648">
				<name>MERCEDES BENZ 220</name>
				<description>Nudo de transporte
----------------
Latitud: 42.851392202578
Longitud: -2.71068865252292
----------------
MERCEDES BENZ 220
Capacidad MGES en RdT (MW): 10.0
Capacidad MPE en RdT (MW): 10.0</description>
				<styleUrl>#2649</styleUrl>
				<Point id="2647">
					<coordinates>-2.71068865252292,42.851392202578,0</coordinates>
				</Point>
			</Placemark>
			<Placemark id="2653">
				<name>MERIDA 220</name>
				<description>Nudo de transporte
----------------
Latitud: 38.8965057677835
Longitud: -6.34164315248507
----------------
MERIDA 220
Capacidad MGES en RdT (MW): 391.0
Capacidad MPE en RdT (MW): 391.0</description>
				<styleUrl>#2654</styleUrl>
				<Point id="2652">
					<coordinates>-6.34164315248507,38.8965057677835,0</coordinates>
				</Point>
			</Placemark>
			<Placemark id="2658">
				<name>MESON D.V. 400</name>
				<description>Nudo de transporte
----------------
Latitud: 43.1668902755035
Longitud: -8.35624911537677
----------------
MESON D.V. 400
Capacidad MGES en RdT (MW): 308.0
Capacidad MPE en RdT (MW): 308.0</description>
				<styleUrl>#2659</styleUrl>
				<Point id="2657">
					<coordinates>-8.35624911537677,43.1668902755035,0</coordinates>
				</Point>
			</Placemark>
			<Placemark id="2683">
				<name>MIRABAL 220</name>
				<description>Nudo de transporte
----------------
Latitud: 36.697668884984
Longitud: -6.06538228479182
----------------
MIRABAL 220
Capacidad MGES en RdT (MW): 220.0
Capacidad MPE en RdT (MW): 220.0</description>
				<styleUrl>#2684</styleUrl>
				<Point id="2682">
					<coordinates>-6.06538228479182,36.697668884984,0</coordinates>
				</Point>
			</Placemark>
			<Placemark id="2693">
				<name>MIRASIERRA 220</name>
				<description>Nudo de transporte
----------------
Latitud: 40.4909644239337
Longitud: -3.71685768816988
----------------
MIRASIERRA 220
Capacidad MGES en RdT (MW): 515.0
Capacidad MPE en RdT (MW): 515.0</description>
				<styleUrl>#2694</styleUrl>
				<Point id="2692">
					<coordinates>-3.71685768816988,40.4909644239337,0</coordinates>
				</Point>
			</Placemark>
			<Placemark id="2708">
				<name>MONCAYO 220</name>
				<description>Nudo de transporte
----------------
Latitud: 41.74642744
Longitud: -1.923958474
----------------
MONCAYO 220
Capacidad MGES en RdT (MW): 112.0
Capacidad MPE en RdT (MW): 112.0</description>
				<styleUrl>#2709</styleUrl>
				<Point id="2707">
					<coordinates>-1.923958474,41.74642744,0</coordinates>
				</Point>
			</Placemark>
			<Placemark id="2713">
				<name>MONTBLANC 220</name>
				<description>Nudo de transporte
----------------
Latitud: 41.3958711986889
Longitud: 1.1344213608992
----------------
MONTBLANC 220
Capacidad MGES en RdT (MW): 758.0
Capacidad MPE en RdT (MW): 223.0</description>
				<styleUrl>#2714</styleUrl>
				<Point id="2712">
					<coordinates>1.1344213608992,41.3958711986889,0</coordinates>
				</Point>
			</Placemark>
			<Placemark id="2723">
				<name>MONTEARENAS 220</name>
				<description>Nudo de transporte
----------------
Latitud: 42.5733030586383
Longitud: -6.54997648495355
----------------
MONTEARENAS 220
Capacidad MGES en RdT (MW): 119.0
Capacidad MPE en RdT (MW): 119.0</description>
				<styleUrl>#2724</styleUrl>
				<Point id="2722">
					<coordinates>-6.549976484953549,42.5733030586383,0</coordinates>
				</Point>
			</Placemark>
			<Placemark id="2768">
				<name>MORALEJA 220</name>
				<description>Nudo de transporte
----------------
Latitud: 40.2597301336763
Longitud: -3.8753376265866697
----------------
MORALEJA 220
Capacidad MGES en RdT (MW): 216.0
Capacidad MPE en RdT (MW): 216.0</description>
				<styleUrl>#2769</styleUrl>
				<Point id="2767">
					<coordinates>-3.87533762658667,40.2597301336763,0</coordinates>
				</Point>
			</Placemark>
			<Placemark id="2783">
				<name>MORATA 220</name>
				<description>Nudo de transporte
----------------
Latitud: 40.25595055579268
Longitud: -3.4425563789492246
----------------
MORATA 220
Capacidad MGES en RdT (MW): 168.0
Capacidad MPE en RdT (MW): 168.0</description>
				<styleUrl>#2784</styleUrl>
				<Point id="2782">
					<coordinates>-3.442556378949226,40.25595055579268,0</coordinates>
				</Point>
			</Placemark>
			<Placemark id="2793">
				<name>MORERUELA (PIEDRAHITA DE CASTRO) 400</name>
				<description>Nudo de transporte
----------------
Latitud: 41.7601580497079
Longitud: -5.86131561543312
----------------
MORERUELA (PIEDRAHITA DE CASTRO) 400
Capacidad MGES en RdT (MW): 726.0
Capacidad MPE en RdT (MW): 726.0</description>
				<styleUrl>#2794</styleUrl>
				<Point id="2792">
					<coordinates>-5.86131561543312,41.7601580497079,0</coordinates>
				</Point>
			</Placemark>
			<Placemark id="2818">
				<name>MUDARRA 220</name>
				<description>Nudo de transporte
----------------
Latitud: 41.7894901306943
Longitud: -4.93664624076648
----------------
MUDARRA 220
Capacidad MGES en RdT (MW): 295.0
Capacidad MPE en RdT (MW): 153.0</description>
				<styleUrl>#2819</styleUrl>
				<Point id="2817">
					<coordinates>-4.93664624076648,41.7894901306943,0</coordinates>
				</Point>
			</Placemark>
			<Placemark id="2828">
				<name>MUDEJAR 400</name>
				<description>Nudo de transporte
----------------
Latitud: 41.0230908332499
Longitud: -0.382551347707712
----------------
MUDEJAR 400
Capacidad MGES en RdT (MW): 1478.0
Capacidad MPE en RdT (MW): 1324.0</description>
				<styleUrl>#2829</styleUrl>
				<Point id="2827">
					<coordinates>-0.3825513477077119,41.0230908332499,0</coordinates>
				</Point>
			</Placemark>
			<Placemark id="2848">
				<name>MURCIA 220</name>
				<description>Nudo de transporte
----------------
Latitud: 37.9649165760807
Longitud: -1.13513151051846
----------------
MURCIA 220
Capacidad MGES en RdT (MW): 2.0
Capacidad MPE en RdT (MW): 2.0</description>
				<styleUrl>#2849</styleUrl>
				<Point id="2847">
					<coordinates>-1.13513151051846,37.9649165760807,0</coordinates>
				</Point>
			</Placemark>
			<Placemark id="2858">
				<name>MURUARTE 400</name>
				<description>Nudo de transporte
----------------
Latitud: 42.6695214281369
Longitud: -1.6541981938491
----------------
MURUARTE 400
Capacidad MGES en RdT (MW): 538.0
Capacidad MPE en RdT (MW): 538.0</description>
				<styleUrl>#2859</styleUrl>
				<Point id="2857">
					<coordinates>-1.6541981938491,42.6695214281369,0</coordinates>
				</Point>
			</Placemark>
			<Placemark id="2868">
				<name>NARCEA 400</name>
				<description>Nudo de transporte
----------------
Latitud: 43.29344325
Longitud: -6.393732409
----------------
NARCEA 400
Capacidad MGES en RdT (MW): 357.0
Capacidad MPE en RdT (MW): 252.0</description>
				<styleUrl>#2869</styleUrl>
				<Point id="2867">
					<coordinates>-6.393732409,43.29344325,0</coordinates>
				</Point>
			</Placemark>
			<Placemark id="2878">
				<name>NOVELDA 220</name>
				<description>Nudo de transporte
----------------
Latitud: 38.37456499500121
Longitud: -0.7568672742062339
----------------
NOVELDA 220
Capacidad MGES en RdT (MW): 501.0
Capacidad MPE en RdT (MW): 334.0</description>
				<styleUrl>#2879</styleUrl>
				<Point id="2877">
					<coordinates>-0.7568672742062339,38.37456499500121,0</coordinates>
				</Point>
			</Placemark>
			<Placemark id="2888">
				<name>NUEVA CASARES 220</name>
				<description>Nudo de transporte
----------------
Latitud: 36.4054992739786
Longitud: -5.22002765022722
----------------
NUEVA CASARES 220
Capacidad MGES en RdT (MW): 331.0
Capacidad MPE en RdT (MW): 331.0</description>
				<styleUrl>#2889</styleUrl>
				<Point id="2887">
					<coordinates>-5.22002765022722,36.4054992739786,0</coordinates>
				</Point>
			</Placemark>
			<Placemark id="2908">
				<name>NUEVO CAUCE 220</name>
				<description>Nudo de transporte
----------------
Latitud: 39.4557174506627
Longitud: -0.391813113659011
----------------
NUEVO CAUCE 220
Capacidad MGES en RdT (MW): 275.0
Capacidad MPE en RdT (MW): 275.0</description>
				<styleUrl>#2909</styleUrl>
				<Point id="2907">
					<coordinates>-0.391813113659011,39.4557174506627,0</coordinates>
				</Point>
			</Placemark>
			<Placemark id="2918">
				<name>O INCIO 220</name>
				<description>Nudo de transporte
----------------
Latitud: 43.5917407292118
Longitud: -7.45689194855749
----------------
O INCIO 220
Capacidad MGES en RdT (MW): 575.0
Capacidad MPE en RdT (MW): 542.0</description>
				<styleUrl>#2919</styleUrl>
				<Point id="2917">
					<coordinates>-7.456891948557491,43.5917407292118,0</coordinates>
				</Point>
			</Placemark>
			<Placemark id="2928">
				<name>OLIVARES 220</name>
				<description>Nudo de transporte
----------------
Latitud: 37.7990117234889
Longitud: -3.80119290991001
----------------
OLIVARES 220
Capacidad MGES en RdT (MW): 512.0
Capacidad MPE en RdT (MW): 512.0</description>
				<styleUrl>#2929</styleUrl>
				<Point id="2927">
					<coordinates>-3.80119290991001,37.7990117234889,0</coordinates>
				</Point>
			</Placemark>
			<Placemark id="2943">
				<name>OLMEDILLA 220</name>
				<description>Nudo de transporte
----------------
Latitud: 39.6386424148129
Longitud: -2.0842578679199497
----------------
OLMEDILLA 220
Capacidad MGES en RdT (MW): 489.0
Capacidad MPE en RdT (MW): 366.0</description>
				<styleUrl>#2944</styleUrl>
				<Point id="2942">
					<coordinates>-2.08425786791995,39.6386424148129,0</coordinates>
				</Point>
			</Placemark>
			<Placemark id="2948">
				<name>OLMEDO 400</name>
				<description>Nudo de transporte
----------------
Latitud: 41.3200150707064
Longitud: -4.72704311603336
----------------
OLMEDO 400
Capacidad MGES en RdT (MW): 464.0
Capacidad MPE en RdT (MW): 464.0</description>
				<styleUrl>#2949</styleUrl>
				<Point id="2947">
					<coordinates>-4.72704311603336,41.3200150707064,0</coordinates>
				</Point>
			</Placemark>
			<Placemark id="2978">
				<name>ORMAIZTEGUI 220</name>
				<description>Nudo de transporte
----------------
Latitud: 43.0437455882771
Longitud: -2.2418446639475
----------------
ORMAIZTEGUI 220
Capacidad MGES en RdT (MW): 584.0
Capacidad MPE en RdT (MW): 584.0</description>
				<styleUrl>#2979</styleUrl>
				<Point id="2977">
					<coordinates>-2.2418446639475,43.0437455882771,0</coordinates>
				</Point>
			</Placemark>
			<Placemark id="2993">
				<name>OTERO 220</name>
				<description>Nudo de transporte
----------------
Latitud: 40.80277456996174
Longitud: -4.208993459980609
----------------
OTERO 220
Capacidad MGES en RdT (MW): 239.0
Capacidad MPE en RdT (MW): 198.0</description>
				<styleUrl>#2994</styleUrl>
				<Point id="2992">
					<coordinates>-4.208993459980609,40.80277456996174,0</coordinates>
				</Point>
			</Placemark>
			<Placemark id="3008">
				<name>PALENCIA 220</name>
				<description>Nudo de transporte
----------------
Latitud: 41.9989278566746
Longitud: -4.49938778148723
----------------
PALENCIA 220
Capacidad MGES en RdT (MW): 819.0
Capacidad MPE en RdT (MW): 485.0</description>
				<styleUrl>#3009</styleUrl>
				<Point id="3007">
					<coordinates>-4.49938778148723,41.9989278566746,0</coordinates>
				</Point>
			</Placemark>
			<Placemark id="3018">
				<name>PALOS 400</name>
				<description>Nudo de transporte
----------------
Latitud: 37.1847271954455
Longitud: -6.88280789534014
----------------
PALOS 400
Capacidad MGES en RdT (MW): 183.0
Capacidad MPE en RdT (MW): 183.0</description>
				<styleUrl>#3019</styleUrl>
				<Point id="3017">
					<coordinates>-6.882807895340141,37.1847271954455,0</coordinates>
				</Point>
			</Placemark>
			<Placemark id="3023">
				<name>PALOS 220</name>
				<description>Nudo de transporte
----------------
Latitud: 37.1847271954455
Longitud: -6.882707895340141
----------------
PALOS 220
Capacidad MGES en RdT (MW): 183.0
Capacidad MPE en RdT (MW): 183.0</description>
				<styleUrl>#3024</styleUrl>
				<Point id="3022">
					<coordinates>-6.882707895340141,37.1847271954455,0</coordinates>
				</Point>
			</Placemark>
			<Placemark id="3033">
				<name>PARLA 220</name>
				<description>Nudo de transporte
----------------
Latitud: 40.2224993146806
Longitud: -3.76511436026335
----------------
PARLA 220
Capacidad MGES en RdT (MW): 206.0
Capacidad MPE en RdT (MW): 206.0</description>
				<styleUrl>#3034</styleUrl>
				<Point id="3032">
					<coordinates>-3.76511436026335,40.2224993146806,0</coordinates>
				</Point>
			</Placemark>
			<Placemark id="3038">
				<name>PARQUE CENTRAL 220</name>
				<description>Nudo de transporte
----------------
Latitud: 39.4487069995154
Longitud: -0.404441990022503
----------------
PARQUE CENTRAL 220
Capacidad MGES en RdT (MW): 325.0
Capacidad MPE en RdT (MW): 325.0</description>
				<styleUrl>#3039</styleUrl>
				<Point id="3037">
					<coordinates>-0.404441990022503,39.4487069995154,0</coordinates>
				</Point>
			</Placemark>
			<Placemark id="3043">
				<name>PARQUE EOLICO DO SIL 220</name>
				<description>Nudo de transporte
----------------
Latitud: 42.3578949206001
Longitud: -7.63625632857587
----------------
PARQUE EOLICO DO SIL 220
Capacidad MGES en RdT (MW): 379.0
Capacidad MPE en RdT (MW): 343.0</description>
				<styleUrl>#3044</styleUrl>
				<Point id="3042">
					<coordinates>-7.63625632857587,42.3578949206001,0</coordinates>
				</Point>
			</Placemark>
			<Placemark id="3053">
				<name>PATRAIX 220</name>
				<description>Nudo de transporte
----------------
Latitud: 39.4557287266265
Longitud: -0.391914490274345
----------------
PATRAIX 220
Capacidad MGES en RdT (MW): 230.0
Capacidad MPE en RdT (MW): 161.0</description>
				<styleUrl>#3054</styleUrl>
				<Point id="3052">
					<coordinates>-0.3919144902743449,39.4557287266265,0</coordinates>
				</Point>
			</Placemark>
			<Placemark id="3058">
				<name>PAZOS DE BORBEN 220</name>
				<description>Nudo de transporte
----------------
Latitud: 42.26313025
Longitud: -8.589932989
----------------
PAZOS DE BORBEN 220
Capacidad MGES en RdT (MW): 194.0
Capacidad MPE en RdT (MW): 194.0</description>
				<styleUrl>#3059</styleUrl>
				<Point id="3057">
					<coordinates>-8.589932988999999,42.26313025,0</coordinates>
				</Point>
			</Placemark>
			<Placemark id="3083">
				<name>PEÑAFLOR 400</name>
				<description>Nudo de transporte
----------------
Latitud: 41.722226188167895
Longitud: -0.7418944640397926
----------------
PEÑAFLOR 400
Capacidad MGES en RdT (MW): 138.0
Capacidad MPE en RdT (MW): 138.0</description>
				<styleUrl>#3084</styleUrl>
				<Point id="3082">
					<coordinates>-0.7418944640397925,41.72222618816789,0</coordinates>
				</Point>
			</Placemark>
			<Placemark id="3088">
				<name>PEÑAFLOR 220</name>
				<description>Nudo de transporte
----------------
Latitud: 41.722226188167895
Longitud: -0.7417944640397927
----------------
PEÑAFLOR 220
Capacidad MGES en RdT (MW): 224.0
Capacidad MPE en RdT (MW): 224.0</description>
				<styleUrl>#3089</styleUrl>
				<Point id="3087">
					<coordinates>-0.7417944640397927,41.72222618816789,0</coordinates>
				</Point>
			</Placemark>
			<Placemark id="3098">
				<name>PEÑALBA 220</name>
				<description>Nudo de transporte
----------------
Latitud: 41.525778711555
Longitud: -0.10032233753381399
----------------
PEÑALBA 220
Capacidad MGES en RdT (MW): 829.0
Capacidad MPE en RdT (MW): 829.0</description>
				<styleUrl>#3099</styleUrl>
				<Point id="3097">
					<coordinates>-0.100322337533814,41.525778711555,0</coordinates>
				</Point>
			</Placemark>
			<Placemark id="3118">
				<name>PICON 220</name>
				<description>Nudo de transporte
----------------
Latitud: 39.0207511159921
Longitud: -4.10795783026697
----------------
PICON 220
Capacidad MGES en RdT (MW): 926.0
Capacidad MPE en RdT (MW): 205.0</description>
				<styleUrl>#3119</styleUrl>
				<Point id="3117">
					<coordinates>-4.10795783026697,39.0207511159921,0</coordinates>
				</Point>
			</Placemark>
			<Placemark id="3133">
				<name>PILAR, EL 220</name>
				<description>Nudo de transporte
----------------
Latitud: 40.4738408361663
Longitud: -3.70068903302339
----------------
PILAR, EL 220
Capacidad MGES en RdT (MW): 318.0
Capacidad MPE en RdT (MW): 294.0</description>
				<styleUrl>#3134</styleUrl>
				<Point id="3132">
					<coordinates>-3.70068903302339,40.4738408361663,0</coordinates>
				</Point>
			</Placemark>
			<Placemark id="3138">
				<name>PINAR DE REY 400</name>
				<description>Nudo de transporte
----------------
Latitud: 36.24973632
Longitud: -5.411759543
----------------
PINAR DE REY 400
Capacidad MGES en RdT (MW): 316.0
Capacidad MPE en RdT (MW): 316.0</description>
				<styleUrl>#3139</styleUrl>
				<Point id="3137">
					<coordinates>-5.411759543,36.24973632,0</coordinates>
				</Point>
			</Placemark>
			<Placemark id="3148">
				<name>PINAR DE REY B 220</name>
				<description>Nudo de transporte
----------------
Latitud: 36.2483365823875
Longitud: -5.41220951299503
----------------
PINAR DE REY B 220
Capacidad MGES en RdT (MW): 1071.0
Capacidad MPE en RdT (MW): 5.0</description>
				<styleUrl>#3149</styleUrl>
				<Point id="3147">
					<coordinates>-5.41220951299503,36.2483365823875,0</coordinates>
				</Point>
			</Placemark>
			<Placemark id="3153">
				<name>PINTO 220</name>
				<description>Nudo de transporte
----------------
Latitud: 40.2536007632691
Longitud: -3.74036209727639
----------------
PINTO 220
Capacidad MGES en RdT (MW): 206.0
Capacidad MPE en RdT (MW): 206.0</description>
				<styleUrl>#3154</styleUrl>
				<Point id="3152">
					<coordinates>-3.74036209727639,40.2536007632691,0</coordinates>
				</Point>
			</Placemark>
			<Placemark id="3168">
				<name>PLATEA 400</name>
				<description>Nudo de transporte
----------------
Latitud: 404601.0
Longitud: -10798.0
----------------
PLATEA 400
Capacidad MGES en RdT (MW): 453.0
Capacidad MPE en RdT (MW): 453.0</description>
				<styleUrl>#3169</styleUrl>
				<Point id="3167">
					<coordinates>-10798,32400,0</coordinates>
				</Point>
			</Placemark>
			<Placemark id="3183">
				<name>POBLA 220</name>
				<description>Nudo de transporte
----------------
Latitud: 42.24995327838646
Longitud: 0.972513087054951
----------------
POBLA 220
Capacidad MGES en RdT (MW): 473.0
Capacidad MPE en RdT (MW): 473.0</description>
				<styleUrl>#3184</styleUrl>
				<Point id="3182">
					<coordinates>0.972513087054951,42.24995327838646,0</coordinates>
				</Point>
			</Placemark>
			<Placemark id="3188">
				<name>POLA DE GORDON 400</name>
				<description>Nudo de transporte
----------------
Latitud: 42.8474168121021
Longitud: -5.66881054498703
----------------
POLA DE GORDON 400
Capacidad MGES en RdT (MW): 494.0
Capacidad MPE en RdT (MW): 494.0</description>
				<styleUrl>#3189</styleUrl>
				<Point id="3187">
					<coordinates>-5.66881054498703,42.8474168121021,0</coordinates>
				</Point>
			</Placemark>
			<Placemark id="3243">
				<name>PORTODEMOUROS 220</name>
				<description>Nudo de transporte
----------------
Latitud: 42.8556646
Longitud: -8.188499931
----------------
PORTODEMOUROS 220
Capacidad MGES en RdT (MW): 339.0
Capacidad MPE en RdT (MW): 161.0</description>
				<styleUrl>#3244</styleUrl>
				<Point id="3242">
					<coordinates>-8.188499931000001,42.8556646,0</coordinates>
				</Point>
			</Placemark>
			<Placemark id="3258">
				<name>PRADILLOS 220</name>
				<description>Nudo de transporte
----------------
Latitud: 40.1320750145787
Longitud: -3.8203561740094
----------------
PRADILLOS 220
Capacidad MGES en RdT (MW): 206.0
Capacidad MPE en RdT (MW): 206.0</description>
				<styleUrl>#3259</styleUrl>
				<Point id="3257">
					<coordinates>-3.820356174009401,40.1320750145787,0</coordinates>
				</Point>
			</Placemark>
			<Placemark id="3273">
				<name>PTE.SAN FERNANDO 220</name>
				<description>Nudo de transporte
----------------
Latitud: 40.4497706955283
Longitud: -3.51445237068973
----------------
PTE.SAN FERNANDO 220
Capacidad MGES en RdT (MW): 256.0
Capacidad MPE en RdT (MW): 256.0</description>
				<styleUrl>#3274</styleUrl>
				<Point id="3272">
					<coordinates>-3.51445237068973,40.4497706955283,0</coordinates>
				</Point>
			</Placemark>
			<Placemark id="3293">
				<name>PUENTE BIBEY 220</name>
				<description>Nudo de transporte
----------------
Latitud: 42.3145250183488
Longitud: -7.22313371707627
----------------
PUENTE BIBEY 220
Capacidad MGES en RdT (MW): 583.0
Capacidad MPE en RdT (MW): 583.0</description>
				<styleUrl>#3294</styleUrl>
				<Point id="3292">
					<coordinates>-7.22313371707627,42.3145250183488,0</coordinates>
				</Point>
			</Placemark>
			<Placemark id="3303">
				<name>PUENTE S.MIGUEL 220</name>
				<description>Nudo de transporte
----------------
Latitud: 43.3567710811046
Longitud: -4.07892561418008
----------------
PUENTE S.MIGUEL 220
Capacidad MGES en RdT (MW): 661.0
Capacidad MPE en RdT (MW): 661.0</description>
				<styleUrl>#3304</styleUrl>
				<Point id="3302">
					<coordinates>-4.07892561418008,43.3567710811046,0</coordinates>
				</Point>
			</Placemark>
			<Placemark id="3308">
				<name>PUENTELARRA 220</name>
				<description>Nudo de transporte
----------------
Latitud: 42.7565213050103
Longitud: -3.04829792026281
----------------
PUENTELARRA 220
Capacidad MGES en RdT (MW): 964.0
Capacidad MPE en RdT (MW): 964.0</description>
				<styleUrl>#3309</styleUrl>
				<Point id="3307">
					<coordinates>-3.04829792026281,42.7565213050103,0</coordinates>
				</Point>
			</Placemark>
			<Placemark id="3333">
				<name>PUERTO DE SANTA MARIA 220</name>
				<description>Nudo de transporte
----------------
Latitud: 36.6705728565899
Longitud: -6.30109678529008
----------------
PUERTO DE SANTA MARIA 220
Capacidad MGES en RdT (MW): 288.0
Capacidad MPE en RdT (MW): 183.0</description>
				<styleUrl>#3334</styleUrl>
				<Point id="3332">
					<coordinates>-6.301096785290081,36.6705728565899,0</coordinates>
				</Point>
			</Placemark>
			<Placemark id="3348">
				<name>PUERTO REAL 220</name>
				<description>Nudo de transporte
----------------
Latitud: 36.5179551060107
Longitud: -6.15522134954922
----------------
PUERTO REAL 220
Capacidad MGES en RdT (MW): 643.0
Capacidad MPE en RdT (MW): 243.0</description>
				<styleUrl>#3349</styleUrl>
				<Point id="3347">
					<coordinates>-6.15522134954922,36.5179551060107,0</coordinates>
				</Point>
			</Placemark>
			<Placemark id="3353">
				<name>PUERTOLLANO 220</name>
				<description>Nudo de transporte
----------------
Latitud: 38.6475223040751
Longitud: -4.12440434704997
----------------
PUERTOLLANO 220
Capacidad MGES en RdT (MW): 412.0
Capacidad MPE en RdT (MW): 412.0</description>
				<styleUrl>#3354</styleUrl>
				<Point id="3352">
					<coordinates>-4.12440434704997,38.6475223040751,0</coordinates>
				</Point>
			</Placemark>
			<Placemark id="3363">
				<name>PUJALT 220</name>
				<description>Nudo de transporte
----------------
Latitud: 41.6798180342161
Longitud: 1.44599112065731
----------------
PUJALT 220
Capacidad MGES en RdT (MW): 20.0
Capacidad MPE en RdT (MW): 20.0</description>
				<styleUrl>#3364</styleUrl>
				<Point id="3362">
					<coordinates>1.44599112065731,41.6798180342161,0</coordinates>
				</Point>
			</Placemark>
			<Placemark id="3373">
				<name>QUART DE POBLET 220</name>
				<description>Nudo de transporte
----------------
Latitud: 39.4805981836434
Longitud: -0.526655847183254
----------------
QUART DE POBLET 220
Capacidad MGES en RdT (MW): 113.0
Capacidad MPE en RdT (MW): 113.0</description>
				<styleUrl>#3374</styleUrl>
				<Point id="3372">
					<coordinates>-0.526655847183254,39.4805981836434,0</coordinates>
				</Point>
			</Placemark>
			<Placemark id="3378">
				<name>QUEL 220</name>
				<description>Nudo de transporte
----------------
Latitud: 42.2783848958438
Longitud: -2.01877064090762
----------------
QUEL 220
Capacidad MGES en RdT (MW): 217.0
Capacidad MPE en RdT (MW): 217.0</description>
				<styleUrl>#3379</styleUrl>
				<Point id="3377">
					<coordinates>-2.01877064090762,42.2783848958438,0</coordinates>
				</Point>
			</Placemark>
			<Placemark id="3388">
				<name>QUINTANA DE LA SERENA (LA SERENA) 400</name>
				<description>Nudo de transporte
----------------
Latitud: 38.7759984882673
Longitud: -5.70073878634746
----------------
QUINTANA DE LA SERENA (LA SERENA) 400
Capacidad MGES en RdT (MW): 881.0
Capacidad MPE en RdT (MW): 881.0</description>
				<styleUrl>#3389</styleUrl>
				<Point id="3387">
					<coordinates>-5.70073878634746,38.7759984882673,0</coordinates>
				</Point>
			</Placemark>
			<Placemark id="3408">
				<name>RENEDO 220</name>
				<description>Nudo de transporte
----------------
Latitud: 41.6434227716768
Longitud: -4.67790789064579
----------------
RENEDO 220
Capacidad MGES en RdT (MW): 180.0
Capacidad MPE en RdT (MW): 180.0</description>
				<styleUrl>#3409</styleUrl>
				<Point id="3407">
					<coordinates>-4.67790789064579,41.6434227716768,0</coordinates>
				</Point>
			</Placemark>
			<Placemark id="3418">
				<name>RETAMAR 220</name>
				<description>Nudo de transporte
----------------
Latitud: 40.3349314828014
Longitud: -3.72286028401824
----------------
RETAMAR 220
Capacidad MGES en RdT (MW): 483.0
Capacidad MPE en RdT (MW): 483.0</description>
				<styleUrl>#3419</styleUrl>
				<Point id="3417">
					<coordinates>-3.72286028401824,40.3349314828014,0</coordinates>
				</Point>
			</Placemark>
			<Placemark id="3443">
				<name>RIOCAYA 400</name>
				<description>Nudo de transporte
----------------
Latitud: 38.9172632734759
Longitud: -7.0032063161871
----------------
RIOCAYA 400
Capacidad MGES en RdT (MW): 2399.0
Capacidad MPE en RdT (MW): 421.0</description>
				<styleUrl>#3444</styleUrl>
				<Point id="3442">
					<coordinates>-7.003206316187101,38.9172632734759,0</coordinates>
				</Point>
			</Placemark>
			<Placemark id="3453">
				<name>ROBLA 400</name>
				<description>Nudo de transporte
----------------
Latitud: 42.79591216
Longitud: -5.632384357
----------------
ROBLA 400
Capacidad MGES en RdT (MW): 1373.0
Capacidad MPE en RdT (MW): 664.0</description>
				<styleUrl>#3454</styleUrl>
				<Point id="3452">
					<coordinates>-5.632384357,42.79591216,0</coordinates>
				</Point>
			</Placemark>
			<Placemark id="3463">
				<name>ROCIO 220</name>
				<description>Nudo de transporte
----------------
Latitud: 37.1443946688536
Longitud: -6.49358083821346
----------------
ROCIO 220
Capacidad MGES en RdT (MW): 514.0
Capacidad MPE en RdT (MW): 453.0</description>
				<styleUrl>#3464</styleUrl>
				<Point id="3462">
					<coordinates>-6.49358083821346,37.1443946688536,0</coordinates>
				</Point>
			</Placemark>
			<Placemark id="3468">
				<name>RODA DE ANDALUCIA 400</name>
				<description>Nudo de transporte
----------------
Latitud: 37.2549221155079
Longitud: -4.77718385585549
----------------
RODA DE ANDALUCIA 400
Capacidad MGES en RdT (MW): 657.0
Capacidad MPE en RdT (MW): 293.0</description>
				<styleUrl>#3469</styleUrl>
				<Point id="3467">
					<coordinates>-4.77718385585549,37.2549221155079,0</coordinates>
				</Point>
			</Placemark>
			<Placemark id="3473">
				<name>ROJALES 220</name>
				<description>Nudo de transporte
----------------
Latitud: 38.0561281100687
Longitud: -0.736859260181419
----------------
ROJALES 220
Capacidad MGES en RdT (MW): 193.0
Capacidad MPE en RdT (MW): 193.0</description>
				<styleUrl>#3474</styleUrl>
				<Point id="3472">
					<coordinates>-0.736859260181419,38.0561281100687,0</coordinates>
				</Point>
			</Placemark>
			<Placemark id="3483">
				<name>RONDA 400</name>
				<description>Nudo de transporte
----------------
Latitud: 36.7607731736708
Longitud: -5.13027932336904
----------------
RONDA 400
Capacidad MGES en RdT (MW): 666.0
Capacidad MPE en RdT (MW): 666.0</description>
				<styleUrl>#3484</styleUrl>
				<Point id="3482">
					<coordinates>-5.13027932336904,36.7607731736708,0</coordinates>
				</Point>
			</Placemark>
			<Placemark id="3493">
				<name>RUBI 220</name>
				<description>Nudo de transporte
----------------
Latitud: 41.47269244438
Longitud: 2.0105766721355303
----------------
RUBI 220
Capacidad MGES en RdT (MW): 441.0
Capacidad MPE en RdT (MW): 441.0</description>
				<styleUrl>#3494</styleUrl>
				<Point id="3492">
					<coordinates>2.01057667213553,41.47269244438,0</coordinates>
				</Point>
			</Placemark>
			<Placemark id="3503">
				<name>RUEDA DE JALON 400</name>
				<description>Nudo de transporte
----------------
Latitud: 41.6497435655755
Longitud: -1.29645163663407
----------------
RUEDA DE JALON 400
Capacidad MGES en RdT (MW): 1030.0
Capacidad MPE en RdT (MW): 971.0</description>
				<styleUrl>#3504</styleUrl>
				<Point id="3502">
					<coordinates>-1.29645163663407,41.6497435655755,0</coordinates>
				</Point>
			</Placemark>
			<Placemark id="3543">
				<name>SAGRAJAS 400</name>
				<description>Nudo de transporte
----------------
Latitud: 38.9300324676812
Longitud: -6.72132470676354
----------------
SAGRAJAS 400
Capacidad MGES en RdT (MW): 2399.0
Capacidad MPE en RdT (MW): 519.0</description>
				<styleUrl>#3544</styleUrl>
				<Point id="3542">
					<coordinates>-6.72132470676354,38.9300324676812,0</coordinates>
				</Point>
			</Placemark>
			<Placemark id="3568">
				<name>SALAS 400</name>
				<description>Nudo de transporte
----------------
Latitud: 43.3665149444746
Longitud: -6.30193134268915
----------------
SALAS 400
Capacidad MGES en RdT (MW): 357.0
Capacidad MPE en RdT (MW): 318.0</description>
				<styleUrl>#3569</styleUrl>
				<Point id="3567">
					<coordinates>-6.30193134268915,43.3665149444746,0</coordinates>
				</Point>
			</Placemark>
			<Placemark id="3573">
				<name>SALERES 220</name>
				<description>Nudo de transporte
----------------
Latitud: 36.9619867437717
Longitud: -3.61328103297504
----------------
SALERES 220
Capacidad MGES en RdT (MW): 439.0
Capacidad MPE en RdT (MW): 439.0</description>
				<styleUrl>#3574</styleUrl>
				<Point id="3572">
					<coordinates>-3.61328103297504,36.9619867437717,0</coordinates>
				</Point>
			</Placemark>
			<Placemark id="3588">
				<name>SALTERAS 220</name>
				<description>Nudo de transporte
----------------
Latitud: 37.48171342
Longitud: -6.069896004
----------------
SALTERAS 220
Capacidad MGES en RdT (MW): 253.0
Capacidad MPE en RdT (MW): 253.0</description>
				<styleUrl>#3589</styleUrl>
				<Point id="3587">
					<coordinates>-6.069896003999999,37.48171342,0</coordinates>
				</Point>
			</Placemark>
			<Placemark id="3613">
				<name>SAN CAYETANO 220</name>
				<description>Nudo de transporte
----------------
Latitud: 42.8913141061529
Longitud: -8.53210062975678
----------------
SAN CAYETANO 220
Capacidad MGES en RdT (MW): 373.0
Capacidad MPE en RdT (MW): 373.0</description>
				<styleUrl>#3614</styleUrl>
				<Point id="3612">
					<coordinates>-8.53210062975678,42.8913141061529,0</coordinates>
				</Point>
			</Placemark>
			<Placemark id="3618">
				<name>SAN ESTEBAN 220</name>
				<description>Nudo de transporte
----------------
Latitud: 42.4143785317052
Longitud: -7.65326802327497
----------------
SAN ESTEBAN 220
Capacidad MGES en RdT (MW): 422.0
Capacidad MPE en RdT (MW): 422.0</description>
				<styleUrl>#3619</styleUrl>
				<Point id="3617">
					<coordinates>-7.65326802327497,42.4143785317052,0</coordinates>
				</Point>
			</Placemark>
			<Placemark id="3628">
				<name>SAN FERNANDO 220</name>
				<description>Nudo de transporte
----------------
Latitud: 40.4497301319889
Longitud: -3.51443922847748
----------------
SAN FERNANDO 220
Capacidad MGES en RdT (MW): 256.0
Capacidad MPE en RdT (MW): 256.0</description>
				<styleUrl>#3629</styleUrl>
				<Point id="3627">
					<coordinates>-3.514439228477479,40.4497301319889,0</coordinates>
				</Point>
			</Placemark>
			<Placemark id="3673">
				<name>SAN MIGUEL DE SALINAS 220</name>
				<description>Nudo de transporte
----------------
Latitud: 38.0002797555576
Longitud: -0.765408994349349
----------------
SAN MIGUEL DE SALINAS 220
Capacidad MGES en RdT (MW): 451.0
Capacidad MPE en RdT (MW): 426.0</description>
				<styleUrl>#3674</styleUrl>
				<Point id="3672">
					<coordinates>-0.7654089943493489,38.0002797555576,0</coordinates>
				</Point>
			</Placemark>
			<Placemark id="3678">
				<name>SAN MIGUEL DE SALINAS B 220</name>
				<description>Nudo de transporte
----------------
Latitud: 38.0002797555576
Longitud: -0.765408994349349
----------------
SAN MIGUEL DE SALINAS B 220
Capacidad MGES en RdT (MW): 451.0
Capacidad MPE en RdT (MW): 257.0</description>
				<styleUrl>#3679</styleUrl>
				<Point id="3677">
					<coordinates>-0.7654089943493489,38.0002797555576,0</coordinates>
				</Point>
			</Placemark>
			<Placemark id="3683">
				<name>SAN PEDRO 220</name>
				<description>Nudo de transporte
----------------
Latitud: 42.4511057109662
Longitud: -7.71292112600073
----------------
SAN PEDRO 220
Capacidad MGES en RdT (MW): 267.0
Capacidad MPE en RdT (MW): 267.0</description>
				<styleUrl>#3684</styleUrl>
				<Point id="3682">
					<coordinates>-7.71292112600073,42.4511057109662,0</coordinates>
				</Point>
			</Placemark>
			<Placemark id="3688">
				<name>SAN PEDRO DEL PINATAR 220</name>
				<description>Nudo de transporte
----------------
Latitud: 37.8590761739909
Longitud: -0.815204860155237
----------------
SAN PEDRO DEL PINATAR 220
Capacidad MGES en RdT (MW): 476.0
Capacidad MPE en RdT (MW): 98.0</description>
				<styleUrl>#3689</styleUrl>
				<Point id="3687">
					<coordinates>-0.815204860155237,37.8590761739909,0</coordinates>
				</Point>
			</Placemark>
			<Placemark id="3698">
				<name>SAN SERVAN 220</name>
				<description>Nudo de transporte
----------------
Latitud: 38.8067682190657
Longitud: -6.515803013857011
----------------
SAN SERVAN 220
Capacidad MGES en RdT (MW): 250.0
Capacidad MPE en RdT (MW): 250.0</description>
				<styleUrl>#3699</styleUrl>
				<Point id="3697">
					<coordinates>-6.515803013857011,38.8067682190657,0</coordinates>
				</Point>
			</Placemark>
			<Placemark id="3703">
				<name>SAN VICENTE 220</name>
				<description>Nudo de transporte
----------------
Latitud: 38.3967413089678
Longitud: -0.538091188851965
----------------
SAN VICENTE 220
Capacidad MGES en RdT (MW): 403.0
Capacidad MPE en RdT (MW): 403.0</description>
				<styleUrl>#3704</styleUrl>
				<Point id="3702">
					<coordinates>-0.5380911888519651,38.3967413089678,0</coordinates>
				</Point>
			</Placemark>
			<Placemark id="3708">
				<name>SANCHINARRO 220</name>
				<description>Nudo de transporte
----------------
Latitud: 40.490718422423
Longitud: -3.66052715061437
----------------
SANCHINARRO 220
Capacidad MGES en RdT (MW): 318.0
Capacidad MPE en RdT (MW): 315.0</description>
				<styleUrl>#3709</styleUrl>
				<Point id="3707">
					<coordinates>-3.66052715061437,40.490718422423,0</coordinates>
				</Point>
			</Placemark>
			<Placemark id="3733">
				<name>SANT CELONI 220</name>
				<description>Nudo de transporte
----------------
Latitud: 41.7066696342556
Longitud: 2.47077973053358
----------------
SANT CELONI 220
Capacidad MGES en RdT (MW): 755.0
Capacidad MPE en RdT (MW): 755.0</description>
				<styleUrl>#3734</styleUrl>
				<Point id="3732">
					<coordinates>2.47077973053358,41.7066696342556,0</coordinates>
				</Point>
			</Placemark>
			<Placemark id="3748">
				<name>SANT JUST 220</name>
				<description>Nudo de transporte
----------------
Latitud: 41.3923601632779
Longitud: 2.079436083366
----------------
SANT JUST 220
Capacidad MGES en RdT (MW): 320.0
Capacidad MPE en RdT (MW): 157.0</description>
				<styleUrl>#3749</styleUrl>
				<Point id="3747">
					<coordinates>2.079436083366,41.3923601632779,0</coordinates>
				</Point>
			</Placemark>
			<Placemark id="3773">
				<name>SANTA ENGRACIA 400</name>
				<description>Nudo de transporte
----------------
Latitud: 42.3476785711182
Longitud: -2.26405818830053
----------------
SANTA ENGRACIA 400
Capacidad MGES en RdT (MW): 1481.0
Capacidad MPE en RdT (MW): 1126.0</description>
				<styleUrl>#3774</styleUrl>
				<Point id="3772">
					<coordinates>-2.26405818830053,42.3476785711182,0</coordinates>
				</Point>
			</Placemark>
			<Placemark id="3778">
				<name>SANTA ENGRACIA 220</name>
				<description>Nudo de transporte
----------------
Latitud: 42.3476785711182
Longitud: -2.26395818830053
----------------
SANTA ENGRACIA 220
Capacidad MGES en RdT (MW): 221.0
Capacidad MPE en RdT (MW): 221.0</description>
				<styleUrl>#3779</styleUrl>
				<Point id="3777">
					<coordinates>-2.26395818830053,42.3476785711182,0</coordinates>
				</Point>
			</Placemark>
			<Placemark id="3788">
				<name>SANTA LLOGAIA 400</name>
				<description>Nudo de transporte
----------------
Latitud: 42.22988146453858
Longitud: 2.9459543859561235
----------------
SANTA LLOGAIA 400
Capacidad MGES en RdT (MW): 1731.0
Capacidad MPE en RdT (MW): 909.0</description>
				<styleUrl>#3789</styleUrl>
				<Point id="3787">
					<coordinates>2.945954385956123,42.22988146453858,0</coordinates>
				</Point>
			</Placemark>
			<Placemark id="3798">
				<name>SANTA MARIA DE GRADO 400</name>
				<description>Nudo de transporte
----------------
Latitud: 43.38852884
Longitud: -5.995217011
----------------
SANTA MARIA DE GRADO 400
Capacidad MGES en RdT (MW): 715.0
Capacidad MPE en RdT (MW): 715.0</description>
				<styleUrl>#3799</styleUrl>
				<Point id="3797">
					<coordinates>-5.995217011000001,43.38852884,0</coordinates>
				</Point>
			</Placemark>
			<Placemark id="3803">
				<name>SANTA MARINA 220</name>
				<description>Nudo de transporte
----------------
Latitud: 42.66985196441
Longitud: -6.51312240165384
----------------
SANTA MARINA 220
Capacidad MGES en RdT (MW): 50.0
Capacidad MPE en RdT (MW): 50.0</description>
				<styleUrl>#3804</styleUrl>
				<Point id="3802">
					<coordinates>-6.51312240165384,42.66985196441,0</coordinates>
				</Point>
			</Placemark>
			<Placemark id="3808">
				<name>SANTA POLA 220</name>
				<description>Nudo de transporte
----------------
Latitud: 38.21871248914502
Longitud: -0.5551798790762557
----------------
SANTA POLA 220
Capacidad MGES en RdT (MW): 631.0
Capacidad MPE en RdT (MW): 252.0</description>
				<styleUrl>#3809</styleUrl>
				<Point id="3807">
					<coordinates>-0.5551798790762557,38.21871248914502,0</coordinates>
				</Point>
			</Placemark>
			<Placemark id="3833">
				<name>SANTIAGO 220</name>
				<description>Nudo de transporte
----------------
Latitud: 42.3925948822058
Longitud: -7.08927606646429
----------------
SANTIAGO 220
Capacidad MGES en RdT (MW): 426.0
Capacidad MPE en RdT (MW): 426.0</description>
				<styleUrl>#3834</styleUrl>
				<Point id="3832">
					<coordinates>-7.08927606646429,42.3925948822058,0</coordinates>
				</Point>
			</Placemark>
			<Placemark id="3838">
				<name>SANTIAGO DE COMPOSTELA 220</name>
				<description>Nudo de transporte
----------------
Latitud: 42.8542854544722
Longitud: -8.5783729978979
----------------
SANTIAGO DE COMPOSTELA 220
Capacidad MGES en RdT (MW): 632.0
Capacidad MPE en RdT (MW): 597.0</description>
				<styleUrl>#3839</styleUrl>
				<Point id="3837">
					<coordinates>-8.578372997897899,42.8542854544722,0</coordinates>
				</Point>
			</Placemark>
			<Placemark id="3843">
				<name>SANTIPONCE 220</name>
				<description>Nudo de transporte
----------------
Latitud: 37.4255859543267
Longitud: -6.03973740310214
----------------
SANTIPONCE 220
Capacidad MGES en RdT (MW): 244.0
Capacidad MPE en RdT (MW): 244.0</description>
				<styleUrl>#3844</styleUrl>
				<Point id="3842">
					<coordinates>-6.03973740310214,37.4255859543267,0</coordinates>
				</Point>
			</Placemark>
			<Placemark id="3863">
				<name>SAUCELLE 220</name>
				<description>Nudo de transporte
----------------
Latitud: 41.0436949743835
Longitud: -6.80709978071979
----------------
SAUCELLE 220
Capacidad MGES en RdT (MW): 150.0
Capacidad MPE en RdT (MW): 150.0</description>
				<styleUrl>#3864</styleUrl>
				<Point id="3862">
					<coordinates>-6.80709978071979,41.0436949743835,0</coordinates>
				</Point>
			</Placemark>
			<Placemark id="3878">
				<name>SEGOVIA 400</name>
				<description>Nudo de transporte
----------------
Latitud: 40.9399801119084
Longitud: -4.16528877438507
----------------
SEGOVIA 400
Capacidad MGES en RdT (MW): 433.0
Capacidad MPE en RdT (MW): 433.0</description>
				<styleUrl>#3879</styleUrl>
				<Point id="3877">
					<coordinates>-4.16528877438507,40.9399801119084,0</coordinates>
				</Point>
			</Placemark>
			<Placemark id="3893">
				<name>SERNA 400</name>
				<description>Nudo de transporte
----------------
Latitud: 42.0976643909257
Longitud: -1.66745019295063
----------------
SERNA 400
Capacidad MGES en RdT (MW): 790.0
Capacidad MPE en RdT (MW): 790.0</description>
				<styleUrl>#3894</styleUrl>
				<Point id="3892">
					<coordinates>-1.66745019295063,42.0976643909257,0</coordinates>
				</Point>
			</Placemark>
			<Placemark id="3898">
				<name>SERNA 220</name>
				<description>Nudo de transporte
----------------
Latitud: 42.0976643909257
Longitud: -1.66735019295063
----------------
SERNA 220
Capacidad MGES en RdT (MW): 736.0
Capacidad MPE en RdT (MW): 413.0</description>
				<styleUrl>#3899</styleUrl>
				<Point id="3897">
					<coordinates>-1.66735019295063,42.0976643909257,0</coordinates>
				</Point>
			</Placemark>
			<Placemark id="3928">
				<name>SILLEDA 400</name>
				<description>Nudo de transporte
----------------
Latitud: 42.74685491
Longitud: -8.251267448
----------------
SILLEDA 400
Capacidad MGES en RdT (MW): 626.0
Capacidad MPE en RdT (MW): 626.0</description>
				<styleUrl>#3929</styleUrl>
				<Point id="3927">
					<coordinates>-8.251267448,42.74685491,0</coordinates>
				</Point>
			</Placemark>
			<Placemark id="3938">
				<name>SOBRADELO 220</name>
				<description>Nudo de transporte
----------------
Latitud: 42.4144121948374
Longitud: -6.9203898167295
----------------
SOBRADELO 220
Capacidad MGES en RdT (MW): 426.0
Capacidad MPE en RdT (MW): 426.0</description>
				<styleUrl>#3939</styleUrl>
				<Point id="3937">
					<coordinates>-6.9203898167295,42.4144121948374,0</coordinates>
				</Point>
			</Placemark>
			<Placemark id="3998">
				<name>SOTO DE RIBERA 400</name>
				<description>Nudo de transporte
----------------
Latitud: 43.3136470749752
Longitud: -5.88743229194212
----------------
SOTO DE RIBERA 400
Capacidad MGES en RdT (MW): 1023.0
Capacidad MPE en RdT (MW): 1023.0</description>
				<styleUrl>#3999</styleUrl>
				<Point id="3997">
					<coordinates>-5.88743229194212,43.3136470749752,0</coordinates>
				</Point>
			</Placemark>
			<Placemark id="4003">
				<name>SOTO DE RIBERA 220</name>
				<description>Nudo de transporte
----------------
Latitud: 43.3136470749752
Longitud: -5.88733229194212
----------------
SOTO DE RIBERA 220
Capacidad MGES en RdT (MW): 1036.0
Capacidad MPE en RdT (MW): 1036.0</description>
				<styleUrl>#4004</styleUrl>
				<Point id="4002">
					<coordinates>-5.88733229194212,43.3136470749752,0</coordinates>
				</Point>
			</Placemark>
			<Placemark id="4013">
				<name>SS.REYES 220</name>
				<description>Nudo de transporte
----------------
Latitud: 40.5652447569476
Longitud: -3.5963020951099898
----------------
SS.REYES 220
Capacidad MGES en RdT (MW): 280.0
Capacidad MPE en RdT (MW): 280.0</description>
				<styleUrl>#4014</styleUrl>
				<Point id="4012">
					<coordinates>-3.59630209510999,40.5652447569476,0</coordinates>
				</Point>
			</Placemark>
			<Placemark id="4018">
				<name>SS.REYES B 220</name>
				<description>Nudo de transporte
----------------
Latitud: 40.5653300233001
Longitud: -3.59647037981114
----------------
SS.REYES B 220
Capacidad MGES en RdT (MW): 862.0
Capacidad MPE en RdT (MW): 862.0</description>
				<styleUrl>#4019</styleUrl>
				<Point id="4017">
					<coordinates>-3.59647037981114,40.5653300233001,0</coordinates>
				</Point>
			</Placemark>
			<Placemark id="4028">
				<name>SUIDO 220</name>
				<description>Nudo de transporte
----------------
Latitud: 42.261041908166
Longitud: -8.269397068711
----------------
SUIDO 220
Capacidad MGES en RdT (MW): 194.0
Capacidad MPE en RdT (MW): 194.0</description>
				<styleUrl>#4029</styleUrl>
				<Point id="4027">
					<coordinates>-8.269397068710999,42.261041908166,0</coordinates>
				</Point>
			</Placemark>
			<Placemark id="4033">
				<name>TABARA 400</name>
				<description>Nudo de transporte
----------------
Latitud: 41.7595906806192
Longitud: -5.86180094343857
----------------
TABARA 400
Capacidad MGES en RdT (MW): 894.0
Capacidad MPE en RdT (MW): 878.0</description>
				<styleUrl>#4034</styleUrl>
				<Point id="4032">
					<coordinates>-5.86180094343857,41.7595906806192,0</coordinates>
				</Point>
			</Placemark>
			<Placemark id="4043">
				<name>TABERNAS 220</name>
				<description>Nudo de transporte
----------------
Latitud: 37.0712819944768
Longitud: -2.31229559063019
----------------
TABERNAS 220
Capacidad MGES en RdT (MW): 651.0
Capacidad MPE en RdT (MW): 369.0</description>
				<styleUrl>#4044</styleUrl>
				<Point id="4042">
					<coordinates>-2.31229559063019,37.0712819944768,0</coordinates>
				</Point>
			</Placemark>
			<Placemark id="4073">
				<name>TAJO ENCANTADA 400</name>
				<description>Nudo de transporte
----------------
Latitud: 36.8952583867718
Longitud: -4.74538063853621
----------------
TAJO ENCANTADA 400
Capacidad MGES en RdT (MW): 114.0
Capacidad MPE en RdT (MW): 114.0</description>
				<styleUrl>#4074</styleUrl>
				<Point id="4072">
					<coordinates>-4.74538063853621,36.8952583867718,0</coordinates>
				</Point>
			</Placemark>
			<Placemark id="4098">
				<name>TARRAGONA 220</name>
				<description>Nudo de transporte
----------------
Latitud: 41.1137554186843
Longitud: 1.19791570359427
----------------
TARRAGONA 220
Capacidad MGES en RdT (MW): 609.0
Capacidad MPE en RdT (MW): 509.0</description>
				<styleUrl>#4099</styleUrl>
				<Point id="4097">
					<coordinates>1.19791570359427,41.1137554186843,0</coordinates>
				</Point>
			</Placemark>
			<Placemark id="4113">
				<name>TERRER 400</name>
				<description>Nudo de transporte
----------------
Latitud: 41.3209498479482
Longitud: -1.70573567011044
----------------
TERRER 400
Capacidad MGES en RdT (MW): 888.0
Capacidad MPE en RdT (MW): 729.0</description>
				<styleUrl>#4114</styleUrl>
				<Point id="4112">
					<coordinates>-1.70573567011044,41.3209498479482,0</coordinates>
				</Point>
			</Placemark>
			<Placemark id="4133">
				<name>TIERRA DE CAMPOS (URUEÑA) 400</name>
				<description>Nudo de transporte
----------------
Latitud: 41.6951394473439
Longitud: -5.20213461039757
----------------
TIERRA DE CAMPOS (URUEÑA) 400
Capacidad MGES en RdT (MW): 973.0
Capacidad MPE en RdT (MW): 973.0</description>
				<styleUrl>#4134</styleUrl>
				<Point id="4132">
					<coordinates>-5.20213461039757,41.6951394473439,0</coordinates>
				</Point>
			</Placemark>
			<Placemark id="4143">
				<name>TOMELLOSO 400</name>
				<description>Nudo de transporte
----------------
Latitud: 39.17653683
Longitud: -3.026101102
----------------
TOMELLOSO 400
Capacidad MGES en RdT (MW): 1262.0
Capacidad MPE en RdT (MW): 1262.0</description>
				<styleUrl>#4144</styleUrl>
				<Point id="4142">
					<coordinates>-3.026101102000001,39.17653683,0</coordinates>
				</Point>
			</Placemark>
			<Placemark id="4163">
				<name>TORREARENILLAS 220</name>
				<description>Nudo de transporte
----------------
Latitud: 37.19314004
Longitud: -6.90187904
----------------
TORREARENILLAS 220
Capacidad MGES en RdT (MW): 612.0
Capacidad MPE en RdT (MW): 612.0</description>
				<styleUrl>#4164</styleUrl>
				<Point id="4162">
					<coordinates>-6.90187904,37.19314004,0</coordinates>
				</Point>
			</Placemark>
			<Placemark id="4168">
				<name>TORREJON 220</name>
				<description>Nudo de transporte
----------------
Latitud: 39.8357881405677
Longitud: -5.98968260589791
----------------
TORREJON 220
Capacidad MGES en RdT (MW): 155.0
Capacidad MPE en RdT (MW): 155.0</description>
				<styleUrl>#4169</styleUrl>
				<Point id="4167">
					<coordinates>-5.98968260589791,39.8357881405677,0</coordinates>
				</Point>
			</Placemark>
			<Placemark id="4173">
				<name>TORREJON DE VELASCO 400</name>
				<description>Nudo de transporte
----------------
Latitud: 40.17690104
Longitud: -3.745038598
----------------
TORREJON DE VELASCO 400
Capacidad MGES en RdT (MW): 390.0
Capacidad MPE en RdT (MW): 390.0</description>
				<styleUrl>#4174</styleUrl>
				<Point id="4172">
					<coordinates>-3.745038598,40.17690104,0</coordinates>
				</Point>
			</Placemark>
			<Placemark id="4178">
				<name>TORRELLANO 220</name>
				<description>Nudo de transporte
----------------
Latitud: 38.2994876902687
Longitud: -0.620381813249197
----------------
TORRELLANO 220
Capacidad MGES en RdT (MW): 631.0
Capacidad MPE en RdT (MW): 287.0</description>
				<styleUrl>#4179</styleUrl>
				<Point id="4177">
					<coordinates>-0.6203818132491969,38.2994876902687,0</coordinates>
				</Point>
			</Placemark>
			<Placemark id="4183">
				<name>TORREMENDO 400</name>
				<description>Nudo de transporte
----------------
Latitud: 37.9633451034377
Longitud: -0.897197282026506
----------------
TORREMENDO 400
Capacidad MGES en RdT (MW): 115.0
Capacidad MPE en RdT (MW): 115.0</description>
				<styleUrl>#4184</styleUrl>
				<Point id="4182">
					<coordinates>-0.8971972820265061,37.9633451034377,0</coordinates>
				</Point>
			</Placemark>
			<Placemark id="4203">
				<name>TORRENTE 220</name>
				<description>Nudo de transporte
----------------
Latitud: 39.4228963095508
Longitud: -0.455315553108807
----------------
TORRENTE 220
Capacidad MGES en RdT (MW): 325.0
Capacidad MPE en RdT (MW): 325.0</description>
				<styleUrl>#4204</styleUrl>
				<Point id="4202">
					<coordinates>-0.455315553108807,39.4228963095508,0</coordinates>
				</Point>
			</Placemark>
			<Placemark id="4213">
				<name>TORREVIEJA 220</name>
				<description>Nudo de transporte
----------------
Latitud: 37.9741501949385
Longitud: -0.699913763137962
----------------
TORREVIEJA 220
Capacidad MGES en RdT (MW): 451.0
Capacidad MPE en RdT (MW): 381.0</description>
				<styleUrl>#4214</styleUrl>
				<Point id="4212">
					<coordinates>-0.6999137631379621,37.9741501949385,0</coordinates>
				</Point>
			</Placemark>
			<Placemark id="4218">
				<name>TORRIJOS 220</name>
				<description>Nudo de transporte
----------------
Latitud: 39.99930547876
Longitud: -4.26952317717056
----------------
TORRIJOS 220
Capacidad MGES en RdT (MW): 256.0
Capacidad MPE en RdT (MW): 108.0</description>
				<styleUrl>#4219</styleUrl>
				<Point id="4217">
					<coordinates>-4.26952317717056,39.99930547876,0</coordinates>
				</Point>
			</Placemark>
			<Placemark id="4223">
				<name>TOTANA 400</name>
				<description>Nudo de transporte
----------------
Latitud: 37.76565634
Longitud: -1.445361319
----------------
TOTANA 400
Capacidad MGES en RdT (MW): 378.0
Capacidad MPE en RdT (MW): 260.0</description>
				<styleUrl>#4224</styleUrl>
				<Point id="4222">
					<coordinates>-1.445361319,37.76565634,0</coordinates>
				</Point>
			</Placemark>
			<Placemark id="4233">
				<name>TRES CANTOS 220</name>
				<description>Nudo de transporte
----------------
Latitud: 40.6174169310054
Longitud: -3.70492055728495
----------------
TRES CANTOS 220
Capacidad MGES en RdT (MW): 275.0
Capacidad MPE en RdT (MW): 275.0</description>
				<styleUrl>#4234</styleUrl>
				<Point id="4232">
					<coordinates>-3.70492055728495,40.6174169310054,0</coordinates>
				</Point>
			</Placemark>
			<Placemark id="4238">
				<name>TRES CANTOS GIS 220</name>
				<description>Nudo de transporte
----------------
Latitud: 40.616406491218
Longitud: -3.70580638933019
----------------
TRES CANTOS GIS 220
Capacidad MGES en RdT (MW): 275.0
Capacidad MPE en RdT (MW): 275.0</description>
				<styleUrl>#4239</styleUrl>
				<Point id="4237">
					<coordinates>-3.70580638933019,40.616406491218,0</coordinates>
				</Point>
			</Placemark>
			<Placemark id="4243">
				<name>TREVAGO 220</name>
				<description>Nudo de transporte
----------------
Latitud: 41.8731749996417
Longitud: -2.12156161367859
----------------
TREVAGO 220
Capacidad MGES en RdT (MW): 83.0
Capacidad MPE en RdT (MW): 0.0</description>
				<styleUrl>#4244</styleUrl>
				<Point id="4242">
					<coordinates>-2.12156161367859,41.8731749996417,0</coordinates>
				</Point>
			</Placemark>
			<Placemark id="4263">
				<name>TRIVES 400</name>
				<description>Nudo de transporte
----------------
Latitud: 42.3462223
Longitud: -7.280282792
----------------
TRIVES 400
Capacidad MGES en RdT (MW): 226.0
Capacidad MPE en RdT (MW): 226.0</description>
				<styleUrl>#4264</styleUrl>
				<Point id="4262">
					<coordinates>-7.280282792,42.3462223,0</coordinates>
				</Point>
			</Placemark>
			<Placemark id="4268">
				<name>TRIVES 220</name>
				<description>Nudo de transporte
----------------
Latitud: 42.3462223
Longitud: -7.280182792000001
----------------
TRIVES 220
Capacidad MGES en RdT (MW): 224.0
Capacidad MPE en RdT (MW): 224.0</description>
				<styleUrl>#4269</styleUrl>
				<Point id="4267">
					<coordinates>-7.280182792000001,42.3462223,0</coordinates>
				</Point>
			</Placemark>
			<Placemark id="4273">
				<name>TRUJILLO 220</name>
				<description>Nudo de transporte
----------------
Latitud: 39.4548667492461
Longitud: -5.89086613342341
----------------
TRUJILLO 220
Capacidad MGES en RdT (MW): 731.0
Capacidad MPE en RdT (MW): 213.0</description>
				<styleUrl>#4274</styleUrl>
				<Point id="4272">
					<coordinates>-5.89086613342341,39.4548667492461,0</coordinates>
				</Point>
			</Placemark>
			<Placemark id="4278">
				<name>TUDELA 220</name>
				<description>Nudo de transporte
----------------
Latitud: 42.0526024
Longitud: -1.614052949
----------------
TUDELA 220
Capacidad MGES en RdT (MW): 402.0
Capacidad MPE en RdT (MW): 402.0</description>
				<styleUrl>#4279</styleUrl>
				<Point id="4277">
					<coordinates>-1.614052949,42.0526024,0</coordinates>
				</Point>
			</Placemark>
			<Placemark id="4283">
				<name>UNINSA 220</name>
				<description>Nudo de transporte
----------------
Latitud: 43.5203268410576
Longitud: -5.72670203710567
----------------
UNINSA 220
Capacidad MGES en RdT (MW): 700.0
Capacidad MPE en RdT (MW): 393.0</description>
				<styleUrl>#4284</styleUrl>
				<Point id="4282">
					<coordinates>-5.72670203710567,43.5203268410576,0</coordinates>
				</Point>
			</Placemark>
			<Placemark id="4323">
				<name>VALLADOLID NUEVO 220</name>
				<description>Nudo de transporte
----------------
Latitud: 41.64779332921483
Longitud: -4.742852474585983
----------------
VALLADOLID NUEVO 220
Capacidad MGES en RdT (MW): 74.0
Capacidad MPE en RdT (MW): 74.0</description>
				<styleUrl>#4324</styleUrl>
				<Point id="4322">
					<coordinates>-4.742852474585983,41.64779332921483,0</coordinates>
				</Point>
			</Placemark>
			<Placemark id="4378">
				<name>VALPARAISO 220</name>
				<description>Nudo de transporte
----------------
Latitud: 41.9973478636664
Longitud: -6.27382490093115
----------------
VALPARAISO 220
Capacidad MGES en RdT (MW): 508.0
Capacidad MPE en RdT (MW): 508.0</description>
				<styleUrl>#4379</styleUrl>
				<Point id="4377">
					<coordinates>-6.273824900931151,41.9973478636664,0</coordinates>
				</Point>
			</Placemark>
			<Placemark id="4393">
				<name>VELILLA 400</name>
				<description>Nudo de transporte
----------------
Latitud: 42.8219427990526
Longitud: -4.85867097883297
----------------
VELILLA 400
Capacidad MGES en RdT (MW): 490.0
Capacidad MPE en RdT (MW): 490.0</description>
				<styleUrl>#4394</styleUrl>
				<Point id="4392">
					<coordinates>-4.85867097883297,42.8219427990526,0</coordinates>
				</Point>
			</Placemark>
			<Placemark id="4398">
				<name>VELLE 220</name>
				<description>Nudo de transporte
----------------
Latitud: 42.3578027896624
Longitud: -7.84871124816074
----------------
VELLE 220
Capacidad MGES en RdT (MW): 267.0
Capacidad MPE en RdT (MW): 267.0</description>
				<styleUrl>#4399</styleUrl>
				<Point id="4397">
					<coordinates>-7.84871124816074,42.3578027896624,0</coordinates>
				</Point>
			</Placemark>
			<Placemark id="4408">
				<name>VENTAS DEL BATAN 220</name>
				<description>Nudo de transporte
----------------
Latitud: 40.400895430236
Longitud: -3.76109991277967
----------------
VENTAS DEL BATAN 220
Capacidad MGES en RdT (MW): 492.0
Capacidad MPE en RdT (MW): 492.0</description>
				<styleUrl>#4409</styleUrl>
				<Point id="4407">
					<coordinates>-3.76109991277967,40.400895430236,0</coordinates>
				</Point>
			</Placemark>
			<Placemark id="4413">
				<name>VENTILLA 220</name>
				<description>Nudo de transporte
----------------
Latitud: 36.5572753067122
Longitud: -4.69610027680839
----------------
VENTILLA 220
Capacidad MGES en RdT (MW): 627.0
Capacidad MPE en RdT (MW): 450.0</description>
				<styleUrl>#4414</styleUrl>
				<Point id="4412">
					<coordinates>-4.69610027680839,36.5572753067122,0</coordinates>
				</Point>
			</Placemark>
			<Placemark id="4418">
				<name>VIC 400</name>
				<description>Nudo de transporte
----------------
Latitud: 41.957467071223
Longitud: 2.28215303973873
----------------
VIC 400
Capacidad MGES en RdT (MW): 806.0
Capacidad MPE en RdT (MW): 806.0</description>
				<styleUrl>#4419</styleUrl>
				<Point id="4417">
					<coordinates>2.28215303973873,41.957467071223,0</coordinates>
				</Point>
			</Placemark>
			<Placemark id="4423">
				<name>VIC 220</name>
				<description>Nudo de transporte
----------------
Latitud: 41.957467071223
Longitud: 2.2822530397387304
----------------
VIC 220
Capacidad MGES en RdT (MW): 648.0
Capacidad MPE en RdT (MW): 648.0</description>
				<styleUrl>#4424</styleUrl>
				<Point id="4422">
					<coordinates>2.28225303973873,41.957467071223,0</coordinates>
				</Point>
			</Placemark>
			<Placemark id="4433">
				<name>VILADECANS 220</name>
				<description>Nudo de transporte
----------------
Latitud: 41.3253548211217
Longitud: 2.028525749761768
----------------
VILADECANS 220
Capacidad MGES en RdT (MW): 714.0
Capacidad MPE en RdT (MW): 714.0</description>
				<styleUrl>#4434</styleUrl>
				<Point id="4432">
					<coordinates>2.028525749761768,41.3253548211217,0</coordinates>
				</Point>
			</Placemark>
			<Placemark id="4438">
				<name>VILADECANS B 220</name>
				<description>Nudo de transporte
----------------
Latitud: 41.3257502252132
Longitud: 2.02670103484663
----------------
VILADECANS B 220
Capacidad MGES en RdT (MW): 323.0
Capacidad MPE en RdT (MW): 323.0</description>
				<styleUrl>#4439</styleUrl>
				<Point id="4437">
					<coordinates>2.02670103484663,41.3257502252132,0</coordinates>
				</Point>
			</Placemark>
			<Placemark id="4448">
				<name>VILECHA 400</name>
				<description>Nudo de transporte
----------------
Latitud: 42.55274907812125
Longitud: -5.57552683624491
----------------
VILECHA 400
Capacidad MGES en RdT (MW): 632.0
Capacidad MPE en RdT (MW): 530.0</description>
				<styleUrl>#4449</styleUrl>
				<Point id="4447">
					<coordinates>-5.57552683624491,42.55274907812125,0</coordinates>
				</Point>
			</Placemark>
			<Placemark id="4458">
				<name>VILLALBILLA 400</name>
				<description>Nudo de transporte
----------------
Latitud: 42.3410939428276
Longitud: -3.78048526380387
----------------
VILLALBILLA 400
Capacidad MGES en RdT (MW): 1150.0
Capacidad MPE en RdT (MW): 1084.0</description>
				<styleUrl>#4459</styleUrl>
				<Point id="4457">
					<coordinates>-3.78048526380387,42.3410939428276,0</coordinates>
				</Point>
			</Placemark>
			<Placemark id="4463">
				<name>VILLALBILLA 220</name>
				<description>Nudo de transporte
----------------
Latitud: 42.3410939428276
Longitud: -3.7803852638038697
----------------
VILLALBILLA 220
Capacidad MGES en RdT (MW): 247.0
Capacidad MPE en RdT (MW): 150.0</description>
				<styleUrl>#4464</styleUrl>
				<Point id="4462">
					<coordinates>-3.780385263803869,42.3410939428276,0</coordinates>
				</Point>
			</Placemark>
			<Placemark id="4468">
				<name>VILLALCAMPO 220</name>
				<description>Nudo de transporte
----------------
Latitud: 41.4910302719861
Longitud: -6.08941277591899
----------------
VILLALCAMPO 220
Capacidad MGES en RdT (MW): 399.0
Capacidad MPE en RdT (MW): 399.0</description>
				<styleUrl>#4469</styleUrl>
				<Point id="4467">
					<coordinates>-6.08941277591899,41.4910302719861,0</coordinates>
				</Point>
			</Placemark>
			<Placemark id="4478">
				<name>VILLAMECA 400</name>
				<description>Nudo de transporte
----------------
Latitud: 42.6317274359831
Longitud: -6.04097742419542
----------------
VILLAMECA 400
Capacidad MGES en RdT (MW): 671.0
Capacidad MPE en RdT (MW): 311.0</description>
				<styleUrl>#4479</styleUrl>
				<Point id="4477">
					<coordinates>-6.040977424195421,42.6317274359831,0</coordinates>
				</Point>
			</Placemark>
			<Placemark id="4488">
				<name>VILLANUEVA DE LOS ESCUDEROS 400</name>
				<description>Nudo de transporte
----------------
Latitud: 40.030095349459
Longitud: -2.32286360680876
----------------
VILLANUEVA DE LOS ESCUDEROS 400
Capacidad MGES en RdT (MW): 258.0
Capacidad MPE en RdT (MW): 258.0</description>
				<styleUrl>#4489</styleUrl>
				<Point id="4487">
					<coordinates>-2.32286360680876,40.030095349459,0</coordinates>
				</Point>
			</Placemark>
			<Placemark id="4493">
				<name>VILLANUEVA DEL REY 400</name>
				<description>Nudo de transporte
----------------
Latitud: 37.5274769257236
Longitud: -5.16405409644089
----------------
VILLANUEVA DEL REY 400
Capacidad MGES en RdT (MW): 845.0
Capacidad MPE en RdT (MW): 845.0</description>
				<styleUrl>#4494</styleUrl>
				<Point id="4492">
					<coordinates>-5.16405409644089,37.5274769257236,0</coordinates>
				</Point>
			</Placemark>
			<Placemark id="4498">
				<name>VILLANUEVA DEL REY 220</name>
				<description>Nudo de transporte
----------------
Latitud: 37.5274769257236
Longitud: -5.16395409644089
----------------
VILLANUEVA DEL REY 220
Capacidad MGES en RdT (MW): 409.0
Capacidad MPE en RdT (MW): 409.0</description>
				<styleUrl>#4499</styleUrl>
				<Point id="4497">
					<coordinates>-5.16395409644089,37.5274769257236,0</coordinates>
				</Point>
			</Placemark>
			<Placemark id="4503">
				<name>VILLAR DE CAÑAS 400</name>
				<description>Nudo de transporte
----------------
Latitud: 39.7795789722966
Longitud: -2.56225620070023
----------------
VILLAR DE CAÑAS 400
Capacidad MGES en RdT (MW): 1291.0
Capacidad MPE en RdT (MW): 1291.0</description>
				<styleUrl>#4504</styleUrl>
				<Point id="4502">
					<coordinates>-2.56225620070023,39.7795789722966,0</coordinates>
				</Point>
			</Placemark>
			<Placemark id="4523">
				<name>VILLARINO DE CONSO 400</name>
				<description>Nudo de transporte
----------------
Latitud: 42.1677899701788
Longitud: -7.17417642924408
----------------
VILLARINO DE CONSO 400
Capacidad MGES en RdT (MW): 949.0
Capacidad MPE en RdT (MW): 949.0</description>
				<styleUrl>#4524</styleUrl>
				<Point id="4522">
					<coordinates>-7.17417642924408,42.1677899701788,0</coordinates>
				</Point>
			</Placemark>
			<Placemark id="4528">
				<name>VILLATORO 220</name>
				<description>Nudo de transporte
----------------
Latitud: 42.5561539366505
Longitud: -3.52482016468592
----------------
VILLATORO 220
Capacidad MGES en RdT (MW): 313.0
Capacidad MPE en RdT (MW): 313.0</description>
				<styleUrl>#4529</styleUrl>
				<Point id="4527">
					<coordinates>-3.52482016468592,42.5561539366505,0</coordinates>
				</Point>
			</Placemark>
			<Placemark id="4538">
				<name>VILLAVERDE BAJO B 220</name>
				<description>Nudo de transporte
----------------
Latitud: 40.3420691394606
Longitud: -3.66930009130625
----------------
VILLAVERDE BAJO B 220
Capacidad MGES en RdT (MW): 204.0
Capacidad MPE en RdT (MW): 204.0</description>
				<styleUrl>#4539</styleUrl>
				<Point id="4537">
					<coordinates>-3.66930009130625,40.3420691394606,0</coordinates>
				</Point>
			</Placemark>
			<Placemark id="4568">
				<name>VIRGEN DE AFRICA 132</name>
				<description>Nudo de transporte
----------------
Latitud: 35.8859191301981
Longitud: -5.30571746071474
----------------
VIRGEN DE AFRICA 132
Capacidad MGES en RdT (MW): 180.0
Capacidad MPE en RdT (MW): 95.0</description>
				<styleUrl>#4569</styleUrl>
				<Point id="4567">
					<coordinates>-5.30571746071474,35.8859191301981,0</coordinates>
				</Point>
			</Placemark>
			<Placemark id="4573">
				<name>VIRTUS 400</name>
				<description>Nudo de transporte
----------------
Latitud: 43.0023101376814
Longitud: -3.84519612473963
----------------
VIRTUS 400
Capacidad MGES en RdT (MW): 698.0
Capacidad MPE en RdT (MW): 289.0</description>
				<styleUrl>#4574</styleUrl>
				<Point id="4572">
					<coordinates>-3.845196124739629,43.0023101376814,0</coordinates>
				</Point>
			</Placemark>
			<Placemark id="4588">
				<name>XOVE 400</name>
				<description>Nudo de transporte
----------------
Latitud: 43.6933587440467
Longitud: -7.50384471834077
----------------
XOVE 400
Capacidad MGES en RdT (MW): 124.0
Capacidad MPE en RdT (MW): 124.0</description>
				<styleUrl>#4589</styleUrl>
				<Point id="4587">
					<coordinates>-7.50384471834077,43.6933587440467,0</coordinates>
				</Point>
			</Placemark>
			<Placemark id="4603">
				<name>ZAMUDIO 220</name>
				<description>Nudo de transporte
----------------
Latitud: 43.3011425754954
Longitud: -2.86408737447356
----------------
ZAMUDIO 220
Capacidad MGES en RdT (MW): 441.0
Capacidad MPE en RdT (MW): 441.0</description>
				<styleUrl>#4604</styleUrl>
				<Point id="4602">
					<coordinates>-2.86408737447356,43.3011425754954,0</coordinates>
				</Point>
			</Placemark>
			<Placemark id="4608">
				<name>ZARATAN 220</name>
				<description>Nudo de transporte
----------------
Latitud: 41.64042094
Longitud: -4.812036812
----------------
ZARATAN 220
Capacidad MGES en RdT (MW): 175.0
Capacidad MPE en RdT (MW): 175.0</description>
				<styleUrl>#4609</styleUrl>
				<Point id="4607">
					<coordinates>-4.812036812,41.64042094,0</coordinates>
				</Point>
			</Placemark>
			<Placemark id="4623">
				<name>ZUMARRAGA 220</name>
				<description>Nudo de transporte
----------------
Latitud: 43.08222265
Longitud: -2.319682034
----------------
ZUMARRAGA 220
Capacidad MGES en RdT (MW): 442.0
Capacidad MPE en RdT (MW): 442.0</description>
				<styleUrl>#4624</styleUrl>
				<Point id="4622">
					<coordinates>-2.319682034,43.08222265,0</coordinates>
				</Point>
			</Placemark>
		</Folder>
		<atom:link rel="app" href="https://www.google.com/earth/about/versions/#earth-pro" title="Google Earth Pro 7.3.7.1155"></atom:link>
	</Folder>
</Document>
</kml>
