fecha,distribuidora,provincia,subestacion,tension_kv,disponible_neta,prev_disp,delta,mes,trimestre,año
2025-11-01,ERedes,Asturias,SE ALIMERKA,50.0,0.0,-26.0,26.0,11,4,2025
2025-11-01,ERedes,Asturias,SE CASTIELLO,22.0,5.0,0.0,5.0,11,4,2025
2025-11-01,ERedes,Asturias,SE CORREDORIA,22.0,0.0,-8.0,8.0,11,4,2025
2026-03-01,ERedes,Alicante/Alacant,SE ELCHE,20.0,-9.0,-51.42,42.42,3,1,2026
2025-11-01,ERedes,Asturias,SE MIRANDA,22.0,3.0,-5.0,8.0,11,4,2025
2025-11-01,ERedes,Asturias,SE PRAVIA,22.0,0.0,-12.0,12.0,11,4,2025
2025-11-01,ERedes,Asturias,SE PRAVIA,50.0,0.0,-36.0,36.0,11,4,2025
2025-11-01,ERedes,Asturias,SE PRIAÑES,22.0,0.0,-5.0,5.0,11,4,2025
2025-11-01,ERedes,Valencia,SE QUART DEL POBLET,20.0,0.0,-9.0,9.0,11,4,2025
2026-01-01,ERedes,Asturias,SE ROMIO,132.0,10.0,0.0,10.0,1,1,2026
2026-01-01,ERedes,Asturias,SE ROMIO,22.0,5.0,0.0,5.0,1,1,2026
2026-01-01,ERedes,Asturias,SE ROMIO,50.0,5.0,0.0,5.0,1,1,2026
2025-11-01,ERedes,Valencia,SE SAGUNTO,20.0,0.0,-5.0,5.0,11,4,2025
2026-01-01,ERedes,Asturias,SE TABIELLA,132.0,10.0,0.0,10.0,1,1,2026
2026-01-01,ERedes,Asturias,SE TABIELLA,22.0,5.0,0.0,5.0,1,1,2026
2026-01-01,ERedes,Asturias,SE TABIELLA,50.0,10.0,0.0,10.0,1,1,2026
2025-11-01,ERedes,Asturias,SE TRASONA,132.0,0.0,-150.0,150.0,11,4,2025
2025-11-01,ERedes,Valencia,SE VIDANOVA,20.0,0.0,-5.0,5.0,11,4,2025
2025-11-01,ERedes,Valencia,SE/CR ASTURIAS,20.0,0.0,-5.0,5.0,11,4,2025
2026-03-01,ERedes,Valencia/Valéncia,SE/CR BONAIRE 2,20.0,0.0,-15.0,15.0,3,1,2026
2025-11-01,ERedes,Asturias,SE/CR COLINA DEL FAISAN,22.0,0.0,-5.0,5.0,11,4,2025
2025-11-01,ERedes,Valencia,SE/CR LA PINAETA,20.0,0.0,-11.0,11.0,11,4,2025
2025-11-01,ERedes,Asturias,SE/CR LAVIANA,24.0,0.0,-5.0,5.0,11,4,2025
2025-11-01,ERedes,Asturias,SE/CR NARANCO,22.0,0.0,-9.0,9.0,11,4,2025
2026-03-01,ERedes,Alicante/Alacant,SE/CR PGNO LOS AZARBES,20.0,0.0,-7.0,7.0,3,1,2026
2025-11-01,ERedes,Asturias,SE/CR PIEDELORO,22.0,0.0,-5.0,5.0,11,4,2025
2022-03-01,Endesa,Cádiz,ABELLO,66.0,-91.7,-136.7,44.999999999999986,3,1,2022
2022-04-01,Endesa,Cádiz,ABELLO,66.0,0.0,-91.7,91.7,4,2,2022
2025-10-01,Endesa,Cádiz,ABIERTAS,15.0,-1.0,-8.8,7.800000000000001,10,4,2025
2021-09-01,Endesa,Barcelona,ABRERA,25.0,50.0,30.0,20.0,9,3,2021
2025-10-01,Endesa,Barcelona,ABRERA,25.0,52.4,13.0,39.4,10,4,2025
2025-12-01,Endesa,Barcelona,ABRERA,25.0,66.91,52.4,14.509999999999998,12,4,2025
2022-04-01,Endesa,Barcelona,AEROPORT,25.0,54.6,48.3,6.300000000000004,4,2,2022
2021-12-01,Endesa,Sevilla,AEROPUER,132.0,26.5,0.0,26.5,12,4,2021
2021-12-01,Endesa,Sevilla,AEROPUER,15.0,31.5,0.0,31.5,12,4,2021
2022-02-01,Endesa,Cádiz,AGROALIM,15.0,-12.0,-21.5,9.5,2,1,2022
2022-03-01,Endesa,Cádiz,AGROALIM,15.0,-2.1,-12.0,9.9,3,1,2022
2022-02-01,Endesa,Cádiz,AGROALIM,66.0,-138.8,-184.9,46.099999999999994,2,1,2022
2022-03-01,Endesa,Cádiz,AGROALIM,66.0,-92.0,-138.8,46.80000000000001,3,1,2022
2022-04-01,Endesa,Cádiz,AGROALIM,66.0,-37.7,-92.0,54.3,4,2,2022
2022-04-01,Endesa,Baleares,AGUSTI,15.0,50.7,45.6,5.100000000000001,4,2,2022
2021-08-01,Endesa,Sevilla,ALCAGUAD,132.0,23.6,17.1,6.5,8,3,2021
2021-12-01,Endesa,Sevilla,ALCAGUAD,132.0,49.7,23.7,26.000000000000004,12,4,2021
2021-08-01,Endesa,Sevilla,ALCAGUAD,15.0,23.6,17.1,6.5,8,3,2021
2021-12-01,Endesa,Sevilla,ALCAGUAD,15.0,31.9,23.7,8.2,12,4,2021
2021-08-01,Endesa,Sevilla,ALCORES,132.0,6.2,0.0,6.2,8,3,2021
2021-10-01,Endesa,Sevilla,ALCORES,132.0,12.6,5.5,7.1,10,4,2021
2021-12-01,Endesa,Sevilla,ALCORES,132.0,-6.2,-43.8,37.599999999999994,12,4,2021
2022-01-01,Endesa,Sevilla,ALCORES,132.0,35.5,-6.2,41.7,1,1,2022
2025-10-01,Endesa,Sevilla,ALCORES,15.0,0.0,-20.0,20.0,10,4,2025
2021-08-01,Endesa,Sevilla,ALCORES,66.0,51.0,31.5,19.5,8,3,2021
2021-10-01,Endesa,Sevilla,ALCORES,66.0,64.5,49.4,15.100000000000001,10,4,2021
2021-12-01,Endesa,Sevilla,ALCORES,66.0,70.2,51.3,18.900000000000006,12,4,2021
2022-05-01,Endesa,Sevilla,ALCORES,66.0,-64.9,-72.2,7.299999999999997,5,2,2022
2025-10-01,Endesa,Sevilla,ALCORES,66.0,0.0,-64.9,64.9,10,4,2025
2022-04-01,Endesa,Baleares,ALCUDIA,15.0,89.0,80.2,8.799999999999997,4,2,2022
2025-12-01,Endesa,Jaén,ALC_REAL,20.0,-38.78,-48.8,10.019999999999996,12,4,2025
2021-11-01,Endesa,Las Palmas,ALDEA_BLAN,20.0,3.0,-17.2,20.2,11,4,2021
2022-01-01,Endesa,Las Palmas,ALDEA_BLAN,20.0,13.0,-2.7,15.7,1,1,2022
2022-02-01,Endesa,Las Palmas,ALDEA_BLAN,20.0,33.4,13.0,20.4,2,1,2022
2022-04-01,Endesa,Las Palmas,ALDEA_BLAN,20.0,33.4,28.4,5.0,4,2,2022
2022-04-01,Endesa,Cádiz,ALGECIRA,15.0,39.9,0.0,39.9,4,2,2022
2022-04-01,Endesa,Cádiz,ALGECIRA,66.0,39.9,0.0,39.9,4,2,2022
2022-03-01,Endesa,Cádiz,ALGODONA,20.0,8.0,3.0,5.0,3,1,2022
2022-03-01,Endesa,Cádiz,ALGODONA,66.0,21.0,11.7,9.3,3,1,2022
2021-11-01,Endesa,Málaga,ALHAURIN,20.0,43.7,33.8,9.900000000000006,11,4,2021
2022-04-01,Endesa,Málaga,ALHAURIN,66.0,141.3,125.5,15.800000000000011,4,2,2022
2026-03-01,Endesa,Málaga,ALHAURIN,66.0,81.84,16.25,65.59,3,1,2026
2021-11-01,Endesa,Cádiz,ALIJAR,66.0,29.4,-49.9,79.3,11,4,2021
2022-01-01,Endesa,Cádiz,ALIJAR,66.0,0.0,-24.9,24.9,1,1,2022
2022-02-01,Endesa,Cádiz,ALIJAR,66.0,29.3,0.0,29.3,2,1,2022
2022-04-01,Endesa,Cádiz,ALIJAR,66.0,36.3,29.3,6.9999999999999964,4,2,2022
2025-12-01,Endesa,Sevilla,ALJARAFE,15.0,12.77,0.0,12.77,12,4,2025
2025-12-01,Endesa,Sevilla,ALJARAFE,66.0,12.77,0.0,12.77,12,4,2025
2021-09-01,Endesa,Huelva,ALMONTE,66.0,20.9,-44.5,65.4,9,3,2021
2022-02-01,Endesa,Huelva,ALMONTE,66.0,-36.4,-71.0,34.6,2,1,2022
2022-04-01,Endesa,Huelva,ALMONTE,66.0,-10.0,-35.0,25.0,4,2,2022
2026-05-01,Endesa,Huelva,ALMONTE,66.0,0.0,-13.35,13.35,5,2,2026
2021-11-01,Endesa,Huelva,ALQUERIA,15.0,24.3,9.8,14.5,11,4,2021
2022-06-01,Endesa,Huelva,ALQUERIA,15.0,0.0,-5.0,5.0,6,2,2022
2021-11-01,Endesa,Huelva,ALQUERIA,66.0,20.1,-4.9,25.0,11,4,2021
2022-01-01,Endesa,Huelva,ALQUERIA,66.0,2.7,-17.3,20.0,1,1,2022
2022-05-01,Endesa,Huelva,ALQUERIA,66.0,0.0,-5.0,5.0,5,2,2022
2025-10-01,Endesa,Tarragona,ALTAFULLA,110.0,56.7,0.0,56.7,10,4,2025
2026-01-01,Endesa,Tarragona,ALTAFULLA,110.0,66.37,61.14,5.230000000000004,1,1,2026
2025-10-01,Endesa,Tarragona,ALTAFULLA,25.0,15.4,0.0,15.4,10,4,2025
2021-09-01,Endesa,Badajoz,ALVARADO,66.0,-28.4,-98.4,70.0,9,3,2021
2021-11-01,Endesa,Badajoz,ALVARADO,66.0,-22.0,-28.4,6.399999999999999,11,4,2021
2021-12-01,Endesa,Badajoz,ALVARADO,66.0,7.0,-22.0,29.0,12,4,2021
2022-03-01,Endesa,Badajoz,ALVARADO,66.0,-71.9,-130.6,58.69999999999999,3,1,2022
2022-04-01,Endesa,Badajoz,ALVARADO,66.0,-46.2,-71.9,25.700000000000003,4,2,2022
2022-05-01,Endesa,Badajoz,ALVARADO,66.0,0.0,-46.2,46.2,5,2,2022
2025-12-01,Endesa,Badajoz,ALVARADO,66.0,63.39,4.4,58.99,12,4,2025
2026-05-01,Endesa,Badajoz,ALVARADO,66.0,33.13,0.0,33.13,5,2,2026
2021-08-01,Endesa,Sevilla,AMATE,15.0,39.9,32.9,7.0,8,3,2021
2021-08-01,Endesa,Sevilla,AMATE,66.0,53.6,32.9,20.700000000000003,8,3,2021
2021-10-01,Endesa,Sevilla,AMATE,66.0,66.1,52.2,13.899999999999991,10,4,2021
2021-12-01,Endesa,Sevilla,AMATE,66.0,92.6,53.9,38.699999999999996,12,4,2021
2022-04-01,Endesa,Baleares,ANDRATX,15.0,75.2,67.7,7.5,4,2,2022
2025-10-01,Endesa,Barcelona,ANOIA,25.0,21.4,-3.5,24.9,10,4,2025
2025-12-01,Endesa,Barcelona,ANOIA,25.0,30.91,21.4,9.510000000000002,12,4,2025
2021-11-01,Endesa,Cádiz,ARCOS,15.0,13.7,-6.3,20.0,11,4,2021
2022-02-01,Endesa,Cádiz,ARCOS,15.0,5.6,-12.2,17.799999999999997,2,1,2022
2021-11-01,Endesa,Cádiz,ARCOS,66.0,37.9,-61.6,99.5,11,4,2021
2022-01-01,Endesa,Cádiz,ARCOS,66.0,-112.2,-137.1,24.89999999999999,1,1,2022
2022-02-01,Endesa,Cádiz,ARCOS,66.0,23.7,-112.2,135.9,2,1,2022
2022-03-01,Endesa,Cádiz,ARCOS,66.0,29.8,23.7,6.100000000000001,3,1,2022
2022-01-01,Endesa,Cádiz,AREASUR,15.0,32.2,17.3,14.900000000000002,1,1,2022
2022-04-01,Endesa,Baleares,ARENAL,15.0,61.0,53.7,7.299999999999997,4,2,2022
2026-01-01,Endesa,"Balears, Illes",ARENAL,15.0,21.01,12.81,8.200000000000001,1,1,2026
2021-08-01,Endesa,Sevilla,ARGON,66.0,55.7,35.4,20.300000000000004,8,3,2021
2025-10-01,Endesa,"Palmas, Las",ARGUINEGUI,20.0,42.5,34.9,7.600000000000001,10,4,2025
2021-10-01,Endesa,Santa Cruz de Tenerife,ARICO_2,20.0,1.9,-15.4,17.3,10,4,2021
2021-12-01,Endesa,Santa Cruz de Tenerife,ARICO_2,20.0,11.9,-13.1,25.0,12,4,2021
2026-03-01,Endesa,Santa Cruz de Tenerife,ARONA,20.0,18.48,10.48,8.0,3,1,2026
2025-12-01,Endesa,Badajoz,ARROYO,66.0,9.58,0.0,9.58,12,4,2025
2022-03-01,Endesa,Cádiz,ARVINA,15.0,29.5,24.5,5.0,3,1,2022
2026-03-01,Endesa,Cádiz,ARVINA,15.0,31.34,0.0,31.34,3,1,2026
2026-03-01,Endesa,Cádiz,ARVINA,66.0,37.33,0.0,37.33,3,1,2026
2022-04-01,Endesa,Barcelona,ASLAND,110.0,114.1,102.7,11.399999999999991,4,2,2022
2025-10-01,Endesa,Barcelona,ASLAND,110.0,120.8,113.9,6.8999999999999915,10,4,2025
2022-04-01,Endesa,Barcelona,ASLAND,25.0,67.5,60.8,6.700000000000003,4,2,2022
2025-10-01,Endesa,Granada,ATARFE,20.0,0.0,-45.0,45.0,10,4,2025
2025-10-01,Endesa,Granada,ATARFE,66.0,0.0,-67.6,67.6,10,4,2025
2021-12-01,Endesa,Cádiz,ATLANTER,20.0,7.1,0.0,7.1,12,4,2021
2022-02-01,Endesa,Tarragona,AUBALS,25.0,-12.0,-22.4,10.399999999999999,2,1,2022
2022-03-01,Endesa,Tarragona,AUBALS,25.0,3.0,-12.0,15.0,3,1,2022
2022-04-01,Endesa,Tarragona,AUBALS,25.0,18.8,3.0,15.8,4,2,2022
2025-12-01,Endesa,Tarragona,AUBALS,25.0,1.16,-4.9,6.0600000000000005,12,4,2025
2026-05-01,Endesa,Tarragona,AUBALS,25.0,14.23,-4.48,18.71,5,2,2026
2021-10-01,Endesa,Málaga,AXARQUIA,20.0,33.3,0.0,33.3,10,4,2021
2021-10-01,Endesa,Málaga,AXARQUIA,66.0,62.1,0.0,62.1,10,4,2021
2021-11-01,Endesa,Málaga,AXARQUIA,66.0,77.3,62.1,15.199999999999996,11,4,2021
2022-04-01,Endesa,Málaga,AXARQUIA,66.0,85.9,77.3,8.600000000000009,4,2,2022
2026-01-01,Endesa,Málaga,AXARQUIA,66.0,51.13,45.98,5.150000000000006,1,1,2026
2022-02-01,Endesa,Huelva,AYAMONTE,15.0,22.1,12.2,9.900000000000002,2,1,2022
2021-09-01,Endesa,Huelva,AYAMONTE,66.0,21.3,2.3,19.0,9,3,2021
2022-01-01,Endesa,Huelva,AYAMONTE,66.0,6.2,1.2,5.0,1,1,2022
2022-05-01,Endesa,Huelva,AYAMONTE,66.0,0.0,-5.0,5.0,5,2,2022
2022-09-01,Endesa,Lleida,Aitona,0.46136959,110.0,25.0,85.0,9,3,2022
2022-10-01,Endesa,Lleida,Aitona,0.46136959,110.0,25.0,85.0,10,4,2022
2022-11-01,Endesa,Lleida,Aitona,0.46136959,110.0,25.0,85.0,11,4,2022
2022-12-01,Endesa,Lleida,Aitona,0.46136959,110.0,25.0,85.0,12,4,2022
2023-01-01,Endesa,Lleida,Aitona,0.46136959,110.0,25.0,85.0,1,1,2023
2023-02-01,Endesa,Lleida,Aitona,0.46136959,110.0,25.0,85.0,2,1,2023
2023-03-01,Endesa,Lleida,Aitona,0.46136959,110.0,25.0,85.0,3,1,2023
2023-04-01,Endesa,Lleida,Aitona,0.46136959,110.0,25.0,85.0,4,2,2023
2023-05-01,Endesa,Lleida,Aitona,0.46136959,110.0,25.0,85.0,5,2,2023
2023-06-01,Endesa,Lleida,Aitona,0.46136959,110.0,25.0,85.0,6,2,2023
2023-07-01,Endesa,Lleida,Aitona,0.46136959,110.0,25.0,85.0,7,3,2023
2023-08-01,Endesa,Lleida,Aitona,0.46136959,110.0,25.0,85.0,8,3,2023
2022-09-01,Endesa,Tarragona,Alcanar,0.51483172,85.0,25.0,60.0,9,3,2022
2022-10-01,Endesa,Tarragona,Alcanar,0.51483172,85.0,25.0,60.0,10,4,2022
2022-11-01,Endesa,Tarragona,Alcanar,0.51483172,85.0,25.0,60.0,11,4,2022
2022-12-01,Endesa,Tarragona,Alcanar,0.51483172,85.0,25.0,60.0,12,4,2022
2023-01-01,Endesa,Tarragona,Alcanar,0.51483172,85.0,25.0,60.0,1,1,2023
2023-02-01,Endesa,Tarragona,Alcanar,0.51483172,85.0,25.0,60.0,2,1,2023
2023-03-01,Endesa,Tarragona,Alcanar,0.51483172,85.0,25.0,60.0,3,1,2023
2023-04-01,Endesa,Tarragona,Alcanar,0.51483172,85.0,25.0,60.0,4,2,2023
2023-05-01,Endesa,Tarragona,Alcanar,0.51483172,85.0,25.0,60.0,5,2,2023
2023-06-01,Endesa,Tarragona,Alcanar,0.51483172,85.0,25.0,60.0,6,2,2023
2023-07-01,Endesa,Tarragona,Alcanar,0.51483172,85.0,25.0,60.0,7,3,2023
2023-08-01,Endesa,Tarragona,Alcanar,0.51483172,85.0,25.0,60.0,8,3,2023
2022-09-01,Endesa,Lleida,Alfarràs,0.57426297,107.0,25.0,82.0,9,3,2022
2022-10-01,Endesa,Lleida,Alfarràs,0.57426297,107.0,25.0,82.0,10,4,2022
2022-11-01,Endesa,Lleida,Alfarràs,0.57426297,107.0,25.0,82.0,11,4,2022
2022-12-01,Endesa,Lleida,Alfarràs,0.57426297,107.0,25.0,82.0,12,4,2022
2023-01-01,Endesa,Lleida,Alfarràs,0.57426297,107.0,25.0,82.0,1,1,2023
2023-02-01,Endesa,Lleida,Alfarràs,0.57426297,107.0,25.0,82.0,2,1,2023
2023-03-01,Endesa,Lleida,Alfarràs,0.57426297,107.0,25.0,82.0,3,1,2023
2023-04-01,Endesa,Lleida,Alfarràs,0.57426297,107.0,25.0,82.0,4,2,2023
2023-05-01,Endesa,Lleida,Alfarràs,0.57426297,107.0,25.0,82.0,5,2,2023
2023-06-01,Endesa,Lleida,Alfarràs,0.57426297,107.0,25.0,82.0,6,2,2023
2023-07-01,Endesa,Lleida,Alfarràs,0.57426297,107.0,25.0,82.0,7,3,2023
2023-08-01,Endesa,Lleida,Alfarràs,0.57426297,107.0,25.0,82.0,8,3,2023
2022-09-01,Endesa,Tarragona,Altafulla,1.37355018,60.0,25.0,35.0,9,3,2022
2022-10-01,Endesa,Tarragona,Altafulla,1.37355018,60.0,25.0,35.0,10,4,2022
2022-11-01,Endesa,Tarragona,Altafulla,1.37355018,60.0,25.0,35.0,11,4,2022
2022-12-01,Endesa,Tarragona,Altafulla,1.37355018,60.0,25.0,35.0,12,4,2022
2023-01-01,Endesa,Tarragona,Altafulla,1.37355018,60.0,25.0,35.0,1,1,2023
2023-02-01,Endesa,Tarragona,Altafulla,1.37355018,60.0,25.0,35.0,2,1,2023
2023-03-01,Endesa,Tarragona,Altafulla,1.37355018,60.0,25.0,35.0,3,1,2023
2023-04-01,Endesa,Tarragona,Altafulla,1.37355018,60.0,25.0,35.0,4,2,2023
2023-05-01,Endesa,Tarragona,Altafulla,1.37355018,60.0,25.0,35.0,5,2,2023
2023-06-01,Endesa,Tarragona,Altafulla,1.37355018,60.0,25.0,35.0,6,2,2023
2023-07-01,Endesa,Tarragona,Altafulla,1.37355018,60.0,25.0,35.0,7,3,2023
2023-08-01,Endesa,Tarragona,Altafulla,1.37355018,60.0,25.0,35.0,8,3,2023
2022-09-01,Endesa,Tarragona,"Ampolla, L`",0.67145005,110.0,25.0,85.0,9,3,2022
2022-10-01,Endesa,Tarragona,"Ampolla, L`",0.67145005,110.0,25.0,85.0,10,4,2022
2022-11-01,Endesa,Tarragona,"Ampolla, L`",0.67145005,110.0,25.0,85.0,11,4,2022
2022-12-01,Endesa,Tarragona,"Ampolla, L`",0.67145005,110.0,25.0,85.0,12,4,2022
2023-01-01,Endesa,Tarragona,"Ampolla, L`",0.67145005,110.0,25.0,85.0,1,1,2023
2023-02-01,Endesa,Tarragona,"Ampolla, L`",0.67145005,110.0,25.0,85.0,2,1,2023
2023-03-01,Endesa,Tarragona,"Ampolla, L`",0.67145005,110.0,25.0,85.0,3,1,2023
2023-04-01,Endesa,Tarragona,"Ampolla, L`",0.67145005,110.0,25.0,85.0,4,2,2023
2023-05-01,Endesa,Tarragona,"Ampolla, L`",0.67145005,110.0,25.0,85.0,5,2,2023
2023-06-01,Endesa,Tarragona,"Ampolla, L`",0.67145005,110.0,25.0,85.0,6,2,2023
2023-07-01,Endesa,Tarragona,"Ampolla, L`",0.67145005,110.0,25.0,85.0,7,3,2023
2023-08-01,Endesa,Tarragona,"Ampolla, L`",0.67145005,110.0,25.0,85.0,8,3,2023
2022-09-01,Endesa,Tarragona,Amposta,0.56120355,110.0,25.0,85.0,9,3,2022
2022-10-01,Endesa,Tarragona,Amposta,0.56120355,110.0,25.0,85.0,10,4,2022
2022-11-01,Endesa,Tarragona,Amposta,0.56120355,110.0,25.0,85.0,11,4,2022
2022-12-01,Endesa,Tarragona,Amposta,0.56120355,110.0,25.0,85.0,12,4,2022
2023-01-01,Endesa,Tarragona,Amposta,0.56120355,110.0,25.0,85.0,1,1,2023
2023-02-01,Endesa,Tarragona,Amposta,0.56120355,110.0,25.0,85.0,2,1,2023
2023-03-01,Endesa,Tarragona,Amposta,0.56120355,110.0,25.0,85.0,3,1,2023
2023-04-01,Endesa,Tarragona,Amposta,0.56120355,110.0,25.0,85.0,4,2,2023
2023-05-01,Endesa,Tarragona,Amposta,0.56120355,110.0,25.0,85.0,5,2,2023
2023-06-01,Endesa,Tarragona,Amposta,0.56120355,110.0,25.0,85.0,6,2,2023
2023-07-01,Endesa,Tarragona,Amposta,0.56120355,110.0,25.0,85.0,7,3,2023
2023-08-01,Endesa,Tarragona,Amposta,0.56120355,110.0,25.0,85.0,8,3,2023
2021-11-01,Endesa,Badajoz,BADAJOZ,20.0,30.6,25.6,5.0,11,4,2021
2022-05-01,Endesa,Badajoz,BADAJOZ,20.0,0.0,-5.0,5.0,5,2,2022
2025-12-01,Endesa,Badajoz,BADAJOZ,20.0,26.98,-12.2,39.18,12,4,2025
2026-05-01,Endesa,Badajoz,BADAJOZ,20.0,23.52,0.0,23.52,5,2,2026
2021-11-01,Endesa,Badajoz,BADAJOZ,66.0,35.9,26.8,9.099999999999998,11,4,2021
2025-10-01,Endesa,Badajoz,BADAJOZ,66.0,7.8,0.0,7.8,10,4,2025
2025-12-01,Endesa,Badajoz,BADAJOZ,66.0,52.23,7.8,44.43,12,4,2025
2026-05-01,Endesa,Badajoz,BADAJOZ,66.0,23.52,0.0,23.52,5,2,2026
2022-04-01,Endesa,Barcelona,BADALONA,11.0,96.3,86.7,9.599999999999994,4,2,2022
2022-04-01,Endesa,Barcelona,BADALONA,25.0,98.4,88.5,9.900000000000006,4,2,2022
2022-04-01,Endesa,Cádiz,BAHIASUR,66.0,62.0,55.8,6.200000000000003,4,2,2022
2022-04-01,Endesa,Barcelona,BARBERA,110.0,164.1,147.9,16.19999999999999,4,2,2022
2022-04-01,Endesa,Barcelona,BARBERA,25.0,121.3,109.4,11.899999999999991,4,2,2022
2021-09-01,Endesa,Cádiz,BARCAFLR,66.0,-3.9,-40.6,36.7,9,3,2021
2021-11-01,Endesa,Cádiz,BARCAFLR,66.0,-3.9,-28.8,24.900000000000002,11,4,2021
2022-01-01,Endesa,Cádiz,BARCAFLR,66.0,-9.0,-41.2,32.2,1,1,2022
2022-02-01,Endesa,Cádiz,BARCAFLR,66.0,4.1,-9.0,13.1,2,1,2022
2022-03-01,Endesa,Cádiz,BARCAFLR,66.0,9.3,4.1,5.200000000000001,3,1,2022
2022-04-01,Endesa,Cádiz,BARRIOS,20.0,50.6,45.5,5.100000000000001,4,2,2022
2021-12-01,Endesa,Cádiz,BARROSA,20.0,23.5,14.5,9.0,12,4,2021
2021-12-01,Endesa,Cádiz,BARROSA,66.0,23.5,14.5,9.0,12,4,2021
2021-11-01,Endesa,Las Palmas,BARTOLOME,20.0,31.3,20.3,11.0,11,4,2021
2021-12-01,Endesa,Las Palmas,BARTOLOME,20.0,40.5,31.3,9.2,12,4,2021
2022-04-01,Endesa,Barcelona,BEGUES,25.0,74.0,66.6,7.400000000000006,4,2,2022
2021-12-01,Endesa,Tarragona,BELLISSENS,25.0,142.3,122.3,20.000000000000014,12,4,2021
2022-05-01,Endesa,Tarragona,BELLISSENS,25.0,143.3,119.7,23.60000000000001,5,2,2022
2025-12-01,Endesa,Tarragona,BELLISSENS,25.0,11.05,1.1,9.950000000000001,12,4,2025
2026-03-01,Endesa,Tarragona,BELLISSENS,25.0,66.14,11.05,55.09,3,1,2026
2022-04-01,Endesa,Málaga,BENALMAD,20.0,56.3,50.7,5.599999999999994,4,2,2022
2021-12-01,Endesa,Málaga,BENALMAD,66.0,149.3,107.4,41.900000000000006,12,4,2021
2022-04-01,Endesa,Málaga,BENALMAD,66.0,165.7,149.2,16.5,4,2,2022
2022-04-01,Endesa,Girona,BESCANO,132.0,212.5,136.8,75.69999999999999,4,2,2022
2025-10-01,Endesa,Girona,BESCANO,132.0,290.1,209.7,80.40000000000003,10,4,2025
2026-03-01,Endesa,Girona,BESCANO,132.0,306.07,297.99,8.079999999999984,3,1,2026
2021-09-01,Endesa,Barcelona,BESOS,110.0,227.1,209.3,17.799999999999983,9,3,2021
2022-01-01,Endesa,Barcelona,BESOS,110.0,236.3,231.0,5.300000000000011,1,1,2022
2025-10-01,Endesa,Barcelona,BESOS,110.0,261.5,236.7,24.80000000000001,10,4,2025
2022-04-01,Endesa,Barcelona,BESOS,25.0,236.2,212.6,23.599999999999994,4,2,2022
2025-10-01,Endesa,Barcelona,BESOS,66.0,22.1,0.0,22.1,10,4,2025
2025-12-01,Endesa,Sevilla,BORMUJOS,15.0,12.77,0.0,12.77,12,4,2025
2025-12-01,Endesa,Sevilla,BORMUJOS,66.0,12.77,0.0,12.77,12,4,2025
2021-11-01,Endesa,Cádiz,BORNOS,66.0,47.8,-14.5,62.3,11,4,2021
2022-02-01,Endesa,Cádiz,BORNOS,66.0,-23.3,-90.0,66.7,2,1,2022
2022-03-01,Endesa,Cádiz,BORNOS,66.0,-3.0,-23.3,20.3,3,1,2022
2022-03-01,Endesa,Cádiz,BOSQUE,20.0,-9.9,-16.7,6.799999999999999,3,1,2022
2022-04-01,Endesa,Cádiz,BOSQUE,20.0,0.0,-9.9,9.9,4,2,2022
2022-03-01,Endesa,Cádiz,BOSQUE,66.0,16.1,-10.4,26.5,3,1,2022
2022-03-01,Endesa,Málaga,BUITRERA,20.0,-3.8,-9.6,5.8,3,1,2022
2022-03-01,Endesa,Málaga,BUITRERA,66.0,10.5,4.7,5.8,3,1,2022
2022-04-01,Endesa,Girona,BUIXALLEU,132.0,108.8,58.1,50.699999999999996,4,2,2022
2025-10-01,Endesa,Girona,BUIXALLEU,132.0,121.1,107.8,13.299999999999997,10,4,2025
2022-04-01,Endesa,Girona,BUIXALLEU,25.0,55.7,50.2,5.5,4,2,2022
2026-03-01,Endesa,"Balears, Illes",BUNYOLA,15.0,21.49,11.75,9.739999999999998,3,1,2026
2022-09-01,Endesa,Barcelona,Badalona,2.24006149,110.0,25.0,85.0,9,3,2022
2022-10-01,Endesa,Barcelona,Badalona,2.24006149,110.0,25.0,85.0,10,4,2022
2022-11-01,Endesa,Barcelona,Badalona,2.24006149,110.0,25.0,85.0,11,4,2022
2022-12-01,Endesa,Barcelona,Badalona,2.24006149,110.0,25.0,85.0,12,4,2022
2023-01-01,Endesa,Barcelona,Badalona,2.24006149,110.0,25.0,85.0,1,1,2023
2023-02-01,Endesa,Barcelona,Badalona,2.24006149,110.0,25.0,85.0,2,1,2023
2023-03-01,Endesa,Barcelona,Badalona,2.24006149,110.0,25.0,85.0,3,1,2023
2023-04-01,Endesa,Barcelona,Badalona,2.24006149,110.0,25.0,85.0,4,2,2023
2023-05-01,Endesa,Barcelona,Badalona,2.24006149,110.0,25.0,85.0,5,2,2023
2023-06-01,Endesa,Barcelona,Badalona,2.24006149,110.0,25.0,85.0,6,2,2023
2023-07-01,Endesa,Barcelona,Badalona,2.24006149,110.0,25.0,85.0,7,3,2023
2023-08-01,Endesa,Barcelona,Badalona,2.24006149,110.0,25.0,85.0,8,3,2023
2022-09-01,Endesa,Barcelona,Barberà del Vallès,2.14231474,110.0,25.0,85.0,9,3,2022
2022-10-01,Endesa,Barcelona,Barberà del Vallès,2.14231474,110.0,25.0,85.0,10,4,2022
2022-11-01,Endesa,Barcelona,Barberà del Vallès,2.14231474,110.0,25.0,85.0,11,4,2022
2022-12-01,Endesa,Barcelona,Barberà del Vallès,2.14231474,110.0,25.0,85.0,12,4,2022
2023-01-01,Endesa,Barcelona,Barberà del Vallès,2.14231474,110.0,25.0,85.0,1,1,2023
2023-02-01,Endesa,Barcelona,Barberà del Vallès,2.14231474,110.0,25.0,85.0,2,1,2023
2023-03-01,Endesa,Barcelona,Barberà del Vallès,2.14231474,110.0,25.0,85.0,3,1,2023
2023-04-01,Endesa,Barcelona,Barberà del Vallès,2.14231474,110.0,25.0,85.0,4,2,2023
2023-05-01,Endesa,Barcelona,Barberà del Vallès,2.14231474,110.0,25.0,85.0,5,2,2023
2023-06-01,Endesa,Barcelona,Barberà del Vallès,2.14231474,110.0,25.0,85.0,6,2,2023
2023-07-01,Endesa,Barcelona,Barberà del Vallès,2.14231474,110.0,25.0,85.0,7,3,2023
2023-08-01,Endesa,Barcelona,Barberà del Vallès,2.14231474,110.0,25.0,85.0,8,3,2023
2022-09-01,Endesa,Barcelona,Barcelona,2.10328514,110.0,25.0,85.0,9,3,2022
2022-10-01,Endesa,Barcelona,Barcelona,2.10328514,110.0,25.0,85.0,10,4,2022
2022-11-01,Endesa,Barcelona,Barcelona,2.10328514,110.0,25.0,85.0,11,4,2022
2022-12-01,Endesa,Barcelona,Barcelona,2.10328514,110.0,25.0,85.0,12,4,2022
2023-01-01,Endesa,Barcelona,Barcelona,2.10328514,110.0,25.0,85.0,1,1,2023
2023-02-01,Endesa,Barcelona,Barcelona,2.10328514,110.0,25.0,85.0,2,1,2023
2023-03-01,Endesa,Barcelona,Barcelona,2.10328514,110.0,25.0,85.0,3,1,2023
2023-04-01,Endesa,Barcelona,Barcelona,2.10328514,110.0,25.0,85.0,4,2,2023
2023-05-01,Endesa,Barcelona,Barcelona,2.10328514,110.0,25.0,85.0,5,2,2023
2023-06-01,Endesa,Barcelona,Barcelona,2.10328514,110.0,25.0,85.0,6,2,2023
2023-07-01,Endesa,Barcelona,Barcelona,2.10328514,110.0,25.0,85.0,7,3,2023
2023-08-01,Endesa,Barcelona,Barcelona,2.10328514,110.0,25.0,85.0,8,3,2023
2022-09-01,Endesa,Barcelona,Barcelona,2.13780495,110.0,11.0,99.0,9,3,2022
2022-10-01,Endesa,Barcelona,Barcelona,2.13780495,110.0,11.0,99.0,10,4,2022
2022-11-01,Endesa,Barcelona,Barcelona,2.13780495,110.0,11.0,99.0,11,4,2022
2022-12-01,Endesa,Barcelona,Barcelona,2.13780495,110.0,11.0,99.0,12,4,2022
2023-01-01,Endesa,Barcelona,Barcelona,2.13780495,110.0,11.0,99.0,1,1,2023
2023-02-01,Endesa,Barcelona,Barcelona,2.13780495,110.0,11.0,99.0,2,1,2023
2023-03-01,Endesa,Barcelona,Barcelona,2.13780495,110.0,11.0,99.0,3,1,2023
2023-04-01,Endesa,Barcelona,Barcelona,2.13780495,110.0,11.0,99.0,4,2,2023
2023-05-01,Endesa,Barcelona,Barcelona,2.13780495,110.0,11.0,99.0,5,2,2023
2023-06-01,Endesa,Barcelona,Barcelona,2.13780495,110.0,11.0,99.0,6,2,2023
2023-07-01,Endesa,Barcelona,Barcelona,2.13780495,110.0,11.0,99.0,7,3,2023
2023-08-01,Endesa,Barcelona,Barcelona,2.13780495,110.0,11.0,99.0,8,3,2023
2022-09-01,Endesa,Barcelona,Barcelona,2.13789725,110.0,11.0,99.0,9,3,2022
2022-10-01,Endesa,Barcelona,Barcelona,2.13789725,110.0,11.0,99.0,10,4,2022
2022-11-01,Endesa,Barcelona,Barcelona,2.13789725,110.0,11.0,99.0,11,4,2022
2022-12-01,Endesa,Barcelona,Barcelona,2.13789725,110.0,11.0,99.0,12,4,2022
2023-01-01,Endesa,Barcelona,Barcelona,2.13789725,110.0,11.0,99.0,1,1,2023
2023-02-01,Endesa,Barcelona,Barcelona,2.13789725,110.0,11.0,99.0,2,1,2023
2023-03-01,Endesa,Barcelona,Barcelona,2.13789725,110.0,11.0,99.0,3,1,2023
2023-04-01,Endesa,Barcelona,Barcelona,2.13789725,110.0,11.0,99.0,4,2,2023
2023-05-01,Endesa,Barcelona,Barcelona,2.13789725,110.0,11.0,99.0,5,2,2023
2023-06-01,Endesa,Barcelona,Barcelona,2.13789725,110.0,11.0,99.0,6,2,2023
2023-07-01,Endesa,Barcelona,Barcelona,2.13789725,110.0,11.0,99.0,7,3,2023
2023-08-01,Endesa,Barcelona,Barcelona,2.13789725,110.0,11.0,99.0,8,3,2023
2022-09-01,Endesa,Barcelona,Barcelona,2.14892294,110.0,11.0,99.0,9,3,2022
2022-10-01,Endesa,Barcelona,Barcelona,2.14892294,110.0,11.0,99.0,10,4,2022
2022-11-01,Endesa,Barcelona,Barcelona,2.14892294,110.0,11.0,99.0,11,4,2022
2022-12-01,Endesa,Barcelona,Barcelona,2.14892294,110.0,11.0,99.0,12,4,2022
2023-01-01,Endesa,Barcelona,Barcelona,2.14892294,110.0,11.0,99.0,1,1,2023
2023-02-01,Endesa,Barcelona,Barcelona,2.14892294,110.0,11.0,99.0,2,1,2023
2023-03-01,Endesa,Barcelona,Barcelona,2.14892294,110.0,11.0,99.0,3,1,2023
2023-04-01,Endesa,Barcelona,Barcelona,2.14892294,110.0,11.0,99.0,4,2,2023
2023-05-01,Endesa,Barcelona,Barcelona,2.14892294,110.0,11.0,99.0,5,2,2023
2023-06-01,Endesa,Barcelona,Barcelona,2.14892294,110.0,11.0,99.0,6,2,2023
2023-07-01,Endesa,Barcelona,Barcelona,2.14892294,110.0,11.0,99.0,7,3,2023
2023-08-01,Endesa,Barcelona,Barcelona,2.14892294,110.0,11.0,99.0,8,3,2023
2022-09-01,Endesa,Barcelona,Barcelona,2.16924696,25.0,11.0,14.0,9,3,2022
2022-10-01,Endesa,Barcelona,Barcelona,2.16924696,25.0,11.0,14.0,10,4,2022
2022-11-01,Endesa,Barcelona,Barcelona,2.16924696,25.0,11.0,14.0,11,4,2022
2022-12-01,Endesa,Barcelona,Barcelona,2.16924696,25.0,11.0,14.0,12,4,2022
2023-01-01,Endesa,Barcelona,Barcelona,2.16924696,25.0,11.0,14.0,1,1,2023
2023-02-01,Endesa,Barcelona,Barcelona,2.16924696,25.0,11.0,14.0,2,1,2023
2023-03-01,Endesa,Barcelona,Barcelona,2.16924696,25.0,11.0,14.0,3,1,2023
2023-04-01,Endesa,Barcelona,Barcelona,2.16924696,25.0,11.0,14.0,4,2,2023
2023-05-01,Endesa,Barcelona,Barcelona,2.16924696,25.0,11.0,14.0,5,2,2023
2023-06-01,Endesa,Barcelona,Barcelona,2.16924696,25.0,11.0,14.0,6,2,2023
2023-07-01,Endesa,Barcelona,Barcelona,2.16924696,25.0,11.0,14.0,7,3,2023
2023-08-01,Endesa,Barcelona,Barcelona,2.16924696,25.0,11.0,14.0,8,3,2023
2022-09-01,Endesa,Barcelona,Barcelona,2.17209222,110.0,11.0,99.0,9,3,2022
2022-10-01,Endesa,Barcelona,Barcelona,2.17209222,110.0,11.0,99.0,10,4,2022
2022-11-01,Endesa,Barcelona,Barcelona,2.17209222,110.0,11.0,99.0,11,4,2022
2022-12-01,Endesa,Barcelona,Barcelona,2.17209222,110.0,11.0,99.0,12,4,2022
2023-01-01,Endesa,Barcelona,Barcelona,2.17209222,110.0,11.0,99.0,1,1,2023
2023-02-01,Endesa,Barcelona,Barcelona,2.17209222,110.0,11.0,99.0,2,1,2023
2023-03-01,Endesa,Barcelona,Barcelona,2.17209222,110.0,11.0,99.0,3,1,2023
2023-04-01,Endesa,Barcelona,Barcelona,2.17209222,110.0,11.0,99.0,4,2,2023
2023-05-01,Endesa,Barcelona,Barcelona,2.17209222,110.0,11.0,99.0,5,2,2023
2023-06-01,Endesa,Barcelona,Barcelona,2.17209222,110.0,11.0,99.0,6,2,2023
2023-07-01,Endesa,Barcelona,Barcelona,2.17209222,110.0,11.0,99.0,7,3,2023
2023-08-01,Endesa,Barcelona,Barcelona,2.17209222,110.0,11.0,99.0,8,3,2023
2022-09-01,Endesa,Barcelona,Barcelona,2.17992394,25.0,11.0,14.0,9,3,2022
2022-10-01,Endesa,Barcelona,Barcelona,2.17992394,25.0,11.0,14.0,10,4,2022
2022-11-01,Endesa,Barcelona,Barcelona,2.17992394,25.0,11.0,14.0,11,4,2022
2022-12-01,Endesa,Barcelona,Barcelona,2.17992394,25.0,11.0,14.0,12,4,2022
2023-01-01,Endesa,Barcelona,Barcelona,2.17992394,25.0,11.0,14.0,1,1,2023
2023-02-01,Endesa,Barcelona,Barcelona,2.17992394,25.0,11.0,14.0,2,1,2023
2023-03-01,Endesa,Barcelona,Barcelona,2.17992394,25.0,11.0,14.0,3,1,2023
2023-04-01,Endesa,Barcelona,Barcelona,2.17992394,25.0,11.0,14.0,4,2,2023
2023-05-01,Endesa,Barcelona,Barcelona,2.17992394,25.0,11.0,14.0,5,2,2023
2023-06-01,Endesa,Barcelona,Barcelona,2.17992394,25.0,11.0,14.0,6,2,2023
2023-07-01,Endesa,Barcelona,Barcelona,2.17992394,25.0,11.0,14.0,7,3,2023
2023-08-01,Endesa,Barcelona,Barcelona,2.17992394,25.0,11.0,14.0,8,3,2023
2022-09-01,Endesa,Barcelona,Barcelona,2.18223698,25.0,11.0,14.0,9,3,2022
2022-10-01,Endesa,Barcelona,Barcelona,2.18223698,25.0,11.0,14.0,10,4,2022
2022-11-01,Endesa,Barcelona,Barcelona,2.18223698,25.0,11.0,14.0,11,4,2022
2022-12-01,Endesa,Barcelona,Barcelona,2.18223698,25.0,11.0,14.0,12,4,2022
2023-01-01,Endesa,Barcelona,Barcelona,2.18223698,25.0,11.0,14.0,1,1,2023
2023-02-01,Endesa,Barcelona,Barcelona,2.18223698,25.0,11.0,14.0,2,1,2023
2023-03-01,Endesa,Barcelona,Barcelona,2.18223698,25.0,11.0,14.0,3,1,2023
2023-04-01,Endesa,Barcelona,Barcelona,2.18223698,25.0,11.0,14.0,4,2,2023
2023-05-01,Endesa,Barcelona,Barcelona,2.18223698,25.0,11.0,14.0,5,2,2023
2023-06-01,Endesa,Barcelona,Barcelona,2.18223698,25.0,11.0,14.0,6,2,2023
2023-07-01,Endesa,Barcelona,Barcelona,2.18223698,25.0,11.0,14.0,7,3,2023
2023-08-01,Endesa,Barcelona,Barcelona,2.18223698,25.0,11.0,14.0,8,3,2023
2022-09-01,Endesa,Barcelona,Barcelona,2.1895794,110.0,11.0,99.0,9,3,2022
2022-10-01,Endesa,Barcelona,Barcelona,2.1895794,110.0,11.0,99.0,10,4,2022
2022-11-01,Endesa,Barcelona,Barcelona,2.1895794,110.0,11.0,99.0,11,4,2022
2022-12-01,Endesa,Barcelona,Barcelona,2.1895794,110.0,11.0,99.0,12,4,2022
2023-01-01,Endesa,Barcelona,Barcelona,2.1895794,110.0,11.0,99.0,1,1,2023
2023-02-01,Endesa,Barcelona,Barcelona,2.1895794,110.0,11.0,99.0,2,1,2023
2023-03-01,Endesa,Barcelona,Barcelona,2.1895794,110.0,11.0,99.0,3,1,2023
2023-04-01,Endesa,Barcelona,Barcelona,2.1895794,110.0,11.0,99.0,4,2,2023
2023-05-01,Endesa,Barcelona,Barcelona,2.1895794,110.0,11.0,99.0,5,2,2023
2023-06-01,Endesa,Barcelona,Barcelona,2.1895794,110.0,11.0,99.0,6,2,2023
2023-07-01,Endesa,Barcelona,Barcelona,2.1895794,110.0,11.0,99.0,7,3,2023
2023-08-01,Endesa,Barcelona,Barcelona,2.1895794,110.0,11.0,99.0,8,3,2023
2022-09-01,Endesa,Barcelona,Barcelona,2.19273051,25.0,11.0,14.0,9,3,2022
2022-10-01,Endesa,Barcelona,Barcelona,2.19273051,25.0,11.0,14.0,10,4,2022
2022-11-01,Endesa,Barcelona,Barcelona,2.19273051,25.0,11.0,14.0,11,4,2022
2022-12-01,Endesa,Barcelona,Barcelona,2.19273051,25.0,11.0,14.0,12,4,2022
2023-01-01,Endesa,Barcelona,Barcelona,2.19273051,25.0,11.0,14.0,1,1,2023
2023-02-01,Endesa,Barcelona,Barcelona,2.19273051,25.0,11.0,14.0,2,1,2023
2023-03-01,Endesa,Barcelona,Barcelona,2.19273051,25.0,11.0,14.0,3,1,2023
2023-04-01,Endesa,Barcelona,Barcelona,2.19273051,25.0,11.0,14.0,4,2,2023
2023-05-01,Endesa,Barcelona,Barcelona,2.19273051,25.0,11.0,14.0,5,2,2023
2023-06-01,Endesa,Barcelona,Barcelona,2.19273051,25.0,11.0,14.0,6,2,2023
2023-07-01,Endesa,Barcelona,Barcelona,2.19273051,25.0,11.0,14.0,7,3,2023
2023-08-01,Endesa,Barcelona,Barcelona,2.19273051,25.0,11.0,14.0,8,3,2023
2022-09-01,Endesa,Barcelona,Barcelona,2.19935338,25.0,11.0,14.0,9,3,2022
2022-10-01,Endesa,Barcelona,Barcelona,2.19935338,25.0,11.0,14.0,10,4,2022
2022-11-01,Endesa,Barcelona,Barcelona,2.19935338,25.0,11.0,14.0,11,4,2022
2022-12-01,Endesa,Barcelona,Barcelona,2.19935338,25.0,11.0,14.0,12,4,2022
2023-01-01,Endesa,Barcelona,Barcelona,2.19935338,25.0,11.0,14.0,1,1,2023
2023-02-01,Endesa,Barcelona,Barcelona,2.19935338,25.0,11.0,14.0,2,1,2023
2023-03-01,Endesa,Barcelona,Barcelona,2.19935338,25.0,11.0,14.0,3,1,2023
2023-04-01,Endesa,Barcelona,Barcelona,2.19935338,25.0,11.0,14.0,4,2,2023
2023-05-01,Endesa,Barcelona,Barcelona,2.19935338,25.0,11.0,14.0,5,2,2023
2023-06-01,Endesa,Barcelona,Barcelona,2.19935338,25.0,11.0,14.0,6,2,2023
2023-07-01,Endesa,Barcelona,Barcelona,2.19935338,25.0,11.0,14.0,7,3,2023
2023-08-01,Endesa,Barcelona,Barcelona,2.19935338,25.0,11.0,14.0,8,3,2023
2022-09-01,Endesa,Lleida,"Baronia de Rialb, La",1.19705549,110.0,25.0,85.0,9,3,2022
2022-10-01,Endesa,Lleida,"Baronia de Rialb, La",1.19705549,110.0,25.0,85.0,10,4,2022
2022-11-01,Endesa,Lleida,"Baronia de Rialb, La",1.19705549,110.0,25.0,85.0,11,4,2022
2022-12-01,Endesa,Lleida,"Baronia de Rialb, La",1.19705549,110.0,25.0,85.0,12,4,2022
2023-01-01,Endesa,Lleida,"Baronia de Rialb, La",1.19705549,110.0,25.0,85.0,1,1,2023
2023-02-01,Endesa,Lleida,"Baronia de Rialb, La",1.19705549,110.0,25.0,85.0,2,1,2023
2023-03-01,Endesa,Lleida,"Baronia de Rialb, La",1.19705549,110.0,25.0,85.0,3,1,2023
2023-04-01,Endesa,Lleida,"Baronia de Rialb, La",1.19705549,110.0,25.0,85.0,4,2,2023
2023-05-01,Endesa,Lleida,"Baronia de Rialb, La",1.19705549,110.0,25.0,85.0,5,2,2023
2023-06-01,Endesa,Lleida,"Baronia de Rialb, La",1.19705549,110.0,25.0,85.0,6,2,2023
2023-07-01,Endesa,Lleida,"Baronia de Rialb, La",1.19705549,110.0,25.0,85.0,7,3,2023
2023-08-01,Endesa,Lleida,"Baronia de Rialb, La",1.19705549,110.0,25.0,85.0,8,3,2023
2022-09-01,Endesa,Lleida,Bell-lloc d`Urgell,0.77732673,110.0,25.0,85.0,9,3,2022
2022-10-01,Endesa,Lleida,Bell-lloc d`Urgell,0.77732673,110.0,25.0,85.0,10,4,2022
2022-11-01,Endesa,Lleida,Bell-lloc d`Urgell,0.77732673,110.0,25.0,85.0,11,4,2022
2022-12-01,Endesa,Lleida,Bell-lloc d`Urgell,0.77732673,110.0,25.0,85.0,12,4,2022
2023-01-01,Endesa,Lleida,Bell-lloc d`Urgell,0.77732673,110.0,25.0,85.0,1,1,2023
2023-02-01,Endesa,Lleida,Bell-lloc d`Urgell,0.77732673,110.0,25.0,85.0,2,1,2023
2023-03-01,Endesa,Lleida,Bell-lloc d`Urgell,0.77732673,110.0,25.0,85.0,3,1,2023
2023-04-01,Endesa,Lleida,Bell-lloc d`Urgell,0.77732673,110.0,25.0,85.0,4,2,2023
2023-05-01,Endesa,Lleida,Bell-lloc d`Urgell,0.77732673,110.0,25.0,85.0,5,2,2023
2023-06-01,Endesa,Lleida,Bell-lloc d`Urgell,0.77732673,110.0,25.0,85.0,6,2,2023
2023-07-01,Endesa,Lleida,Bell-lloc d`Urgell,0.77732673,110.0,25.0,85.0,7,3,2023
2023-08-01,Endesa,Lleida,Bell-lloc d`Urgell,0.77732673,110.0,25.0,85.0,8,3,2023
2022-09-01,Endesa,Girona,Bellcaire d`Empordà,3.09835221,110.0,25.0,85.0,9,3,2022
2022-10-01,Endesa,Girona,Bellcaire d`Empordà,3.09835221,110.0,25.0,85.0,10,4,2022
2022-11-01,Endesa,Girona,Bellcaire d`Empordà,3.09835221,110.0,25.0,85.0,11,4,2022
2022-12-01,Endesa,Girona,Bellcaire d`Empordà,3.09835221,110.0,25.0,85.0,12,4,2022
2023-01-01,Endesa,Girona,Bellcaire d`Empordà,3.09835221,110.0,25.0,85.0,1,1,2023
2023-02-01,Endesa,Girona,Bellcaire d`Empordà,3.09835221,110.0,25.0,85.0,2,1,2023
2023-03-01,Endesa,Girona,Bellcaire d`Empordà,3.09835221,110.0,25.0,85.0,3,1,2023
2023-04-01,Endesa,Girona,Bellcaire d`Empordà,3.09835221,110.0,25.0,85.0,4,2,2023
2023-05-01,Endesa,Girona,Bellcaire d`Empordà,3.09835221,110.0,25.0,85.0,5,2,2023
2023-06-01,Endesa,Girona,Bellcaire d`Empordà,3.09835221,110.0,25.0,85.0,6,2,2023
2023-07-01,Endesa,Girona,Bellcaire d`Empordà,3.09835221,110.0,25.0,85.0,7,3,2023
2023-08-01,Endesa,Girona,Bellcaire d`Empordà,3.09835221,110.0,25.0,85.0,8,3,2023
2022-09-01,Endesa,Lleida,Benavent de Segrià,0.61498579,110.0,25.0,85.0,9,3,2022
2022-10-01,Endesa,Lleida,Benavent de Segrià,0.61498579,110.0,25.0,85.0,10,4,2022
2022-11-01,Endesa,Lleida,Benavent de Segrià,0.61498579,110.0,25.0,85.0,11,4,2022
2022-12-01,Endesa,Lleida,Benavent de Segrià,0.61498579,110.0,25.0,85.0,12,4,2022
2023-01-01,Endesa,Lleida,Benavent de Segrià,0.61498579,110.0,25.0,85.0,1,1,2023
2023-02-01,Endesa,Lleida,Benavent de Segrià,0.61498579,110.0,25.0,85.0,2,1,2023
2023-03-01,Endesa,Lleida,Benavent de Segrià,0.61498579,110.0,25.0,85.0,3,1,2023
2023-04-01,Endesa,Lleida,Benavent de Segrià,0.61498579,110.0,25.0,85.0,4,2,2023
2023-05-01,Endesa,Lleida,Benavent de Segrià,0.61498579,110.0,25.0,85.0,5,2,2023
2023-06-01,Endesa,Lleida,Benavent de Segrià,0.61498579,110.0,25.0,85.0,6,2,2023
2023-07-01,Endesa,Lleida,Benavent de Segrià,0.61498579,110.0,25.0,85.0,7,3,2023
2023-08-01,Endesa,Lleida,Benavent de Segrià,0.61498579,110.0,25.0,85.0,8,3,2023
2022-09-01,Endesa,Girona,Bescanó,2.69518193,132.0,25.0,107.0,9,3,2022
2022-10-01,Endesa,Girona,Bescanó,2.69518193,132.0,25.0,107.0,10,4,2022
2022-11-01,Endesa,Girona,Bescanó,2.69518193,132.0,25.0,107.0,11,4,2022
2022-12-01,Endesa,Girona,Bescanó,2.69518193,132.0,25.0,107.0,12,4,2022
2023-01-01,Endesa,Girona,Bescanó,2.69518193,132.0,25.0,107.0,1,1,2023
2023-02-01,Endesa,Girona,Bescanó,2.69518193,132.0,25.0,107.0,2,1,2023
2023-03-01,Endesa,Girona,Bescanó,2.69518193,132.0,25.0,107.0,3,1,2023
2023-04-01,Endesa,Girona,Bescanó,2.69518193,132.0,25.0,107.0,4,2,2023
2023-05-01,Endesa,Girona,Bescanó,2.69518193,132.0,25.0,107.0,5,2,2023
2023-06-01,Endesa,Girona,Bescanó,2.69518193,132.0,25.0,107.0,6,2,2023
2023-07-01,Endesa,Girona,Bescanó,2.69518193,132.0,25.0,107.0,7,3,2023
2023-08-01,Endesa,Girona,Bescanó,2.69518193,132.0,25.0,107.0,8,3,2023
2022-09-01,Endesa,Huesca,Binéfar,0.30427256,110.0,9.3,100.7,9,3,2022
2022-10-01,Endesa,Huesca,Binéfar,0.30427256,110.0,9.3,100.7,10,4,2022
2022-11-01,Endesa,Huesca,Binéfar,0.30427256,110.0,9.3,100.7,11,4,2022
2022-12-01,Endesa,Huesca,Binéfar,0.30427256,110.0,9.3,100.7,12,4,2022
2023-01-01,Endesa,Huesca,Binéfar,0.30427256,110.0,9.3,100.7,1,1,2023
2023-02-01,Endesa,Huesca,Binéfar,0.30427256,110.0,9.3,100.7,2,1,2023
2023-03-01,Endesa,Huesca,Binéfar,0.30427256,110.0,9.3,100.7,3,1,2023
2023-04-01,Endesa,Huesca,Binéfar,0.30427256,110.0,9.3,100.7,4,2,2023
2023-05-01,Endesa,Huesca,Binéfar,0.30427256,110.0,9.3,100.7,5,2,2023
2023-06-01,Endesa,Huesca,Binéfar,0.30427256,110.0,9.3,100.7,6,2,2023
2023-07-01,Endesa,Huesca,Binéfar,0.30427256,110.0,9.3,100.7,7,3,2023
2023-08-01,Endesa,Huesca,Binéfar,0.30427256,110.0,9.3,100.7,8,3,2023
2022-10-01,Endesa,Baleares,Bunyola,2.68769849,0.0,-15.0,15.0,10,4,2022
2022-04-01,Endesa,Girona,C.ARO,25.0,111.6,100.5,11.099999999999994,4,2,2022
2021-10-01,Endesa,Cádiz,CADIZ,132.0,129.6,122.9,6.699999999999989,10,4,2021
2022-05-01,Endesa,Cádiz,CADIZ,132.0,26.5,20.3,6.199999999999999,5,2,2022
2022-05-01,Endesa,Baleares,CALABLAVA,15.0,5.4,-14.6,20.0,5,2,2022
2025-10-01,Endesa,"Balears, Illes",CALABLAVA,15.0,26.2,5.4,20.799999999999997,10,4,2025
2026-05-01,Endesa,"Balears, Illes",CALABLAVA,15.0,0.0,-13.29,13.29,5,2,2026
2022-03-01,Endesa,Barcelona,CALDERS,110.0,256.4,232.3,24.099999999999966,3,1,2022
2025-12-01,Endesa,Barcelona,CALDERS,110.0,94.2,54.2,40.0,12,4,2025
2026-03-01,Endesa,Barcelona,CALDERS,110.0,107.82,98.58,9.239999999999995,3,1,2026
2026-05-01,Endesa,Barcelona,CALDERS,110.0,136.74,107.82,28.920000000000016,5,2,2026
2022-03-01,Endesa,Barcelona,CALDERS,25.0,26.1,15.3,10.8,3,1,2022
2022-04-01,Endesa,Barcelona,CALELLA,110.0,194.2,175.0,19.19999999999999,4,2,2022
2022-04-01,Endesa,Barcelona,CALELLA,25.0,69.3,62.5,6.799999999999997,4,2,2022
2021-08-01,Endesa,Sevilla,CALONGE,132.0,41.3,24.7,16.599999999999998,8,3,2021
2021-10-01,Endesa,Sevilla,CALONGE,132.0,50.8,38.7,12.099999999999994,10,4,2021
2021-08-01,Endesa,Sevilla,CALONGE,20.0,41.3,24.7,16.599999999999998,8,3,2021
2021-10-01,Endesa,Sevilla,CALONGE,20.0,50.8,38.7,12.099999999999994,10,4,2021
2022-04-01,Endesa,Baleares,CALVIA,15.0,86.5,77.9,8.599999999999994,4,2,2022
2021-10-01,Endesa,Tarragona,CAMBRILS,110.0,33.5,22.4,11.100000000000001,10,4,2021
2022-04-01,Endesa,Tarragona,CAMBRILS,110.0,64.7,18.0,46.7,4,2,2022
2022-06-01,Endesa,Tarragona,CAMBRILS,110.0,113.8,61.6,52.199999999999996,6,2,2022
2025-12-01,Endesa,Tarragona,CAMBRILS,110.0,43.12,0.0,43.12,12,4,2025
2026-03-01,Endesa,Tarragona,CAMBRILS,110.0,55.82,39.32,16.5,3,1,2026
2021-11-01,Endesa,Tarragona,CAMBRILS,25.0,30.0,20.3,9.7,11,4,2021
2022-04-01,Endesa,Tarragona,CAMBRILS,25.0,64.7,18.0,46.7,4,2,2022
2022-06-01,Endesa,Tarragona,CAMBRILS,25.0,108.2,61.6,46.6,6,2,2022
2025-12-01,Endesa,Tarragona,CAMBRILS,25.0,43.12,0.0,43.12,12,4,2025
2026-03-01,Endesa,Tarragona,CAMBRILS,25.0,55.82,39.32,16.5,3,1,2026
2025-10-01,Endesa,Málaga,CAMPANIL,20.0,55.7,0.0,55.7,10,4,2025
2026-03-01,Endesa,Málaga,CAMPANIL,20.0,56.67,10.55,46.120000000000005,3,1,2026
2025-10-01,Endesa,Málaga,CAMPANIL,66.0,58.1,0.0,58.1,10,4,2025
2026-03-01,Endesa,Málaga,CAMPANIL,66.0,59.5,10.55,48.95,3,1,2026
2022-04-01,Endesa,Jaén,CAMPILLO,66.0,0.0,-22.9,22.9,4,2,2022
2021-09-01,Endesa,Sevilla,CANAMO,15.0,0.0,-10.3,10.3,9,3,2021
2022-04-01,Endesa,Barcelona,CANJARDI,25.0,151.1,136.2,14.900000000000006,4,2,2022
2022-04-01,Endesa,Barcelona,CANRUTI,110.0,159.7,143.7,16.0,4,2,2022
2026-05-01,Endesa,Barcelona,CANRUTI,110.0,46.2,27.37,18.830000000000002,5,2,2026
2022-04-01,Endesa,Barcelona,CANRUTI,25.0,143.5,129.1,14.400000000000006,4,2,2022
2026-05-01,Endesa,Barcelona,CANRUTI,25.0,45.87,27.37,18.499999999999996,5,2,2026
2022-04-01,Endesa,Córdoba,CANSINOS,20.0,14.9,0.0,14.9,4,2,2022
2026-05-01,Endesa,Córdoba,CANSINOS,20.0,-30.28,-40.17,9.89,5,2,2026
2022-04-01,Endesa,Córdoba,CANSINOS,66.0,25.8,0.0,25.8,4,2,2022
2022-03-01,Endesa,Sevilla,CANTOSAL,15.0,27.2,-0.1,27.3,3,1,2022
2025-10-01,Endesa,Sevilla,CANTOSAL,15.0,0.0,-20.0,20.0,10,4,2025
2022-03-01,Endesa,Sevilla,CANTOSAL,66.0,39.7,10.7,29.000000000000004,3,1,2022
2025-10-01,Endesa,Sevilla,CANTOSAL,66.0,0.0,-12.5,12.5,10,4,2025
2022-04-01,Endesa,Cádiz,CANUELO,66.0,120.5,102.5,18.0,4,2,2022
2025-12-01,Endesa,Sevilla,CARAMBOL,15.0,28.79,0.0,28.79,12,4,2025
2025-12-01,Endesa,Sevilla,CARAMBOL,66.0,28.79,0.0,28.79,12,4,2025
2022-04-01,Endesa,Córdoba,CARPIO,25.0,31.6,0.0,31.6,4,2,2022
2022-04-01,Endesa,Córdoba,CARPIO,66.0,31.6,0.0,31.6,4,2,2022
2021-10-01,Endesa,Las Palmas,CARRIZAL,20.0,-9.6,-15.9,6.300000000000001,10,4,2021
2021-12-01,Endesa,Las Palmas,CARRIZAL,20.0,17.1,-9.6,26.700000000000003,12,4,2021
2022-01-01,Endesa,Las Palmas,CARRIZAL,20.0,24.1,17.1,7.0,1,1,2022
2022-04-01,Endesa,Las Palmas,CARRIZAL,20.0,25.0,16.1,8.899999999999999,4,2,2022
2025-10-01,Endesa,"Palmas, Las",CARRIZAL,20.0,27.5,-2.7,30.2,10,4,2025
2022-01-01,Endesa,Huelva,CARTAYA,15.0,6.0,-9.0,15.0,1,1,2022
2022-02-01,Endesa,Huelva,CARTAYA,66.0,9.7,-0.1,9.799999999999999,2,1,2022
2021-12-01,Endesa,Cádiz,CARTUJA,66.0,315.7,270.5,45.19999999999999,12,4,2021
2022-01-01,Endesa,Cádiz,CARTUJA,66.0,359.0,315.7,43.30000000000001,1,1,2022
2025-10-01,Endesa,Cádiz,CARTUJA,66.0,0.0,-10.0,10.0,10,4,2025
2021-08-01,Endesa,Zaragoza,CASABLANCA,10.0,27.7,0.0,27.7,8,3,2021
2021-11-01,Endesa,Zaragoza,CASABLANCA,10.0,21.0,0.0,21.0,11,4,2021
2022-05-01,Endesa,Zaragoza,CASABLANCA,10.0,5.7,0.0,5.7,5,2,2022
2021-08-01,Endesa,Zaragoza,CASABLANCA,45.0,27.5,0.0,27.5,8,3,2021
2021-11-01,Endesa,Zaragoza,CASABLANCA,45.0,20.8,0.0,20.8,11,4,2021
2022-05-01,Endesa,Zaragoza,CASABLANCA,45.0,11.8,0.0,11.8,5,2,2022
2021-10-01,Endesa,Córdoba,CASILLAS,20.0,63.9,53.1,10.799999999999997,10,4,2021
2025-10-01,Endesa,Córdoba,CASILLAS,20.0,0.0,-24.6,24.6,10,4,2025
2021-09-01,Endesa,Córdoba,CASILLAS,66.0,47.1,3.5,43.6,9,3,2021
2021-10-01,Endesa,Córdoba,CASILLAS,66.0,57.9,47.1,10.799999999999997,10,4,2021
2022-03-01,Endesa,Córdoba,CASILLAS,66.0,-76.5,-124.4,47.900000000000006,3,1,2022
2022-04-01,Endesa,Córdoba,CASILLAS,66.0,-14.4,-76.5,62.1,4,2,2022
2025-10-01,Endesa,Córdoba,CASILLAS,66.0,0.0,-29.9,29.9,10,4,2025
2022-04-01,Endesa,Girona,CASSA,25.0,66.5,60.0,6.5,4,2,2022
2022-04-01,Endesa,Barcelona,CASTELLBIS,25.0,163.7,147.4,16.299999999999983,4,2,2022
2022-04-01,Endesa,Tarragona,CASTELLET,25.0,125.6,111.8,13.799999999999997,4,2,2022
2022-06-01,Endesa,Tarragona,CASTELLET,25.0,140.8,125.9,14.900000000000006,6,2,2022
2026-01-01,Endesa,Barcelona,CASTELLET,25.0,39.54,25.01,14.529999999999998,1,1,2026
2026-03-01,Endesa,Barcelona,CASTELLET,25.0,48.57,39.54,9.030000000000001,3,1,2026
2026-05-01,Endesa,Barcelona,CASTELLET,25.0,53.72,48.57,5.149999999999999,5,2,2026
2022-04-01,Endesa,Baleares,CATALINA,15.0,96.9,87.2,9.700000000000003,4,2,2022
2025-10-01,Endesa,Málaga,CBERMEJA,132.0,14.2,0.0,14.2,10,4,2025
2026-03-01,Endesa,Málaga,CBERMEJA,132.0,33.8,17.61,16.189999999999998,3,1,2026
2025-10-01,Endesa,Málaga,CBERMEJA,20.0,9.2,0.0,9.2,10,4,2025
2026-01-01,Endesa,Málaga,CBERMEJA,20.0,0.0,-19.5,19.5,1,1,2026
2026-03-01,Endesa,Málaga,CBERMEJA,20.0,13.71,0.0,13.71,3,1,2026
2025-10-01,Endesa,Málaga,CEMCALA,66.0,52.2,0.0,52.2,10,4,2025
2021-09-01,Endesa,Barcelona,CENTELLES,25.0,63.7,56.3,7.400000000000006,9,3,2021
2026-03-01,Endesa,Barcelona,CENTELLES,25.0,19.69,0.81,18.880000000000003,3,1,2026
2025-12-01,Endesa,Sevilla,CENTENAR,20.0,28.31,0.0,28.31,12,4,2025
2022-04-01,Endesa,Sevilla,CENTENAR,66.0,99.1,92.1,7.0,4,2,2022
2022-06-01,Endesa,Sevilla,CENTENAR,66.0,107.9,100.5,7.400000000000006,6,2,2022
2025-12-01,Endesa,Sevilla,CENTENAR,66.0,28.31,0.0,28.31,12,4,2025
2021-11-01,Endesa,Málaga,CENTRO,20.0,42.3,16.2,26.099999999999998,11,4,2021
2022-04-01,Endesa,Málaga,CENTRO,20.0,49.3,42.2,7.099999999999994,4,2,2022
2021-11-01,Endesa,Málaga,CENTRO,66.0,42.3,16.2,26.099999999999998,11,4,2021
2022-04-01,Endesa,Málaga,CENTRO,66.0,49.3,42.2,7.099999999999994,4,2,2022
2026-05-01,Endesa,Málaga,CENTRO,66.0,53.19,38.21,14.979999999999997,5,2,2026
2022-03-01,Endesa,Córdoba,CEPANSA,20.0,6.8,-26.4,33.199999999999996,3,1,2022
2022-04-01,Endesa,Córdoba,CEPANSA,20.0,35.3,6.8,28.499999999999996,4,2,2022
2022-04-01,Endesa,Córdoba,CEPANSA,66.0,42.6,12.9,29.700000000000003,4,2,2022
2022-04-01,Endesa,Barcelona,CERDANYOLA,110.0,144.1,129.7,14.400000000000006,4,2,2022
2025-10-01,Endesa,Barcelona,CERDANYOLA,110.0,163.3,144.1,19.200000000000017,10,4,2025
2022-04-01,Endesa,Barcelona,CERDANYOLA,25.0,111.2,100.3,10.900000000000006,4,2,2022
2025-10-01,Endesa,Barcelona,CERDANYOLA,25.0,116.2,110.5,5.700000000000003,10,4,2025
2025-12-01,Endesa,Barcelona,CERDANYOLA,25.0,127.98,116.2,11.780000000000001,12,4,2025
2026-05-01,Endesa,Barcelona,CERDA,25.0,80.94,70.0,10.939999999999998,5,2,2026
2022-03-01,Endesa,Badajoz,CERROGOR,20.0,-8.6,-18.6,10.000000000000002,3,1,2022
2022-05-01,Endesa,Badajoz,CERROGOR,20.0,0.0,-10.0,10.0,5,2,2022
2025-10-01,Endesa,Badajoz,CERROGOR,20.0,7.3,0.0,7.3,10,4,2025
2025-12-01,Endesa,Badajoz,CERROGOR,20.0,13.58,7.3,6.28,12,4,2025
2026-05-01,Endesa,Badajoz,CERROGOR,20.0,13.56,0.0,13.56,5,2,2026
2021-09-01,Endesa,Badajoz,CERROGOR,66.0,33.5,0.0,33.5,9,3,2021
2021-11-01,Endesa,Badajoz,CERROGOR,66.0,43.1,33.5,9.600000000000001,11,4,2021
2025-10-01,Endesa,Badajoz,CERROGOR,66.0,7.3,0.0,7.3,10,4,2025
2025-12-01,Endesa,Badajoz,CERROGOR,66.0,37.09,7.3,29.790000000000003,12,4,2025
2026-05-01,Endesa,Badajoz,CERROGOR,66.0,31.18,0.0,31.18,5,2,2026
2022-04-01,Endesa,Barcelona,CERVELLO,25.0,104.9,96.0,8.900000000000006,4,2,2022
2026-03-01,Endesa,Santa Cruz de Tenerife,CHAYOFA,20.0,47.89,42.89,5.0,3,1,2026
2026-05-01,Endesa,Santa Cruz de Tenerife,CHAYOFA,20.0,62.89,47.89,15.0,5,2,2026
2021-08-01,Endesa,Cádiz,CHICLANA,20.0,51.1,36.4,14.700000000000003,8,3,2021
2021-11-01,Endesa,Cádiz,CHICLANA,20.0,44.3,12.9,31.4,11,4,2021
2022-02-01,Endesa,Cádiz,CHICLANA,20.0,26.8,0.6,26.2,2,1,2022
2022-04-01,Endesa,Cádiz,CHICLANA,20.0,0.0,-30.9,30.9,4,2,2022
2021-08-01,Endesa,Cádiz,CHICLANA,66.0,50.1,33.8,16.300000000000004,8,3,2021
2022-04-01,Endesa,Cádiz,CHICLANA,66.0,0.0,-60.8,60.8,4,2,2022
2026-03-01,Endesa,Cádiz,CHIPIONA,15.0,26.93,0.0,26.93,3,1,2026
2026-03-01,Endesa,Cádiz,CHIPIONA,66.0,26.93,0.0,26.93,3,1,2026
2022-01-01,Endesa,Las Palmas,CINSA,20.0,36.7,21.3,15.400000000000002,1,1,2022
2022-04-01,Endesa,Las Palmas,CINSA,20.0,43.6,36.1,7.5,4,2,2022
2026-01-01,Endesa,"Balears, Illes",CIUDADELA,15.0,81.67,71.67,10.0,1,1,2026
2022-04-01,Endesa,Málaga,CIUDAD_J,20.0,58.1,52.3,5.800000000000004,4,2,2022
2021-11-01,Endesa,Málaga,CIUDAD_J,66.0,86.3,66.4,19.89999999999999,11,4,2021
2022-04-01,Endesa,Málaga,CIUDAD_J,66.0,96.7,86.1,10.600000000000009,4,2,2022
2026-05-01,Endesa,Málaga,CIUDAD_J,66.0,65.12,55.12,10.000000000000007,5,2,2026
2022-04-01,Endesa,Málaga,CIZANA,20.0,55.7,50.1,5.600000000000001,4,2,2022
2022-04-01,Endesa,Málaga,CIZANA,66.0,82.2,74.0,8.200000000000003,4,2,2022
2021-11-01,Endesa,Sevilla,CLH_ARAH,66.0,25.6,0.0,25.6,11,4,2021
2022-04-01,Endesa,Barcelona,CODONYERS,25.0,164.8,148.3,16.5,4,2,2022
2026-03-01,Endesa,Barcelona,CODONYERS,25.0,19.96,0.0,19.96,3,1,2026
2022-04-01,Endesa,Baleares,COLISEO,15.0,93.4,84.1,9.300000000000011,4,2,2022
2022-04-01,Endesa,Barcelona,COLLBLANC,11.0,151.9,136.7,15.200000000000017,4,2,2022
2022-04-01,Endesa,Barcelona,COLLBLANC,110.0,576.8,523.6,53.19999999999993,4,2,2022
2026-03-01,Endesa,Barcelona,COLLBLANC,110.0,480.51,467.9,12.610000000000014,3,1,2026
2022-04-01,Endesa,Barcelona,COLLBLANC,25.0,159.2,143.3,15.899999999999977,4,2,2022
2022-01-01,Endesa,Huelva,COLON,15.0,11.1,3.4,7.699999999999999,1,1,2022
2026-03-01,Endesa,Huelva,COLON,15.0,14.9,0.0,14.9,3,1,2026
2022-03-01,Endesa,Huelva,COLON,50.0,56.1,6.1,50.0,3,1,2022
2026-03-01,Endesa,Huelva,COLON,50.0,17.13,0.0,17.13,3,1,2026
2026-05-01,Endesa,Huelva,COLON,50.0,42.46,17.13,25.330000000000002,5,2,2026
2021-09-01,Endesa,Barcelona,CONGOST,25.0,0.0,-5.0,5.0,9,3,2021
2022-05-01,Endesa,Cádiz,CONIL,20.0,0.0,-5.0,5.0,5,2,2022
2021-12-01,Endesa,Cádiz,CONIL,66.0,15.4,6.3,9.100000000000001,12,4,2021
2025-10-01,Endesa,Cádiz,CONIL,66.0,37.7,0.0,37.7,10,4,2025
2026-05-01,Endesa,Cádiz,CONIL,66.0,29.78,0.0,29.78,5,2,2026
2022-04-01,Endesa,Tarragona,CONSTANTI,25.0,95.9,90.1,5.800000000000011,4,2,2022
2022-03-01,Endesa,Cádiz,CORCHADO,15.0,9.7,0.7,9.0,3,1,2022
2022-03-01,Endesa,Cádiz,CORCHADO,66.0,9.4,3.9,5.5,3,1,2022
2021-11-01,Endesa,Sevilla,CORONIL,66.0,21.9,0.0,21.9,11,4,2021
2021-09-01,Endesa,Las Palmas,CORRALEJO,20.0,-10.0,-19.8,9.8,9,3,2021
2021-10-01,Endesa,Las Palmas,CORRALEJO,20.0,0.0,-10.0,10.0,10,4,2021
2021-12-01,Endesa,Las Palmas,CORRALEJO,20.0,23.2,0.0,23.2,12,4,2021
2025-10-01,Endesa,"Palmas, Las",CORRALEJO,20.0,34.5,21.5,13.0,10,4,2025
2022-04-01,Endesa,Cádiz,CORTADUR,66.0,56.1,50.5,5.600000000000001,4,2,2022
2022-04-01,Endesa,Huelva,COSTALUZ,66.0,0.0,-25.0,25.0,4,2,2022
2022-04-01,Endesa,Cádiz,CRINAVIS,20.0,34.1,0.0,34.1,4,2,2022
2022-04-01,Endesa,Cádiz,CRINAVIS,66.0,38.0,0.0,38.0,4,2,2022
2021-12-01,Endesa,Sevilla,CROSS_SJ,132.0,31.4,0.0,31.4,12,4,2021
2021-12-01,Endesa,Sevilla,CROSS_SJ,20.0,31.4,0.0,31.4,12,4,2021
2021-08-01,Endesa,Sevilla,CRUZCAMP,20.0,43.2,33.6,9.600000000000001,8,3,2021
2021-08-01,Endesa,Sevilla,CRUZCAMP,66.0,54.6,33.6,21.0,8,3,2021
2021-10-01,Endesa,Sevilla,CRUZCAMP,66.0,67.3,53.1,14.199999999999996,10,4,2021
2021-12-01,Endesa,Sevilla,CRUZCAMP,66.0,108.9,54.8,54.10000000000001,12,4,2021
2021-10-01,Endesa,Córdoba,CRUZJUAR,20.0,79.1,74.1,5.0,10,4,2021
2021-10-01,Endesa,Córdoba,CRUZJUAR,66.0,89.1,74.1,15.0,10,4,2021
2021-12-01,Endesa,Córdoba,CRUZJUAR,66.0,112.4,91.9,20.5,12,4,2021
2021-08-01,Endesa,Zaragoza,CUARTE,15.0,27.8,0.0,27.8,8,3,2021
2021-11-01,Endesa,Zaragoza,CUARTE,15.0,21.1,0.0,21.1,11,4,2021
2022-05-01,Endesa,Zaragoza,CUARTE,15.0,5.8,-10.0,15.8,5,2,2022
2021-08-01,Endesa,Zaragoza,CUARTE,45.0,27.8,0.0,27.8,8,3,2021
2021-11-01,Endesa,Zaragoza,CUARTE,45.0,21.1,0.0,21.1,11,4,2021
2022-05-01,Endesa,Zaragoza,CUARTE,45.0,5.8,0.0,5.8,5,2,2022
2021-11-01,Endesa,Sevilla,CUERVO,15.0,15.6,10.6,5.0,11,4,2021
2022-01-01,Endesa,Sevilla,CUERVO,15.0,5.8,-4.0,9.8,1,1,2022
2022-02-01,Endesa,Sevilla,CUERVO,15.0,15.5,5.8,9.7,2,1,2022
2022-04-01,Endesa,Sevilla,CUERVO,66.0,-13.0,-126.1,113.1,4,2,2022
2025-10-01,Endesa,Sevilla,CUERVO,66.0,0.0,-13.0,13.0,10,4,2025
2022-04-01,Endesa,Sevilla,CUNA,66.0,89.0,80.1,8.900000000000006,4,2,2022
2026-05-01,Endesa,Sevilla,CUNA,66.0,14.69,0.0,14.69,5,2,2026
2022-09-01,Endesa,Barcelona,Calders,1.93503262,37.0,14.0,23.0,9,3,2022
2022-10-01,Endesa,Barcelona,Calders,1.93503262,37.0,14.0,23.0,10,4,2022
2022-11-01,Endesa,Barcelona,Calders,1.93503262,37.0,14.0,23.0,11,4,2022
2022-12-01,Endesa,Barcelona,Calders,1.93503262,37.0,14.0,23.0,12,4,2022
2023-01-01,Endesa,Barcelona,Calders,1.93503262,37.0,14.0,23.0,1,1,2023
2023-02-01,Endesa,Barcelona,Calders,1.93503262,37.0,14.0,23.0,2,1,2023
2023-03-01,Endesa,Barcelona,Calders,1.93503262,37.0,14.0,23.0,3,1,2023
2023-04-01,Endesa,Barcelona,Calders,1.93503262,37.0,14.0,23.0,4,2,2023
2023-05-01,Endesa,Barcelona,Calders,1.93503262,37.0,14.0,23.0,5,2,2023
2023-06-01,Endesa,Barcelona,Calders,1.93503262,37.0,14.0,23.0,6,2,2023
2023-07-01,Endesa,Barcelona,Calders,1.93503262,37.0,14.0,23.0,7,3,2023
2023-08-01,Endesa,Barcelona,Calders,1.93503262,37.0,14.0,23.0,8,3,2023
2022-09-01,Endesa,Barcelona,Calella,2.64968674,110.0,25.0,85.0,9,3,2022
2022-10-01,Endesa,Barcelona,Calella,2.64968674,110.0,25.0,85.0,10,4,2022
2022-11-01,Endesa,Barcelona,Calella,2.64968674,110.0,25.0,85.0,11,4,2022
2022-12-01,Endesa,Barcelona,Calella,2.64968674,110.0,25.0,85.0,12,4,2022
2023-01-01,Endesa,Barcelona,Calella,2.64968674,110.0,25.0,85.0,1,1,2023
2023-02-01,Endesa,Barcelona,Calella,2.64968674,110.0,25.0,85.0,2,1,2023
2023-03-01,Endesa,Barcelona,Calella,2.64968674,110.0,25.0,85.0,3,1,2023
2023-04-01,Endesa,Barcelona,Calella,2.64968674,110.0,25.0,85.0,4,2,2023
2023-05-01,Endesa,Barcelona,Calella,2.64968674,110.0,25.0,85.0,5,2,2023
2023-06-01,Endesa,Barcelona,Calella,2.64968674,110.0,25.0,85.0,6,2,2023
2023-07-01,Endesa,Barcelona,Calella,2.64968674,110.0,25.0,85.0,7,3,2023
2023-08-01,Endesa,Barcelona,Calella,2.64968674,110.0,25.0,85.0,8,3,2023
2022-09-01,Endesa,Barcelona,Calonge de Segarra,1.52562668,85.0,15.0,70.0,9,3,2022
2022-10-01,Endesa,Barcelona,Calonge de Segarra,1.52562668,85.0,15.0,70.0,10,4,2022
2022-11-01,Endesa,Barcelona,Calonge de Segarra,1.52562668,85.0,15.0,70.0,11,4,2022
2022-12-01,Endesa,Barcelona,Calonge de Segarra,1.52562668,85.0,15.0,70.0,12,4,2022
2023-01-01,Endesa,Barcelona,Calonge de Segarra,1.52562668,85.0,15.0,70.0,1,1,2023
2023-02-01,Endesa,Barcelona,Calonge de Segarra,1.52562668,85.0,15.0,70.0,2,1,2023
2023-03-01,Endesa,Barcelona,Calonge de Segarra,1.52562668,85.0,15.0,70.0,3,1,2023
2023-04-01,Endesa,Barcelona,Calonge de Segarra,1.52562668,85.0,15.0,70.0,4,2,2023
2023-05-01,Endesa,Barcelona,Calonge de Segarra,1.52562668,85.0,15.0,70.0,5,2,2023
2023-06-01,Endesa,Barcelona,Calonge de Segarra,1.52562668,85.0,15.0,70.0,6,2,2023
2023-07-01,Endesa,Barcelona,Calonge de Segarra,1.52562668,85.0,15.0,70.0,7,3,2023
2023-08-01,Endesa,Barcelona,Calonge de Segarra,1.52562668,85.0,15.0,70.0,8,3,2023
2022-09-01,Endesa,Tarragona,Cambrils,1.03818037,110.0,19.0,91.0,9,3,2022
2022-10-01,Endesa,Tarragona,Cambrils,1.03818037,110.0,19.0,91.0,10,4,2022
2022-11-01,Endesa,Tarragona,Cambrils,1.03818037,110.0,19.0,91.0,11,4,2022
2022-12-01,Endesa,Tarragona,Cambrils,1.03818037,110.0,19.0,91.0,12,4,2022
2023-01-01,Endesa,Tarragona,Cambrils,1.03818037,110.0,19.0,91.0,1,1,2023
2023-02-01,Endesa,Tarragona,Cambrils,1.03818037,110.0,19.0,91.0,2,1,2023
2023-03-01,Endesa,Tarragona,Cambrils,1.03818037,110.0,19.0,91.0,3,1,2023
2023-04-01,Endesa,Tarragona,Cambrils,1.03818037,110.0,19.0,91.0,4,2,2023
2023-05-01,Endesa,Tarragona,Cambrils,1.03818037,110.0,19.0,91.0,5,2,2023
2023-06-01,Endesa,Tarragona,Cambrils,1.03818037,110.0,19.0,91.0,6,2,2023
2023-07-01,Endesa,Tarragona,Cambrils,1.03818037,110.0,4.0,106.0,7,3,2023
2023-08-01,Endesa,Tarragona,Cambrils,1.03818037,110.0,4.0,106.0,8,3,2023
2022-09-01,Endesa,Girona,Camprodon,2.36148045,45.0,25.0,20.0,9,3,2022
2022-10-01,Endesa,Girona,Camprodon,2.36148045,45.0,25.0,20.0,10,4,2022
2022-11-01,Endesa,Girona,Camprodon,2.36148045,45.0,25.0,20.0,11,4,2022
2022-12-01,Endesa,Girona,Camprodon,2.36148045,45.0,25.0,20.0,12,4,2022
2023-01-01,Endesa,Girona,Camprodon,2.36148045,45.0,25.0,20.0,1,1,2023
2023-02-01,Endesa,Girona,Camprodon,2.36148045,45.0,25.0,20.0,2,1,2023
2023-03-01,Endesa,Girona,Camprodon,2.36148045,45.0,25.0,20.0,3,1,2023
2023-04-01,Endesa,Girona,Camprodon,2.36148045,45.0,25.0,20.0,4,2,2023
2023-05-01,Endesa,Girona,Camprodon,2.36148045,45.0,25.0,20.0,5,2,2023
2023-06-01,Endesa,Girona,Camprodon,2.36148045,45.0,25.0,20.0,6,2,2023
2023-07-01,Endesa,Girona,Camprodon,2.36148045,45.0,25.0,20.0,7,3,2023
2023-08-01,Endesa,Girona,Camprodon,2.36148045,45.0,25.0,20.0,8,3,2023
2023-06-01,Endesa,Huesca,Candasnos,0.00888542,110.0,22.2,87.8,6,2,2023
2023-07-01,Endesa,Huesca,Candasnos,0.00888542,110.0,22.2,87.8,7,3,2023
2023-08-01,Endesa,Huesca,Candasnos,0.00888542,110.0,22.2,87.8,8,3,2023
2022-09-01,Endesa,Huesca,Candasnos,0.00900239,110.0,22.2,87.8,9,3,2022
2022-10-01,Endesa,Huesca,Candasnos,0.00900239,110.0,22.2,87.8,10,4,2022
2022-11-01,Endesa,Huesca,Candasnos,0.00900239,110.0,22.2,87.8,11,4,2022
2022-12-01,Endesa,Huesca,Candasnos,0.00900239,110.0,22.2,87.8,12,4,2022
2022-09-01,Endesa,Barcelona,Cardedeu,2.37073201,132.0,15.0,117.0,9,3,2022
2022-10-01,Endesa,Barcelona,Cardedeu,2.37073201,132.0,15.0,117.0,10,4,2022
2022-11-01,Endesa,Barcelona,Cardedeu,2.37073201,132.0,15.0,117.0,11,4,2022
2022-12-01,Endesa,Barcelona,Cardedeu,2.37073201,132.0,15.0,117.0,12,4,2022
2023-01-01,Endesa,Barcelona,Cardedeu,2.37073201,132.0,15.0,117.0,1,1,2023
2023-02-01,Endesa,Barcelona,Cardedeu,2.37073201,132.0,15.0,117.0,2,1,2023
2023-03-01,Endesa,Barcelona,Cardedeu,2.37073201,132.0,15.0,117.0,3,1,2023
2023-04-01,Endesa,Barcelona,Cardedeu,2.37073201,132.0,15.0,117.0,4,2,2023
2023-05-01,Endesa,Barcelona,Cardedeu,2.37073201,132.0,15.0,117.0,5,2,2023
2023-06-01,Endesa,Barcelona,Cardedeu,2.37073201,132.0,15.0,117.0,6,2,2023
2023-07-01,Endesa,Barcelona,Cardedeu,2.37073201,132.0,25.0,107.0,7,3,2023
2023-08-01,Endesa,Barcelona,Cardedeu,2.37073201,132.0,25.0,107.0,8,3,2023
2022-09-01,Endesa,Zaragoza,Caspe,0.05781905,132.0,18.4,113.6,9,3,2022
2022-10-01,Endesa,Zaragoza,Caspe,0.05781905,132.0,18.4,113.6,10,4,2022
2022-11-01,Endesa,Zaragoza,Caspe,0.05781905,132.0,18.4,113.6,11,4,2022
2022-12-01,Endesa,Zaragoza,Caspe,0.05781905,132.0,18.4,113.6,12,4,2022
2023-01-01,Endesa,Zaragoza,Caspe,0.05781905,132.0,18.4,113.6,1,1,2023
2023-02-01,Endesa,Zaragoza,Caspe,0.05781905,132.0,18.4,113.6,2,1,2023
2023-03-01,Endesa,Zaragoza,Caspe,0.05781905,132.0,18.4,113.6,3,1,2023
2023-04-01,Endesa,Zaragoza,Caspe,0.05781905,132.0,18.4,113.6,4,2,2023
2023-05-01,Endesa,Zaragoza,Caspe,0.05781905,132.0,18.4,113.6,5,2,2023
2023-06-01,Endesa,Zaragoza,Caspe,0.05781905,132.0,18.4,113.6,6,2,2023
2023-07-01,Endesa,Zaragoza,Caspe,0.05781905,132.0,18.4,113.6,7,3,2023
2023-08-01,Endesa,Zaragoza,Caspe,0.05781905,132.0,18.4,113.6,8,3,2023
2022-09-01,Endesa,Girona,Cassà de la Selva,2.89793562,110.0,25.0,85.0,9,3,2022
2022-10-01,Endesa,Girona,Cassà de la Selva,2.89793562,110.0,25.0,85.0,10,4,2022
2022-11-01,Endesa,Girona,Cassà de la Selva,2.89793562,110.0,25.0,85.0,11,4,2022
2022-12-01,Endesa,Girona,Cassà de la Selva,2.89793562,110.0,25.0,85.0,12,4,2022
2023-01-01,Endesa,Girona,Cassà de la Selva,2.89793562,110.0,25.0,85.0,1,1,2023
2023-02-01,Endesa,Girona,Cassà de la Selva,2.89793562,110.0,25.0,85.0,2,1,2023
2023-03-01,Endesa,Girona,Cassà de la Selva,2.89793562,110.0,25.0,85.0,3,1,2023
2023-04-01,Endesa,Girona,Cassà de la Selva,2.89793562,15.0,-10.0,25.0,4,2,2023
2023-05-01,Endesa,Girona,Cassà de la Selva,2.89793562,10.0,-10.0,20.0,5,2,2023
2023-06-01,Endesa,Girona,Cassà de la Selva,2.89793562,10.0,-10.0,20.0,6,2,2023
2023-07-01,Endesa,Girona,Cassà de la Selva,2.89793562,10.0,-10.0,20.0,7,3,2023
2023-08-01,Endesa,Girona,Cassà de la Selva,2.89793562,10.0,-10.0,20.0,8,3,2023
2022-09-01,Endesa,Girona,Castell-Platja d`Aro,3.03461439,110.0,25.0,85.0,9,3,2022
2022-10-01,Endesa,Girona,Castell-Platja d`Aro,3.03461439,110.0,25.0,85.0,10,4,2022
2022-11-01,Endesa,Girona,Castell-Platja d`Aro,3.03461439,110.0,25.0,85.0,11,4,2022
2022-12-01,Endesa,Girona,Castell-Platja d`Aro,3.03461439,110.0,25.0,85.0,12,4,2022
2023-01-01,Endesa,Girona,Castell-Platja d`Aro,3.03461439,110.0,25.0,85.0,1,1,2023
2023-02-01,Endesa,Girona,Castell-Platja d`Aro,3.03461439,110.0,25.0,85.0,2,1,2023
2023-03-01,Endesa,Girona,Castell-Platja d`Aro,3.03461439,110.0,25.0,85.0,3,1,2023
2023-04-01,Endesa,Girona,Castell-Platja d`Aro,3.03461439,110.0,25.0,85.0,4,2,2023
2023-05-01,Endesa,Girona,Castell-Platja d`Aro,3.03461439,110.0,25.0,85.0,5,2,2023
2023-06-01,Endesa,Girona,Castell-Platja d`Aro,3.03461439,110.0,25.0,85.0,6,2,2023
2023-07-01,Endesa,Girona,Castell-Platja d`Aro,3.03461439,110.0,25.0,85.0,7,3,2023
2023-08-01,Endesa,Girona,Castell-Platja d`Aro,3.03461439,110.0,25.0,85.0,8,3,2023
2022-09-01,Endesa,Barcelona,Cercs,1.85822678,110.0,5.0,105.0,9,3,2022
2022-10-01,Endesa,Barcelona,Cercs,1.85822678,110.0,5.0,105.0,10,4,2022
2022-11-01,Endesa,Barcelona,Cercs,1.85822678,110.0,5.0,105.0,11,4,2022
2022-12-01,Endesa,Barcelona,Cercs,1.85822678,110.0,5.0,105.0,12,4,2022
2023-01-01,Endesa,Barcelona,Cercs,1.85822678,110.0,5.0,105.0,1,1,2023
2023-02-01,Endesa,Barcelona,Cercs,1.85822678,110.0,5.0,105.0,2,1,2023
2023-03-01,Endesa,Barcelona,Cercs,1.85822678,110.0,5.0,105.0,3,1,2023
2023-04-01,Endesa,Barcelona,Cercs,1.85822678,110.0,5.0,105.0,4,2,2023
2023-05-01,Endesa,Barcelona,Cercs,1.85822678,110.0,5.0,105.0,5,2,2023
2023-06-01,Endesa,Barcelona,Cercs,1.85822678,110.0,5.0,105.0,6,2,2023
2023-07-01,Endesa,Barcelona,Cercs,1.85822678,110.0,5.0,105.0,7,3,2023
2023-08-01,Endesa,Barcelona,Cercs,1.85822678,110.0,5.0,105.0,8,3,2023
2022-09-01,Endesa,Barcelona,Cerdanyola del Vallès,2.11700899,110.0,25.0,85.0,9,3,2022
2022-10-01,Endesa,Barcelona,Cerdanyola del Vallès,2.11700899,110.0,25.0,85.0,10,4,2022
2022-11-01,Endesa,Barcelona,Cerdanyola del Vallès,2.11700899,110.0,25.0,85.0,11,4,2022
2022-12-01,Endesa,Barcelona,Cerdanyola del Vallès,2.11700899,110.0,25.0,85.0,12,4,2022
2023-01-01,Endesa,Barcelona,Cerdanyola del Vallès,2.11700899,110.0,25.0,85.0,1,1,2023
2023-02-01,Endesa,Barcelona,Cerdanyola del Vallès,2.11700899,110.0,25.0,85.0,2,1,2023
2023-03-01,Endesa,Barcelona,Cerdanyola del Vallès,2.11700899,110.0,25.0,85.0,3,1,2023
2023-04-01,Endesa,Barcelona,Cerdanyola del Vallès,2.11700899,110.0,25.0,85.0,4,2,2023
2023-05-01,Endesa,Barcelona,Cerdanyola del Vallès,2.11700899,110.0,25.0,85.0,5,2,2023
2023-06-01,Endesa,Barcelona,Cerdanyola del Vallès,2.11700899,110.0,25.0,85.0,6,2,2023
2023-07-01,Endesa,Barcelona,Cerdanyola del Vallès,2.11700899,110.0,25.0,85.0,7,3,2023
2023-08-01,Endesa,Barcelona,Cerdanyola del Vallès,2.11700899,110.0,25.0,85.0,8,3,2023
2022-09-01,Endesa,Lleida,Cervera,1.29087776,85.0,20.5,64.5,9,3,2022
2022-10-01,Endesa,Lleida,Cervera,1.29087776,85.0,20.5,64.5,10,4,2022
2022-11-01,Endesa,Lleida,Cervera,1.29087776,85.0,20.5,64.5,11,4,2022
2022-12-01,Endesa,Lleida,Cervera,1.29087776,85.0,20.5,64.5,12,4,2022
2023-01-01,Endesa,Lleida,Cervera,1.29087776,85.0,20.5,64.5,1,1,2023
2023-02-01,Endesa,Lleida,Cervera,1.29087776,85.0,20.5,64.5,2,1,2023
2023-03-01,Endesa,Lleida,Cervera,1.29087776,85.0,20.5,64.5,3,1,2023
2023-04-01,Endesa,Lleida,Cervera,1.29087776,85.0,20.5,64.5,4,2,2023
2023-05-01,Endesa,Lleida,Cervera,1.29087776,85.0,20.5,64.5,5,2,2023
2023-06-01,Endesa,Lleida,Cervera,1.29087776,85.0,20.5,64.5,6,2,2023
2023-07-01,Endesa,Lleida,Cervera,1.29087776,85.0,20.5,64.5,7,3,2023
2023-08-01,Endesa,Lleida,Cervera,1.29087776,85.0,20.5,64.5,8,3,2023
2022-09-01,Endesa,Tarragona,Constantí,1.18723999,97.5,10.5,87.0,9,3,2022
2022-10-01,Endesa,Tarragona,Constantí,1.18723999,97.5,10.5,87.0,10,4,2022
2022-11-01,Endesa,Tarragona,Constantí,1.18723999,97.5,10.5,87.0,11,4,2022
2022-12-01,Endesa,Tarragona,Constantí,1.18723999,97.5,10.5,87.0,12,4,2022
2023-01-01,Endesa,Tarragona,Constantí,1.18723999,97.5,10.5,87.0,1,1,2023
2023-02-01,Endesa,Tarragona,Constantí,1.18723999,97.5,10.5,87.0,2,1,2023
2023-03-01,Endesa,Tarragona,Constantí,1.18723999,97.5,10.5,87.0,3,1,2023
2023-04-01,Endesa,Tarragona,Constantí,1.18723999,97.5,10.5,87.0,4,2,2023
2023-05-01,Endesa,Tarragona,Constantí,1.18723999,97.5,0.5,97.0,5,2,2023
2023-06-01,Endesa,Tarragona,Constantí,1.18723999,97.5,-4.0,101.5,6,2,2023
2023-07-01,Endesa,Tarragona,Constantí,1.18723999,97.5,-4.0,101.5,7,3,2023
2023-08-01,Endesa,Tarragona,Constantí,1.18723999,97.5,-4.0,101.5,8,3,2023
2025-12-01,Endesa,Santa Cruz de Tenerife,DIQUE_ESTE,20.0,42.16,30.3,11.859999999999996,12,4,2025
2021-10-01,Endesa,Sevilla,DOSHMNAS,132.0,101.4,79.2,22.200000000000003,10,4,2021
2021-11-01,Endesa,Sevilla,DOSHMNAS,132.0,107.5,101.4,6.099999999999994,11,4,2021
2021-12-01,Endesa,Sevilla,DOSHMNAS,132.0,120.8,107.5,13.299999999999997,12,4,2021
2022-02-01,Endesa,Sevilla,DOSHMNAS,132.0,83.9,64.1,19.80000000000001,2,1,2022
2025-10-01,Endesa,Sevilla,DOSHMNAS,132.0,0.0,-50.0,50.0,10,4,2025
2022-02-01,Endesa,Sevilla,DOSHMNAS,15.0,45.7,35.9,9.800000000000004,2,1,2022
2021-10-01,Endesa,Sevilla,DOSHMNAS,66.0,139.4,92.1,47.30000000000001,10,4,2021
2021-11-01,Endesa,Sevilla,DOSHMNAS,66.0,146.0,139.4,6.599999999999994,11,4,2021
2025-10-01,Endesa,Sevilla,DOSHMNAS,66.0,0.0,-18.3,18.3,10,4,2025
2022-02-01,Endesa,Baleares,DRAGONERA,15.0,77.0,72.0,5.0,2,1,2022
2022-04-01,Endesa,Baleares,DRAGONERA,15.0,82.5,76.4,6.099999999999994,4,2,2022
2025-10-01,Endesa,"Balears, Illes",DRAGONERA,15.0,96.6,82.5,14.099999999999994,10,4,2025
2021-11-01,Endesa,Sevilla,DRODRIGO,66.0,20.2,0.0,20.2,11,4,2021
2021-12-01,Endesa,Sevilla,EADSCASA,132.0,31.4,0.0,31.4,12,4,2021
2022-04-01,Endesa,Barcelona,EGARA,110.0,109.5,98.6,10.900000000000006,4,2,2022
2022-04-01,Endesa,Barcelona,EGARA,25.0,109.5,98.6,10.900000000000006,4,2,2022
2022-04-01,Endesa,Barcelona,EIXAMPLE,11.0,94.3,84.8,9.5,4,2,2022
2022-04-01,Endesa,Barcelona,EIXAMPLE,25.0,57.1,51.4,5.700000000000003,4,2,2022
2021-12-01,Endesa,Zaragoza,EJEA,13.0,3.2,-4.3,7.5,12,4,2021
2021-09-01,Endesa,Málaga,ELVIRIA,20.0,58.2,38.2,20.0,9,3,2021
2021-08-01,Endesa,Sevilla,EMPALME,132.0,36.0,21.5,14.5,8,3,2021
2021-10-01,Endesa,Sevilla,EMPALME,132.0,55.1,33.7,21.4,10,4,2021
2021-12-01,Endesa,Sevilla,EMPALME,132.0,63.0,51.1,11.899999999999999,12,4,2021
2022-03-01,Endesa,Sevilla,EMPALME,132.0,62.7,55.7,7.0,3,1,2022
2021-08-01,Endesa,Sevilla,EMPALME,20.0,36.0,21.5,14.5,8,3,2021
2021-10-01,Endesa,Sevilla,EMPALME,20.0,55.1,33.7,21.4,10,4,2021
2021-12-01,Endesa,Sevilla,EMPALME,20.0,63.0,51.1,11.899999999999999,12,4,2021
2022-03-01,Endesa,Sevilla,EMPALME,20.0,62.7,55.7,7.0,3,1,2022
2021-08-01,Endesa,Sevilla,EMPALME,66.0,51.3,38.6,12.699999999999996,8,3,2021
2021-10-01,Endesa,Sevilla,EMPALME,66.0,74.2,47.7,26.5,10,4,2021
2021-12-01,Endesa,Sevilla,EMPALME,66.0,93.2,59.6,33.6,12,4,2021
2022-03-01,Endesa,Sevilla,EMPALME,66.0,92.8,82.0,10.799999999999997,3,1,2022
2022-04-01,Endesa,Sevilla,ENRAMADI,20.0,108.0,97.4,10.599999999999994,4,2,2022
2026-05-01,Endesa,Sevilla,ENRAMADI,20.0,14.65,0.0,14.65,5,2,2026
2021-10-01,Endesa,Sevilla,ENRAMADI,66.0,120.5,114.8,5.700000000000003,10,4,2021
2022-04-01,Endesa,Sevilla,ENRAMADI,66.0,136.8,109.6,27.200000000000017,4,2,2022
2026-05-01,Endesa,Sevilla,ENRAMADI,66.0,14.65,0.0,14.65,5,2,2026
2022-06-01,Endesa,Sevilla,ENTRENUC,15.0,15.5,6.0,9.5,6,2,2022
2021-08-01,Endesa,Sevilla,ESPALDIL,15.0,43.0,34.6,8.399999999999999,8,3,2021
2021-08-01,Endesa,Sevilla,ESPALDIL,66.0,49.4,34.6,14.799999999999997,8,3,2021
2022-04-01,Endesa,Barcelona,FACULTATS,25.0,86.9,78.2,8.700000000000003,4,2,2022
2022-04-01,Endesa,Baleares,FALCA,15.0,60.3,54.3,6.0,4,2,2022
2021-11-01,Endesa,Granada,FARGUE,66.0,154.6,131.5,23.099999999999994,11,4,2021
2022-01-01,Endesa,Granada,FARGUE,66.0,128.2,122.6,5.599999999999994,1,1,2022
2022-03-01,Endesa,Granada,FARGUE,66.0,156.4,128.3,28.099999999999994,3,1,2022
2025-10-01,Endesa,Granada,FARGUE,66.0,0.0,-49.8,49.8,10,4,2025
2025-10-01,Endesa,Girona,FIGUERES,132.0,0.0,-50.0,50.0,10,4,2025
2026-01-01,Endesa,Girona,FIGUERES,25.0,0.0,-5.0,5.0,1,1,2026
2022-04-01,Endesa,Tarragona,FOIX,25.0,71.3,64.3,7.0,4,2,2022
2021-11-01,Endesa,Sevilla,FONTANAL,15.0,19.2,0.0,19.2,11,4,2021
2021-11-01,Endesa,Sevilla,FONTANAL,66.0,28.2,0.0,28.2,11,4,2021
2025-12-01,Endesa,"Balears, Illes",FORMENTE,15.0,23.1,16.2,6.900000000000002,12,4,2025
2022-04-01,Endesa,Girona,FORNELLS,132.0,146.4,92.0,54.400000000000006,4,2,2022
2025-10-01,Endesa,Girona,FORNELLS,25.0,7.4,0.0,7.4,10,4,2025
2022-04-01,Endesa,Barcelona,FRANQUESES,25.0,167.3,154.7,12.600000000000023,4,2,2022
2026-03-01,Endesa,Barcelona,FRANQUESES,25.0,43.46,0.0,43.46,3,1,2026
2026-05-01,Endesa,Barcelona,FRANQUESES,25.0,55.58,43.46,12.119999999999997,5,2,2026
2022-04-01,Endesa,Málaga,FUENGIRO,20.0,89.4,80.4,9.0,4,2,2022
2021-12-01,Endesa,Málaga,FUENGIRO,66.0,170.1,141.2,28.900000000000006,12,4,2021
2022-04-01,Endesa,Málaga,FUENGIRO,66.0,190.4,170.5,19.900000000000006,4,2,2022
2025-10-01,Endesa,Sevilla,FUENTE_R,15.0,0.0,-5.0,5.0,10,4,2025
2025-10-01,Endesa,Sevilla,FUENTE_R,66.0,0.0,-49.7,49.7,10,4,2025
2022-09-01,Endesa,Girona,Figueres,2.95775847,83.0,25.0,58.0,9,3,2022
2022-10-01,Endesa,Girona,Figueres,2.95775847,83.0,25.0,58.0,10,4,2022
2022-11-01,Endesa,Girona,Figueres,2.95775847,83.0,25.0,58.0,11,4,2022
2022-12-01,Endesa,Girona,Figueres,2.95775847,83.0,25.0,58.0,12,4,2022
2023-01-01,Endesa,Girona,Figueres,2.95775847,83.0,25.0,58.0,1,1,2023
2023-02-01,Endesa,Girona,Figueres,2.95775847,83.0,25.0,58.0,2,1,2023
2023-03-01,Endesa,Girona,Figueres,2.95775847,83.0,25.0,58.0,3,1,2023
2023-04-01,Endesa,Girona,Figueres,2.95775847,83.0,25.0,58.0,4,2,2023
2023-05-01,Endesa,Girona,Figueres,2.95775847,83.0,25.0,58.0,5,2,2023
2023-06-01,Endesa,Girona,Figueres,2.95775847,83.0,25.0,58.0,6,2,2023
2023-07-01,Endesa,Girona,Figueres,2.95775847,83.0,25.0,58.0,7,3,2023
2023-08-01,Endesa,Girona,Figueres,2.95775847,83.0,25.0,58.0,8,3,2023
2022-09-01,Endesa,Tarragona,Flix,0.54861023,110.0,25.0,85.0,9,3,2022
2022-10-01,Endesa,Tarragona,Flix,0.54861023,110.0,25.0,85.0,10,4,2022
2022-11-01,Endesa,Tarragona,Flix,0.54861023,110.0,25.0,85.0,11,4,2022
2022-12-01,Endesa,Tarragona,Flix,0.54861023,110.0,25.0,85.0,12,4,2022
2023-01-01,Endesa,Tarragona,Flix,0.54861023,110.0,25.0,85.0,1,1,2023
2023-02-01,Endesa,Tarragona,Flix,0.54861023,110.0,25.0,85.0,2,1,2023
2023-03-01,Endesa,Tarragona,Flix,0.54861023,110.0,25.0,85.0,3,1,2023
2023-04-01,Endesa,Tarragona,Flix,0.54861023,110.0,25.0,85.0,4,2,2023
2023-05-01,Endesa,Tarragona,Flix,0.54861023,110.0,25.0,85.0,5,2,2023
2023-06-01,Endesa,Tarragona,Flix,0.54861023,110.0,25.0,85.0,6,2,2023
2023-07-01,Endesa,Tarragona,Flix,0.54861023,110.0,25.0,85.0,7,3,2023
2023-08-01,Endesa,Tarragona,Flix,0.54861023,110.0,25.0,85.0,8,3,2023
2022-09-01,Endesa,Girona,Fontanals de Cerdanya,1.89552243,110.0,25.0,85.0,9,3,2022
2022-10-01,Endesa,Girona,Fontanals de Cerdanya,1.89552243,110.0,25.0,85.0,10,4,2022
2022-11-01,Endesa,Girona,Fontanals de Cerdanya,1.89552243,110.0,25.0,85.0,11,4,2022
2022-12-01,Endesa,Girona,Fontanals de Cerdanya,1.89552243,110.0,25.0,85.0,12,4,2022
2023-01-01,Endesa,Girona,Fontanals de Cerdanya,1.89552243,110.0,25.0,85.0,1,1,2023
2023-02-01,Endesa,Girona,Fontanals de Cerdanya,1.89552243,110.0,25.0,85.0,2,1,2023
2023-03-01,Endesa,Girona,Fontanals de Cerdanya,1.89552243,110.0,25.0,85.0,3,1,2023
2023-04-01,Endesa,Girona,Fontanals de Cerdanya,1.89552243,110.0,25.0,85.0,4,2,2023
2023-05-01,Endesa,Girona,Fontanals de Cerdanya,1.89552243,110.0,25.0,85.0,5,2,2023
2023-06-01,Endesa,Girona,Fontanals de Cerdanya,1.89552243,110.0,25.0,85.0,6,2,2023
2023-07-01,Endesa,Girona,Fontanals de Cerdanya,1.89552243,110.0,25.0,85.0,7,3,2023
2023-08-01,Endesa,Girona,Fontanals de Cerdanya,1.89552243,110.0,25.0,85.0,8,3,2023
2022-09-01,Endesa,Girona,Fornells de la Selva,2.79466435,132.0,25.0,107.0,9,3,2022
2022-10-01,Endesa,Girona,Fornells de la Selva,2.79466435,132.0,25.0,107.0,10,4,2022
2022-11-01,Endesa,Girona,Fornells de la Selva,2.79466435,132.0,25.0,107.0,11,4,2022
2022-12-01,Endesa,Girona,Fornells de la Selva,2.79466435,132.0,25.0,107.0,12,4,2022
2023-01-01,Endesa,Girona,Fornells de la Selva,2.79466435,132.0,25.0,107.0,1,1,2023
2023-02-01,Endesa,Girona,Fornells de la Selva,2.79466435,132.0,25.0,107.0,2,1,2023
2023-03-01,Endesa,Girona,Fornells de la Selva,2.79466435,132.0,25.0,107.0,3,1,2023
2023-04-01,Endesa,Girona,Fornells de la Selva,2.79466435,132.0,25.0,107.0,4,2,2023
2023-05-01,Endesa,Girona,Fornells de la Selva,2.79466435,132.0,25.0,107.0,5,2,2023
2023-06-01,Endesa,Girona,Fornells de la Selva,2.79466435,132.0,25.0,107.0,6,2,2023
2023-07-01,Endesa,Girona,Fornells de la Selva,2.79466435,132.0,25.0,107.0,7,3,2023
2023-08-01,Endesa,Girona,Fornells de la Selva,2.79466435,132.0,25.0,107.0,8,3,2023
2022-09-01,Endesa,Huesca,Fraga,0.32181914,81.0,5.0,76.0,9,3,2022
2022-10-01,Endesa,Huesca,Fraga,0.32181914,81.0,5.0,76.0,10,4,2022
2022-11-01,Endesa,Huesca,Fraga,0.32181914,81.0,5.0,76.0,11,4,2022
2022-12-01,Endesa,Huesca,Fraga,0.32181914,81.0,5.0,76.0,12,4,2022
2023-01-01,Endesa,Huesca,Fraga,0.32181914,81.0,5.0,76.0,1,1,2023
2023-02-01,Endesa,Huesca,Fraga,0.32181914,81.0,5.0,76.0,2,1,2023
2023-03-01,Endesa,Huesca,Fraga,0.32181914,81.0,5.0,76.0,3,1,2023
2023-04-01,Endesa,Huesca,Fraga,0.32181914,81.0,5.0,76.0,4,2,2023
2023-05-01,Endesa,Huesca,Fraga,0.32181914,81.0,5.0,76.0,5,2,2023
2023-06-01,Endesa,Huesca,Fraga,0.32181914,81.0,5.0,76.0,6,2,2023
2023-07-01,Endesa,Huesca,Fraga,0.32181914,81.0,5.0,76.0,7,3,2023
2023-08-01,Endesa,Huesca,Fraga,0.32181914,81.0,5.0,76.0,8,3,2023
2022-09-01,Endesa,Huesca,Fraga,0.39634151,110.0,15.0,95.0,9,3,2022
2022-10-01,Endesa,Huesca,Fraga,0.39634151,110.0,15.0,95.0,10,4,2022
2022-11-01,Endesa,Huesca,Fraga,0.39634151,110.0,15.0,95.0,11,4,2022
2022-12-01,Endesa,Huesca,Fraga,0.39634151,110.0,15.0,95.0,12,4,2022
2023-01-01,Endesa,Huesca,Fraga,0.39634151,110.0,15.0,95.0,1,1,2023
2023-02-01,Endesa,Huesca,Fraga,0.39634151,110.0,15.0,95.0,2,1,2023
2023-03-01,Endesa,Huesca,Fraga,0.39634151,110.0,15.0,95.0,3,1,2023
2023-04-01,Endesa,Huesca,Fraga,0.39634151,110.0,15.0,95.0,4,2,2023
2023-05-01,Endesa,Huesca,Fraga,0.39634151,110.0,15.0,95.0,5,2,2023
2023-06-01,Endesa,Huesca,Fraga,0.39634151,110.0,15.0,95.0,6,2,2023
2023-07-01,Endesa,Huesca,Fraga,0.39634151,110.0,15.0,95.0,7,3,2023
2023-08-01,Endesa,Huesca,Fraga,0.39634151,110.0,15.0,95.0,8,3,2023
2021-11-01,Endesa,Granada,GABIAS,20.0,7.9,-11.8,19.700000000000003,11,4,2021
2022-05-01,Endesa,Granada,GABIAS,20.0,-50.0,-55.0,5.0,5,2,2022
2025-10-01,Endesa,Granada,GABIAS,20.0,-11.3,-50.0,38.7,10,4,2025
2022-02-01,Endesa,Granada,GABIAS,66.0,1.3,-4.1,5.3999999999999995,2,1,2022
2025-10-01,Endesa,Granada,GABIAS,66.0,0.0,-51.0,51.0,10,4,2025
2022-01-01,Endesa,Huelva,GALARIN,66.0,10.2,0.2,10.0,1,1,2022
2021-11-01,Endesa,Zaragoza,GALLUR,13.0,7.5,0.0,7.5,11,4,2021
2021-11-01,Endesa,Zaragoza,GALLUR,66.0,27.4,0.0,27.4,11,4,2021
2022-05-01,Endesa,Zaragoza,GALLUR,66.0,21.2,0.0,21.2,5,2,2022
2026-03-01,Endesa,Zaragoza,GALLUR,66.0,15.68,0.0,15.68,3,1,2026
2025-12-01,Endesa,Tarragona,GARGANTA,110.0,33.86,0.0,33.86,12,4,2025
2021-08-01,Endesa,Barcelona,GARRAF,110.0,183.2,164.3,18.899999999999977,8,3,2021
2021-09-01,Endesa,Barcelona,GARRAF,110.0,198.0,183.2,14.800000000000011,9,3,2021
2022-06-01,Endesa,Barcelona,GARRAF,110.0,173.4,163.3,10.099999999999994,6,2,2022
2025-10-01,Endesa,Barcelona,GARRAF,110.0,190.3,173.4,16.900000000000006,10,4,2025
2025-12-01,Endesa,Barcelona,GARRAF,110.0,196.23,190.3,5.929999999999978,12,4,2025
2026-03-01,Endesa,Barcelona,GARRAF,110.0,210.33,199.73,10.600000000000023,3,1,2026
2021-11-01,Endesa,Huelva,GIBRLEON,15.0,20.9,6.4,14.499999999999998,11,4,2021
2022-01-01,Endesa,Huelva,GIBRLEON,15.0,5.9,-24.0,29.9,1,1,2022
2022-02-01,Endesa,Huelva,GIBRLEON,15.0,10.9,5.9,5.0,2,1,2022
2022-01-01,Endesa,Huelva,GIBRLEON,50.0,22.9,12.9,9.999999999999998,1,1,2022
2021-10-01,Endesa,Córdoba,GRANCAPI,66.0,76.5,67.6,8.900000000000006,10,4,2021
2021-09-01,Endesa,Cádiz,GUADALCA,20.0,9.8,4.8,5.000000000000001,9,3,2021
2022-01-01,Endesa,Cádiz,GUADALCA,20.0,5.0,-0.2,5.2,1,1,2022
2021-11-01,Endesa,Cádiz,GUADALCA,66.0,29.6,-11.0,40.6,11,4,2021
2022-02-01,Endesa,Cádiz,GUADALCA,66.0,5.3,-31.0,36.3,2,1,2022
2022-03-01,Endesa,Las Palmas,GUIA,20.0,41.0,19.8,21.2,3,1,2022
2026-01-01,Endesa,"Palmas, Las",GUIA,20.0,30.87,24.36,6.510000000000002,1,1,2026
2022-04-01,Endesa,Barcelona,GUIXERES,25.0,65.9,59.2,6.700000000000003,4,2,2022
2025-12-01,Endesa,Barcelona,GUIXERES,25.0,14.42,5.0,9.42,12,4,2025
2022-09-01,Endesa,Girona,Girona,2.80332508,110.0,11.0,99.0,9,3,2022
2022-10-01,Endesa,Girona,Girona,2.80332508,110.0,11.0,99.0,10,4,2022
2022-11-01,Endesa,Girona,Girona,2.80332508,110.0,11.0,99.0,11,4,2022
2022-12-01,Endesa,Girona,Girona,2.80332508,110.0,11.0,99.0,12,4,2022
2023-01-01,Endesa,Girona,Girona,2.80332508,110.0,11.0,99.0,1,1,2023
2023-02-01,Endesa,Girona,Girona,2.80332508,110.0,11.0,99.0,2,1,2023
2023-03-01,Endesa,Girona,Girona,2.80332508,110.0,11.0,99.0,3,1,2023
2023-04-01,Endesa,Girona,Girona,2.80332508,110.0,11.0,99.0,4,2,2023
2023-05-01,Endesa,Girona,Girona,2.80332508,110.0,11.0,99.0,5,2,2023
2023-06-01,Endesa,Girona,Girona,2.80332508,110.0,11.0,99.0,6,2,2023
2023-07-01,Endesa,Girona,Girona,2.80332508,110.0,11.0,99.0,7,3,2023
2023-08-01,Endesa,Girona,Girona,2.80332508,110.0,11.0,99.0,8,3,2023
2022-09-01,Endesa,Huesca,"Grado, El",0.23310177,66.0,25.0,41.0,9,3,2022
2022-10-01,Endesa,Huesca,"Grado, El",0.23310177,66.0,25.0,41.0,10,4,2022
2022-11-01,Endesa,Huesca,"Grado, El",0.23310177,66.0,25.0,41.0,11,4,2022
2022-12-01,Endesa,Huesca,"Grado, El",0.23310177,66.0,25.0,41.0,12,4,2022
2023-01-01,Endesa,Huesca,"Grado, El",0.23310177,66.0,25.0,41.0,1,1,2023
2023-02-01,Endesa,Huesca,"Grado, El",0.23310177,66.0,25.0,41.0,2,1,2023
2023-03-01,Endesa,Huesca,"Grado, El",0.23310177,66.0,25.0,41.0,3,1,2023
2023-04-01,Endesa,Huesca,"Grado, El",0.23310177,66.0,25.0,41.0,4,2,2023
2023-05-01,Endesa,Huesca,"Grado, El",0.23310177,66.0,25.0,41.0,5,2,2023
2023-06-01,Endesa,Huesca,"Grado, El",0.23310177,66.0,25.0,41.0,6,2,2023
2023-07-01,Endesa,Huesca,"Grado, El",0.23310177,66.0,25.0,41.0,7,3,2023
2023-08-01,Endesa,Huesca,"Grado, El",0.23310177,66.0,25.0,41.0,8,3,2023
2022-09-01,Endesa,Huesca,Graus,0.35719497,110.0,25.0,85.0,9,3,2022
2022-10-01,Endesa,Huesca,Graus,0.35719497,110.0,25.0,85.0,10,4,2022
2022-11-01,Endesa,Huesca,Graus,0.35719497,110.0,25.0,85.0,11,4,2022
2022-12-01,Endesa,Huesca,Graus,0.35719497,110.0,25.0,85.0,12,4,2022
2023-06-01,Endesa,Huesca,Graus,0.35734991,110.0,25.0,85.0,6,2,2023
2023-07-01,Endesa,Huesca,Graus,0.35734991,110.0,25.0,85.0,7,3,2023
2023-08-01,Endesa,Huesca,Graus,0.35734991,110.0,25.0,85.0,8,3,2023
2021-08-01,Endesa,Sevilla,HEINEKEN,132.0,27.3,13.2,14.100000000000001,8,3,2021
2021-10-01,Endesa,Sevilla,HEINEKEN,132.0,33.7,26.6,7.100000000000001,10,4,2021
2021-12-01,Endesa,Sevilla,HEINEKEN,132.0,65.0,27.4,37.6,12,4,2021
2022-06-01,Endesa,Cádiz,HINOJERA,15.0,-10.0,-15.0,5.0,6,2,2022
2025-10-01,Endesa,Cádiz,HINOJERA,15.0,0.0,-10.0,10.0,10,4,2025
2026-03-01,Endesa,Cádiz,HINOJERA,15.0,36.55,0.0,36.55,3,1,2026
2021-11-01,Endesa,Cádiz,HINOJERA,66.0,49.9,0.0,49.9,11,4,2021
2022-01-01,Endesa,Cádiz,HINOJERA,66.0,20.4,0.0,20.4,1,1,2022
2025-10-01,Endesa,Cádiz,HINOJERA,66.0,0.0,-29.5,29.5,10,4,2025
2026-03-01,Endesa,Cádiz,HINOJERA,66.0,39.64,0.0,39.64,3,1,2026
2022-04-01,Endesa,Barcelona,HOSPITALET,110.0,179.0,154.4,24.599999999999994,4,2,2022
2025-12-01,Endesa,Barcelona,HOSPITALET,110.0,85.29,45.9,39.39000000000001,12,4,2025
2026-05-01,Endesa,Barcelona,HOSPITALET,110.0,100.96,86.77,14.189999999999998,5,2,2026
2022-04-01,Endesa,Barcelona,HOSPITALET,25.0,348.5,154.4,194.1,4,2,2022
2021-09-01,Endesa,Barcelona,HOSTAFRANC,110.0,147.2,136.4,10.799999999999983,9,3,2021
2022-04-01,Endesa,Barcelona,HOSTAFRANC,110.0,163.6,146.8,16.799999999999983,4,2,2022
2025-10-01,Endesa,Barcelona,HOSTAFRANC,110.0,204.3,163.4,40.900000000000006,10,4,2025
2022-04-01,Endesa,Barcelona,HOSTAFRANC,25.0,55.8,50.2,5.599999999999994,4,2,2022
2022-04-01,Endesa,Córdoba,HUERTFIG,20.0,61.9,56.8,5.100000000000001,4,2,2022
2021-10-01,Endesa,Córdoba,HUERTFIG,66.0,70.6,63.6,6.999999999999993,10,4,2021
2022-03-01,Endesa,Córdoba,HUERTFIG,66.0,35.3,0.7,34.599999999999994,3,1,2022
2022-04-01,Endesa,Córdoba,HUERTFIG,66.0,61.9,35.3,26.6,4,2,2022
2021-11-01,Endesa,Sevilla,HUMOSOS,66.0,27.6,9.7,17.900000000000002,11,4,2021
2022-02-01,Endesa,Sevilla,HUMOSOS,66.0,12.8,-5.3,18.1,2,1,2022
2026-05-01,Endesa,Sevilla,HYTASA,20.0,14.65,0.0,14.65,5,2,2026
2022-04-01,Endesa,Sevilla,HYTASA,66.0,82.8,74.5,8.299999999999997,4,2,2022
2026-05-01,Endesa,Sevilla,HYTASA,66.0,14.65,0.0,14.65,5,2,2026
2021-08-01,Endesa,Zaragoza,H_M_SERVET,45.0,30.0,0.0,30.0,8,3,2021
2021-11-01,Endesa,Zaragoza,H_M_SERVET,45.0,19.8,5.1,14.700000000000001,11,4,2021
2022-09-01,Endesa,Barcelona,"Hospitalet de Llobregat, L`",2.09958149,110.0,25.0,85.0,9,3,2022
2022-10-01,Endesa,Barcelona,"Hospitalet de Llobregat, L`",2.09958149,110.0,25.0,85.0,10,4,2022
2022-11-01,Endesa,Barcelona,"Hospitalet de Llobregat, L`",2.09958149,110.0,25.0,85.0,11,4,2022
2022-12-01,Endesa,Barcelona,"Hospitalet de Llobregat, L`",2.09958149,110.0,25.0,85.0,12,4,2022
2023-01-01,Endesa,Barcelona,"Hospitalet de Llobregat, L`",2.09958149,110.0,25.0,85.0,1,1,2023
2023-02-01,Endesa,Barcelona,"Hospitalet de Llobregat, L`",2.09958149,110.0,25.0,85.0,2,1,2023
2023-03-01,Endesa,Barcelona,"Hospitalet de Llobregat, L`",2.09958149,110.0,25.0,85.0,3,1,2023
2023-04-01,Endesa,Barcelona,"Hospitalet de Llobregat, L`",2.09958149,110.0,25.0,85.0,4,2,2023
2023-05-01,Endesa,Barcelona,"Hospitalet de Llobregat, L`",2.09958149,110.0,25.0,85.0,5,2,2023
2023-06-01,Endesa,Barcelona,"Hospitalet de Llobregat, L`",2.09958149,110.0,25.0,85.0,6,2,2023
2023-07-01,Endesa,Barcelona,"Hospitalet de Llobregat, L`",2.09958149,110.0,25.0,85.0,7,3,2023
2023-08-01,Endesa,Barcelona,"Hospitalet de Llobregat, L`",2.09958149,110.0,25.0,85.0,8,3,2023
2022-09-01,Endesa,Barcelona,"Hospitalet de Llobregat, L`",2.10579365,110.0,11.0,99.0,9,3,2022
2022-10-01,Endesa,Barcelona,"Hospitalet de Llobregat, L`",2.10579365,110.0,11.0,99.0,10,4,2022
2022-11-01,Endesa,Barcelona,"Hospitalet de Llobregat, L`",2.10579365,110.0,11.0,99.0,11,4,2022
2022-12-01,Endesa,Barcelona,"Hospitalet de Llobregat, L`",2.10579365,110.0,11.0,99.0,12,4,2022
2023-01-01,Endesa,Barcelona,"Hospitalet de Llobregat, L`",2.10579365,110.0,11.0,99.0,1,1,2023
2023-02-01,Endesa,Barcelona,"Hospitalet de Llobregat, L`",2.10579365,110.0,11.0,99.0,2,1,2023
2023-03-01,Endesa,Barcelona,"Hospitalet de Llobregat, L`",2.10579365,110.0,11.0,99.0,3,1,2023
2023-04-01,Endesa,Barcelona,"Hospitalet de Llobregat, L`",2.10579365,110.0,11.0,99.0,4,2,2023
2023-05-01,Endesa,Barcelona,"Hospitalet de Llobregat, L`",2.10579365,110.0,11.0,99.0,5,2,2023
2023-06-01,Endesa,Barcelona,"Hospitalet de Llobregat, L`",2.10579365,110.0,11.0,99.0,6,2,2023
2023-07-01,Endesa,Barcelona,"Hospitalet de Llobregat, L`",2.10579365,110.0,11.0,99.0,7,3,2023
2023-08-01,Endesa,Barcelona,"Hospitalet de Llobregat, L`",2.10579365,110.0,11.0,99.0,8,3,2023
2022-09-01,Endesa,Barcelona,"Hospitalet de Llobregat, L`",2.12287297,110.0,11.0,99.0,9,3,2022
2022-10-01,Endesa,Barcelona,"Hospitalet de Llobregat, L`",2.12287297,110.0,11.0,99.0,10,4,2022
2022-11-01,Endesa,Barcelona,"Hospitalet de Llobregat, L`",2.12287297,110.0,11.0,99.0,11,4,2022
2022-12-01,Endesa,Barcelona,"Hospitalet de Llobregat, L`",2.12287297,110.0,11.0,99.0,12,4,2022
2023-01-01,Endesa,Barcelona,"Hospitalet de Llobregat, L`",2.12287297,110.0,11.0,99.0,1,1,2023
2023-02-01,Endesa,Barcelona,"Hospitalet de Llobregat, L`",2.12287297,110.0,11.0,99.0,2,1,2023
2023-03-01,Endesa,Barcelona,"Hospitalet de Llobregat, L`",2.12287297,110.0,11.0,99.0,3,1,2023
2023-04-01,Endesa,Barcelona,"Hospitalet de Llobregat, L`",2.12287297,110.0,11.0,99.0,4,2,2023
2023-05-01,Endesa,Barcelona,"Hospitalet de Llobregat, L`",2.12287297,110.0,11.0,99.0,5,2,2023
2023-06-01,Endesa,Barcelona,"Hospitalet de Llobregat, L`",2.12287297,110.0,11.0,99.0,6,2,2023
2023-07-01,Endesa,Barcelona,"Hospitalet de Llobregat, L`",2.12287297,110.0,11.0,99.0,7,3,2023
2023-08-01,Endesa,Barcelona,"Hospitalet de Llobregat, L`",2.12287297,110.0,11.0,99.0,8,3,2023
2022-09-01,Endesa,Barcelona,"Hostalets de Pierola, Els",1.82965854,110.0,25.0,85.0,9,3,2022
2022-10-01,Endesa,Barcelona,"Hostalets de Pierola, Els",1.82965854,110.0,25.0,85.0,10,4,2022
2022-11-01,Endesa,Barcelona,"Hostalets de Pierola, Els",1.82965854,110.0,25.0,85.0,11,4,2022
2022-12-01,Endesa,Barcelona,"Hostalets de Pierola, Els",1.82965854,110.0,25.0,85.0,12,4,2022
2023-01-01,Endesa,Barcelona,"Hostalets de Pierola, Els",1.82965854,110.0,25.0,85.0,1,1,2023
2023-02-01,Endesa,Barcelona,"Hostalets de Pierola, Els",1.82965854,110.0,25.0,85.0,2,1,2023
2023-03-01,Endesa,Barcelona,"Hostalets de Pierola, Els",1.82965854,110.0,25.0,85.0,3,1,2023
2023-04-01,Endesa,Barcelona,"Hostalets de Pierola, Els",1.82965854,110.0,25.0,85.0,4,2,2023
2023-05-01,Endesa,Barcelona,"Hostalets de Pierola, Els",1.82965854,110.0,25.0,85.0,5,2,2023
2023-06-01,Endesa,Barcelona,"Hostalets de Pierola, Els",1.82965854,110.0,25.0,85.0,6,2,2023
2023-07-01,Endesa,Barcelona,"Hostalets de Pierola, Els",1.82965854,110.0,25.0,85.0,7,3,2023
2023-08-01,Endesa,Barcelona,"Hostalets de Pierola, Els",1.82965854,110.0,25.0,85.0,8,3,2023
2022-04-01,Endesa,Barcelona,ILURO,110.0,178.7,137.2,41.5,4,2,2022
2025-10-01,Endesa,Barcelona,ILURO,110.0,228.7,178.9,49.79999999999998,10,4,2025
2025-12-01,Endesa,Sevilla,ISLAS,66.0,19.35,0.0,19.35,12,4,2025
2022-04-01,Endesa,Cádiz,ISLAVERD,15.0,51.9,46.7,5.199999999999996,4,2,2022
2022-04-01,Endesa,Cádiz,ISLAVERD,66.0,120.1,109.0,11.099999999999994,4,2,2022
2021-11-01,Endesa,Huelva,ISLA_CRI,66.0,20.1,10.1,10.000000000000002,11,4,2021
2021-11-01,Endesa,Granada,IZNALLOZ,66.0,0.4,-21.1,21.5,11,4,2021
2025-10-01,Endesa,Granada,IZNALLOZ,66.0,0.0,-23.0,23.0,10,4,2025
2022-06-01,Endesa,Girona,JUIA,132.0,265.8,256.2,9.600000000000023,6,2,2022
2022-04-01,Endesa,Girona,JUIA,25.0,78.1,0.0,78.1,4,2,2022
2025-10-01,Endesa,Granada,JUNCARIL,66.0,0.0,-30.0,30.0,10,4,2025
2022-02-01,Endesa,Lleida,JUNEDA,25.0,18.3,13.3,5.0,2,1,2022
2022-09-01,Endesa,Girona,Juià,2.9006823,132.0,25.0,107.0,9,3,2022
2022-10-01,Endesa,Girona,Juià,2.9006823,132.0,25.0,107.0,10,4,2022
2022-11-01,Endesa,Girona,Juià,2.9006823,132.0,25.0,107.0,11,4,2022
2022-12-01,Endesa,Girona,Juià,2.9006823,132.0,25.0,107.0,12,4,2022
2023-01-01,Endesa,Girona,Juià,2.9006823,132.0,25.0,107.0,1,1,2023
2023-02-01,Endesa,Girona,Juià,2.9006823,132.0,25.0,107.0,2,1,2023
2023-03-01,Endesa,Girona,Juià,2.9006823,132.0,25.0,107.0,3,1,2023
2023-04-01,Endesa,Girona,Juià,2.9006823,110.0,-8.0,118.0,4,2,2023
2023-05-01,Endesa,Girona,Juià,2.9006823,110.0,-8.0,118.0,5,2,2023
2023-06-01,Endesa,Girona,Juià,2.9006823,110.0,-8.0,118.0,6,2,2023
2023-07-01,Endesa,Girona,Juià,2.9006823,110.0,-8.0,118.0,7,3,2023
2023-08-01,Endesa,Girona,Juià,2.9006823,110.0,-8.0,118.0,8,3,2023
2022-04-01,Endesa,Barcelona,LAGELTRU,11.0,9.4,0.0,9.4,4,2,2022
2021-08-01,Endesa,Barcelona,LAGELTRU,110.0,55.0,36.5,18.5,8,3,2021
2022-04-01,Endesa,Barcelona,LAGELTRU,110.0,12.4,0.0,12.4,4,2,2022
2022-06-01,Endesa,Barcelona,LAGELTRU,110.0,78.3,9.5,68.8,6,2,2022
2021-08-01,Endesa,Barcelona,LAGELTRU,25.0,55.0,36.5,18.5,8,3,2021
2022-04-01,Endesa,Barcelona,LAGELTRU,25.0,12.4,0.0,12.4,4,2,2022
2022-06-01,Endesa,Barcelona,LAGELTRU,25.0,66.3,9.5,56.8,6,2,2022
2025-12-01,Endesa,Barcelona,LAGELTRU,25.0,68.91,46.2,22.709999999999994,12,4,2025
2025-12-01,Endesa,Sevilla,LAMINILL,15.0,16.09,0.0,16.09,12,4,2025
2025-12-01,Endesa,Sevilla,LAMINILL,66.0,16.09,0.0,16.09,12,4,2025
2022-04-01,Endesa,Córdoba,LANCHA,20.0,35.0,0.0,35.0,4,2,2022
2026-05-01,Endesa,Córdoba,LANCHA,20.0,-28.05,-34.27,6.220000000000002,5,2,2026
2022-04-01,Endesa,Córdoba,LANCHA,66.0,35.0,0.0,35.0,4,2,2022
2021-09-01,Endesa,Tarragona,LASELVA,25.0,44.8,33.8,11.0,9,3,2021
2022-01-01,Endesa,Tarragona,LASELVA,25.0,62.2,44.8,17.400000000000006,1,1,2022
2022-03-01,Endesa,Tarragona,LASELVA,25.0,74.9,62.2,12.700000000000003,3,1,2022
2022-04-01,Endesa,Tarragona,LASELVA,25.0,82.9,74.9,8.0,4,2,2022
2026-05-01,Endesa,Tarragona,LASELVA,25.0,8.0,-1.36,9.36,5,2,2026
2022-04-01,Endesa,Cádiz,LASMESAS,20.0,19.8,0.0,19.8,4,2,2022
2022-04-01,Endesa,Cádiz,LASMESAS,66.0,20.8,0.0,20.8,4,2,2022
2021-11-01,Endesa,Zaragoza,LA_LOTETA,66.0,30.0,0.0,30.0,11,4,2021
2022-04-01,Endesa,Zaragoza,LA_LOTETA,66.0,0.0,-25.8,25.8,4,2,2022
2022-05-01,Endesa,Zaragoza,LA_LOTETA,66.0,20.8,0.0,20.8,5,2,2022
2025-10-01,Endesa,Zaragoza,LA_LOTETA,66.0,0.0,-10.6,10.6,10,4,2025
2026-03-01,Endesa,Zaragoza,LA_LOTETA,66.0,15.39,0.0,15.39,3,1,2026
2021-08-01,Endesa,Zaragoza,LA_MUELA,15.0,12.6,0.0,12.6,8,3,2021
2022-02-01,Endesa,Zaragoza,LA_MUELA,15.0,-10.5,-17.7,7.199999999999999,2,1,2022
2022-03-01,Endesa,Zaragoza,LA_MUELA,15.0,-4.8,-10.5,5.7,3,1,2022
2021-08-01,Endesa,Zaragoza,LA_MUELA,45.0,11.9,0.0,11.9,8,3,2021
2022-04-01,Endesa,Zaragoza,LA_MUELA,45.0,0.0,-20.0,20.0,4,2,2022
2021-11-01,Endesa,Sevilla,LEBRIJA,20.0,35.3,0.0,35.3,11,4,2021
2021-11-01,Endesa,Sevilla,LEBRIJA,66.0,20.6,0.0,20.6,11,4,2021
2022-01-01,Endesa,Huelva,LEPE,15.0,19.1,3.0,16.1,1,1,2022
2022-03-01,Endesa,Huelva,LEPE,15.0,24.8,9.5,15.3,3,1,2022
2022-04-01,Endesa,Barcelona,LESCORTS,11.0,143.6,99.3,44.3,4,2,2022
2022-04-01,Endesa,Barcelona,LESCORTS,110.0,110.4,99.3,11.100000000000009,4,2,2022
2021-09-01,Endesa,Girona,LLANÇA,132.0,85.1,73.5,11.599999999999994,9,3,2021
2021-10-01,Endesa,Girona,LLANÇA,132.0,96.0,85.1,10.900000000000006,10,4,2021
2026-05-01,Endesa,Girona,LLANÇA,25.0,0.0,-5.0,5.0,5,2,2026
2022-04-01,Endesa,Baleares,LLATZER,15.0,96.0,86.4,9.599999999999994,4,2,2022
2022-04-01,Endesa,Barcelona,LLINARS,132.0,153.6,127.8,25.799999999999997,4,2,2022
2025-12-01,Endesa,Barcelona,LLINARS,132.0,135.44,120.4,15.039999999999992,12,4,2025
2022-04-01,Endesa,Barcelona,LLINARS,25.0,114.9,103.8,11.100000000000009,4,2,2022
2022-04-01,Endesa,Barcelona,LLOBREGAT,110.0,185.5,171.4,14.099999999999994,4,2,2022
2025-10-01,Endesa,Barcelona,LLOBREGAT,110.0,356.1,187.7,168.40000000000003,10,4,2025
2022-04-01,Endesa,Barcelona,LLOBREGAT,25.0,162.2,146.8,15.399999999999977,4,2,2022
2022-04-01,Endesa,Girona,LLORET,110.0,152.7,97.2,55.499999999999986,4,2,2022
2026-03-01,Endesa,Girona,LLORET,110.0,25.31,0.0,25.31,3,1,2026
2026-05-01,Endesa,Girona,LLORET,110.0,47.18,25.31,21.87,5,2,2026
2022-04-01,Endesa,Girona,LLORET,25.0,96.1,86.5,9.599999999999994,4,2,2022
2026-03-01,Endesa,Girona,LLORET,25.0,25.31,0.0,25.31,3,1,2026
2026-05-01,Endesa,Girona,LLORET,25.0,47.18,25.31,21.87,5,2,2026
2021-12-01,Endesa,Baleares,LLUCMAJOR,15.0,-2.8,-15.3,12.5,12,4,2021
2022-05-01,Endesa,Baleares,LLUCMAJOR,15.0,2.1,-18.6,20.700000000000003,5,2,2022
2022-04-01,Endesa,Zaragoza,LOGISTICA,15.0,0.0,-13.9,13.9,4,2,2022
2021-08-01,Endesa,Zaragoza,LOGISTICA,45.0,66.2,55.3,10.900000000000006,8,3,2021
2021-11-01,Endesa,Zaragoza,LOGISTICA,45.0,84.4,68.1,16.30000000000001,11,4,2021
2022-04-01,Endesa,Zaragoza,LOGISTICA,45.0,0.0,-33.9,33.9,4,2,2022
2025-10-01,Endesa,Granada,LOJA,20.0,0.0,-6.0,6.0,10,4,2025
2022-03-01,Endesa,Las Palmas,LOMO_MASP,20.0,38.7,29.7,9.000000000000004,3,1,2022
2022-04-01,Endesa,Las Palmas,LOMO_MASP,20.0,43.9,38.7,5.199999999999996,4,2,2022
2026-05-01,Endesa,"Palmas, Las",LOMO_MASP,20.0,36.25,20.32,15.93,5,2,2026
2022-03-01,Endesa,Cádiz,LOSNEGRO,66.0,60.0,0.1,59.9,3,1,2022
2025-10-01,Endesa,Santa Cruz de Tenerife,LOS_OLIVOS,20.0,61.9,22.1,39.8,10,4,2025
2026-01-01,Endesa,Santa Cruz de Tenerife,LOS_OLIVOS,20.0,61.89,46.89,15.0,1,1,2026
2022-02-01,Endesa,Teruel,LS_VILNVAS,20.0,11.4,-0.3,11.700000000000001,2,1,2022
2026-01-01,Endesa,Teruel,LS_VILNVAS,20.0,5.99,-0.61,6.6000000000000005,1,1,2026
2022-09-01,Endesa,Huesca,Laspuña,0.14945171,132.0,30.0,102.0,9,3,2022
2022-10-01,Endesa,Huesca,Laspuña,0.14945171,132.0,30.0,102.0,10,4,2022
2022-11-01,Endesa,Huesca,Laspuña,0.14945171,132.0,30.0,102.0,11,4,2022
2022-12-01,Endesa,Huesca,Laspuña,0.14945171,132.0,30.0,102.0,12,4,2022
2023-01-01,Endesa,Huesca,Laspuña,0.14945171,132.0,30.0,102.0,1,1,2023
2023-02-01,Endesa,Huesca,Laspuña,0.14945171,132.0,30.0,102.0,2,1,2023
2023-03-01,Endesa,Huesca,Laspuña,0.14945171,132.0,30.0,102.0,3,1,2023
2023-04-01,Endesa,Huesca,Laspuña,0.14945171,132.0,30.0,102.0,4,2,2023
2023-05-01,Endesa,Huesca,Laspuña,0.14945171,132.0,30.0,102.0,5,2,2023
2023-06-01,Endesa,Huesca,Laspuña,0.14945171,132.0,30.0,102.0,6,2,2023
2023-07-01,Endesa,Huesca,Laspuña,0.14945171,132.0,30.0,102.0,7,3,2023
2023-08-01,Endesa,Huesca,Laspuña,0.14945171,132.0,30.0,102.0,8,3,2023
2022-09-01,Endesa,Girona,Llançà,3.14342105,132.0,25.0,107.0,9,3,2022
2022-10-01,Endesa,Girona,Llançà,3.14342105,132.0,25.0,107.0,10,4,2022
2022-11-01,Endesa,Girona,Llançà,3.14342105,132.0,25.0,107.0,11,4,2022
2022-12-01,Endesa,Girona,Llançà,3.14342105,132.0,25.0,107.0,12,4,2022
2023-01-01,Endesa,Girona,Llançà,3.14342105,132.0,25.0,107.0,1,1,2023
2023-02-01,Endesa,Girona,Llançà,3.14342105,132.0,25.0,107.0,2,1,2023
2023-03-01,Endesa,Girona,Llançà,3.14342105,132.0,25.0,107.0,3,1,2023
2023-04-01,Endesa,Girona,Llançà,3.14342105,132.0,25.0,107.0,4,2,2023
2023-05-01,Endesa,Girona,Llançà,3.14342105,132.0,25.0,107.0,5,2,2023
2023-06-01,Endesa,Girona,Llançà,3.14342105,132.0,25.0,107.0,6,2,2023
2023-07-01,Endesa,Girona,Llançà,3.14342105,132.0,25.0,107.0,7,3,2023
2023-08-01,Endesa,Girona,Llançà,3.14342105,132.0,25.0,107.0,8,3,2023
2022-09-01,Endesa,Lleida,Llavorsí,1.21297683,110.0,25.0,85.0,9,3,2022
2022-10-01,Endesa,Lleida,Llavorsí,1.21297683,110.0,25.0,85.0,10,4,2022
2022-11-01,Endesa,Lleida,Llavorsí,1.21297683,110.0,25.0,85.0,11,4,2022
2022-12-01,Endesa,Lleida,Llavorsí,1.21297683,110.0,25.0,85.0,12,4,2022
2023-01-01,Endesa,Lleida,Llavorsí,1.21297683,110.0,25.0,85.0,1,1,2023
2023-02-01,Endesa,Lleida,Llavorsí,1.21297683,110.0,25.0,85.0,2,1,2023
2023-03-01,Endesa,Lleida,Llavorsí,1.21297683,110.0,25.0,85.0,3,1,2023
2023-04-01,Endesa,Lleida,Llavorsí,1.21297683,110.0,25.0,85.0,4,2,2023
2023-05-01,Endesa,Lleida,Llavorsí,1.21297683,110.0,25.0,85.0,5,2,2023
2023-06-01,Endesa,Lleida,Llavorsí,1.21297683,110.0,25.0,85.0,6,2,2023
2023-07-01,Endesa,Lleida,Llavorsí,1.21297683,110.0,25.0,85.0,7,3,2023
2023-08-01,Endesa,Lleida,Llavorsí,1.21297683,110.0,25.0,85.0,8,3,2023
2022-09-01,Endesa,Lleida,Lleida,0.47544163,66.0,25.0,41.0,9,3,2022
2022-10-01,Endesa,Lleida,Lleida,0.47544163,66.0,25.0,41.0,10,4,2022
2022-11-01,Endesa,Lleida,Lleida,0.47544163,66.0,25.0,41.0,11,4,2022
2022-12-01,Endesa,Lleida,Lleida,0.47544163,66.0,25.0,41.0,12,4,2022
2023-01-01,Endesa,Lleida,Lleida,0.47544163,66.0,25.0,41.0,1,1,2023
2023-02-01,Endesa,Lleida,Lleida,0.47544163,66.0,25.0,41.0,2,1,2023
2023-03-01,Endesa,Lleida,Lleida,0.47544163,66.0,25.0,41.0,3,1,2023
2023-04-01,Endesa,Lleida,Lleida,0.47544163,66.0,25.0,41.0,4,2,2023
2023-05-01,Endesa,Lleida,Lleida,0.47544163,66.0,25.0,41.0,5,2,2023
2023-06-01,Endesa,Lleida,Lleida,0.47544163,66.0,25.0,41.0,6,2,2023
2023-07-01,Endesa,Lleida,Lleida,0.47544163,66.0,25.0,41.0,7,3,2023
2023-08-01,Endesa,Lleida,Lleida,0.47544163,66.0,25.0,41.0,8,3,2023
2022-09-01,Endesa,Lleida,Lleida,0.66386668,110.0,25.0,85.0,9,3,2022
2022-10-01,Endesa,Lleida,Lleida,0.66386668,110.0,25.0,85.0,10,4,2022
2022-11-01,Endesa,Lleida,Lleida,0.66386668,110.0,25.0,85.0,11,4,2022
2022-12-01,Endesa,Lleida,Lleida,0.66386668,110.0,25.0,85.0,12,4,2022
2023-01-01,Endesa,Lleida,Lleida,0.66386668,110.0,25.0,85.0,1,1,2023
2023-02-01,Endesa,Lleida,Lleida,0.66386668,110.0,25.0,85.0,2,1,2023
2023-03-01,Endesa,Lleida,Lleida,0.66386668,110.0,25.0,85.0,3,1,2023
2023-04-01,Endesa,Lleida,Lleida,0.66386668,110.0,25.0,85.0,4,2,2023
2023-05-01,Endesa,Lleida,Lleida,0.66386668,110.0,25.0,85.0,5,2,2023
2023-06-01,Endesa,Lleida,Lleida,0.66386668,110.0,25.0,85.0,6,2,2023
2023-07-01,Endesa,Lleida,Lleida,0.66386668,110.0,25.0,85.0,7,3,2023
2023-08-01,Endesa,Lleida,Lleida,0.66386668,110.0,25.0,85.0,8,3,2023
2022-09-01,Endesa,Lleida,Lleida,0.66797017,132.0,25.0,107.0,9,3,2022
2022-10-01,Endesa,Lleida,Lleida,0.66797017,132.0,25.0,107.0,10,4,2022
2022-11-01,Endesa,Lleida,Lleida,0.66797017,132.0,25.0,107.0,11,4,2022
2022-12-01,Endesa,Lleida,Lleida,0.66797017,132.0,25.0,107.0,12,4,2022
2023-01-01,Endesa,Lleida,Lleida,0.66797017,132.0,25.0,107.0,1,1,2023
2023-02-01,Endesa,Lleida,Lleida,0.66797017,132.0,25.0,107.0,2,1,2023
2023-03-01,Endesa,Lleida,Lleida,0.66797017,132.0,25.0,107.0,3,1,2023
2023-04-01,Endesa,Lleida,Lleida,0.66797017,132.0,25.0,107.0,4,2,2023
2023-05-01,Endesa,Lleida,Lleida,0.66797017,132.0,25.0,107.0,5,2,2023
2023-06-01,Endesa,Lleida,Lleida,0.66797017,132.0,25.0,107.0,6,2,2023
2023-07-01,Endesa,Lleida,Lleida,0.66797017,132.0,25.0,107.0,7,3,2023
2023-08-01,Endesa,Lleida,Lleida,0.66797017,132.0,25.0,107.0,8,3,2023
2022-09-01,Endesa,Girona,Lloret de Mar,2.86317362,110.0,25.0,85.0,9,3,2022
2022-10-01,Endesa,Girona,Lloret de Mar,2.86317362,110.0,25.0,85.0,10,4,2022
2022-11-01,Endesa,Girona,Lloret de Mar,2.86317362,110.0,25.0,85.0,11,4,2022
2022-12-01,Endesa,Girona,Lloret de Mar,2.86317362,110.0,25.0,85.0,12,4,2022
2023-01-01,Endesa,Girona,Lloret de Mar,2.86317362,110.0,25.0,85.0,1,1,2023
2023-02-01,Endesa,Girona,Lloret de Mar,2.86317362,110.0,25.0,85.0,2,1,2023
2023-03-01,Endesa,Girona,Lloret de Mar,2.86317362,110.0,25.0,85.0,3,1,2023
2023-04-01,Endesa,Girona,Lloret de Mar,2.86317362,110.0,25.0,85.0,4,2,2023
2023-05-01,Endesa,Girona,Lloret de Mar,2.86317362,110.0,25.0,85.0,5,2,2023
2023-06-01,Endesa,Girona,Lloret de Mar,2.86317362,110.0,25.0,85.0,6,2,2023
2023-07-01,Endesa,Girona,Lloret de Mar,2.86317362,110.0,25.0,85.0,7,3,2023
2023-08-01,Endesa,Girona,Lloret de Mar,2.86317362,110.0,25.0,85.0,8,3,2023
2022-04-01,Endesa,Barcelona,M.FIGUERES,110.0,223.2,200.2,23.0,4,2,2022
2022-04-01,Endesa,Barcelona,M.FIGUERES,25.0,202.0,182.4,19.599999999999994,4,2,2022
2026-03-01,Endesa,"Palmas, Las",MACHER,20.0,46.13,37.23,8.900000000000006,3,1,2026
2021-11-01,Endesa,Zaragoza,MAGALLON,15.0,13.8,0.0,13.8,11,4,2021
2022-02-01,Endesa,Zaragoza,MAGALLON,15.0,13.8,-6.2,20.0,2,1,2022
2022-05-01,Endesa,Zaragoza,MAGALLON,15.0,13.3,0.0,13.3,5,2,2022
2026-03-01,Endesa,Zaragoza,MAGALLON,15.0,5.89,0.0,5.89,3,1,2026
2021-11-01,Endesa,Zaragoza,MAGALLON,66.0,21.0,0.0,21.0,11,4,2021
2022-04-01,Endesa,Zaragoza,MAGALLON,66.0,-21.0,-61.7,40.7,4,2,2022
2022-05-01,Endesa,Zaragoza,MAGALLON,66.0,20.6,-21.0,41.6,5,2,2022
2025-10-01,Endesa,Zaragoza,MAGALLON,66.0,0.0,-10.0,10.0,10,4,2025
2026-03-01,Endesa,Zaragoza,MAGALLON,66.0,10.27,0.0,10.27,3,1,2026
2021-11-01,Endesa,Zaragoza,MALLORCA,10.0,34.0,9.0,25.0,11,4,2021
2021-11-01,Endesa,Zaragoza,MALLORCA,45.0,34.0,9.0,25.0,11,4,2021
2021-12-01,Endesa,Zaragoza,MALLORCA,45.0,44.9,34.0,10.899999999999999,12,4,2021
2022-04-01,Endesa,Baleares,MANACOR,15.0,61.7,55.9,5.800000000000004,4,2,2022
2022-04-01,Endesa,Málaga,MANANTIA,20.0,79.9,71.9,8.0,4,2,2022
2021-12-01,Endesa,Málaga,MANANTIA,66.0,115.2,98.2,17.0,12,4,2021
2022-04-01,Endesa,Málaga,MANANTIA,66.0,128.1,115.3,12.799999999999997,4,2,2022
2022-01-01,Endesa,Barcelona,MANRESA,110.0,142.6,135.4,7.199999999999989,1,1,2022
2022-02-01,Endesa,Barcelona,MANRESA,110.0,147.7,142.6,5.099999999999994,2,1,2022
2025-10-01,Endesa,Barcelona,MANRESA,110.0,41.7,-73.1,114.8,10,4,2025
2025-12-01,Endesa,Barcelona,MANRESA,110.0,115.76,41.7,74.06,12,4,2025
2026-01-01,Endesa,Barcelona,MANRESA,110.0,121.14,115.76,5.3799999999999955,1,1,2026
2026-03-01,Endesa,Barcelona,MANRESA,110.0,132.99,121.14,11.850000000000009,3,1,2026
2026-05-01,Endesa,Barcelona,MANRESA,110.0,146.46,132.99,13.469999999999999,5,2,2026
2025-10-01,Endesa,Barcelona,MANRESA,25.0,36.8,26.9,9.899999999999999,10,4,2025
2025-12-01,Endesa,Barcelona,MANRESA,25.0,80.64,36.8,43.84,12,4,2025
2022-04-01,Endesa,Barcelona,MARAGALL,25.0,66.7,60.0,6.700000000000003,4,2,2022
2021-11-01,Endesa,Sevilla,MARISMAS,15.0,22.6,0.0,22.6,11,4,2021
2021-11-01,Endesa,Sevilla,MARISMAS,66.0,30.0,0.0,30.0,11,4,2021
2022-04-01,Endesa,Málaga,MARYSOL,20.0,96.7,0.0,96.7,4,2,2022
2021-12-01,Endesa,Málaga,MARYSOL,66.0,123.1,94.3,28.799999999999997,12,4,2021
2022-04-01,Endesa,Málaga,MARYSOL,66.0,138.8,123.8,15.000000000000014,4,2,2022
2026-03-01,Endesa,Málaga,MARYSOL,66.0,53.78,10.08,43.7,3,1,2026
2025-12-01,Endesa,"Palmas, Las",MARZAGAN,20.0,24.09,13.4,10.69,12,4,2025
2022-04-01,Endesa,Cádiz,MATAGORD,66.0,85.3,76.7,8.599999999999994,4,2,2022
2022-04-01,Endesa,Barcelona,MATARO,110.0,355.2,341.6,13.599999999999966,4,2,2022
2025-12-01,Endesa,Barcelona,MATARO,110.0,253.77,227.6,26.170000000000016,12,4,2025
2026-03-01,Endesa,Barcelona,MATARO,110.0,259.72,253.51,6.210000000000036,3,1,2026
2022-04-01,Endesa,Barcelona,MATARO,25.0,186.0,168.0,18.0,4,2,2022
2021-12-01,Endesa,Las Palmas,MATAS_BLAN,20.0,11.1,3.4,7.699999999999999,12,4,2021
2021-09-01,Endesa,Barcelona,MATA,11.0,64.4,53.2,11.200000000000003,9,3,2021
2022-04-01,Endesa,Barcelona,MATA,11.0,235.5,64.0,171.5,4,2,2022
2021-09-01,Endesa,Barcelona,MATA,110.0,64.4,53.2,11.200000000000003,9,3,2021
2022-04-01,Endesa,Barcelona,MATA,110.0,71.6,64.0,7.599999999999994,4,2,2022
2025-10-01,Endesa,Barcelona,MATA,110.0,162.4,57.8,104.60000000000001,10,4,2025
2025-12-01,Endesa,Barcelona,MATA,110.0,173.37,162.4,10.969999999999999,12,4,2025
2021-09-01,Endesa,Barcelona,MATA,25.0,64.4,53.2,11.200000000000003,9,3,2021
2022-04-01,Endesa,Barcelona,MATA,25.0,86.2,64.0,22.200000000000003,4,2,2022
2025-10-01,Endesa,Barcelona,MATA,25.0,107.4,86.2,21.200000000000003,10,4,2025
2021-12-01,Endesa,Cádiz,MEDINA_S,15.0,6.8,0.0,6.8,12,4,2021
2025-12-01,Endesa,Cádiz,MEDINA_S,15.0,0.0,-15.0,15.0,12,4,2025
2021-12-01,Endesa,Cádiz,MEDINA_S,66.0,6.8,0.0,6.8,12,4,2021
2021-09-01,Endesa,Baleares,MERCADAL,15.0,45.0,40.0,5.0,9,3,2021
2022-04-01,Endesa,Baleares,MERCADAL,15.0,43.6,25.6,18.0,4,2,2022
2021-08-01,Endesa,Málaga,MIJAS,20.0,61.1,52.4,8.700000000000003,8,3,2021
2022-04-01,Endesa,Málaga,MIJAS,20.0,56.1,50.8,5.300000000000004,4,2,2022
2021-08-01,Endesa,Málaga,MIJAS,66.0,70.6,50.4,20.199999999999996,8,3,2021
2022-04-01,Endesa,Málaga,MIJAS,66.0,56.1,50.8,5.300000000000004,4,2,2022
2022-04-01,Endesa,Baleares,MILLOR,15.0,70.5,64.2,6.299999999999997,4,2,2022
2021-11-01,Endesa,Málaga,MIRAFLOR,20.0,42.3,22.9,19.4,11,4,2021
2021-11-01,Endesa,Málaga,MIRAFLOR,66.0,58.6,22.9,35.7,11,4,2021
2022-04-01,Endesa,Málaga,MIRAFLOR,66.0,64.9,58.5,6.400000000000006,4,2,2022
2022-04-01,Endesa,Barcelona,MOGENT,110.0,169.7,88.6,81.1,4,2,2022
2025-10-01,Endesa,Barcelona,MOGENT,110.0,274.0,167.9,106.1,10,4,2025
2025-12-01,Endesa,Barcelona,MOGENT,110.0,279.28,274.0,5.279999999999973,12,4,2025
2022-04-01,Endesa,Barcelona,MOGENT,25.0,88.8,80.4,8.399999999999991,4,2,2022
2021-10-01,Endesa,Huelva,MOGUER,15.0,17.4,12.2,5.199999999999999,10,4,2021
2025-10-01,Endesa,Barcelona,MOJA,110.0,95.9,27.0,68.9,10,4,2025
2025-10-01,Endesa,Barcelona,MOJA,25.0,83.7,77.0,6.700000000000003,10,4,2025
2026-03-01,Endesa,Barcelona,MOJA,25.0,73.76,63.8,9.960000000000008,3,1,2026
2022-04-01,Endesa,Baleares,MOLINES,15.0,104.0,93.6,10.400000000000006,4,2,2022
2022-01-01,Endesa,Tarragona,MONTBLANC,25.0,-28.9,-47.8,18.9,1,1,2022
2022-04-01,Endesa,Tarragona,MONTBLANC,25.0,-16.7,-29.0,12.3,4,2,2022
2025-10-01,Endesa,Tarragona,MONTBLANC,25.0,10.1,-16.7,26.799999999999997,10,4,2025
2026-05-01,Endesa,Tarragona,MONTBLANC,25.0,9.07,3.02,6.050000000000001,5,2,2026
2022-02-01,Endesa,Cádiz,MONTEALT,15.0,19.7,-5.9,25.6,2,1,2022
2022-02-01,Endesa,Cádiz,MONTEALT,66.0,-9.0,-16.5,7.5,2,1,2022
2022-04-01,Endesa,Cádiz,MONTEALT,66.0,18.4,-7.1,25.5,4,2,2022
2022-01-01,Endesa,Cádiz,MONTECAS,15.0,3.6,-6.0,9.6,1,1,2022
2022-04-01,Endesa,Cádiz,MONTECAS,15.0,-4.0,-11.6,7.6,4,2,2022
2021-11-01,Endesa,Cádiz,MONTECAS,66.0,41.3,8.5,32.8,11,4,2021
2021-11-01,Endesa,Málaga,MONTES,20.0,53.2,22.9,30.300000000000004,11,4,2021
2022-04-01,Endesa,Málaga,MONTES,20.0,59.0,53.1,5.899999999999999,4,2,2022
2021-11-01,Endesa,Málaga,MONTES,66.0,54.8,13.8,41.0,11,4,2021
2022-04-01,Endesa,Málaga,MONTES,66.0,69.7,54.6,15.100000000000001,4,2,2022
2025-12-01,Endesa,Málaga,MONTES,66.0,48.8,43.8,5.0,12,4,2025
2026-05-01,Endesa,Málaga,MONTES,66.0,70.28,50.53,19.75,5,2,2026
2022-04-01,Endesa,Córdoba,MONTILLA,15.0,-4.0,-46.5,42.5,4,2,2022
2022-03-01,Endesa,Córdoba,MONTILLA,25.0,10.0,0.2,9.8,3,1,2022
2021-10-01,Endesa,Córdoba,MONTILLA,66.0,-3.6,-28.2,24.599999999999998,10,4,2021
2022-04-01,Endesa,Córdoba,MONTILLA,66.0,-28.2,-108.9,80.7,4,2,2022
2025-10-01,Endesa,Córdoba,MONTILLA,66.0,0.0,-28.2,28.2,10,4,2025
2022-04-01,Endesa,Barcelona,MONTMELO,132.0,146.3,110.8,35.500000000000014,4,2,2022
2025-10-01,Endesa,Barcelona,MONTMELO,132.0,173.2,145.9,27.299999999999983,10,4,2025
2022-04-01,Endesa,Barcelona,MONTMELO,25.0,122.2,110.2,12.0,4,2,2022
2022-04-01,Endesa,Huesca,MONZON,25.0,13.1,0.0,13.1,4,2,2022
2021-11-01,Endesa,Sevilla,MORERA,15.0,25.6,0.0,25.6,11,4,2021
2021-11-01,Endesa,Sevilla,MORERA,66.0,27.5,0.0,27.5,11,4,2021
2021-11-01,Endesa,Sevilla,MORON,15.0,27.3,0.0,27.3,11,4,2021
2021-11-01,Endesa,Sevilla,MORON,66.0,27.3,0.0,27.3,11,4,2021
2022-09-01,Endesa,Barcelona,Manresa,1.80899857,110.0,25.0,85.0,9,3,2022
2022-10-01,Endesa,Barcelona,Manresa,1.80899857,110.0,25.0,85.0,10,4,2022
2022-11-01,Endesa,Barcelona,Manresa,1.80899857,110.0,25.0,85.0,11,4,2022
2022-12-01,Endesa,Barcelona,Manresa,1.80899857,110.0,25.0,85.0,12,4,2022
2023-01-01,Endesa,Barcelona,Manresa,1.80899857,110.0,25.0,85.0,1,1,2023
2023-02-01,Endesa,Barcelona,Manresa,1.80899857,110.0,25.0,85.0,2,1,2023
2023-03-01,Endesa,Barcelona,Manresa,1.80899857,110.0,25.0,85.0,3,1,2023
2023-04-01,Endesa,Barcelona,Manresa,1.80899857,110.0,25.0,85.0,4,2,2023
2023-05-01,Endesa,Barcelona,Manresa,1.80899857,110.0,25.0,85.0,5,2,2023
2023-06-01,Endesa,Barcelona,Manresa,1.80899857,110.0,25.0,85.0,6,2,2023
2023-07-01,Endesa,Barcelona,Manresa,1.80899857,110.0,25.0,85.0,7,3,2023
2023-08-01,Endesa,Barcelona,Manresa,1.80899857,110.0,25.0,85.0,8,3,2023
2022-09-01,Endesa,Barcelona,Manresa,1.83931326,110.0,25.0,85.0,9,3,2022
2022-10-01,Endesa,Barcelona,Manresa,1.83931326,110.0,25.0,85.0,10,4,2022
2022-11-01,Endesa,Barcelona,Manresa,1.83931326,110.0,25.0,85.0,11,4,2022
2022-12-01,Endesa,Barcelona,Manresa,1.83931326,110.0,25.0,85.0,12,4,2022
2023-01-01,Endesa,Barcelona,Manresa,1.83931326,110.0,25.0,85.0,1,1,2023
2023-02-01,Endesa,Barcelona,Manresa,1.83931326,110.0,25.0,85.0,2,1,2023
2023-03-01,Endesa,Barcelona,Manresa,1.83931326,110.0,25.0,85.0,3,1,2023
2023-04-01,Endesa,Barcelona,Manresa,1.83931326,110.0,25.0,85.0,4,2,2023
2023-05-01,Endesa,Barcelona,Manresa,1.83931326,110.0,25.0,85.0,5,2,2023
2023-06-01,Endesa,Barcelona,Manresa,1.83931326,110.0,25.0,85.0,6,2,2023
2023-07-01,Endesa,Barcelona,Manresa,1.83931326,110.0,25.0,85.0,7,3,2023
2023-08-01,Endesa,Barcelona,Manresa,1.83931326,110.0,25.0,85.0,8,3,2023
2022-09-01,Endesa,Barcelona,Martorelles,2.23953683,110.0,25.0,85.0,9,3,2022
2022-10-01,Endesa,Barcelona,Martorelles,2.23953683,110.0,25.0,85.0,10,4,2022
2022-11-01,Endesa,Barcelona,Martorelles,2.23953683,110.0,25.0,85.0,11,4,2022
2022-12-01,Endesa,Barcelona,Martorelles,2.23953683,110.0,25.0,85.0,12,4,2022
2023-01-01,Endesa,Barcelona,Martorelles,2.23953683,110.0,25.0,85.0,1,1,2023
2023-02-01,Endesa,Barcelona,Martorelles,2.23953683,110.0,25.0,85.0,2,1,2023
2023-03-01,Endesa,Barcelona,Martorelles,2.23953683,110.0,25.0,85.0,3,1,2023
2023-04-01,Endesa,Barcelona,Martorelles,2.23953683,110.0,25.0,85.0,4,2,2023
2023-05-01,Endesa,Barcelona,Martorelles,2.23953683,110.0,25.0,85.0,5,2,2023
2023-06-01,Endesa,Barcelona,Martorelles,2.23953683,110.0,25.0,85.0,6,2,2023
2023-07-01,Endesa,Barcelona,Martorelles,2.23953683,110.0,25.0,85.0,7,3,2023
2023-08-01,Endesa,Barcelona,Martorelles,2.23953683,110.0,25.0,85.0,8,3,2023
2022-09-01,Endesa,Barcelona,Martorell,1.90720125,110.0,25.0,85.0,9,3,2022
2022-10-01,Endesa,Barcelona,Martorell,1.90720125,110.0,25.0,85.0,10,4,2022
2022-11-01,Endesa,Barcelona,Martorell,1.90720125,110.0,23.7,86.3,11,4,2022
2022-12-01,Endesa,Barcelona,Martorell,1.90720125,110.0,23.7,86.3,12,4,2022
2023-01-01,Endesa,Barcelona,Martorell,1.90720125,110.0,23.7,86.3,1,1,2023
2023-02-01,Endesa,Barcelona,Martorell,1.90720125,110.0,23.7,86.3,2,1,2023
2023-03-01,Endesa,Barcelona,Martorell,1.90720125,110.0,23.7,86.3,3,1,2023
2023-04-01,Endesa,Barcelona,Martorell,1.90720125,110.0,23.7,86.3,4,2,2023
2023-05-01,Endesa,Barcelona,Martorell,1.90720125,110.0,23.7,86.3,5,2,2023
2023-06-01,Endesa,Barcelona,Martorell,1.90720125,110.0,23.7,86.3,6,2,2023
2023-07-01,Endesa,Barcelona,Martorell,1.90720125,110.0,23.7,86.3,7,3,2023
2023-08-01,Endesa,Barcelona,Martorell,1.90720125,110.0,23.7,86.3,8,3,2023
2022-09-01,Endesa,Barcelona,Mataró,2.42304648,110.0,25.0,85.0,9,3,2022
2022-10-01,Endesa,Barcelona,Mataró,2.42304648,110.0,25.0,85.0,10,4,2022
2022-11-01,Endesa,Barcelona,Mataró,2.42304648,110.0,25.0,85.0,11,4,2022
2022-12-01,Endesa,Barcelona,Mataró,2.42304648,110.0,25.0,85.0,12,4,2022
2023-01-01,Endesa,Barcelona,Mataró,2.42304648,110.0,25.0,85.0,1,1,2023
2023-02-01,Endesa,Barcelona,Mataró,2.42304648,110.0,25.0,85.0,2,1,2023
2023-03-01,Endesa,Barcelona,Mataró,2.42304648,110.0,25.0,85.0,3,1,2023
2023-04-01,Endesa,Barcelona,Mataró,2.42304648,110.0,25.0,85.0,4,2,2023
2023-05-01,Endesa,Barcelona,Mataró,2.42304648,110.0,25.0,85.0,5,2,2023
2023-06-01,Endesa,Barcelona,Mataró,2.42304648,110.0,25.0,85.0,6,2,2023
2023-07-01,Endesa,Barcelona,Mataró,2.42304648,110.0,25.0,85.0,7,3,2023
2023-08-01,Endesa,Barcelona,Mataró,2.42304648,110.0,25.0,85.0,8,3,2023
2022-09-01,Endesa,Barcelona,Mataró,2.45340813,110.0,11.0,99.0,9,3,2022
2022-10-01,Endesa,Barcelona,Mataró,2.45340813,110.0,11.0,99.0,10,4,2022
2022-11-01,Endesa,Barcelona,Mataró,2.45340813,110.0,11.0,99.0,11,4,2022
2022-12-01,Endesa,Barcelona,Mataró,2.45340813,110.0,11.0,99.0,12,4,2022
2023-01-01,Endesa,Barcelona,Mataró,2.45340813,110.0,11.0,99.0,1,1,2023
2023-02-01,Endesa,Barcelona,Mataró,2.45340813,110.0,11.0,99.0,2,1,2023
2023-03-01,Endesa,Barcelona,Mataró,2.45340813,110.0,11.0,99.0,3,1,2023
2023-04-01,Endesa,Barcelona,Mataró,2.45340813,110.0,11.0,99.0,4,2,2023
2023-05-01,Endesa,Barcelona,Mataró,2.45340813,110.0,11.0,99.0,5,2,2023
2023-06-01,Endesa,Barcelona,Mataró,2.45340813,110.0,11.0,99.0,6,2,2023
2023-07-01,Endesa,Barcelona,Mataró,2.45340813,110.0,11.0,99.0,7,3,2023
2023-08-01,Endesa,Barcelona,Mataró,2.45340813,110.0,11.0,99.0,8,3,2023
2022-09-01,Endesa,Zaragoza,Mequinenza,0.27701602,45.0,20.0,25.0,9,3,2022
2022-10-01,Endesa,Zaragoza,Mequinenza,0.27701602,45.0,20.0,25.0,10,4,2022
2022-11-01,Endesa,Zaragoza,Mequinenza,0.27701602,45.0,20.0,25.0,11,4,2022
2022-12-01,Endesa,Zaragoza,Mequinenza,0.27701602,45.0,20.0,25.0,12,4,2022
2023-01-01,Endesa,Zaragoza,Mequinenza,0.27701602,45.0,20.0,25.0,1,1,2023
2023-02-01,Endesa,Zaragoza,Mequinenza,0.27701602,45.0,20.0,25.0,2,1,2023
2023-03-01,Endesa,Zaragoza,Mequinenza,0.27701602,45.0,20.0,25.0,3,1,2023
2023-04-01,Endesa,Zaragoza,Mequinenza,0.27701602,45.0,20.0,25.0,4,2,2023
2023-05-01,Endesa,Zaragoza,Mequinenza,0.27701602,45.0,20.0,25.0,5,2,2023
2023-06-01,Endesa,Zaragoza,Mequinenza,0.27701602,45.0,20.0,25.0,6,2,2023
2023-07-01,Endesa,Zaragoza,Mequinenza,0.27701602,45.0,20.0,25.0,7,3,2023
2023-08-01,Endesa,Zaragoza,Mequinenza,0.27701602,45.0,20.0,25.0,8,3,2023
2022-09-01,Endesa,Lleida,Mollerussa,0.88904649,110.0,25.0,85.0,9,3,2022
2022-10-01,Endesa,Lleida,Mollerussa,0.88904649,110.0,25.0,85.0,10,4,2022
2022-11-01,Endesa,Lleida,Mollerussa,0.88904649,110.0,25.0,85.0,11,4,2022
2022-12-01,Endesa,Lleida,Mollerussa,0.88904649,110.0,25.0,85.0,12,4,2022
2023-01-01,Endesa,Lleida,Mollerussa,0.88904649,110.0,25.0,85.0,1,1,2023
2023-02-01,Endesa,Lleida,Mollerussa,0.88904649,110.0,25.0,85.0,2,1,2023
2023-03-01,Endesa,Lleida,Mollerussa,0.88904649,110.0,25.0,85.0,3,1,2023
2023-04-01,Endesa,Lleida,Mollerussa,0.88904649,110.0,25.0,85.0,4,2,2023
2023-05-01,Endesa,Lleida,Mollerussa,0.88904649,110.0,25.0,85.0,5,2,2023
2023-06-01,Endesa,Lleida,Mollerussa,0.88904649,110.0,25.0,85.0,6,2,2023
2023-07-01,Endesa,Lleida,Mollerussa,0.88904649,110.0,25.0,85.0,7,3,2023
2023-08-01,Endesa,Lleida,Mollerussa,0.88904649,110.0,25.0,85.0,8,3,2023
2022-09-01,Endesa,Barcelona,Monistrol de Montserrat,1.85083869,110.0,25.0,85.0,9,3,2022
2022-10-01,Endesa,Barcelona,Monistrol de Montserrat,1.85083869,110.0,25.0,85.0,10,4,2022
2022-11-01,Endesa,Barcelona,Monistrol de Montserrat,1.85083869,110.0,25.0,85.0,11,4,2022
2022-12-01,Endesa,Barcelona,Monistrol de Montserrat,1.85083869,110.0,25.0,85.0,12,4,2022
2023-01-01,Endesa,Barcelona,Monistrol de Montserrat,1.85083869,110.0,25.0,85.0,1,1,2023
2023-02-01,Endesa,Barcelona,Monistrol de Montserrat,1.85083869,110.0,25.0,85.0,2,1,2023
2023-03-01,Endesa,Barcelona,Monistrol de Montserrat,1.85083869,110.0,25.0,85.0,3,1,2023
2023-04-01,Endesa,Barcelona,Monistrol de Montserrat,1.85083869,110.0,25.0,85.0,4,2,2023
2023-05-01,Endesa,Barcelona,Monistrol de Montserrat,1.85083869,110.0,25.0,85.0,5,2,2023
2023-06-01,Endesa,Barcelona,Monistrol de Montserrat,1.85083869,110.0,25.0,85.0,6,2,2023
2023-07-01,Endesa,Barcelona,Monistrol de Montserrat,1.85083869,110.0,25.0,85.0,7,3,2023
2023-08-01,Endesa,Barcelona,Monistrol de Montserrat,1.85083869,110.0,25.0,85.0,8,3,2023
2022-09-01,Endesa,Huesca,Montanuy,0.73552684,132.0,25.0,107.0,9,3,2022
2022-10-01,Endesa,Huesca,Montanuy,0.73552684,132.0,25.0,107.0,10,4,2022
2022-11-01,Endesa,Huesca,Montanuy,0.73552684,132.0,25.0,107.0,11,4,2022
2022-12-01,Endesa,Huesca,Montanuy,0.73552684,132.0,25.0,107.0,12,4,2022
2023-01-01,Endesa,Huesca,Montanuy,0.73552684,132.0,25.0,107.0,1,1,2023
2023-02-01,Endesa,Huesca,Montanuy,0.73552684,132.0,25.0,107.0,2,1,2023
2023-03-01,Endesa,Huesca,Montanuy,0.73552684,132.0,25.0,107.0,3,1,2023
2023-04-01,Endesa,Huesca,Montanuy,0.73552684,132.0,25.0,107.0,4,2,2023
2023-05-01,Endesa,Huesca,Montanuy,0.73552684,132.0,25.0,107.0,5,2,2023
2023-06-01,Endesa,Huesca,Montanuy,0.73552684,132.0,25.0,107.0,6,2,2023
2023-07-01,Endesa,Huesca,Montanuy,0.73552684,132.0,25.0,107.0,7,3,2023
2023-08-01,Endesa,Huesca,Montanuy,0.73552684,132.0,25.0,107.0,8,3,2023
2022-09-01,Endesa,Barcelona,Montcada i Reixac,2.17843376,110.0,25.0,85.0,9,3,2022
2022-10-01,Endesa,Barcelona,Montcada i Reixac,2.17843376,110.0,25.0,85.0,10,4,2022
2022-11-01,Endesa,Barcelona,Montcada i Reixac,2.17843376,110.0,25.0,85.0,11,4,2022
2022-12-01,Endesa,Barcelona,Montcada i Reixac,2.17843376,110.0,25.0,85.0,12,4,2022
2023-01-01,Endesa,Barcelona,Montcada i Reixac,2.17843376,110.0,25.0,85.0,1,1,2023
2023-02-01,Endesa,Barcelona,Montcada i Reixac,2.17843376,110.0,25.0,85.0,2,1,2023
2023-03-01,Endesa,Barcelona,Montcada i Reixac,2.17843376,110.0,25.0,85.0,3,1,2023
2023-04-01,Endesa,Barcelona,Montcada i Reixac,2.17843376,110.0,25.0,85.0,4,2,2023
2023-05-01,Endesa,Barcelona,Montcada i Reixac,2.17843376,110.0,25.0,85.0,5,2,2023
2023-06-01,Endesa,Barcelona,Montcada i Reixac,2.17843376,110.0,25.0,85.0,6,2,2023
2023-07-01,Endesa,Barcelona,Montcada i Reixac,2.17843376,110.0,25.0,85.0,7,3,2023
2023-08-01,Endesa,Barcelona,Montcada i Reixac,2.17843376,110.0,25.0,85.0,8,3,2023
2022-09-01,Endesa,Barcelona,Montmeló,2.25462001,132.0,25.0,107.0,9,3,2022
2022-10-01,Endesa,Barcelona,Montmeló,2.25462001,132.0,25.0,107.0,10,4,2022
2022-11-01,Endesa,Barcelona,Montmeló,2.25462001,132.0,25.0,107.0,11,4,2022
2022-12-01,Endesa,Barcelona,Montmeló,2.25462001,132.0,25.0,107.0,12,4,2022
2023-01-01,Endesa,Barcelona,Montmeló,2.25462001,132.0,25.0,107.0,1,1,2023
2023-02-01,Endesa,Barcelona,Montmeló,2.25462001,132.0,25.0,107.0,2,1,2023
2023-03-01,Endesa,Barcelona,Montmeló,2.25462001,132.0,25.0,107.0,3,1,2023
2023-04-01,Endesa,Barcelona,Montmeló,2.25462001,132.0,25.0,107.0,4,2,2023
2023-05-01,Endesa,Barcelona,Montmeló,2.25462001,132.0,25.0,107.0,5,2,2023
2023-06-01,Endesa,Barcelona,Montmeló,2.25462001,132.0,25.0,107.0,6,2,2023
2023-07-01,Endesa,Barcelona,Montmeló,2.25462001,132.0,25.0,107.0,7,3,2023
2023-08-01,Endesa,Barcelona,Montmeló,2.25462001,132.0,25.0,107.0,8,3,2023
2022-09-01,Endesa,Huesca,Monzón,0.1203266,45.0,10.0,35.0,9,3,2022
2022-10-01,Endesa,Huesca,Monzón,0.1203266,45.0,10.0,35.0,10,4,2022
2022-11-01,Endesa,Huesca,Monzón,0.1203266,45.0,10.0,35.0,11,4,2022
2022-12-01,Endesa,Huesca,Monzón,0.1203266,45.0,10.0,35.0,12,4,2022
2023-01-01,Endesa,Huesca,Monzón,0.1203266,45.0,10.0,35.0,1,1,2023
2023-02-01,Endesa,Huesca,Monzón,0.1203266,45.0,10.0,35.0,2,1,2023
2023-03-01,Endesa,Huesca,Monzón,0.1203266,45.0,10.0,35.0,3,1,2023
2023-04-01,Endesa,Huesca,Monzón,0.1203266,45.0,10.0,35.0,4,2,2023
2023-05-01,Endesa,Huesca,Monzón,0.1203266,45.0,10.0,35.0,5,2,2023
2023-06-01,Endesa,Huesca,Monzón,0.1203266,45.0,10.0,35.0,6,2,2023
2023-07-01,Endesa,Huesca,Monzón,0.1203266,45.0,10.0,35.0,7,3,2023
2023-08-01,Endesa,Huesca,Monzón,0.1203266,45.0,10.0,35.0,8,3,2023
2022-09-01,Endesa,Huesca,Monzón,0.14950306,92.0,19.0,73.0,9,3,2022
2022-10-01,Endesa,Huesca,Monzón,0.14950306,92.0,19.0,73.0,10,4,2022
2022-11-01,Endesa,Huesca,Monzón,0.14950306,92.0,19.0,73.0,11,4,2022
2022-12-01,Endesa,Huesca,Monzón,0.14950306,92.0,19.0,73.0,12,4,2022
2023-01-01,Endesa,Huesca,Monzón,0.14950306,92.0,19.0,73.0,1,1,2023
2023-02-01,Endesa,Huesca,Monzón,0.14950306,92.0,19.0,73.0,2,1,2023
2023-03-01,Endesa,Huesca,Monzón,0.14950306,92.0,19.0,73.0,3,1,2023
2023-04-01,Endesa,Huesca,Monzón,0.14950306,92.0,19.0,73.0,4,2,2023
2023-05-01,Endesa,Huesca,Monzón,0.14950306,92.0,19.0,73.0,5,2,2023
2023-06-01,Endesa,Huesca,Monzón,0.14950306,92.0,19.0,73.0,6,2,2023
2023-07-01,Endesa,Huesca,Monzón,0.14950306,92.0,19.0,73.0,7,3,2023
2023-08-01,Endesa,Huesca,Monzón,0.14950306,92.0,19.0,73.0,8,3,2023
2022-09-01,Endesa,Huesca,Monzón,0.17502872,62.0,0.0,62.0,9,3,2022
2022-10-01,Endesa,Huesca,Monzón,0.17502872,62.0,0.0,62.0,10,4,2022
2022-11-01,Endesa,Huesca,Monzón,0.17502872,62.0,0.0,62.0,11,4,2022
2022-12-01,Endesa,Huesca,Monzón,0.17502872,62.0,0.0,62.0,12,4,2022
2023-01-01,Endesa,Huesca,Monzón,0.17502872,62.0,0.0,62.0,1,1,2023
2023-02-01,Endesa,Huesca,Monzón,0.17502872,62.0,0.0,62.0,2,1,2023
2023-03-01,Endesa,Huesca,Monzón,0.17502872,62.0,0.0,62.0,3,1,2023
2023-04-01,Endesa,Huesca,Monzón,0.17502872,62.0,0.0,62.0,4,2,2023
2023-05-01,Endesa,Huesca,Monzón,0.17502872,62.0,-12.8,74.8,5,2,2023
2023-06-01,Endesa,Huesca,Monzón,0.17502872,62.0,-12.8,74.8,6,2,2023
2023-07-01,Endesa,Huesca,Monzón,0.17502872,62.0,-12.8,74.8,7,3,2023
2023-08-01,Endesa,Huesca,Monzón,0.17502872,62.0,-12.8,74.8,8,3,2023
2022-09-01,Endesa,Huesca,Monzón,0.19392854,60.5,13.0,47.5,9,3,2022
2022-10-01,Endesa,Huesca,Monzón,0.19392854,60.5,13.0,47.5,10,4,2022
2022-11-01,Endesa,Huesca,Monzón,0.19392854,60.5,25.0,35.5,11,4,2022
2022-12-01,Endesa,Huesca,Monzón,0.19392854,60.5,25.0,35.5,12,4,2022
2023-01-01,Endesa,Huesca,Monzón,0.19392854,60.5,25.0,35.5,1,1,2023
2023-02-01,Endesa,Huesca,Monzón,0.19392854,60.5,25.0,35.5,2,1,2023
2023-03-01,Endesa,Huesca,Monzón,0.19392854,60.5,25.0,35.5,3,1,2023
2023-04-01,Endesa,Huesca,Monzón,0.19392854,60.5,25.0,35.5,4,2,2023
2023-05-01,Endesa,Huesca,Monzón,0.19392854,60.5,25.0,35.5,5,2,2023
2023-06-01,Endesa,Huesca,Monzón,0.19392854,60.5,25.0,35.5,6,2,2023
2023-07-01,Endesa,Huesca,Monzón,0.19392854,60.5,25.0,35.5,7,3,2023
2023-08-01,Endesa,Huesca,Monzón,0.19392854,60.5,25.0,35.5,8,3,2023
2025-10-01,Endesa,Málaga,NERJA,66.0,14.9,0.0,14.9,10,4,2025
2025-12-01,Endesa,Málaga,NERJA,66.0,22.66,14.9,7.76,12,4,2025
2026-03-01,Endesa,Málaga,NERJA,66.0,54.29,23.78,30.509999999999998,3,1,2026
2026-05-01,Endesa,Málaga,NERJA,66.0,62.14,54.29,7.850000000000001,5,2,2026
2021-08-01,Endesa,Sevilla,NERVION,20.0,41.9,33.3,8.600000000000001,8,3,2021
2021-08-01,Endesa,Sevilla,NERVION,66.0,54.0,33.3,20.700000000000003,8,3,2021
2021-10-01,Endesa,Sevilla,NERVION,66.0,66.6,52.6,13.999999999999993,10,4,2021
2021-12-01,Endesa,Sevilla,NERVION,66.0,86.8,54.3,32.5,12,4,2021
2022-03-01,Endesa,Badajoz,NEVERO,20.0,63.4,43.6,19.799999999999997,3,1,2022
2022-05-01,Endesa,Badajoz,NEVERO,20.0,56.9,0.0,56.9,5,2,2022
2025-10-01,Endesa,Badajoz,NEVERO,20.0,18.8,0.0,18.8,10,4,2025
2025-12-01,Endesa,Badajoz,NEVERO,20.0,39.17,18.8,20.37,12,4,2025
2026-05-01,Endesa,Badajoz,NEVERO,20.0,17.57,0.0,17.57,5,2,2026
2022-05-01,Endesa,Badajoz,NEVERO,66.0,56.9,0.0,56.9,5,2,2022
2025-10-01,Endesa,Badajoz,NEVERO,66.0,18.8,0.0,18.8,10,4,2025
2025-12-01,Endesa,Badajoz,NEVERO,66.0,39.17,18.8,20.37,12,4,2025
2026-05-01,Endesa,Badajoz,NEVERO,66.0,17.57,0.0,17.57,5,2,2026
2021-11-01,Endesa,Huelva,NIEBLA,15.0,11.1,1.2,9.9,11,4,2021
2022-01-01,Endesa,Huelva,NIEBLA,15.0,1.1,-3.9,5.0,1,1,2022
2022-02-01,Endesa,Huelva,NIEBLA,15.0,6.1,1.1,5.0,2,1,2022
2022-01-01,Endesa,Huelva,NIEBLA,50.0,24.0,-16.1,40.1,1,1,2022
2025-10-01,Endesa,Málaga,NUEVROND,20.0,23.5,0.0,23.5,10,4,2025
2025-10-01,Endesa,Málaga,NUEVROND,66.0,13.0,0.0,13.0,10,4,2025
2022-04-01,Endesa,Baleares,NUREDDUNA,15.0,67.0,60.3,6.700000000000003,4,2,2022
2021-12-01,Endesa,Huelva,N_CORRAL,15.0,18.1,8.7,9.400000000000002,12,4,2021
2022-09-01,Endesa,Lleida,Naut Aran,0.87705269,110.0,25.0,85.0,9,3,2022
2022-10-01,Endesa,Lleida,Naut Aran,0.87705269,110.0,25.0,85.0,10,4,2022
2022-11-01,Endesa,Lleida,Naut Aran,0.87705269,110.0,25.0,85.0,11,4,2022
2022-12-01,Endesa,Lleida,Naut Aran,0.87705269,110.0,25.0,85.0,12,4,2022
2023-01-01,Endesa,Lleida,Naut Aran,0.87705269,110.0,25.0,85.0,1,1,2023
2023-02-01,Endesa,Lleida,Naut Aran,0.87705269,110.0,25.0,85.0,2,1,2023
2023-03-01,Endesa,Lleida,Naut Aran,0.87705269,110.0,25.0,85.0,3,1,2023
2023-04-01,Endesa,Lleida,Naut Aran,0.87705269,110.0,25.0,85.0,4,2,2023
2023-05-01,Endesa,Lleida,Naut Aran,0.87705269,110.0,25.0,85.0,5,2,2023
2023-06-01,Endesa,Lleida,Naut Aran,0.87705269,110.0,25.0,85.0,6,2,2023
2023-07-01,Endesa,Lleida,Naut Aran,0.87705269,110.0,25.0,85.0,7,3,2023
2023-08-01,Endesa,Lleida,Naut Aran,0.87705269,110.0,25.0,85.0,8,3,2023
2022-09-01,Endesa,Lleida,Naut Aran,0.92976048,110.0,25.0,85.0,9,3,2022
2022-10-01,Endesa,Lleida,Naut Aran,0.92976048,110.0,25.0,85.0,10,4,2022
2022-11-01,Endesa,Lleida,Naut Aran,0.92976048,110.0,25.0,85.0,11,4,2022
2022-12-01,Endesa,Lleida,Naut Aran,0.92976048,110.0,25.0,85.0,12,4,2022
2023-01-01,Endesa,Lleida,Naut Aran,0.92976048,110.0,25.0,85.0,1,1,2023
2023-02-01,Endesa,Lleida,Naut Aran,0.92976048,110.0,25.0,85.0,2,1,2023
2023-03-01,Endesa,Lleida,Naut Aran,0.92976048,110.0,25.0,85.0,3,1,2023
2023-04-01,Endesa,Lleida,Naut Aran,0.92976048,110.0,25.0,85.0,4,2,2023
2023-05-01,Endesa,Lleida,Naut Aran,0.92976048,110.0,25.0,85.0,5,2,2023
2023-06-01,Endesa,Lleida,Naut Aran,0.92976048,110.0,25.0,85.0,6,2,2023
2023-07-01,Endesa,Lleida,Naut Aran,0.92976048,110.0,25.0,85.0,7,3,2023
2023-08-01,Endesa,Lleida,Naut Aran,0.92976048,110.0,25.0,85.0,8,3,2023
2022-09-01,Endesa,Barcelona,Navàs,1.71260431,110.0,14.0,96.0,9,3,2022
2022-10-01,Endesa,Barcelona,Navàs,1.71260431,110.0,14.0,96.0,10,4,2022
2022-11-01,Endesa,Barcelona,Navàs,1.71260431,110.0,14.0,96.0,11,4,2022
2022-12-01,Endesa,Barcelona,Navàs,1.71260431,110.0,14.0,96.0,12,4,2022
2023-01-01,Endesa,Barcelona,Navàs,1.71260431,110.0,14.0,96.0,1,1,2023
2023-02-01,Endesa,Barcelona,Navàs,1.71260431,110.0,14.0,96.0,2,1,2023
2023-03-01,Endesa,Barcelona,Navàs,1.71260431,110.0,14.0,96.0,3,1,2023
2023-04-01,Endesa,Barcelona,Navàs,1.71260431,110.0,14.0,96.0,4,2,2023
2023-05-01,Endesa,Barcelona,Navàs,1.71260431,110.0,14.0,96.0,5,2,2023
2023-06-01,Endesa,Barcelona,Navàs,1.71260431,110.0,14.0,96.0,6,2,2023
2023-07-01,Endesa,Barcelona,Navàs,1.71260431,110.0,14.0,96.0,7,3,2023
2023-08-01,Endesa,Barcelona,Navàs,1.71260431,110.0,14.0,96.0,8,3,2023
2025-12-01,Endesa,Huelva,ODIEL,66.0,5.87,0.0,5.87,12,4,2025
2026-03-01,Endesa,Huelva,ODIEL,66.0,17.47,10.79,6.68,3,1,2026
2021-08-01,Endesa,Zaragoza,OLIVERA,10.0,29.3,0.0,29.3,8,3,2021
2021-11-01,Endesa,Zaragoza,OLIVERA,45.0,59.9,25.2,34.7,11,4,2021
2025-10-01,Endesa,Zaragoza,OLIVERA,45.0,0.0,-7.5,7.5,10,4,2025
2025-10-01,Endesa,Girona,OLOT,132.0,83.9,0.0,83.9,10,4,2025
2025-12-01,Endesa,Girona,OLOT,132.0,101.45,83.9,17.549999999999997,12,4,2025
2026-05-01,Endesa,Girona,OLOT,132.0,165.36,82.71,82.65000000000002,5,2,2026
2025-10-01,Endesa,Girona,OLOT,25.0,55.3,0.0,55.3,10,4,2025
2022-03-01,Endesa,Cádiz,OLVERA,33.0,13.3,7.0,6.300000000000001,3,1,2022
2021-11-01,Endesa,Huelva,ONUBA,20.0,39.2,15.9,23.300000000000004,11,4,2021
2022-02-01,Endesa,Huelva,ONUBA,20.0,0.7,-7.2,7.9,2,1,2022
2022-03-01,Endesa,Huelva,ONUBA,20.0,6.1,0.7,5.3999999999999995,3,1,2022
2025-10-01,Endesa,Huelva,ONUBA,20.0,0.0,-5.0,5.0,10,4,2025
2025-12-01,Endesa,Huelva,ONUBA,20.0,6.3,0.0,6.3,12,4,2025
2026-01-01,Endesa,Huelva,ONUBA,20.0,11.56,6.3,5.260000000000001,1,1,2026
2026-03-01,Endesa,Huelva,ONUBA,20.0,18.74,11.56,7.179999999999998,3,1,2026
2021-11-01,Endesa,Huelva,ONUBA,66.0,26.9,-23.1,50.0,11,4,2021
2022-01-01,Endesa,Huelva,ONUBA,66.0,7.8,-13.6,21.4,1,1,2022
2022-04-01,Endesa,Huelva,ONUBA,66.0,0.0,-14.3,14.3,4,2,2022
2025-12-01,Endesa,Huelva,ONUBA,66.0,6.3,0.0,6.3,12,4,2025
2026-01-01,Endesa,Huelva,ONUBA,66.0,11.56,6.3,5.260000000000001,1,1,2026
2026-03-01,Endesa,Huelva,ONUBA,66.0,18.74,11.56,7.179999999999998,3,1,2026
2021-08-01,Endesa,Sevilla,OROMANA,132.0,27.0,6.0,21.0,8,3,2021
2021-12-01,Endesa,Sevilla,OROMANA,132.0,48.1,27.1,21.0,12,4,2021
2021-11-01,Endesa,Sevilla,OROMANA,15.0,20.7,5.7,15.0,11,4,2021
2021-08-01,Endesa,Sevilla,OSARIO,20.0,55.2,42.2,13.0,8,3,2021
2021-08-01,Endesa,Sevilla,OSARIO,66.0,56.9,42.2,14.699999999999996,8,3,2021
2021-10-01,Endesa,Sevilla,OSARIO,66.0,77.1,53.2,23.89999999999999,10,4,2021
2021-12-01,Endesa,Sevilla,OSARIO,66.0,99.6,62.8,36.8,12,4,2021
2022-03-01,Endesa,Sevilla,OSARIO,66.0,99.1,88.2,10.899999999999991,3,1,2022
2022-04-01,Endesa,Sevilla,OSUNA,25.0,6.5,0.0,6.5,4,2,2022
2022-04-01,Endesa,Sevilla,OSUNA,66.0,6.5,0.0,6.5,4,2,2022
2022-09-01,Endesa,Lleida,Olius,1.48445487,85.0,22.7,62.3,9,3,2022
2022-10-01,Endesa,Lleida,Olius,1.48445487,85.0,22.7,62.3,10,4,2022
2022-11-01,Endesa,Lleida,Olius,1.48445487,85.0,22.7,62.3,11,4,2022
2022-12-01,Endesa,Lleida,Olius,1.48445487,85.0,22.7,62.3,12,4,2022
2023-01-01,Endesa,Lleida,Olius,1.48445487,85.0,22.7,62.3,1,1,2023
2023-02-01,Endesa,Lleida,Olius,1.48445487,85.0,22.7,62.3,2,1,2023
2023-03-01,Endesa,Lleida,Olius,1.48445487,85.0,22.7,62.3,3,1,2023
2023-04-01,Endesa,Lleida,Olius,1.48445487,85.0,22.7,62.3,4,2,2023
2023-05-01,Endesa,Lleida,Olius,1.48445487,85.0,22.7,62.3,5,2,2023
2023-06-01,Endesa,Lleida,Olius,1.48445487,85.0,22.7,62.3,6,2,2023
2023-07-01,Endesa,Lleida,Olius,1.48445487,85.0,22.7,62.3,7,3,2023
2023-08-01,Endesa,Lleida,Olius,1.48445487,85.0,22.7,62.3,8,3,2023
2022-09-01,Endesa,Girona,Olot,2.49107127,132.0,25.0,107.0,9,3,2022
2022-10-01,Endesa,Girona,Olot,2.49107127,132.0,25.0,107.0,10,4,2022
2022-11-01,Endesa,Girona,Olot,2.49107127,132.0,25.0,107.0,11,4,2022
2022-12-01,Endesa,Girona,Olot,2.49107127,132.0,25.0,107.0,12,4,2022
2023-01-01,Endesa,Girona,Olot,2.49107127,132.0,25.0,107.0,1,1,2023
2023-02-01,Endesa,Girona,Olot,2.49107127,132.0,25.0,107.0,2,1,2023
2023-03-01,Endesa,Girona,Olot,2.49107127,132.0,25.0,107.0,3,1,2023
2023-04-01,Endesa,Girona,Olot,2.49107127,132.0,25.0,107.0,4,2,2023
2023-05-01,Endesa,Girona,Olot,2.49107127,132.0,25.0,107.0,5,2,2023
2023-06-01,Endesa,Girona,Olot,2.49107127,132.0,25.0,107.0,6,2,2023
2023-07-01,Endesa,Girona,Olot,2.49107127,132.0,25.0,107.0,7,3,2023
2023-08-01,Endesa,Girona,Olot,2.49107127,132.0,25.0,107.0,8,3,2023
2022-09-01,Endesa,Barcelona,Olèrdola,1.69674037,110.0,25.0,85.0,9,3,2022
2022-10-01,Endesa,Barcelona,Olèrdola,1.69674037,110.0,25.0,85.0,10,4,2022
2022-11-01,Endesa,Barcelona,Olèrdola,1.69674037,110.0,25.0,85.0,11,4,2022
2022-12-01,Endesa,Barcelona,Olèrdola,1.69674037,110.0,25.0,85.0,12,4,2022
2023-06-01,Endesa,Barcelona,Olèrdola,1.69706484,110.0,25.0,85.0,6,2,2023
2023-07-01,Endesa,Barcelona,Olèrdola,1.69706484,110.0,20.6,89.4,7,3,2023
2023-08-01,Endesa,Barcelona,Olèrdola,1.69706484,110.0,20.6,89.4,8,3,2023
2022-04-01,Endesa,Baleares,P.NOVA,15.0,91.5,82.4,9.099999999999994,4,2,2022
2021-11-01,Endesa,Sevilla,PALACIOS,132.0,60.5,0.0,60.5,11,4,2021
2021-11-01,Endesa,Sevilla,PALACIOS,15.0,27.9,0.0,27.9,11,4,2021
2021-11-01,Endesa,Sevilla,PALACIOS,66.0,36.9,0.0,36.9,11,4,2021
2022-04-01,Endesa,Barcelona,PALAU,25.0,172.7,155.0,17.69999999999999,4,2,2022
2025-10-01,Endesa,Sevilla,PALILLOS,15.0,0.0,-5.0,5.0,10,4,2025
2021-08-01,Endesa,Sevilla,PALILLOS,66.0,57.9,38.5,19.4,8,3,2021
2021-10-01,Endesa,Sevilla,PALILLOS,66.0,67.9,56.3,11.600000000000009,10,4,2021
2021-12-01,Endesa,Sevilla,PALILLOS,66.0,67.9,58.2,9.700000000000003,12,4,2021
2021-11-01,Endesa,Huelva,PALMACON,15.0,25.8,20.0,5.800000000000001,11,4,2021
2022-01-01,Endesa,Huelva,PALMACON,15.0,0.1,-29.1,29.200000000000003,1,1,2022
2022-02-01,Endesa,Huelva,PALMACON,15.0,24.9,0.1,24.799999999999997,2,1,2022
2021-09-01,Endesa,Huelva,PALMACON,50.0,10.5,-1.8,12.3,9,3,2021
2022-04-01,Endesa,Huelva,PALMACON,50.0,-17.7,-66.7,49.0,4,2,2022
2025-12-01,Endesa,Sevilla,PALOMARE,15.0,18.27,0.0,18.27,12,4,2025
2021-10-01,Endesa,Sevilla,PALOMARE,66.0,9.0,2.4,6.6,10,4,2021
2022-04-01,Endesa,Sevilla,PALOMARE,66.0,25.5,10.4,15.1,4,2,2022
2025-10-01,Endesa,Sevilla,PALOMARE,66.0,0.0,-25.5,25.5,10,4,2025
2025-12-01,Endesa,Sevilla,PALOMARE,66.0,18.27,0.0,18.27,12,4,2025
2021-12-01,Endesa,Sevilla,PARQ_AER,132.0,26.4,0.0,26.4,12,4,2021
2021-12-01,Endesa,Sevilla,PARQ_AER,20.0,20.8,0.0,20.8,12,4,2021
2022-04-01,Endesa,Barcelona,PENEDES,25.0,88.8,80.0,8.799999999999997,4,2,2022
2025-10-01,Endesa,Barcelona,PENITENTS,110.0,109.9,0.0,109.9,10,4,2025
2022-05-01,Endesa,Tarragona,PERAFORT,25.0,7.9,-34.0,41.9,5,2,2022
2025-10-01,Endesa,Tarragona,PERAFORT,25.0,21.5,7.8,13.7,10,4,2025
2025-10-01,Endesa,Tarragona,PERAFORT,66.0,139.0,0.0,139.0,10,4,2025
2021-11-01,Endesa,Málaga,PERCHEL,20.0,74.6,68.4,6.199999999999989,11,4,2021
2022-04-01,Endesa,Málaga,PERCHEL,20.0,82.9,74.6,8.300000000000011,4,2,2022
2025-12-01,Endesa,Málaga,PERCHEL,20.0,75.04,66.0,9.040000000000006,12,4,2025
2021-11-01,Endesa,Málaga,PERCHEL,66.0,74.6,68.4,6.199999999999989,11,4,2021
2022-04-01,Endesa,Málaga,PERCHEL,66.0,82.9,74.6,8.300000000000011,4,2,2022
2025-12-01,Endesa,Málaga,PERCHEL,66.0,75.04,66.0,9.040000000000006,12,4,2025
2021-10-01,Endesa,Sevilla,PILAS,15.0,5.8,0.8,5.0,10,4,2021
2022-01-01,Endesa,Sevilla,PILAS,15.0,5.8,-4.2,10.0,1,1,2022
2021-09-01,Endesa,Sevilla,PILAS,66.0,0.0,-6.8,6.8,9,3,2021
2025-10-01,Endesa,Sevilla,PILAS,66.0,0.0,-34.8,34.8,10,4,2025
2022-04-01,Endesa,Cádiz,PINARREY,66.0,31.9,0.0,31.9,4,2,2022
2022-01-01,Endesa,Las Palmas,PLAYA_BLAN,20.0,39.2,-3.8,43.0,1,1,2022
2025-10-01,Endesa,"Palmas, Las",PLAYA_BLAN,20.0,24.5,12.5,12.0,10,4,2025
2026-05-01,Endesa,"Palmas, Las",PLAYA_BLAN,20.0,29.64,24.64,5.0,5,2,2026
2022-01-01,Endesa,Zaragoza,PLAZA,15.0,48.7,43.7,5.0,1,1,2022
2021-09-01,Endesa,Zaragoza,PLAZA,45.0,55.0,44.6,10.399999999999999,9,3,2021
2021-11-01,Endesa,Zaragoza,PLAZA,45.0,71.3,53.6,17.699999999999996,11,4,2021
2021-12-01,Endesa,Zaragoza,PLAZA,45.0,85.6,71.3,14.299999999999997,12,4,2021
2022-04-01,Endesa,Zaragoza,PLAZA,45.0,0.0,-16.4,16.4,4,2,2022
2022-06-01,Endesa,Baleares,POBLA,15.0,-2.1,-31.7,29.599999999999998,6,2,2022
2025-10-01,Endesa,"Balears, Illes",POBLA,15.0,8.6,-2.1,10.7,10,4,2025
2022-04-01,Endesa,Málaga,POLIGONO,20.0,83.6,74.5,9.099999999999994,4,2,2022
2022-04-01,Endesa,Málaga,POLIGONO,66.0,191.4,177.7,13.700000000000017,4,2,2022
2022-04-01,Endesa,Baleares,POLIGON,15.0,69.1,59.7,9.399999999999991,4,2,2022
2022-05-01,Endesa,Baleares,POLIGON,15.0,78.9,69.1,9.800000000000011,5,2,2022
2022-04-01,Endesa,Baleares,POLLENSA,15.0,61.0,55.0,6.0,4,2,2022
2025-10-01,Endesa,Sevilla,POLO,15.0,0.0,-5.0,5.0,10,4,2025
2021-10-01,Endesa,Córdoba,PONIENTE,66.0,63.8,53.0,10.799999999999997,10,4,2021
2022-04-01,Endesa,Tarragona,PRADELL,110.0,28.8,0.0,28.8,4,2,2022
2025-12-01,Endesa,Tarragona,PRADELL,110.0,32.82,0.0,32.82,12,4,2025
2022-04-01,Endesa,Barcelona,PRAT,110.0,128.6,115.8,12.799999999999997,4,2,2022
2025-12-01,Endesa,Barcelona,PRAT,110.0,122.16,94.6,27.560000000000002,12,4,2025
2025-10-01,Endesa,"Balears, Illes",PRAT,15.0,105.4,82.0,23.400000000000006,10,4,2025
2026-03-01,Endesa,"Balears, Illes",PRAT,15.0,110.41,105.41,5.0,3,1,2026
2022-04-01,Endesa,Barcelona,PRAT,25.0,100.2,90.2,10.0,4,2,2022
2021-11-01,Endesa,Huelva,PTE_ESUR,15.0,15.0,10.0,5.0,11,4,2021
2022-03-01,Endesa,Cádiz,PTO_CRUZ,66.0,0.0,-11.5,11.5,3,1,2022
2022-02-01,Endesa,Cádiz,PTO_REAL,132.0,29.7,-66.8,96.5,2,1,2022
2025-10-01,Endesa,Cádiz,PTO_REAL,132.0,-36.7,-85.1,48.39999999999999,10,4,2025
2022-06-01,Endesa,Cádiz,PTO_REAL,20.0,-11.2,-34.9,23.7,6,2,2022
2022-02-01,Endesa,Cádiz,PTO_REAL,66.0,-104.3,-124.6,20.299999999999997,2,1,2022
2022-03-01,Endesa,Cádiz,PTO_REAL,66.0,-95.1,-104.3,9.200000000000003,3,1,2022
2022-04-01,Endesa,Cádiz,PTO_REAL,66.0,-22.3,-95.1,72.8,4,2,2022
2025-10-01,Endesa,Cádiz,PTO_REAL,66.0,-15.6,-125.7,110.10000000000001,10,4,2025
2022-04-01,Endesa,Cádiz,PTO_SMAR,66.0,3.1,-97.1,100.19999999999999,4,2,2022
2025-10-01,Endesa,Cádiz,PTO_SMAR,66.0,0.0,-38.1,38.1,10,4,2025
2026-03-01,Endesa,Cádiz,PTO_SMAR,66.0,34.3,0.0,34.3,3,1,2026
2021-12-01,Endesa,Tarragona,PUIGPELAT,25.0,49.9,29.9,20.0,12,4,2021
2025-10-01,Endesa,Granada,PULIANAS,66.0,0.0,-50.0,50.0,10,4,2025
2022-03-01,Endesa,Santa Cruz de Tenerife,P_GRANAD,20.0,3.3,-3.2,6.5,3,1,2022
2022-04-01,Endesa,Santa Cruz de Tenerife,P_GRANAD,20.0,18.3,3.3,15.0,4,2,2022
2021-12-01,Endesa,Las Palmas,P_GRANDE,20.0,63.4,51.9,11.5,12,4,2021
2022-01-01,Endesa,Las Palmas,P_GRANDE,20.0,69.2,63.4,5.800000000000004,1,1,2022
2025-10-01,Endesa,"Palmas, Las",P_GRANDE,20.0,74.8,57.6,17.199999999999996,10,4,2025
2026-03-01,Endesa,Santa Cruz de Tenerife,P_GUIMAR,20.0,0.0,-10.0,10.0,3,1,2026
2022-09-01,Endesa,Girona,Palafrugell,3.15102557,110.0,25.0,85.0,9,3,2022
2022-10-01,Endesa,Girona,Palafrugell,3.15102557,110.0,25.0,85.0,10,4,2022
2022-11-01,Endesa,Girona,Palafrugell,3.15102557,110.0,25.0,85.0,11,4,2022
2022-12-01,Endesa,Girona,Palafrugell,3.15102557,110.0,25.0,85.0,12,4,2022
2023-01-01,Endesa,Girona,Palafrugell,3.15102557,110.0,25.0,85.0,1,1,2023
2023-02-01,Endesa,Girona,Palafrugell,3.15102557,110.0,25.0,85.0,2,1,2023
2023-03-01,Endesa,Girona,Palafrugell,3.15102557,110.0,25.0,85.0,3,1,2023
2023-04-01,Endesa,Girona,Palafrugell,3.15102557,110.0,25.0,85.0,4,2,2023
2023-05-01,Endesa,Girona,Palafrugell,3.15102557,110.0,25.0,85.0,5,2,2023
2023-06-01,Endesa,Girona,Palafrugell,3.15102557,110.0,25.0,85.0,6,2,2023
2023-07-01,Endesa,Girona,Palafrugell,3.15102557,110.0,25.0,85.0,7,3,2023
2023-08-01,Endesa,Girona,Palafrugell,3.15102557,110.0,25.0,85.0,8,3,2023
2022-09-01,Endesa,Girona,Palau-saverdera,3.13727483,132.0,25.0,107.0,9,3,2022
2022-10-01,Endesa,Girona,Palau-saverdera,3.13727483,132.0,25.0,107.0,10,4,2022
2022-11-01,Endesa,Girona,Palau-saverdera,3.13727483,132.0,25.0,107.0,11,4,2022
2022-12-01,Endesa,Girona,Palau-saverdera,3.13727483,132.0,25.0,107.0,12,4,2022
2023-01-01,Endesa,Girona,Palau-saverdera,3.13727483,132.0,25.0,107.0,1,1,2023
2023-02-01,Endesa,Girona,Palau-saverdera,3.13727483,132.0,25.0,107.0,2,1,2023
2023-03-01,Endesa,Girona,Palau-saverdera,3.13727483,132.0,25.0,107.0,3,1,2023
2023-04-01,Endesa,Girona,Palau-saverdera,3.13727483,132.0,25.0,107.0,4,2,2023
2023-05-01,Endesa,Girona,Palau-saverdera,3.13727483,132.0,25.0,107.0,5,2,2023
2023-06-01,Endesa,Girona,Palau-saverdera,3.13727483,132.0,25.0,107.0,6,2,2023
2023-07-01,Endesa,Girona,Palau-saverdera,3.13727483,132.0,25.0,107.0,7,3,2023
2023-08-01,Endesa,Girona,Palau-saverdera,3.13727483,132.0,25.0,107.0,8,3,2023
2022-09-01,Endesa,Girona,Palol de Revardit,2.82209557,110.0,25.0,85.0,9,3,2022
2022-10-01,Endesa,Girona,Palol de Revardit,2.82209557,110.0,25.0,85.0,10,4,2022
2022-11-01,Endesa,Girona,Palol de Revardit,2.82209557,110.0,25.0,85.0,11,4,2022
2022-12-01,Endesa,Girona,Palol de Revardit,2.82209557,110.0,25.0,85.0,12,4,2022
2023-01-01,Endesa,Girona,Palol de Revardit,2.82209557,110.0,25.0,85.0,1,1,2023
2023-02-01,Endesa,Girona,Palol de Revardit,2.82209557,110.0,25.0,85.0,2,1,2023
2023-03-01,Endesa,Girona,Palol de Revardit,2.82209557,110.0,25.0,85.0,3,1,2023
2023-04-01,Endesa,Girona,Palol de Revardit,2.82209557,110.0,25.0,85.0,4,2,2023
2023-05-01,Endesa,Girona,Palol de Revardit,2.82209557,110.0,25.0,85.0,5,2,2023
2023-06-01,Endesa,Girona,Palol de Revardit,2.82209557,110.0,25.0,85.0,6,2,2023
2023-07-01,Endesa,Girona,Palol de Revardit,2.82209557,110.0,25.0,85.0,7,3,2023
2023-08-01,Endesa,Girona,Palol de Revardit,2.82209557,110.0,25.0,85.0,8,3,2023
2022-09-01,Endesa,Tarragona,Perafort,1.24847746,66.0,-17.0,83.0,9,3,2022
2022-10-01,Endesa,Tarragona,Perafort,1.24847746,66.0,-17.0,83.0,10,4,2022
2022-12-01,Endesa,Tarragona,Perafort,1.24847746,66.0,-17.0,83.0,12,4,2022
2023-01-01,Endesa,Tarragona,Perafort,1.24847746,66.0,-17.0,83.0,1,1,2023
2023-02-01,Endesa,Tarragona,Perafort,1.24847746,66.0,-17.0,83.0,2,1,2023
2023-03-01,Endesa,Tarragona,Perafort,1.24847746,66.0,-17.0,83.0,3,1,2023
2023-04-01,Endesa,Tarragona,Perafort,1.24847746,66.0,-17.0,83.0,4,2,2023
2023-05-01,Endesa,Tarragona,Perafort,1.24847746,66.0,-17.0,83.0,5,2,2023
2023-06-01,Endesa,Tarragona,Perafort,1.24847746,66.0,-17.0,83.0,6,2,2023
2023-07-01,Endesa,Tarragona,Perafort,1.24847746,66.0,-17.0,83.0,7,3,2023
2023-08-01,Endesa,Tarragona,Perafort,1.24847746,66.0,-17.0,83.0,8,3,2023
2022-09-01,Endesa,Lleida,Peramola,1.29393656,110.0,25.0,85.0,9,3,2022
2022-10-01,Endesa,Lleida,Peramola,1.29393656,110.0,25.0,85.0,10,4,2022
2022-11-01,Endesa,Lleida,Peramola,1.29393656,110.0,25.0,85.0,11,4,2022
2022-12-01,Endesa,Lleida,Peramola,1.29393656,110.0,25.0,85.0,12,4,2022
2023-01-01,Endesa,Lleida,Peramola,1.29393656,110.0,25.0,85.0,1,1,2023
2023-02-01,Endesa,Lleida,Peramola,1.29393656,110.0,25.0,85.0,2,1,2023
2023-03-01,Endesa,Lleida,Peramola,1.29393656,110.0,25.0,85.0,3,1,2023
2023-04-01,Endesa,Lleida,Peramola,1.29393656,110.0,25.0,85.0,4,2,2023
2023-05-01,Endesa,Lleida,Peramola,1.29393656,110.0,25.0,85.0,5,2,2023
2023-06-01,Endesa,Lleida,Peramola,1.29393656,110.0,25.0,85.0,6,2,2023
2023-07-01,Endesa,Lleida,Peramola,1.29393656,110.0,25.0,85.0,7,3,2023
2023-08-01,Endesa,Lleida,Peramola,1.29393656,110.0,25.0,85.0,8,3,2023
2022-09-01,Endesa,Lleida,"Plans de Sió, Els",1.19041607,85.0,20.2,64.8,9,3,2022
2022-10-01,Endesa,Lleida,"Plans de Sió, Els",1.19041607,85.0,20.2,64.8,10,4,2022
2022-11-01,Endesa,Lleida,"Plans de Sió, Els",1.19041607,85.0,20.2,64.8,11,4,2022
2022-12-01,Endesa,Lleida,"Plans de Sió, Els",1.19041607,85.0,20.2,64.8,12,4,2022
2023-01-01,Endesa,Lleida,"Plans de Sió, Els",1.19041607,85.0,20.2,64.8,1,1,2023
2023-02-01,Endesa,Lleida,"Plans de Sió, Els",1.19041607,85.0,20.2,64.8,2,1,2023
2023-03-01,Endesa,Lleida,"Plans de Sió, Els",1.19041607,85.0,20.2,64.8,3,1,2023
2023-04-01,Endesa,Lleida,"Plans de Sió, Els",1.19041607,85.0,20.2,64.8,4,2,2023
2023-05-01,Endesa,Lleida,"Plans de Sió, Els",1.19041607,85.0,20.2,64.8,5,2,2023
2023-06-01,Endesa,Lleida,"Plans de Sió, Els",1.19041607,85.0,20.2,64.8,6,2,2023
2023-07-01,Endesa,Lleida,"Plans de Sió, Els",1.19041607,85.0,20.2,64.8,7,3,2023
2023-08-01,Endesa,Lleida,"Plans de Sió, Els",1.19041607,85.0,20.2,64.8,8,3,2023
2022-09-01,Endesa,Lleida,"Pobla de Segur, La",0.97372089,110.0,25.0,85.0,9,3,2022
2022-10-01,Endesa,Lleida,"Pobla de Segur, La",0.97372089,110.0,25.0,85.0,10,4,2022
2022-11-01,Endesa,Lleida,"Pobla de Segur, La",0.97372089,110.0,25.0,85.0,11,4,2022
2022-12-01,Endesa,Lleida,"Pobla de Segur, La",0.97372089,110.0,25.0,85.0,12,4,2022
2023-01-01,Endesa,Lleida,"Pobla de Segur, La",0.97372089,110.0,25.0,85.0,1,1,2023
2023-02-01,Endesa,Lleida,"Pobla de Segur, La",0.97372089,110.0,25.0,85.0,2,1,2023
2023-03-01,Endesa,Lleida,"Pobla de Segur, La",0.97372089,110.0,25.0,85.0,3,1,2023
2023-04-01,Endesa,Lleida,"Pobla de Segur, La",0.97372089,110.0,25.0,85.0,4,2,2023
2023-05-01,Endesa,Lleida,"Pobla de Segur, La",0.97372089,110.0,25.0,85.0,5,2,2023
2023-06-01,Endesa,Lleida,"Pobla de Segur, La",0.97372089,110.0,25.0,85.0,6,2,2023
2023-07-01,Endesa,Lleida,"Pobla de Segur, La",0.97372089,110.0,25.0,85.0,7,3,2023
2023-08-01,Endesa,Lleida,"Pobla de Segur, La",0.97372089,110.0,25.0,85.0,8,3,2023
2022-09-01,Endesa,Barcelona,Polinyà,2.17278213,110.0,25.0,85.0,9,3,2022
2022-10-01,Endesa,Barcelona,Polinyà,2.17278213,110.0,25.0,85.0,10,4,2022
2022-11-01,Endesa,Barcelona,Polinyà,2.17278213,110.0,25.0,85.0,11,4,2022
2022-12-01,Endesa,Barcelona,Polinyà,2.17278213,110.0,25.0,85.0,12,4,2022
2023-01-01,Endesa,Barcelona,Polinyà,2.17278213,110.0,25.0,85.0,1,1,2023
2023-02-01,Endesa,Barcelona,Polinyà,2.17278213,110.0,25.0,85.0,2,1,2023
2023-03-01,Endesa,Barcelona,Polinyà,2.17278213,110.0,25.0,85.0,3,1,2023
2023-04-01,Endesa,Barcelona,Polinyà,2.17278213,110.0,25.0,85.0,4,2,2023
2023-05-01,Endesa,Barcelona,Polinyà,2.17278213,110.0,25.0,85.0,5,2,2023
2023-06-01,Endesa,Barcelona,Polinyà,2.17278213,110.0,25.0,85.0,6,2,2023
2023-07-01,Endesa,Barcelona,Polinyà,2.17278213,110.0,25.0,85.0,7,3,2023
2023-08-01,Endesa,Barcelona,Polinyà,2.17278213,110.0,25.0,85.0,8,3,2023
2022-09-01,Endesa,Lleida,"Pont de Suert, El",0.73893089,132.0,25.0,107.0,9,3,2022
2022-10-01,Endesa,Lleida,"Pont de Suert, El",0.73893089,132.0,25.0,107.0,10,4,2022
2022-11-01,Endesa,Lleida,"Pont de Suert, El",0.73893089,132.0,25.0,107.0,11,4,2022
2022-12-01,Endesa,Lleida,"Pont de Suert, El",0.73893089,132.0,25.0,107.0,12,4,2022
2023-01-01,Endesa,Lleida,"Pont de Suert, El",0.73893089,132.0,25.0,107.0,1,1,2023
2023-02-01,Endesa,Lleida,"Pont de Suert, El",0.73893089,132.0,25.0,107.0,2,1,2023
2023-03-01,Endesa,Lleida,"Pont de Suert, El",0.73893089,132.0,25.0,107.0,3,1,2023
2023-04-01,Endesa,Lleida,"Pont de Suert, El",0.73893089,132.0,25.0,107.0,4,2,2023
2023-05-01,Endesa,Lleida,"Pont de Suert, El",0.73893089,132.0,25.0,107.0,5,2,2023
2023-06-01,Endesa,Lleida,"Pont de Suert, El",0.73893089,132.0,25.0,107.0,6,2,2023
2023-07-01,Endesa,Lleida,"Pont de Suert, El",0.73893089,132.0,25.0,107.0,7,3,2023
2023-08-01,Endesa,Lleida,"Pont de Suert, El",0.73893089,132.0,25.0,107.0,8,3,2023
2022-09-01,Endesa,Tarragona,Pradell de la Teixeta,0.88826899,110.0,25.0,85.0,9,3,2022
2022-10-01,Endesa,Tarragona,Pradell de la Teixeta,0.88826899,110.0,25.0,85.0,10,4,2022
2022-11-01,Endesa,Tarragona,Pradell de la Teixeta,0.88826899,110.0,25.0,85.0,11,4,2022
2022-12-01,Endesa,Tarragona,Pradell de la Teixeta,0.88826899,110.0,25.0,85.0,12,4,2022
2023-01-01,Endesa,Tarragona,Pradell de la Teixeta,0.88826899,110.0,25.0,85.0,1,1,2023
2023-02-01,Endesa,Tarragona,Pradell de la Teixeta,0.88826899,110.0,25.0,85.0,2,1,2023
2023-03-01,Endesa,Tarragona,Pradell de la Teixeta,0.88826899,110.0,25.0,85.0,3,1,2023
2023-04-01,Endesa,Tarragona,Pradell de la Teixeta,0.88826899,110.0,25.0,85.0,4,2,2023
2023-05-01,Endesa,Tarragona,Pradell de la Teixeta,0.88826899,110.0,25.0,85.0,5,2,2023
2023-06-01,Endesa,Tarragona,Pradell de la Teixeta,0.88826899,110.0,25.0,85.0,6,2,2023
2023-07-01,Endesa,Tarragona,Pradell de la Teixeta,0.88826899,110.0,25.0,85.0,7,3,2023
2023-08-01,Endesa,Tarragona,Pradell de la Teixeta,0.88826899,110.0,25.0,85.0,8,3,2023
2022-09-01,Endesa,Barcelona,"Prat de Llobregat, El",2.12782553,110.0,25.0,85.0,9,3,2022
2022-10-01,Endesa,Barcelona,"Prat de Llobregat, El",2.12782553,110.0,25.0,85.0,10,4,2022
2022-11-01,Endesa,Barcelona,"Prat de Llobregat, El",2.12782553,110.0,25.0,85.0,11,4,2022
2022-12-01,Endesa,Barcelona,"Prat de Llobregat, El",2.12782553,110.0,25.0,85.0,12,4,2022
2023-01-01,Endesa,Barcelona,"Prat de Llobregat, El",2.12782553,110.0,25.0,85.0,1,1,2023
2023-02-01,Endesa,Barcelona,"Prat de Llobregat, El",2.12782553,110.0,25.0,85.0,2,1,2023
2023-03-01,Endesa,Barcelona,"Prat de Llobregat, El",2.12782553,110.0,25.0,85.0,3,1,2023
2023-04-01,Endesa,Barcelona,"Prat de Llobregat, El",2.12782553,110.0,25.0,85.0,4,2,2023
2023-05-01,Endesa,Barcelona,"Prat de Llobregat, El",2.12782553,110.0,25.0,85.0,5,2,2023
2023-06-01,Endesa,Barcelona,"Prat de Llobregat, El",2.12782553,110.0,25.0,85.0,6,2,2023
2023-07-01,Endesa,Barcelona,"Prat de Llobregat, El",2.12782553,110.0,25.0,85.0,7,3,2023
2023-08-01,Endesa,Barcelona,"Prat de Llobregat, El",2.12782553,110.0,25.0,85.0,8,3,2023
2022-09-01,Endesa,Barcelona,Premià de Dalt,2.33470904,110.0,25.0,85.0,9,3,2022
2022-10-01,Endesa,Barcelona,Premià de Dalt,2.33470904,110.0,25.0,85.0,10,4,2022
2022-11-01,Endesa,Barcelona,Premià de Dalt,2.33470904,110.0,25.0,85.0,11,4,2022
2022-12-01,Endesa,Barcelona,Premià de Dalt,2.33470904,110.0,25.0,85.0,12,4,2022
2023-01-01,Endesa,Barcelona,Premià de Dalt,2.33470904,110.0,25.0,85.0,1,1,2023
2023-02-01,Endesa,Barcelona,Premià de Dalt,2.33470904,110.0,25.0,85.0,2,1,2023
2023-03-01,Endesa,Barcelona,Premià de Dalt,2.33470904,110.0,25.0,85.0,3,1,2023
2023-04-01,Endesa,Barcelona,Premià de Dalt,2.33470904,110.0,25.0,85.0,4,2,2023
2023-05-01,Endesa,Barcelona,Premià de Dalt,2.33470904,110.0,25.0,85.0,5,2,2023
2023-06-01,Endesa,Barcelona,Premià de Dalt,2.33470904,110.0,25.0,85.0,6,2,2023
2023-07-01,Endesa,Barcelona,Premià de Dalt,2.33470904,110.0,25.0,85.0,7,3,2023
2023-08-01,Endesa,Barcelona,Premià de Dalt,2.33470904,110.0,25.0,85.0,8,3,2023
2026-05-01,Endesa,Sevilla,QUINTOS,15.0,14.66,0.0,14.66,5,2,2026
2026-05-01,Endesa,Sevilla,QUINTOS,66.0,14.66,0.0,14.66,5,2,2026
2022-04-01,Endesa,Barcelona,R.CALDES,110.0,104.3,93.7,10.599999999999994,4,2,2022
2022-04-01,Endesa,Barcelona,R.CALDES,25.0,139.4,93.9,45.5,4,2,2022
2022-04-01,Endesa,Baleares,RAFAL,15.0,96.5,86.9,9.599999999999994,4,2,2022
2025-10-01,Endesa,Málaga,RAMOS,132.0,34.0,0.0,34.0,10,4,2025
2026-03-01,Endesa,Málaga,RAMOS,132.0,33.47,6.36,27.11,3,1,2026
2025-10-01,Endesa,Málaga,RAMOS,20.0,71.9,0.0,71.9,10,4,2025
2021-10-01,Endesa,Málaga,RAMOS,66.0,85.4,80.0,5.400000000000006,10,4,2021
2022-04-01,Endesa,Málaga,RAMOS,66.0,102.9,87.2,15.700000000000003,4,2,2022
2025-10-01,Endesa,Málaga,RAMOS,66.0,157.5,0.0,157.5,10,4,2025
2025-12-01,Endesa,Málaga,RAMOS,66.0,170.06,157.5,12.560000000000002,12,4,2025
2022-04-01,Endesa,Sevilla,RASTRO,20.0,50.3,45.3,5.0,4,2,2022
2026-05-01,Endesa,Sevilla,RASTRO,20.0,14.66,0.0,14.66,5,2,2026
2022-04-01,Endesa,Sevilla,RASTRO,66.0,108.4,101.5,6.900000000000006,4,2,2022
2022-06-01,Endesa,Sevilla,RASTRO,66.0,116.7,109.7,7.0,6,2,2022
2026-05-01,Endesa,Sevilla,RASTRO,66.0,14.66,0.0,14.66,5,2,2026
2021-09-01,Endesa,Santa Cruz de Tenerife,REALEJOS,20.0,49.3,27.2,22.099999999999998,9,3,2021
2025-10-01,Endesa,Cádiz,REMCAUDA,15.0,0.0,-12.3,12.3,10,4,2025
2026-03-01,Endesa,Cádiz,REMCAUDA,15.0,12.7,0.0,12.7,3,1,2026
2026-03-01,Endesa,Cádiz,REMCAUDA,66.0,20.18,0.0,20.18,3,1,2026
2021-08-01,Endesa,Zaragoza,REN.F.MUES,45.0,16.2,0.0,16.2,8,3,2021
2022-04-01,Endesa,Zaragoza,REN.F.MUES,45.0,0.0,-5.0,5.0,4,2,2022
2025-10-01,Endesa,Tarragona,REPSOL,66.0,115.4,0.0,115.4,10,4,2025
2021-10-01,Endesa,Tarragona,REUS,11.0,23.8,16.0,7.800000000000001,10,4,2021
2022-04-01,Endesa,Tarragona,REUS,11.0,24.6,12.9,11.700000000000001,4,2,2022
2021-10-01,Endesa,Tarragona,REUS,110.0,23.8,16.0,7.800000000000001,10,4,2021
2022-04-01,Endesa,Tarragona,REUS,110.0,102.8,12.9,89.89999999999999,4,2,2022
2025-12-01,Endesa,Tarragona,REUS,110.0,73.52,0.0,73.52,12,4,2025
2026-03-01,Endesa,Tarragona,REUS,110.0,95.09,67.03,28.060000000000002,3,1,2026
2021-10-01,Endesa,Tarragona,REUS,25.0,23.8,16.0,7.800000000000001,10,4,2021
2022-04-01,Endesa,Tarragona,REUS,25.0,102.8,12.9,89.89999999999999,4,2,2022
2025-12-01,Endesa,Tarragona,REUS,25.0,73.52,0.0,73.52,12,4,2025
2026-03-01,Endesa,Tarragona,REUS,25.0,95.09,67.03,28.060000000000002,3,1,2026
2022-04-01,Endesa,Tarragona,RIBARROJA,25.0,21.3,-0.6,21.900000000000002,4,2,2022
2025-10-01,Endesa,Málaga,RINCO_V,132.0,44.5,0.0,44.5,10,4,2025
2026-03-01,Endesa,Málaga,RINCO_V,132.0,43.73,8.32,35.41,3,1,2026
2025-10-01,Endesa,Málaga,RINCO_V,20.0,44.5,0.0,44.5,10,4,2025
2026-03-01,Endesa,Málaga,RINCO_V,20.0,43.73,8.32,35.41,3,1,2026
2021-11-01,Endesa,Badajoz,RIOCAYA,20.0,25.0,20.0,5.0,11,4,2021
2022-03-01,Endesa,Badajoz,RIOCAYA,20.0,15.0,-5.0,20.0,3,1,2022
2025-12-01,Endesa,Badajoz,RIOCAYA,20.0,24.22,-2.1,26.32,12,4,2025
2026-05-01,Endesa,Badajoz,RIOCAYA,20.0,14.23,0.0,14.23,5,2,2026
2021-11-01,Endesa,Badajoz,RIOCAYA,66.0,41.6,22.2,19.400000000000002,11,4,2021
2022-01-01,Endesa,Badajoz,RIOCAYA,66.0,41.6,31.6,10.0,1,1,2022
2025-10-01,Endesa,Badajoz,RIOCAYA,66.0,7.9,0.0,7.9,10,4,2025
2025-12-01,Endesa,Badajoz,RIOCAYA,66.0,50.17,7.9,42.27,12,4,2025
2026-05-01,Endesa,Badajoz,RIOCAYA,66.0,23.8,0.0,23.8,5,2,2026
2025-10-01,Endesa,Girona,RIPOLL,132.0,66.5,0.0,66.5,10,4,2025
2026-05-01,Endesa,Girona,RIPOLL,132.0,69.49,62.59,6.8999999999999915,5,2,2026
2022-04-01,Endesa,Barcelona,ROCA,132.0,263.7,116.9,146.79999999999998,4,2,2022
2025-12-01,Endesa,Barcelona,ROCA,132.0,217.2,195.4,21.799999999999983,12,4,2025
2026-03-01,Endesa,Barcelona,ROCA,132.0,227.29,217.39,9.900000000000006,3,1,2026
2026-05-01,Endesa,Barcelona,ROCA,132.0,232.64,227.29,5.349999999999994,5,2,2026
2022-04-01,Endesa,Barcelona,ROCA,25.0,168.4,116.9,51.5,4,2,2022
2021-11-01,Endesa,Huelva,ROCIO,15.0,20.7,0.7,20.0,11,4,2021
2025-10-01,Endesa,Huelva,ROCIO,15.0,0.0,-5.0,5.0,10,4,2025
2022-01-01,Endesa,Huelva,ROCIO,66.0,54.0,34.3,19.700000000000003,1,1,2022
2022-01-01,Endesa,Huelva,ROMERALE,15.0,27.6,-0.3,27.900000000000002,1,1,2022
2022-02-01,Endesa,Huelva,ROMERALE,15.0,42.4,27.6,14.799999999999997,2,1,2022
2021-12-01,Endesa,Huelva,ROMERALE,66.0,44.6,32.5,12.100000000000001,12,4,2021
2022-03-01,Endesa,Huelva,ROMERALE,66.0,22.9,7.5,15.399999999999999,3,1,2022
2025-10-01,Endesa,Málaga,RONDA,20.0,20.2,0.0,20.2,10,4,2025
2025-10-01,Endesa,Málaga,RONDA,66.0,20.2,0.0,20.2,10,4,2025
2021-11-01,Endesa,Cádiz,ROTA,15.0,26.0,16.0,10.0,11,4,2021
2022-03-01,Endesa,Cádiz,ROTA,15.0,9.3,-7.8,17.1,3,1,2022
2025-10-01,Endesa,Cádiz,ROTA,15.0,0.0,-10.0,10.0,10,4,2025
2026-03-01,Endesa,Cádiz,ROTA,15.0,18.68,0.0,18.68,3,1,2026
2022-01-01,Endesa,Cádiz,ROTA,66.0,47.9,26.3,21.599999999999998,1,1,2022
2026-03-01,Endesa,Cádiz,ROTA,66.0,38.2,0.0,38.2,3,1,2026
2021-08-01,Endesa,Barcelona,ROURELL,110.0,182.0,163.5,18.5,8,3,2021
2021-09-01,Endesa,Barcelona,ROURELL,110.0,198.0,182.0,16.0,9,3,2021
2022-06-01,Endesa,Barcelona,ROURELL,110.0,173.4,163.3,10.099999999999994,6,2,2022
2025-10-01,Endesa,Barcelona,ROURELL,110.0,190.3,173.4,16.900000000000006,10,4,2025
2025-12-01,Endesa,Barcelona,ROURELL,110.0,196.23,190.3,5.929999999999978,12,4,2025
2026-03-01,Endesa,Barcelona,ROURELL,110.0,210.32,199.72,10.599999999999994,3,1,2026
2022-04-01,Endesa,Barcelona,RUBI,25.0,121.2,109.2,12.0,4,2,2022
2025-10-01,Endesa,Barcelona,RUBI,66.0,8.9,0.0,8.9,10,4,2025
2025-12-01,Endesa,Barcelona,RUBI,66.0,42.98,8.9,34.08,12,4,2025
2022-09-01,Endesa,Tarragona,Reus,1.10649463,110.0,11.0,99.0,9,3,2022
2022-10-01,Endesa,Tarragona,Reus,1.10649463,110.0,11.0,99.0,10,4,2022
2022-11-01,Endesa,Tarragona,Reus,1.10649463,110.0,11.0,99.0,11,4,2022
2022-12-01,Endesa,Tarragona,Reus,1.10649463,110.0,11.0,99.0,12,4,2022
2023-01-01,Endesa,Tarragona,Reus,1.10649463,110.0,11.0,99.0,1,1,2023
2023-02-01,Endesa,Tarragona,Reus,1.10649463,110.0,11.0,99.0,2,1,2023
2023-03-01,Endesa,Tarragona,Reus,1.10649463,110.0,11.0,99.0,3,1,2023
2023-04-01,Endesa,Tarragona,Reus,1.10649463,110.0,11.0,99.0,4,2,2023
2023-05-01,Endesa,Tarragona,Reus,1.10649463,110.0,11.0,99.0,5,2,2023
2023-06-01,Endesa,Tarragona,Reus,1.10649463,110.0,11.0,99.0,6,2,2023
2023-07-01,Endesa,Tarragona,Reus,1.10649463,110.0,11.0,99.0,7,3,2023
2023-08-01,Endesa,Tarragona,Reus,1.10649463,110.0,11.0,99.0,8,3,2023
2022-09-01,Endesa,Girona,Ripoll,2.20290158,132.0,25.0,107.0,9,3,2022
2022-10-01,Endesa,Girona,Ripoll,2.20290158,132.0,25.0,107.0,10,4,2022
2022-11-01,Endesa,Girona,Ripoll,2.20290158,132.0,25.0,107.0,11,4,2022
2022-12-01,Endesa,Girona,Ripoll,2.20290158,132.0,25.0,107.0,12,4,2022
2023-01-01,Endesa,Girona,Ripoll,2.20290158,132.0,25.0,107.0,1,1,2023
2023-02-01,Endesa,Girona,Ripoll,2.20290158,132.0,25.0,107.0,2,1,2023
2023-03-01,Endesa,Girona,Ripoll,2.20290158,132.0,25.0,107.0,3,1,2023
2023-04-01,Endesa,Girona,Ripoll,2.20290158,132.0,25.0,107.0,4,2,2023
2023-05-01,Endesa,Girona,Ripoll,2.20290158,132.0,25.0,107.0,5,2,2023
2023-06-01,Endesa,Girona,Ripoll,2.20290158,132.0,25.0,107.0,6,2,2023
2023-07-01,Endesa,Girona,Ripoll,2.20290158,132.0,25.0,107.0,7,3,2023
2023-08-01,Endesa,Girona,Ripoll,2.20290158,132.0,25.0,107.0,8,3,2023
2022-09-01,Endesa,Barcelona,"Roca del Vallès, La",2.32009053,132.0,25.0,107.0,9,3,2022
2022-10-01,Endesa,Barcelona,"Roca del Vallès, La",2.32009053,132.0,25.0,107.0,10,4,2022
2022-11-01,Endesa,Barcelona,"Roca del Vallès, La",2.32009053,132.0,25.0,107.0,11,4,2022
2022-12-01,Endesa,Barcelona,"Roca del Vallès, La",2.32009053,132.0,25.0,107.0,12,4,2022
2023-01-01,Endesa,Barcelona,"Roca del Vallès, La",2.32009053,132.0,25.0,107.0,1,1,2023
2023-02-01,Endesa,Barcelona,"Roca del Vallès, La",2.32009053,132.0,25.0,107.0,2,1,2023
2023-03-01,Endesa,Barcelona,"Roca del Vallès, La",2.32009053,132.0,25.0,107.0,3,1,2023
2023-04-01,Endesa,Barcelona,"Roca del Vallès, La",2.32009053,132.0,25.0,107.0,4,2,2023
2023-05-01,Endesa,Barcelona,"Roca del Vallès, La",2.32009053,132.0,25.0,107.0,5,2,2023
2023-06-01,Endesa,Barcelona,"Roca del Vallès, La",2.32009053,132.0,25.0,107.0,6,2,2023
2023-07-01,Endesa,Barcelona,"Roca del Vallès, La",2.32009053,132.0,25.0,107.0,7,3,2023
2023-08-01,Endesa,Barcelona,"Roca del Vallès, La",2.32009053,132.0,20.6,111.4,8,3,2023
2022-09-01,Endesa,Barcelona,Rubí,2.00992574,66.0,25.0,41.0,9,3,2022
2022-10-01,Endesa,Barcelona,Rubí,2.00992574,66.0,25.0,41.0,10,4,2022
2022-11-01,Endesa,Barcelona,Rubí,2.00992574,66.0,25.0,41.0,11,4,2022
2022-12-01,Endesa,Barcelona,Rubí,2.00992574,66.0,25.0,41.0,12,4,2022
2023-01-01,Endesa,Barcelona,Rubí,2.00992574,66.0,25.0,41.0,1,1,2023
2023-02-01,Endesa,Barcelona,Rubí,2.00992574,66.0,25.0,41.0,2,1,2023
2023-03-01,Endesa,Barcelona,Rubí,2.00992574,66.0,25.0,41.0,3,1,2023
2023-04-01,Endesa,Barcelona,Rubí,2.00992574,66.0,25.0,41.0,4,2,2023
2023-05-01,Endesa,Barcelona,Rubí,2.00992574,66.0,25.0,41.0,5,2,2023
2023-06-01,Endesa,Barcelona,Rubí,2.00992574,66.0,25.0,41.0,6,2,2023
2023-07-01,Endesa,Barcelona,Rubí,2.00992574,66.0,25.0,41.0,7,3,2023
2023-08-01,Endesa,Barcelona,Rubí,2.00992574,66.0,25.0,41.0,8,3,2023
2022-09-01,Endesa,Barcelona,Rubí,2.02329955,110.0,25.0,85.0,9,3,2022
2022-10-01,Endesa,Barcelona,Rubí,2.02329955,110.0,25.0,85.0,10,4,2022
2022-11-01,Endesa,Barcelona,Rubí,2.02329955,110.0,25.0,85.0,11,4,2022
2022-12-01,Endesa,Barcelona,Rubí,2.02329955,110.0,25.0,85.0,12,4,2022
2023-01-01,Endesa,Barcelona,Rubí,2.02329955,110.0,25.0,85.0,1,1,2023
2023-02-01,Endesa,Barcelona,Rubí,2.02329955,110.0,25.0,85.0,2,1,2023
2023-03-01,Endesa,Barcelona,Rubí,2.02329955,110.0,25.0,85.0,3,1,2023
2023-04-01,Endesa,Barcelona,Rubí,2.02329955,110.0,25.0,85.0,4,2,2023
2023-05-01,Endesa,Barcelona,Rubí,2.02329955,110.0,25.0,85.0,5,2,2023
2023-06-01,Endesa,Barcelona,Rubí,2.02329955,110.0,25.0,85.0,6,2,2023
2023-07-01,Endesa,Barcelona,Rubí,2.02329955,110.0,25.0,85.0,7,3,2023
2023-08-01,Endesa,Barcelona,Rubí,2.02329955,110.0,25.0,85.0,8,3,2023
2021-09-01,Endesa,Barcelona,S.ANDREU,11.0,135.9,130.2,5.700000000000017,9,3,2021
2022-04-01,Endesa,Barcelona,S.ANDREU,11.0,150.9,135.8,15.099999999999994,4,2,2022
2021-09-01,Endesa,Barcelona,S.ANDREU,110.0,142.9,130.2,12.700000000000017,9,3,2021
2022-04-01,Endesa,Barcelona,S.ANDREU,110.0,201.4,154.1,47.30000000000001,4,2,2022
2025-10-01,Endesa,Barcelona,S.ANDREU,110.0,319.5,204.3,115.19999999999999,10,4,2025
2026-05-01,Endesa,Barcelona,S.ANDREU,110.0,347.68,296.17,51.50999999999999,5,2,2026
2022-04-01,Endesa,Barcelona,S.ANDREU,25.0,90.6,81.6,9.0,4,2,2022
2022-04-01,Endesa,Barcelona,S.BOI,110.0,212.3,195.9,16.400000000000006,4,2,2022
2025-10-01,Endesa,Barcelona,S.BOI,110.0,415.9,205.4,210.49999999999997,10,4,2025
2022-04-01,Endesa,Barcelona,S.BOI,25.0,116.1,104.6,11.5,4,2,2022
2022-04-01,Endesa,Barcelona,S.CECILIA,132.0,88.6,78.7,9.899999999999991,4,2,2022
2026-05-01,Endesa,Barcelona,S.CECILIA,132.0,68.56,61.92,6.640000000000001,5,2,2026
2022-04-01,Endesa,Barcelona,S.CECILIA,25.0,46.2,40.6,5.600000000000001,4,2,2022
2026-05-01,Endesa,Barcelona,S.CECILIA,25.0,14.13,7.4,6.73,5,2,2026
2026-03-01,Endesa,Barcelona,S.CELONI,110.0,77.56,68.45,9.11,3,1,2026
2022-04-01,Endesa,Barcelona,S.CELONI,25.0,63.6,57.3,6.300000000000004,4,2,2022
2026-05-01,Endesa,Barcelona,S.CELONI,25.0,76.06,50.75,25.310000000000002,5,2,2026
2022-04-01,Endesa,Barcelona,S.COLOMA,132.0,176.9,76.1,100.80000000000001,4,2,2022
2025-10-01,Endesa,Barcelona,S.COLOMA,132.0,187.6,164.4,23.19999999999999,10,4,2025
2022-04-01,Endesa,Barcelona,S.COLOMA,25.0,141.2,127.1,14.099999999999994,4,2,2022
2022-04-01,Endesa,Barcelona,S.COLOMA,66.0,88.1,80.0,8.099999999999994,4,2,2022
2022-04-01,Endesa,Barcelona,S.CUGAT,25.0,103.4,93.3,10.100000000000009,4,2,2022
2026-03-01,Endesa,Barcelona,S.CUGAT,25.0,60.89,21.39,39.5,3,1,2026
2022-04-01,Endesa,Barcelona,S.FELIU,25.0,27.8,22.5,5.300000000000001,4,2,2022
2025-10-01,Endesa,Barcelona,S.FELIU,25.0,47.5,27.8,19.7,10,4,2025
2025-12-01,Endesa,Barcelona,S.FELIU,25.0,64.52,47.5,17.019999999999996,12,4,2025
2022-04-01,Endesa,Barcelona,S.FELIU,66.0,27.8,22.5,5.300000000000001,4,2,2022
2025-10-01,Endesa,Barcelona,S.FELIU,66.0,47.5,27.8,19.7,10,4,2025
2025-12-01,Endesa,Barcelona,S.FELIU,66.0,64.52,47.5,17.019999999999996,12,4,2025
2021-08-01,Endesa,Barcelona,S.FOST,110.0,144.9,137.9,7.0,8,3,2021
2022-04-01,Endesa,Barcelona,S.FOST,110.0,260.8,134.3,126.5,4,2,2022
2025-10-01,Endesa,Barcelona,S.FOST,110.0,355.7,258.0,97.69999999999999,10,4,2025
2026-05-01,Endesa,Barcelona,S.FOST,110.0,418.04,350.4,67.64000000000004,5,2,2026
2022-04-01,Endesa,Barcelona,S.FOST,25.0,98.9,89.1,9.800000000000011,4,2,2022
2022-04-01,Endesa,Barcelona,S.JOAN.DES,11.0,78.5,70.7,7.799999999999997,4,2,2022
2022-04-01,Endesa,Barcelona,S.JOAN.DES,110.0,127.5,114.8,12.700000000000003,4,2,2022
2022-04-01,Endesa,Barcelona,S.JOAN.DES,25.0,62.7,56.5,6.200000000000003,4,2,2022
2025-10-01,Endesa,Barcelona,S.JOAN.DES,25.0,102.3,62.6,39.699999999999996,10,4,2025
2022-04-01,Endesa,Baleares,S.JORGE,15.0,53.7,48.4,5.300000000000004,4,2,2022
2026-01-01,Endesa,"Balears, Illes",S.JORGE,15.0,52.34,46.26,6.080000000000005,1,1,2026
2022-04-01,Endesa,Baleares,S.JUAN,15.0,69.6,62.8,6.799999999999997,4,2,2022
2022-04-01,Endesa,Barcelona,S.JUST,25.0,212.7,73.9,138.79999999999998,4,2,2022
2022-04-01,Endesa,Barcelona,S.JUST,66.0,86.8,73.9,12.899999999999991,4,2,2022
2025-10-01,Endesa,Barcelona,S.JUST,66.0,100.3,86.5,13.799999999999997,10,4,2025
2021-10-01,Endesa,Girona,S.LLOGAIA,132.0,-7.6,-20.6,13.000000000000002,10,4,2021
2025-10-01,Endesa,Girona,S.LLOGAIA,132.0,0.0,-242.3,242.3,10,4,2025
2022-04-01,Endesa,Barcelona,S.MARTI,25.0,97.6,88.1,9.5,4,2,2022
2021-08-01,Endesa,Barcelona,S.MARTI,66.0,93.0,83.3,9.700000000000003,8,3,2021
2022-04-01,Endesa,Barcelona,S.MARTI,66.0,103.6,91.9,11.699999999999989,4,2,2022
2025-10-01,Endesa,Barcelona,S.MARTI,66.0,127.9,103.8,24.10000000000001,10,4,2025
2021-08-01,Endesa,Barcelona,S.MATEU,110.0,138.5,131.8,6.699999999999989,8,3,2021
2022-04-01,Endesa,Barcelona,S.MATEU,110.0,223.8,128.4,95.4,4,2,2022
2025-10-01,Endesa,Barcelona,S.MATEU,110.0,241.1,224.4,16.69999999999999,10,4,2025
2025-12-01,Endesa,Barcelona,S.MATEU,110.0,246.18,241.1,5.0800000000000125,12,4,2025
2022-04-01,Endesa,Barcelona,S.MATEU,25.0,93.8,84.8,9.0,4,2,2022
2022-04-01,Endesa,Barcelona,S.PERE.RIB,110.0,115.6,104.1,11.5,4,2,2022
2026-03-01,Endesa,Barcelona,S.PERE.RIB,110.0,108.6,99.04,9.559999999999988,3,1,2026
2022-04-01,Endesa,Barcelona,S.PERE.RIB,25.0,115.6,104.1,11.5,4,2,2022
2026-03-01,Endesa,Barcelona,S.PERE.RIB,25.0,103.07,93.53,9.539999999999992,3,1,2026
2022-04-01,Endesa,Barcelona,S.SUSANNA,110.0,173.4,156.2,17.200000000000017,4,2,2022
2022-04-01,Endesa,Barcelona,S.SUSANNA,25.0,63.7,57.4,6.300000000000004,4,2,2022
2022-04-01,Endesa,Barcelona,SABADELL,110.0,113.3,101.9,11.399999999999991,4,2,2022
2025-12-01,Endesa,Barcelona,SABADELL,110.0,116.0,78.1,37.900000000000006,12,4,2025
2026-05-01,Endesa,Barcelona,SABADELL,110.0,135.1,118.24,16.86,5,2,2026
2021-08-01,Endesa,Barcelona,SABADELL,25.0,102.0,84.2,17.799999999999997,8,3,2021
2022-04-01,Endesa,Barcelona,SABADELL,25.0,113.3,102.0,11.299999999999997,4,2,2022
2025-12-01,Endesa,Barcelona,SABADELL,25.0,110.22,78.1,32.120000000000005,12,4,2025
2021-09-01,Endesa,Zaragoza,SAGUNTO,10.0,40.0,0.0,40.0,9,3,2021
2021-11-01,Endesa,Zaragoza,SAGUNTO,10.0,40.0,20.3,19.7,11,4,2021
2021-09-01,Endesa,Zaragoza,SAGUNTO,45.0,46.5,0.0,46.5,9,3,2021
2021-11-01,Endesa,Zaragoza,SAGUNTO,45.0,60.7,20.3,40.400000000000006,11,4,2021
2025-10-01,Endesa,"Palmas, Las",SALINAS,20.0,12.9,1.2,11.700000000000001,10,4,2025
2026-03-01,Endesa,"Palmas, Las",SALINAS,20.0,38.75,15.32,23.43,3,1,2026
2022-04-01,Endesa,Cádiz,SALINAS,66.0,74.3,29.8,44.5,4,2,2022
2022-04-01,Endesa,Barcelona,SALLENT,110.0,115.2,104.6,10.600000000000009,4,2,2022
2022-04-01,Endesa,Barcelona,SALLENT,25.0,89.2,79.5,9.700000000000003,4,2,2022
2022-04-01,Endesa,Girona,SALT,132.0,189.3,87.3,102.00000000000001,4,2,2022
2026-03-01,Endesa,Girona,SALT,132.0,159.89,145.54,14.349999999999994,3,1,2026
2022-04-01,Endesa,Girona,SALT,25.0,110.0,87.3,22.700000000000003,4,2,2022
2025-10-01,Endesa,Girona,SALT,25.0,116.2,108.5,7.700000000000003,10,4,2025
2022-06-01,Endesa,Baleares,SANTANYI,15.0,10.0,-9.9,19.9,6,2,2022
2021-08-01,Endesa,Sevilla,SANTIPON,132.0,29.6,16.0,13.600000000000001,8,3,2021
2021-10-01,Endesa,Sevilla,SANTIPON,132.0,47.6,27.4,20.200000000000003,10,4,2021
2021-12-01,Endesa,Sevilla,SANTIPON,132.0,55.0,43.9,11.100000000000001,12,4,2021
2022-03-01,Endesa,Sevilla,SANTIPON,132.0,54.7,48.1,6.600000000000001,3,1,2022
2021-08-01,Endesa,Sevilla,SANTIPON,15.0,33.9,20.3,13.599999999999998,8,3,2021
2021-10-01,Endesa,Sevilla,SANTIPON,15.0,51.9,31.7,20.2,10,4,2021
2021-12-01,Endesa,Sevilla,SANTIPON,15.0,59.3,48.2,11.099999999999994,12,4,2021
2022-03-01,Endesa,Sevilla,SANTIPON,15.0,59.0,47.5,11.5,3,1,2022
2022-04-01,Endesa,Barcelona,SANTS,11.0,182.5,164.3,18.19999999999999,4,2,2022
2022-04-01,Endesa,Barcelona,SANTS,110.0,467.5,418.9,48.60000000000002,4,2,2022
2025-10-01,Endesa,Barcelona,SANTS,110.0,486.7,467.2,19.5,10,4,2025
2026-03-01,Endesa,Barcelona,SANTS,110.0,466.4,454.18,12.21999999999997,3,1,2026
2022-04-01,Endesa,Barcelona,SANTS,25.0,95.4,85.8,9.600000000000009,4,2,2022
2022-01-01,Endesa,Córdoba,SANTUARI,20.0,57.3,47.3,10.0,1,1,2022
2025-10-01,Endesa,Córdoba,SANTUARI,20.0,0.0,-37.8,37.8,10,4,2025
2021-11-01,Endesa,Córdoba,SANTUARI,66.0,64.7,39.7,25.0,11,4,2021
2022-04-01,Endesa,Córdoba,SANTUARI,66.0,35.1,-34.0,69.1,4,2,2022
2022-06-01,Endesa,Córdoba,SANTUARI,66.0,0.0,-14.9,14.9,6,2,2022
2025-10-01,Endesa,Málaga,SAUGUSTO,20.0,24.5,0.0,24.5,10,4,2025
2025-10-01,Endesa,Málaga,SAUGUSTO,66.0,28.4,0.0,28.4,10,4,2025
2021-11-01,Endesa,Zaragoza,SECC. LA ZARAGOZANA,45.0,33.9,9.0,24.9,11,4,2021
2021-12-01,Endesa,Zaragoza,SECC. LA ZARAGOZANA,45.0,44.8,33.9,10.899999999999999,12,4,2021
2022-04-01,Endesa,Málaga,SECUNDAR,20.0,103.7,93.4,10.299999999999997,4,2,2022
2022-04-01,Endesa,Málaga,SECUNDAR,66.0,172.5,150.6,21.900000000000006,4,2,2022
2026-05-01,Endesa,Málaga,SECUNDAR,66.0,142.96,135.16,7.800000000000011,5,2,2026
2022-04-01,Endesa,Barcelona,SENTMENAT,25.0,62.3,56.2,6.099999999999994,4,2,2022
2021-08-01,Endesa,Sevilla,SETEFILL,132.0,54.2,31.7,22.500000000000004,8,3,2021
2021-10-01,Endesa,Sevilla,SETEFILL,132.0,60.7,11.5,49.2,10,4,2021
2022-04-01,Endesa,Sevilla,SETEFILL,132.0,0.0,-21.3,21.3,4,2,2022
2025-12-01,Endesa,Granada,SIERRASU,20.0,-10.89,-20.8,9.91,12,4,2025
2021-10-01,Endesa,Girona,SILS,110.0,53.1,34.6,18.5,10,4,2021
2022-04-01,Endesa,Girona,SILS,110.0,68.2,48.2,20.0,4,2,2022
2026-05-01,Endesa,Girona,SILS,110.0,27.33,0.0,27.33,5,2,2026
2021-10-01,Endesa,Girona,SILS,25.0,53.1,34.6,18.5,10,4,2021
2022-04-01,Endesa,Girona,SILS,25.0,68.2,48.2,20.0,4,2,2022
2026-05-01,Endesa,Girona,SILS,25.0,22.33,-5.0,27.33,5,2,2026
2022-04-01,Endesa,Cádiz,SOTOGRAN,20.0,28.2,0.0,28.2,4,2,2022
2022-04-01,Endesa,Cádiz,SOTOGRAN,66.0,33.8,0.0,33.8,4,2,2022
2022-04-01,Endesa,Córdoba,SRAFAELN,66.0,28.6,0.0,28.6,4,2,2022
2022-04-01,Endesa,Málaga,SRAFAEL,20.0,61.1,55.0,6.100000000000001,4,2,2022
2022-04-01,Endesa,Málaga,SRAFAEL,66.0,106.8,96.2,10.599999999999994,4,2,2022
2022-04-01,Endesa,Barcelona,SUBIRATS,25.0,94.4,85.1,9.300000000000011,4,2,2022
2022-04-01,Endesa,Las Palmas,S_AGUSTIN,20.0,34.6,29.3,5.300000000000001,4,2,2022
2025-12-01,Endesa,"Palmas, Las",S_AGUSTIN,20.0,10.14,3.7,6.44,12,4,2025
2025-10-01,Endesa,Granada,S_ANTONI,20.0,0.0,-5.0,5.0,10,4,2025
2022-02-01,Endesa,Cádiz,S_BARRAM,15.0,26.7,-13.2,39.9,2,1,2022
2025-10-01,Endesa,Cádiz,S_BARRAM,15.0,0.0,-15.0,15.0,10,4,2025
2026-03-01,Endesa,Cádiz,S_BARRAM,15.0,18.36,0.0,18.36,3,1,2026
2022-04-01,Endesa,Cádiz,S_BARRAM,66.0,36.3,0.4,35.9,4,2,2022
2026-03-01,Endesa,Cádiz,S_BARRAM,66.0,18.36,0.0,18.36,3,1,2026
2022-04-01,Endesa,Cádiz,S_DOMING,15.0,23.2,-3.4,26.599999999999998,4,2,2022
2022-02-01,Endesa,Cádiz,S_DOMING,66.0,60.6,-38.9,99.5,2,1,2022
2022-04-01,Endesa,Cádiz,S_DOMING,66.0,72.3,62.7,9.599999999999994,4,2,2022
2021-08-01,Endesa,Sevilla,S_ELVIRA,132.0,28.3,13.7,14.600000000000001,8,3,2021
2021-10-01,Endesa,Sevilla,S_ELVIRA,132.0,34.9,27.5,7.399999999999999,10,4,2021
2021-12-01,Endesa,Sevilla,S_ELVIRA,132.0,67.4,28.4,39.00000000000001,12,4,2021
2021-08-01,Endesa,Sevilla,S_ELVIRA,15.0,28.3,13.7,14.600000000000001,8,3,2021
2021-10-01,Endesa,Sevilla,S_ELVIRA,15.0,34.9,27.5,7.399999999999999,10,4,2021
2021-12-01,Endesa,Sevilla,S_ELVIRA,15.0,67.4,28.4,39.00000000000001,12,4,2021
2025-10-01,Endesa,Sevilla,S_ELVIRA,15.0,112.7,0.0,112.7,10,4,2025
2021-08-01,Endesa,Sevilla,S_ELVIRA,66.0,48.5,27.7,20.8,8,3,2021
2021-10-01,Endesa,Sevilla,S_ELVIRA,66.0,60.9,47.0,13.899999999999999,10,4,2021
2021-12-01,Endesa,Sevilla,S_ELVIRA,66.0,112.8,48.7,64.1,12,4,2021
2022-04-01,Endesa,Cádiz,S_FERNAN,20.0,64.1,57.7,6.3999999999999915,4,2,2022
2022-02-01,Endesa,Cádiz,S_FERNAN,66.0,105.0,84.8,20.200000000000003,2,1,2022
2022-04-01,Endesa,Cádiz,S_FERNAN,66.0,108.4,102.6,5.800000000000011,4,2,2022
2021-08-01,Endesa,Sevilla,S_JOSE,132.0,36.2,20.8,15.400000000000002,8,3,2021
2021-10-01,Endesa,Sevilla,S_JOSE,132.0,46.2,33.7,12.5,10,4,2021
2022-03-01,Endesa,Sevilla,S_JOSE,132.0,41.6,29.7,11.900000000000002,3,1,2022
2021-11-01,Endesa,Huelva,S_JUAN_P,15.0,10.8,1.6,9.200000000000001,11,4,2021
2022-01-01,Endesa,Huelva,S_JUAN_P,15.0,-2.7,-9.7,6.999999999999999,1,1,2022
2022-02-01,Endesa,Huelva,S_JUAN_P,15.0,5.2,-2.7,7.9,2,1,2022
2021-11-01,Endesa,Badajoz,S_MARINA,20.0,83.8,63.8,20.0,11,4,2021
2022-01-01,Endesa,Badajoz,S_MARINA,20.0,73.8,43.9,29.9,1,1,2022
2022-02-01,Endesa,Badajoz,S_MARINA,20.0,83.8,73.8,10.0,2,1,2022
2022-05-01,Endesa,Badajoz,S_MARINA,20.0,56.0,0.0,56.0,5,2,2022
2025-10-01,Endesa,Badajoz,S_MARINA,20.0,18.8,0.0,18.8,10,4,2025
2025-12-01,Endesa,Badajoz,S_MARINA,20.0,39.4,18.8,20.599999999999998,12,4,2025
2026-05-01,Endesa,Badajoz,S_MARINA,20.0,17.67,0.0,17.67,5,2,2026
2021-11-01,Endesa,Badajoz,S_MARINA,66.0,109.1,10.9,98.19999999999999,11,4,2021
2021-12-01,Endesa,Badajoz,S_MARINA,66.0,145.5,109.1,36.400000000000006,12,4,2021
2022-05-01,Endesa,Badajoz,S_MARINA,66.0,56.0,0.0,56.0,5,2,2022
2025-10-01,Endesa,Badajoz,S_MARINA,66.0,18.8,0.0,18.8,10,4,2025
2025-12-01,Endesa,Badajoz,S_MARINA,66.0,39.4,18.8,20.599999999999998,12,4,2025
2026-05-01,Endesa,Badajoz,S_MARINA,66.0,17.67,0.0,17.67,5,2,2026
2022-04-01,Endesa,Málaga,S_SEBAST,20.0,81.0,73.0,8.0,4,2,2022
2022-04-01,Endesa,Málaga,S_SEBAST,66.0,89.1,80.3,8.799999999999997,4,2,2022
2022-09-01,Endesa,Barcelona,Sabadell,2.10046153,110.0,11.0,99.0,9,3,2022
2022-10-01,Endesa,Barcelona,Sabadell,2.10046153,110.0,11.0,99.0,10,4,2022
2022-11-01,Endesa,Barcelona,Sabadell,2.10046153,110.0,11.0,99.0,11,4,2022
2022-12-01,Endesa,Barcelona,Sabadell,2.10046153,110.0,11.0,99.0,12,4,2022
2023-01-01,Endesa,Barcelona,Sabadell,2.10046153,110.0,11.0,99.0,1,1,2023
2023-02-01,Endesa,Barcelona,Sabadell,2.10046153,110.0,11.0,99.0,2,1,2023
2023-03-01,Endesa,Barcelona,Sabadell,2.10046153,110.0,11.0,99.0,3,1,2023
2023-04-01,Endesa,Barcelona,Sabadell,2.10046153,110.0,11.0,99.0,4,2,2023
2023-05-01,Endesa,Barcelona,Sabadell,2.10046153,110.0,11.0,99.0,5,2,2023
2023-06-01,Endesa,Barcelona,Sabadell,2.10046153,110.0,11.0,99.0,6,2,2023
2023-07-01,Endesa,Barcelona,Sabadell,2.10046153,110.0,11.0,99.0,7,3,2023
2023-08-01,Endesa,Barcelona,Sabadell,2.10046153,110.0,11.0,99.0,8,3,2023
2022-09-01,Endesa,Barcelona,Sallent,1.88522529,110.0,7.8,102.2,9,3,2022
2022-10-01,Endesa,Barcelona,Sallent,1.88522529,110.0,7.8,102.2,10,4,2022
2022-11-01,Endesa,Barcelona,Sallent,1.88522529,110.0,7.8,102.2,11,4,2022
2022-12-01,Endesa,Barcelona,Sallent,1.88522529,110.0,7.8,102.2,12,4,2022
2023-01-01,Endesa,Barcelona,Sallent,1.88522529,110.0,7.8,102.2,1,1,2023
2023-02-01,Endesa,Barcelona,Sallent,1.88522529,110.0,7.8,102.2,2,1,2023
2023-03-01,Endesa,Barcelona,Sallent,1.88522529,110.0,-1.7,111.7,3,1,2023
2023-04-01,Endesa,Barcelona,Sallent,1.88522529,110.0,-1.7,111.7,4,2,2023
2023-05-01,Endesa,Barcelona,Sallent,1.88522529,110.0,-1.7,111.7,5,2,2023
2023-06-01,Endesa,Barcelona,Sallent,1.88522529,110.0,-1.7,111.7,6,2,2023
2023-07-01,Endesa,Barcelona,Sallent,1.88522529,110.0,-1.7,111.7,7,3,2023
2023-08-01,Endesa,Barcelona,Sallent,1.88522529,110.0,-1.7,111.7,8,3,2023
2022-09-01,Endesa,Girona,Salt,2.80125011,132.0,25.0,107.0,9,3,2022
2022-10-01,Endesa,Girona,Salt,2.80125011,132.0,25.0,107.0,10,4,2022
2022-11-01,Endesa,Girona,Salt,2.80125011,132.0,25.0,107.0,11,4,2022
2022-12-01,Endesa,Girona,Salt,2.80125011,132.0,25.0,107.0,12,4,2022
2023-01-01,Endesa,Girona,Salt,2.80125011,132.0,25.0,107.0,1,1,2023
2023-02-01,Endesa,Girona,Salt,2.80125011,132.0,25.0,107.0,2,1,2023
2023-03-01,Endesa,Girona,Salt,2.80125011,132.0,25.0,107.0,3,1,2023
2023-04-01,Endesa,Girona,Salt,2.80125011,132.0,25.0,107.0,4,2,2023
2023-05-01,Endesa,Girona,Salt,2.80125011,132.0,25.0,107.0,5,2,2023
2023-06-01,Endesa,Girona,Salt,2.80125011,132.0,25.0,107.0,6,2,2023
2023-07-01,Endesa,Girona,Salt,2.80125011,132.0,25.0,107.0,7,3,2023
2023-08-01,Endesa,Girona,Salt,2.80125011,132.0,25.0,107.0,8,3,2023
2022-09-01,Endesa,Barcelona,Sant Adrià de Besòs,2.22823667,110.0,11.0,99.0,9,3,2022
2022-10-01,Endesa,Barcelona,Sant Adrià de Besòs,2.22823667,110.0,11.0,99.0,10,4,2022
2022-11-01,Endesa,Barcelona,Sant Adrià de Besòs,2.22823667,110.0,11.0,99.0,11,4,2022
2022-12-01,Endesa,Barcelona,Sant Adrià de Besòs,2.22823667,110.0,11.0,99.0,12,4,2022
2023-01-01,Endesa,Barcelona,Sant Adrià de Besòs,2.22823667,110.0,11.0,99.0,1,1,2023
2023-02-01,Endesa,Barcelona,Sant Adrià de Besòs,2.22823667,110.0,11.0,99.0,2,1,2023
2023-03-01,Endesa,Barcelona,Sant Adrià de Besòs,2.22823667,110.0,11.0,99.0,3,1,2023
2023-04-01,Endesa,Barcelona,Sant Adrià de Besòs,2.22823667,110.0,11.0,99.0,4,2,2023
2023-05-01,Endesa,Barcelona,Sant Adrià de Besòs,2.22823667,110.0,11.0,99.0,5,2,2023
2023-06-01,Endesa,Barcelona,Sant Adrià de Besòs,2.22823667,110.0,11.0,99.0,6,2,2023
2023-07-01,Endesa,Barcelona,Sant Adrià de Besòs,2.22823667,110.0,11.0,99.0,7,3,2023
2023-08-01,Endesa,Barcelona,Sant Adrià de Besòs,2.22823667,110.0,11.0,99.0,8,3,2023
2022-09-01,Endesa,Barcelona,Sant Adrià de Besòs,2.23464663,25.0,11.0,14.0,9,3,2022
2022-10-01,Endesa,Barcelona,Sant Adrià de Besòs,2.23464663,25.0,11.0,14.0,10,4,2022
2022-11-01,Endesa,Barcelona,Sant Adrià de Besòs,2.23464663,25.0,11.0,14.0,11,4,2022
2022-12-01,Endesa,Barcelona,Sant Adrià de Besòs,2.23464663,25.0,11.0,14.0,12,4,2022
2023-01-01,Endesa,Barcelona,Sant Adrià de Besòs,2.23464663,25.0,11.0,14.0,1,1,2023
2023-02-01,Endesa,Barcelona,Sant Adrià de Besòs,2.23464663,25.0,11.0,14.0,2,1,2023
2023-03-01,Endesa,Barcelona,Sant Adrià de Besòs,2.23464663,25.0,11.0,14.0,3,1,2023
2023-04-01,Endesa,Barcelona,Sant Adrià de Besòs,2.23464663,25.0,11.0,14.0,4,2,2023
2023-05-01,Endesa,Barcelona,Sant Adrià de Besòs,2.23464663,25.0,11.0,14.0,5,2,2023
2023-06-01,Endesa,Barcelona,Sant Adrià de Besòs,2.23464663,25.0,11.0,14.0,6,2,2023
2023-07-01,Endesa,Barcelona,Sant Adrià de Besòs,2.23464663,25.0,11.0,14.0,7,3,2023
2023-08-01,Endesa,Barcelona,Sant Adrià de Besòs,2.23464663,25.0,11.0,14.0,8,3,2023
2022-09-01,Endesa,Barcelona,Sant Boi de Llobregat,2.04074575,110.0,25.0,85.0,9,3,2022
2022-10-01,Endesa,Barcelona,Sant Boi de Llobregat,2.04074575,110.0,25.0,85.0,10,4,2022
2022-11-01,Endesa,Barcelona,Sant Boi de Llobregat,2.04074575,110.0,25.0,85.0,11,4,2022
2022-12-01,Endesa,Barcelona,Sant Boi de Llobregat,2.04074575,110.0,25.0,85.0,12,4,2022
2023-01-01,Endesa,Barcelona,Sant Boi de Llobregat,2.04074575,110.0,25.0,85.0,1,1,2023
2023-02-01,Endesa,Barcelona,Sant Boi de Llobregat,2.04074575,110.0,25.0,85.0,2,1,2023
2023-03-01,Endesa,Barcelona,Sant Boi de Llobregat,2.04074575,110.0,25.0,85.0,3,1,2023
2023-04-01,Endesa,Barcelona,Sant Boi de Llobregat,2.04074575,110.0,25.0,85.0,4,2,2023
2023-05-01,Endesa,Barcelona,Sant Boi de Llobregat,2.04074575,110.0,25.0,85.0,5,2,2023
2023-06-01,Endesa,Barcelona,Sant Boi de Llobregat,2.04074575,110.0,25.0,85.0,6,2,2023
2023-07-01,Endesa,Barcelona,Sant Boi de Llobregat,2.04074575,110.0,25.0,85.0,7,3,2023
2023-08-01,Endesa,Barcelona,Sant Boi de Llobregat,2.04074575,110.0,25.0,85.0,8,3,2023
2022-09-01,Endesa,Barcelona,Sant Celoni,2.47087135,110.0,25.0,85.0,9,3,2022
2022-10-01,Endesa,Barcelona,Sant Celoni,2.47087135,110.0,25.0,85.0,10,4,2022
2022-11-01,Endesa,Barcelona,Sant Celoni,2.47087135,110.0,25.0,85.0,11,4,2022
2022-12-01,Endesa,Barcelona,Sant Celoni,2.47087135,110.0,25.0,85.0,12,4,2022
2023-01-01,Endesa,Barcelona,Sant Celoni,2.47087135,110.0,25.0,85.0,1,1,2023
2023-02-01,Endesa,Barcelona,Sant Celoni,2.47087135,110.0,25.0,85.0,2,1,2023
2023-03-01,Endesa,Barcelona,Sant Celoni,2.47087135,110.0,25.0,85.0,3,1,2023
2023-04-01,Endesa,Barcelona,Sant Celoni,2.47087135,110.0,25.0,85.0,4,2,2023
2023-05-01,Endesa,Barcelona,Sant Celoni,2.47087135,110.0,25.0,85.0,5,2,2023
2023-06-01,Endesa,Barcelona,Sant Celoni,2.47087135,110.0,25.0,85.0,6,2,2023
2023-07-01,Endesa,Barcelona,Sant Celoni,2.47087135,110.0,25.0,85.0,7,3,2023
2023-08-01,Endesa,Barcelona,Sant Celoni,2.47087135,110.0,25.0,85.0,8,3,2023
2022-09-01,Endesa,Girona,Sant Feliu de Buixalleu,2.57043035,132.0,25.0,107.0,9,3,2022
2022-10-01,Endesa,Girona,Sant Feliu de Buixalleu,2.57043035,132.0,25.0,107.0,10,4,2022
2022-11-01,Endesa,Girona,Sant Feliu de Buixalleu,2.57043035,132.0,25.0,107.0,11,4,2022
2022-12-01,Endesa,Girona,Sant Feliu de Buixalleu,2.57043035,132.0,25.0,107.0,12,4,2022
2023-01-01,Endesa,Girona,Sant Feliu de Buixalleu,2.57043035,132.0,25.0,107.0,1,1,2023
2023-02-01,Endesa,Girona,Sant Feliu de Buixalleu,2.57043035,132.0,25.0,107.0,2,1,2023
2023-03-01,Endesa,Girona,Sant Feliu de Buixalleu,2.57043035,132.0,25.0,107.0,3,1,2023
2023-04-01,Endesa,Girona,Sant Feliu de Buixalleu,2.57043035,132.0,25.0,107.0,4,2,2023
2023-05-01,Endesa,Girona,Sant Feliu de Buixalleu,2.57043035,132.0,25.0,107.0,5,2,2023
2023-06-01,Endesa,Girona,Sant Feliu de Buixalleu,2.57043035,132.0,25.0,107.0,6,2,2023
2023-07-01,Endesa,Girona,Sant Feliu de Buixalleu,2.57043035,132.0,25.0,107.0,7,3,2023
2023-08-01,Endesa,Girona,Sant Feliu de Buixalleu,2.57043035,132.0,25.0,107.0,8,3,2023
2022-09-01,Endesa,Barcelona,Sant Feliu de Llobregat,2.03545689,66.0,25.0,41.0,9,3,2022
2022-10-01,Endesa,Barcelona,Sant Feliu de Llobregat,2.03545689,66.0,25.0,41.0,10,4,2022
2022-11-01,Endesa,Barcelona,Sant Feliu de Llobregat,2.03545689,66.0,25.0,41.0,11,4,2022
2022-12-01,Endesa,Barcelona,Sant Feliu de Llobregat,2.03545689,66.0,25.0,41.0,12,4,2022
2023-01-01,Endesa,Barcelona,Sant Feliu de Llobregat,2.03545689,66.0,25.0,41.0,1,1,2023
2023-02-01,Endesa,Barcelona,Sant Feliu de Llobregat,2.03545689,66.0,25.0,41.0,2,1,2023
2023-03-01,Endesa,Barcelona,Sant Feliu de Llobregat,2.03545689,66.0,25.0,41.0,3,1,2023
2023-04-01,Endesa,Barcelona,Sant Feliu de Llobregat,2.03545689,66.0,25.0,41.0,4,2,2023
2023-05-01,Endesa,Barcelona,Sant Feliu de Llobregat,2.03545689,66.0,25.0,41.0,5,2,2023
2023-06-01,Endesa,Barcelona,Sant Feliu de Llobregat,2.03545689,66.0,25.0,41.0,6,2,2023
2023-07-01,Endesa,Barcelona,Sant Feliu de Llobregat,2.03545689,66.0,25.0,41.0,7,3,2023
2023-08-01,Endesa,Barcelona,Sant Feliu de Llobregat,2.03545689,66.0,25.0,41.0,8,3,2023
2022-09-01,Endesa,Barcelona,Sant Fost de Campsentelles,2.21819657,110.0,25.0,85.0,9,3,2022
2022-10-01,Endesa,Barcelona,Sant Fost de Campsentelles,2.21819657,110.0,25.0,85.0,10,4,2022
2022-11-01,Endesa,Barcelona,Sant Fost de Campsentelles,2.21819657,110.0,25.0,85.0,11,4,2022
2022-12-01,Endesa,Barcelona,Sant Fost de Campsentelles,2.21819657,110.0,25.0,85.0,12,4,2022
2023-01-01,Endesa,Barcelona,Sant Fost de Campsentelles,2.21819657,110.0,25.0,85.0,1,1,2023
2023-02-01,Endesa,Barcelona,Sant Fost de Campsentelles,2.21819657,110.0,25.0,85.0,2,1,2023
2023-03-01,Endesa,Barcelona,Sant Fost de Campsentelles,2.21819657,110.0,25.0,85.0,3,1,2023
2023-04-01,Endesa,Barcelona,Sant Fost de Campsentelles,2.21819657,110.0,25.0,85.0,4,2,2023
2023-05-01,Endesa,Barcelona,Sant Fost de Campsentelles,2.21819657,110.0,25.0,85.0,5,2,2023
2023-06-01,Endesa,Barcelona,Sant Fost de Campsentelles,2.21819657,110.0,25.0,85.0,6,2,2023
2023-07-01,Endesa,Barcelona,Sant Fost de Campsentelles,2.21819657,110.0,25.0,85.0,7,3,2023
2023-08-01,Endesa,Barcelona,Sant Fost de Campsentelles,2.21819657,110.0,25.0,85.0,8,3,2023
2022-09-01,Endesa,Girona,Sant Hilari Sacalm,2.49583476,110.0,25.0,85.0,9,3,2022
2022-10-01,Endesa,Girona,Sant Hilari Sacalm,2.49583476,110.0,25.0,85.0,10,4,2022
2022-11-01,Endesa,Girona,Sant Hilari Sacalm,2.49583476,110.0,25.0,85.0,11,4,2022
2022-12-01,Endesa,Girona,Sant Hilari Sacalm,2.49583476,110.0,25.0,85.0,12,4,2022
2023-01-01,Endesa,Girona,Sant Hilari Sacalm,2.49583476,110.0,25.0,85.0,1,1,2023
2023-02-01,Endesa,Girona,Sant Hilari Sacalm,2.49583476,110.0,25.0,85.0,2,1,2023
2023-03-01,Endesa,Girona,Sant Hilari Sacalm,2.49583476,110.0,25.0,85.0,3,1,2023
2023-04-01,Endesa,Girona,Sant Hilari Sacalm,2.49583476,110.0,25.0,85.0,4,2,2023
2023-05-01,Endesa,Girona,Sant Hilari Sacalm,2.49583476,110.0,25.0,85.0,5,2,2023
2023-06-01,Endesa,Girona,Sant Hilari Sacalm,2.49583476,110.0,25.0,85.0,6,2,2023
2023-07-01,Endesa,Girona,Sant Hilari Sacalm,2.49583476,110.0,25.0,85.0,7,3,2023
2023-08-01,Endesa,Girona,Sant Hilari Sacalm,2.49583476,110.0,25.0,85.0,8,3,2023
2022-09-01,Endesa,Barcelona,Sant Joan Despí,2.06615772,110.0,11.0,99.0,9,3,2022
2022-10-01,Endesa,Barcelona,Sant Joan Despí,2.06615772,110.0,11.0,99.0,10,4,2022
2022-11-01,Endesa,Barcelona,Sant Joan Despí,2.06615772,110.0,11.0,99.0,11,4,2022
2022-12-01,Endesa,Barcelona,Sant Joan Despí,2.06615772,110.0,11.0,99.0,12,4,2022
2023-01-01,Endesa,Barcelona,Sant Joan Despí,2.06615772,110.0,11.0,99.0,1,1,2023
2023-02-01,Endesa,Barcelona,Sant Joan Despí,2.06615772,110.0,11.0,99.0,2,1,2023
2023-03-01,Endesa,Barcelona,Sant Joan Despí,2.06615772,110.0,11.0,99.0,3,1,2023
2023-04-01,Endesa,Barcelona,Sant Joan Despí,2.06615772,110.0,11.0,99.0,4,2,2023
2023-05-01,Endesa,Barcelona,Sant Joan Despí,2.06615772,110.0,11.0,99.0,5,2,2023
2023-06-01,Endesa,Barcelona,Sant Joan Despí,2.06615772,110.0,11.0,99.0,6,2,2023
2023-07-01,Endesa,Barcelona,Sant Joan Despí,2.06615772,110.0,11.0,99.0,7,3,2023
2023-08-01,Endesa,Barcelona,Sant Joan Despí,2.06615772,110.0,11.0,99.0,8,3,2023
2022-09-01,Endesa,Girona,Sant Joan de les Abadesses,2.28954594,45.0,25.0,20.0,9,3,2022
2022-10-01,Endesa,Girona,Sant Joan de les Abadesses,2.28954594,45.0,25.0,20.0,10,4,2022
2022-11-01,Endesa,Girona,Sant Joan de les Abadesses,2.28954594,45.0,25.0,20.0,11,4,2022
2022-12-01,Endesa,Girona,Sant Joan de les Abadesses,2.28954594,45.0,25.0,20.0,12,4,2022
2023-01-01,Endesa,Girona,Sant Joan de les Abadesses,2.28954594,45.0,25.0,20.0,1,1,2023
2023-02-01,Endesa,Girona,Sant Joan de les Abadesses,2.28954594,45.0,25.0,20.0,2,1,2023
2023-03-01,Endesa,Girona,Sant Joan de les Abadesses,2.28954594,45.0,25.0,20.0,3,1,2023
2023-04-01,Endesa,Girona,Sant Joan de les Abadesses,2.28954594,45.0,25.0,20.0,4,2,2023
2023-05-01,Endesa,Girona,Sant Joan de les Abadesses,2.28954594,45.0,25.0,20.0,5,2,2023
2023-06-01,Endesa,Girona,Sant Joan de les Abadesses,2.28954594,45.0,25.0,20.0,6,2,2023
2023-07-01,Endesa,Girona,Sant Joan de les Abadesses,2.28954594,45.0,25.0,20.0,7,3,2023
2023-08-01,Endesa,Girona,Sant Joan de les Abadesses,2.28954594,45.0,25.0,20.0,8,3,2023
2022-09-01,Endesa,Barcelona,Sant Just Desvern,2.07948546,66.0,25.0,41.0,9,3,2022
2022-10-01,Endesa,Barcelona,Sant Just Desvern,2.07948546,66.0,25.0,41.0,10,4,2022
2022-11-01,Endesa,Barcelona,Sant Just Desvern,2.07948546,66.0,25.0,41.0,11,4,2022
2022-12-01,Endesa,Barcelona,Sant Just Desvern,2.07948546,66.0,25.0,41.0,12,4,2022
2023-01-01,Endesa,Barcelona,Sant Just Desvern,2.07948546,66.0,25.0,41.0,1,1,2023
2023-02-01,Endesa,Barcelona,Sant Just Desvern,2.07948546,66.0,25.0,41.0,2,1,2023
2023-03-01,Endesa,Barcelona,Sant Just Desvern,2.07948546,66.0,25.0,41.0,3,1,2023
2023-04-01,Endesa,Barcelona,Sant Just Desvern,2.07948546,66.0,25.0,41.0,4,2,2023
2023-05-01,Endesa,Barcelona,Sant Just Desvern,2.07948546,66.0,25.0,41.0,5,2,2023
2023-06-01,Endesa,Barcelona,Sant Just Desvern,2.07948546,66.0,25.0,41.0,6,2,2023
2023-07-01,Endesa,Barcelona,Sant Just Desvern,2.07948546,66.0,25.0,41.0,7,3,2023
2023-08-01,Endesa,Barcelona,Sant Just Desvern,2.07948546,66.0,25.0,41.0,8,3,2023
2022-09-01,Endesa,Barcelona,Sant Pere de Ribes,1.7491368,110.0,25.0,85.0,9,3,2022
2022-10-01,Endesa,Barcelona,Sant Pere de Ribes,1.7491368,110.0,25.0,85.0,10,4,2022
2022-11-01,Endesa,Barcelona,Sant Pere de Ribes,1.7491368,110.0,25.0,85.0,11,4,2022
2022-12-01,Endesa,Barcelona,Sant Pere de Ribes,1.7491368,110.0,25.0,85.0,12,4,2022
2023-01-01,Endesa,Barcelona,Sant Pere de Ribes,1.7491368,110.0,25.0,85.0,1,1,2023
2023-02-01,Endesa,Barcelona,Sant Pere de Ribes,1.7491368,110.0,25.0,85.0,2,1,2023
2023-03-01,Endesa,Barcelona,Sant Pere de Ribes,1.7491368,110.0,25.0,85.0,3,1,2023
2023-04-01,Endesa,Barcelona,Sant Pere de Ribes,1.7491368,110.0,25.0,85.0,4,2,2023
2023-05-01,Endesa,Barcelona,Sant Pere de Ribes,1.7491368,110.0,25.0,85.0,5,2,2023
2023-06-01,Endesa,Barcelona,Sant Pere de Ribes,1.7491368,110.0,25.0,85.0,6,2,2023
2023-07-01,Endesa,Barcelona,Sant Pere de Ribes,1.7491368,110.0,25.0,85.0,7,3,2023
2023-08-01,Endesa,Barcelona,Sant Pere de Ribes,1.7491368,110.0,25.0,85.0,8,3,2023
2022-09-01,Endesa,Barcelona,Santa Cecília de Voltregà,2.23054293,112.0,25.0,87.0,9,3,2022
2022-10-01,Endesa,Barcelona,Santa Cecília de Voltregà,2.23054293,112.0,25.0,87.0,10,4,2022
2022-11-01,Endesa,Barcelona,Santa Cecília de Voltregà,2.23054293,112.0,25.0,87.0,11,4,2022
2022-12-01,Endesa,Barcelona,Santa Cecília de Voltregà,2.23054293,112.0,25.0,87.0,12,4,2022
2023-01-01,Endesa,Barcelona,Santa Cecília de Voltregà,2.23054293,112.0,25.0,87.0,1,1,2023
2023-02-01,Endesa,Barcelona,Santa Cecília de Voltregà,2.23054293,112.0,25.0,87.0,2,1,2023
2023-03-01,Endesa,Barcelona,Santa Cecília de Voltregà,2.23054293,112.0,25.0,87.0,3,1,2023
2023-04-01,Endesa,Barcelona,Santa Cecília de Voltregà,2.23054293,112.0,25.0,87.0,4,2,2023
2023-05-01,Endesa,Barcelona,Santa Cecília de Voltregà,2.23054293,112.0,25.0,87.0,5,2,2023
2023-06-01,Endesa,Barcelona,Santa Cecília de Voltregà,2.23054293,112.0,25.0,87.0,6,2,2023
2023-07-01,Endesa,Barcelona,Santa Cecília de Voltregà,2.23054293,112.0,25.0,87.0,7,3,2023
2023-08-01,Endesa,Barcelona,Santa Cecília de Voltregà,2.23054293,112.0,25.0,87.0,8,3,2023
2022-09-01,Endesa,Barcelona,Santa Coloma de Gramenet,2.1912105,132.0,25.0,107.0,9,3,2022
2022-10-01,Endesa,Barcelona,Santa Coloma de Gramenet,2.1912105,132.0,25.0,107.0,10,4,2022
2022-11-01,Endesa,Barcelona,Santa Coloma de Gramenet,2.1912105,132.0,25.0,107.0,11,4,2022
2022-12-01,Endesa,Barcelona,Santa Coloma de Gramenet,2.1912105,132.0,25.0,107.0,12,4,2022
2023-01-01,Endesa,Barcelona,Santa Coloma de Gramenet,2.1912105,132.0,25.0,107.0,1,1,2023
2023-02-01,Endesa,Barcelona,Santa Coloma de Gramenet,2.1912105,132.0,25.0,107.0,2,1,2023
2023-03-01,Endesa,Barcelona,Santa Coloma de Gramenet,2.1912105,132.0,25.0,107.0,3,1,2023
2023-04-01,Endesa,Barcelona,Santa Coloma de Gramenet,2.1912105,132.0,25.0,107.0,4,2,2023
2023-05-01,Endesa,Barcelona,Santa Coloma de Gramenet,2.1912105,132.0,25.0,107.0,5,2,2023
2023-06-01,Endesa,Barcelona,Santa Coloma de Gramenet,2.1912105,132.0,25.0,107.0,6,2,2023
2023-07-01,Endesa,Barcelona,Santa Coloma de Gramenet,2.1912105,132.0,25.0,107.0,7,3,2023
2023-08-01,Endesa,Barcelona,Santa Coloma de Gramenet,2.1912105,132.0,25.0,107.0,8,3,2023
2022-09-01,Endesa,Barcelona,Santa Margarida de Montbui,1.59779006,110.0,9.5,100.5,9,3,2022
2022-10-01,Endesa,Barcelona,Santa Margarida de Montbui,1.59779006,110.0,9.5,100.5,10,4,2022
2022-11-01,Endesa,Barcelona,Santa Margarida de Montbui,1.59779006,110.0,9.5,100.5,11,4,2022
2022-12-01,Endesa,Barcelona,Santa Margarida de Montbui,1.59779006,110.0,9.5,100.5,12,4,2022
2023-01-01,Endesa,Barcelona,Santa Margarida de Montbui,1.59779006,110.0,9.5,100.5,1,1,2023
2023-02-01,Endesa,Barcelona,Santa Margarida de Montbui,1.59779006,110.0,9.5,100.5,2,1,2023
2023-03-01,Endesa,Barcelona,Santa Margarida de Montbui,1.59779006,110.0,9.5,100.5,3,1,2023
2023-04-01,Endesa,Barcelona,Santa Margarida de Montbui,1.59779006,110.0,9.5,100.5,4,2,2023
2023-05-01,Endesa,Barcelona,Santa Margarida de Montbui,1.59779006,110.0,9.5,100.5,5,2,2023
2023-06-01,Endesa,Barcelona,Santa Margarida de Montbui,1.59779006,110.0,9.5,100.5,6,2,2023
2023-07-01,Endesa,Barcelona,Santa Margarida de Montbui,1.59779006,110.0,9.5,100.5,7,3,2023
2023-08-01,Endesa,Barcelona,Santa Margarida de Montbui,1.59779006,110.0,9.5,100.5,8,3,2023
2022-09-01,Endesa,Barcelona,Santa Susanna,2.69674413,110.0,25.0,85.0,9,3,2022
2022-10-01,Endesa,Barcelona,Santa Susanna,2.69674413,110.0,25.0,85.0,10,4,2022
2022-11-01,Endesa,Barcelona,Santa Susanna,2.69674413,110.0,25.0,85.0,11,4,2022
2022-12-01,Endesa,Barcelona,Santa Susanna,2.69674413,110.0,25.0,85.0,12,4,2022
2023-01-01,Endesa,Barcelona,Santa Susanna,2.69674413,110.0,25.0,85.0,1,1,2023
2023-02-01,Endesa,Barcelona,Santa Susanna,2.69674413,110.0,25.0,85.0,2,1,2023
2023-03-01,Endesa,Barcelona,Santa Susanna,2.69674413,110.0,25.0,85.0,3,1,2023
2023-04-01,Endesa,Barcelona,Santa Susanna,2.69674413,110.0,25.0,85.0,4,2,2023
2023-05-01,Endesa,Barcelona,Santa Susanna,2.69674413,110.0,25.0,85.0,5,2,2023
2023-06-01,Endesa,Barcelona,Santa Susanna,2.69674413,110.0,25.0,85.0,6,2,2023
2023-07-01,Endesa,Barcelona,Santa Susanna,2.69674413,110.0,25.0,85.0,7,3,2023
2023-08-01,Endesa,Barcelona,Santa Susanna,2.69674413,110.0,25.0,85.0,8,3,2023
2022-09-01,Endesa,Huesca,Seira,0.43619352,110.0,25.0,85.0,9,3,2022
2022-10-01,Endesa,Huesca,Seira,0.43619352,110.0,25.0,85.0,10,4,2022
2022-11-01,Endesa,Huesca,Seira,0.43619352,110.0,25.0,85.0,11,4,2022
2022-12-01,Endesa,Huesca,Seira,0.43619352,110.0,25.0,85.0,12,4,2022
2023-01-01,Endesa,Huesca,Seira,0.43619352,110.0,25.0,85.0,1,1,2023
2023-02-01,Endesa,Huesca,Seira,0.43619352,110.0,25.0,85.0,2,1,2023
2023-03-01,Endesa,Huesca,Seira,0.43619352,110.0,25.0,85.0,3,1,2023
2023-04-01,Endesa,Huesca,Seira,0.43619352,110.0,25.0,85.0,4,2,2023
2023-05-01,Endesa,Huesca,Seira,0.43619352,110.0,25.0,85.0,5,2,2023
2023-06-01,Endesa,Huesca,Seira,0.43619352,110.0,25.0,85.0,6,2,2023
2023-07-01,Endesa,Huesca,Seira,0.43619352,110.0,25.0,85.0,7,3,2023
2023-08-01,Endesa,Huesca,Seira,0.43619352,110.0,25.0,85.0,8,3,2023
2022-09-01,Endesa,Girona,Sils,2.75240074,110.0,25.0,85.0,9,3,2022
2022-10-01,Endesa,Girona,Sils,2.75240074,110.0,25.0,85.0,10,4,2022
2022-11-01,Endesa,Girona,Sils,2.75240074,110.0,25.0,85.0,11,4,2022
2022-12-01,Endesa,Girona,Sils,2.75240074,110.0,25.0,85.0,12,4,2022
2023-01-01,Endesa,Girona,Sils,2.75240074,110.0,25.0,85.0,1,1,2023
2023-02-01,Endesa,Girona,Sils,2.75240074,110.0,25.0,85.0,2,1,2023
2023-03-01,Endesa,Girona,Sils,2.75240074,110.0,25.0,85.0,3,1,2023
2023-04-01,Endesa,Girona,Sils,2.75240074,110.0,25.0,85.0,4,2,2023
2023-05-01,Endesa,Girona,Sils,2.75240074,110.0,25.0,85.0,5,2,2023
2023-06-01,Endesa,Girona,Sils,2.75240074,110.0,25.0,85.0,6,2,2023
2023-07-01,Endesa,Girona,Sils,2.75240074,110.0,25.0,85.0,7,3,2023
2023-08-01,Endesa,Girona,Sils,2.75240074,110.0,25.0,85.0,8,3,2023
2022-09-01,Endesa,Barcelona,Sitges,1.86543639,66.0,25.0,41.0,9,3,2022
2022-10-01,Endesa,Barcelona,Sitges,1.86543639,66.0,25.0,41.0,10,4,2022
2022-11-01,Endesa,Barcelona,Sitges,1.86543639,66.0,25.0,41.0,11,4,2022
2022-12-01,Endesa,Barcelona,Sitges,1.86543639,66.0,25.0,41.0,12,4,2022
2023-01-01,Endesa,Barcelona,Sitges,1.86543639,66.0,25.0,41.0,1,1,2023
2023-02-01,Endesa,Barcelona,Sitges,1.86543639,66.0,25.0,41.0,2,1,2023
2023-03-01,Endesa,Barcelona,Sitges,1.86543639,66.0,25.0,41.0,3,1,2023
2023-04-01,Endesa,Barcelona,Sitges,1.86543639,66.0,25.0,41.0,4,2,2023
2023-05-01,Endesa,Barcelona,Sitges,1.86543639,66.0,25.0,41.0,5,2,2023
2023-06-01,Endesa,Barcelona,Sitges,1.86543639,66.0,25.0,41.0,6,2,2023
2023-07-01,Endesa,Barcelona,Sitges,1.86543639,66.0,25.0,41.0,7,3,2023
2023-08-01,Endesa,Barcelona,Sitges,1.86543639,66.0,25.0,41.0,8,3,2023
2022-09-01,Endesa,Lleida,Sort,1.12997079,110.0,25.0,85.0,9,3,2022
2022-10-01,Endesa,Lleida,Sort,1.12997079,110.0,25.0,85.0,10,4,2022
2022-11-01,Endesa,Lleida,Sort,1.12997079,110.0,25.0,85.0,11,4,2022
2022-12-01,Endesa,Lleida,Sort,1.12997079,110.0,25.0,85.0,12,4,2022
2023-01-01,Endesa,Lleida,Sort,1.12997079,110.0,25.0,85.0,1,1,2023
2023-02-01,Endesa,Lleida,Sort,1.12997079,110.0,25.0,85.0,2,1,2023
2023-03-01,Endesa,Lleida,Sort,1.12997079,110.0,25.0,85.0,3,1,2023
2023-04-01,Endesa,Lleida,Sort,1.12997079,110.0,25.0,85.0,4,2,2023
2023-05-01,Endesa,Lleida,Sort,1.12997079,110.0,25.0,85.0,5,2,2023
2023-06-01,Endesa,Lleida,Sort,1.12997079,110.0,25.0,85.0,6,2,2023
2023-07-01,Endesa,Lleida,Sort,1.12997079,110.0,25.0,85.0,7,3,2023
2023-08-01,Endesa,Lleida,Sort,1.12997079,110.0,25.0,85.0,8,3,2023
2022-09-01,Endesa,Girona,Susqueda,2.57112244,110.0,25.0,85.0,9,3,2022
2022-10-01,Endesa,Girona,Susqueda,2.57112244,110.0,25.0,85.0,10,4,2022
2022-11-01,Endesa,Girona,Susqueda,2.57112244,110.0,25.0,85.0,11,4,2022
2022-12-01,Endesa,Girona,Susqueda,2.57112244,110.0,25.0,85.0,12,4,2022
2023-01-01,Endesa,Girona,Susqueda,2.57112244,110.0,25.0,85.0,1,1,2023
2023-02-01,Endesa,Girona,Susqueda,2.57112244,110.0,25.0,85.0,2,1,2023
2023-03-01,Endesa,Girona,Susqueda,2.57112244,110.0,25.0,85.0,3,1,2023
2023-04-01,Endesa,Girona,Susqueda,2.57112244,110.0,25.0,85.0,4,2,2023
2023-05-01,Endesa,Girona,Susqueda,2.57112244,110.0,25.0,85.0,5,2,2023
2023-06-01,Endesa,Girona,Susqueda,2.57112244,110.0,25.0,85.0,6,2,2023
2023-07-01,Endesa,Girona,Susqueda,2.57112244,110.0,25.0,85.0,7,3,2023
2023-08-01,Endesa,Girona,Susqueda,2.57112244,110.0,25.0,85.0,8,3,2023
2025-12-01,Endesa,Sevilla,TABLADA,20.0,29.29,0.0,29.29,12,4,2025
2025-12-01,Endesa,Sevilla,TABLADA,66.0,29.29,0.0,29.29,12,4,2025
2021-09-01,Endesa,Cádiz,TABLELLI,66.0,29.4,8.0,21.4,9,3,2021
2021-11-01,Endesa,Cádiz,TABLELLI,66.0,29.4,-11.7,41.099999999999994,11,4,2021
2022-02-01,Endesa,Cádiz,TABLELLI,66.0,24.9,-7.4,32.3,2,1,2022
2022-04-01,Endesa,Las Palmas,TABLERO,20.0,43.2,38.1,5.100000000000001,4,2,2022
2025-12-01,Endesa,"Palmas, Las",TABLERO,20.0,33.01,14.1,18.909999999999997,12,4,2025
2021-11-01,Endesa,Barcelona,TANGER,11.0,66.0,36.0,30.0,11,4,2021
2022-04-01,Endesa,Barcelona,TANGER,11.0,73.3,66.0,7.299999999999997,4,2,2022
2022-04-01,Endesa,Barcelona,TANGER,25.0,160.9,144.8,16.099999999999994,4,2,2022
2025-12-01,Endesa,Barcelona,TANGER,25.0,167.09,160.1,6.990000000000009,12,4,2025
2022-04-01,Endesa,Tarragona,TARRACO,110.0,36.0,0.0,36.0,4,2,2022
2022-05-01,Endesa,Tarragona,TARRACO,110.0,53.2,36.0,17.200000000000003,5,2,2022
2022-06-01,Endesa,Tarragona,TARRACO,110.0,72.3,53.2,19.099999999999994,6,2,2022
2025-12-01,Endesa,Tarragona,TARRACO,110.0,94.88,0.0,94.88,12,4,2025
2026-03-01,Endesa,Tarragona,TARRACO,110.0,93.49,85.84,7.6499999999999915,3,1,2026
2022-04-01,Endesa,Tarragona,TARRACO,25.0,34.0,0.0,34.0,4,2,2022
2025-12-01,Endesa,Tarragona,TARRAGONA,110.0,137.32,0.0,137.32,12,4,2025
2026-03-01,Endesa,Tarragona,TARRAGONA,110.0,178.16,125.38,52.78,3,1,2026
2022-04-01,Endesa,Tarragona,TARRAGONA,25.0,194.6,0.0,194.6,4,2,2022
2025-12-01,Endesa,Tarragona,TARRAGONA,25.0,137.32,0.0,137.32,12,4,2025
2026-03-01,Endesa,Tarragona,TARRAGONA,25.0,178.16,125.38,52.78,3,1,2026
2021-11-01,Endesa,Zaragoza,TAUSTE,13.0,7.5,0.0,7.5,11,4,2021
2022-01-01,Endesa,Zaragoza,TAUSTE,13.0,2.5,-5.0,7.5,1,1,2022
2022-05-01,Endesa,Zaragoza,TAUSTE,13.0,5.7,0.0,5.7,5,2,2022
2021-11-01,Endesa,Zaragoza,TAUSTE,66.0,24.9,0.0,24.9,11,4,2021
2022-04-01,Endesa,Zaragoza,TAUSTE,66.0,0.0,-25.1,25.1,4,2,2022
2022-05-01,Endesa,Zaragoza,TAUSTE,66.0,21.3,0.0,21.3,5,2,2022
2026-03-01,Endesa,Zaragoza,TAUSTE,66.0,15.69,0.0,15.69,3,1,2026
2021-10-01,Endesa,Las Palmas,TELDE,20.0,2.7,-12.3,15.0,10,4,2021
2021-12-01,Endesa,Las Palmas,TELDE,20.0,19.8,2.7,17.1,12,4,2021
2022-03-01,Endesa,Las Palmas,TELDE,20.0,22.7,12.7,10.0,3,1,2022
2021-10-01,Endesa,A Coruña,TESOURO,132.0,36.7,0.0,36.7,10,4,2021
2021-10-01,Endesa,A Coruña,TESOURO,20.0,52.8,0.0,52.8,10,4,2021
2021-11-01,Endesa,Huelva,TITAN,15.0,34.9,2.8,32.1,11,4,2021
2025-12-01,Endesa,Sevilla,TOMARES,15.0,29.31,0.0,29.31,12,4,2025
2025-12-01,Endesa,Sevilla,TOMARES,66.0,29.31,0.0,29.31,12,4,2025
2021-10-01,Endesa,Barcelona,TORDERA,110.0,218.4,178.8,39.599999999999994,10,4,2021
2022-04-01,Endesa,Barcelona,TORDERA,110.0,233.3,213.4,19.900000000000006,4,2,2022
2025-10-01,Endesa,Barcelona,TORDERA,110.0,233.4,175.7,57.70000000000002,10,4,2025
2026-03-01,Endesa,Barcelona,TORDERA,110.0,194.17,172.57,21.599999999999994,3,1,2026
2022-04-01,Endesa,Barcelona,TORDERA,25.0,157.3,141.6,15.700000000000017,4,2,2022
2026-03-01,Endesa,Huelva,TORREARE,15.0,5.94,0.0,5.94,3,1,2026
2026-05-01,Endesa,Huelva,TORREARE,15.0,15.71,5.94,9.77,5,2,2026
2026-03-01,Endesa,Huelva,TORREARE,20.0,5.94,0.0,5.94,3,1,2026
2026-05-01,Endesa,Huelva,TORREARE,20.0,15.71,5.94,9.77,5,2,2026
2021-11-01,Endesa,Huelva,TORREARE,66.0,23.6,15.9,7.700000000000001,11,4,2021
2022-03-01,Endesa,Huelva,TORREARE,66.0,44.4,-35.5,79.9,3,1,2022
2022-05-01,Endesa,Huelva,TORREARE,66.0,3.4,-6.5,9.9,5,2,2022
2025-10-01,Endesa,Huelva,TORREARE,66.0,0.0,-23.0,23.0,10,4,2025
2026-03-01,Endesa,Huelva,TORREARE,66.0,5.94,0.0,5.94,3,1,2026
2026-05-01,Endesa,Huelva,TORREARE,66.0,15.71,5.94,9.77,5,2,2026
2022-04-01,Endesa,Málaga,TORREBLA,66.0,110.5,99.5,11.0,4,2,2022
2022-01-01,Endesa,Córdoba,TORRECIL,20.0,20.0,11.4,8.6,1,1,2022
2022-03-01,Endesa,Córdoba,TORRECIL,20.0,44.6,20.0,24.6,3,1,2022
2021-11-01,Endesa,Córdoba,TORRECIL,66.0,1.2,-28.2,29.4,11,4,2021
2021-12-01,Endesa,Córdoba,TORRECIL,66.0,12.2,1.2,11.0,12,4,2021
2022-03-01,Endesa,Córdoba,TORRECIL,66.0,-27.7,-67.3,39.599999999999994,3,1,2022
2022-04-01,Endesa,Córdoba,TORRECIL,66.0,32.2,-27.7,59.900000000000006,4,2,2022
2025-10-01,Endesa,Córdoba,TORRECIL,66.0,0.0,-10.0,10.0,10,4,2025
2021-11-01,Endesa,Sevilla,TORREJON,15.0,20.5,0.0,20.5,11,4,2021
2021-11-01,Endesa,Sevilla,TORREJON,66.0,16.1,0.0,16.1,11,4,2021
2022-04-01,Endesa,Sevilla,TORREJON,66.0,0.0,-12.9,12.9,4,2,2022
2025-10-01,Endesa,Málaga,TORREMAR,20.0,67.3,0.0,67.3,10,4,2025
2026-01-01,Endesa,Málaga,TORREMAR,20.0,51.5,43.03,8.469999999999999,1,1,2026
2025-10-01,Endesa,Málaga,TORREMAR,66.0,67.3,0.0,67.3,10,4,2025
2026-01-01,Endesa,Málaga,TORREMAR,66.0,51.5,43.03,8.469999999999999,1,1,2026
2022-04-01,Endesa,Zaragoza,TORRERO,10.0,-8.8,-16.3,7.5,4,2,2022
2022-05-01,Endesa,Zaragoza,TORRERO,10.0,0.0,-8.8,8.8,5,2,2022
2021-12-01,Endesa,Zaragoza,TORRERO,132.0,82.1,0.0,82.1,12,4,2021
2022-02-01,Endesa,Zaragoza,TORRERO,132.0,86.3,77.7,8.599999999999994,2,1,2022
2022-05-01,Endesa,Zaragoza,TORRERO,132.0,88.3,79.3,9.0,5,2,2022
2025-10-01,Endesa,Zaragoza,TORRERO,132.0,0.0,-101.8,101.8,10,4,2025
2021-11-01,Endesa,Zaragoza,TORRERO,45.0,60.0,25.1,34.9,11,4,2021
2022-05-01,Endesa,Zaragoza,TORRERO,45.0,40.9,7.3,33.6,5,2,2022
2021-10-01,Endesa,Girona,TORREVENT,132.0,133.6,110.9,22.69999999999999,10,4,2021
2026-05-01,Endesa,Málaga,TORROX,132.0,34.04,0.0,34.04,5,2,2026
2026-05-01,Endesa,Málaga,TORROX,20.0,34.04,0.0,34.04,5,2,2026
2022-04-01,Endesa,Cádiz,TROCADER,20.0,51.2,46.1,5.100000000000001,4,2,2022
2022-04-01,Endesa,Cádiz,TROCADER,66.0,73.0,65.7,7.299999999999997,4,2,2022
2022-04-01,Endesa,Badajoz,T_MIGUEL,20.0,0.0,-15.3,15.3,4,2,2022
2025-12-01,Endesa,Badajoz,T_MIGUEL,20.0,9.93,-0.2,10.129999999999999,12,4,2025
2022-01-01,Endesa,Badajoz,T_MIGUEL,66.0,-28.6,-38.3,9.699999999999996,1,1,2022
2022-04-01,Endesa,Badajoz,T_MIGUEL,66.0,0.0,-34.2,34.2,4,2,2022
2025-12-01,Endesa,Badajoz,T_MIGUEL,66.0,22.36,4.7,17.66,12,4,2025
2026-05-01,Endesa,Badajoz,T_MIGUEL,66.0,9.6,0.0,9.6,5,2,2026
2022-09-01,Endesa,Lleida,Talarn,0.90767821,110.0,25.0,85.0,9,3,2022
2022-10-01,Endesa,Lleida,Talarn,0.90767821,110.0,25.0,85.0,10,4,2022
2022-11-01,Endesa,Lleida,Talarn,0.90767821,110.0,25.0,85.0,11,4,2022
2022-12-01,Endesa,Lleida,Talarn,0.90767821,110.0,25.0,85.0,12,4,2022
2023-01-01,Endesa,Lleida,Talarn,0.90767821,110.0,25.0,85.0,1,1,2023
2023-02-01,Endesa,Lleida,Talarn,0.90767821,110.0,25.0,85.0,2,1,2023
2023-03-01,Endesa,Lleida,Talarn,0.90767821,110.0,25.0,85.0,3,1,2023
2023-04-01,Endesa,Lleida,Talarn,0.90767821,110.0,25.0,85.0,4,2,2023
2023-05-01,Endesa,Lleida,Talarn,0.90767821,110.0,25.0,85.0,5,2,2023
2023-06-01,Endesa,Lleida,Talarn,0.90767821,110.0,25.0,85.0,6,2,2023
2023-07-01,Endesa,Lleida,Talarn,0.90767821,110.0,25.0,85.0,7,3,2023
2023-08-01,Endesa,Lleida,Talarn,0.90767821,110.0,25.0,85.0,8,3,2023
2022-09-01,Endesa,Tarragona,Tarragona,1.19810633,110.0,25.0,85.0,9,3,2022
2022-10-01,Endesa,Tarragona,Tarragona,1.19810633,110.0,25.0,85.0,10,4,2022
2022-11-01,Endesa,Tarragona,Tarragona,1.19810633,110.0,25.0,85.0,11,4,2022
2022-12-01,Endesa,Tarragona,Tarragona,1.19810633,110.0,25.0,85.0,12,4,2022
2023-01-01,Endesa,Tarragona,Tarragona,1.19810633,110.0,25.0,85.0,1,1,2023
2023-02-01,Endesa,Tarragona,Tarragona,1.19810633,110.0,25.0,85.0,2,1,2023
2023-03-01,Endesa,Tarragona,Tarragona,1.19810633,110.0,25.0,85.0,3,1,2023
2023-04-01,Endesa,Tarragona,Tarragona,1.19810633,110.0,25.0,85.0,4,2,2023
2023-05-01,Endesa,Tarragona,Tarragona,1.19810633,110.0,25.0,85.0,5,2,2023
2023-06-01,Endesa,Tarragona,Tarragona,1.19810633,110.0,25.0,85.0,6,2,2023
2023-07-01,Endesa,Tarragona,Tarragona,1.19810633,110.0,25.0,85.0,7,3,2023
2023-08-01,Endesa,Tarragona,Tarragona,1.19810633,110.0,25.0,85.0,8,3,2023
2022-09-01,Endesa,Huesca,Tella-Sin,0.19784834,132.0,30.0,102.0,9,3,2022
2022-10-01,Endesa,Huesca,Tella-Sin,0.19784834,132.0,30.0,102.0,10,4,2022
2022-11-01,Endesa,Huesca,Tella-Sin,0.19784834,132.0,30.0,102.0,11,4,2022
2022-12-01,Endesa,Huesca,Tella-Sin,0.19784834,132.0,30.0,102.0,12,4,2022
2023-01-01,Endesa,Huesca,Tella-Sin,0.19784834,132.0,30.0,102.0,1,1,2023
2023-02-01,Endesa,Huesca,Tella-Sin,0.19784834,132.0,30.0,102.0,2,1,2023
2023-03-01,Endesa,Huesca,Tella-Sin,0.19784834,132.0,30.0,102.0,3,1,2023
2023-04-01,Endesa,Huesca,Tella-Sin,0.19784834,132.0,30.0,102.0,4,2,2023
2023-05-01,Endesa,Huesca,Tella-Sin,0.19784834,132.0,30.0,102.0,5,2,2023
2023-06-01,Endesa,Huesca,Tella-Sin,0.19784834,132.0,30.0,102.0,6,2,2023
2023-07-01,Endesa,Huesca,Tella-Sin,0.19784834,132.0,30.0,102.0,7,3,2023
2023-08-01,Endesa,Huesca,Tella-Sin,0.19784834,132.0,30.0,102.0,8,3,2023
2022-09-01,Endesa,Barcelona,Terrassa,2.00685913,110.0,25.0,85.0,9,3,2022
2022-10-01,Endesa,Barcelona,Terrassa,2.00685913,110.0,25.0,85.0,10,4,2022
2022-11-01,Endesa,Barcelona,Terrassa,2.00685913,110.0,25.0,85.0,11,4,2022
2022-12-01,Endesa,Barcelona,Terrassa,2.00685913,110.0,25.0,85.0,12,4,2022
2023-01-01,Endesa,Barcelona,Terrassa,2.00685913,110.0,25.0,85.0,1,1,2023
2023-02-01,Endesa,Barcelona,Terrassa,2.00685913,110.0,25.0,85.0,2,1,2023
2023-03-01,Endesa,Barcelona,Terrassa,2.00685913,110.0,25.0,85.0,3,1,2023
2023-04-01,Endesa,Barcelona,Terrassa,2.00685913,110.0,25.0,85.0,4,2,2023
2023-05-01,Endesa,Barcelona,Terrassa,2.00685913,110.0,25.0,85.0,5,2,2023
2023-06-01,Endesa,Barcelona,Terrassa,2.00685913,110.0,25.0,85.0,6,2,2023
2023-07-01,Endesa,Barcelona,Terrassa,2.00685913,110.0,25.0,85.0,7,3,2023
2023-08-01,Endesa,Barcelona,Terrassa,2.00685913,110.0,25.0,85.0,8,3,2023
2022-09-01,Endesa,Barcelona,Terrassa,2.02218178,110.0,11.0,99.0,9,3,2022
2022-10-01,Endesa,Barcelona,Terrassa,2.02218178,110.0,11.0,99.0,10,4,2022
2022-11-01,Endesa,Barcelona,Terrassa,2.02218178,110.0,11.0,99.0,11,4,2022
2022-12-01,Endesa,Barcelona,Terrassa,2.02218178,110.0,11.0,99.0,12,4,2022
2023-01-01,Endesa,Barcelona,Terrassa,2.02218178,110.0,11.0,99.0,1,1,2023
2023-02-01,Endesa,Barcelona,Terrassa,2.02218178,110.0,11.0,99.0,2,1,2023
2023-03-01,Endesa,Barcelona,Terrassa,2.02218178,110.0,11.0,99.0,3,1,2023
2023-04-01,Endesa,Barcelona,Terrassa,2.02218178,110.0,11.0,99.0,4,2,2023
2023-05-01,Endesa,Barcelona,Terrassa,2.02218178,110.0,11.0,99.0,5,2,2023
2023-06-01,Endesa,Barcelona,Terrassa,2.02218178,110.0,11.0,99.0,6,2,2023
2023-07-01,Endesa,Barcelona,Terrassa,2.02218178,110.0,11.0,99.0,7,3,2023
2023-08-01,Endesa,Barcelona,Terrassa,2.02218178,110.0,11.0,99.0,8,3,2023
2022-09-01,Endesa,Barcelona,Terrassa,2.04764204,110.0,25.0,85.0,9,3,2022
2022-10-01,Endesa,Barcelona,Terrassa,2.04764204,110.0,25.0,85.0,10,4,2022
2022-11-01,Endesa,Barcelona,Terrassa,2.04764204,110.0,25.0,85.0,11,4,2022
2022-12-01,Endesa,Barcelona,Terrassa,2.04764204,110.0,25.0,85.0,12,4,2022
2023-01-01,Endesa,Barcelona,Terrassa,2.04764204,110.0,25.0,85.0,1,1,2023
2023-02-01,Endesa,Barcelona,Terrassa,2.04764204,110.0,25.0,85.0,2,1,2023
2023-03-01,Endesa,Barcelona,Terrassa,2.04764204,110.0,25.0,85.0,3,1,2023
2023-04-01,Endesa,Barcelona,Terrassa,2.04764204,110.0,25.0,85.0,4,2,2023
2023-05-01,Endesa,Barcelona,Terrassa,2.04764204,110.0,25.0,85.0,5,2,2023
2023-06-01,Endesa,Barcelona,Terrassa,2.04764204,110.0,25.0,85.0,6,2,2023
2023-07-01,Endesa,Barcelona,Terrassa,2.04764204,110.0,25.0,85.0,7,3,2023
2023-08-01,Endesa,Barcelona,Terrassa,2.04764204,110.0,25.0,85.0,8,3,2023
2022-09-01,Endesa,Barcelona,Terrassa,2.05606443,110.0,11.0,99.0,9,3,2022
2022-10-01,Endesa,Barcelona,Terrassa,2.05606443,110.0,11.0,99.0,10,4,2022
2022-11-01,Endesa,Barcelona,Terrassa,2.05606443,110.0,11.0,99.0,11,4,2022
2022-12-01,Endesa,Barcelona,Terrassa,2.05606443,110.0,11.0,99.0,12,4,2022
2023-01-01,Endesa,Barcelona,Terrassa,2.05606443,110.0,11.0,99.0,1,1,2023
2023-02-01,Endesa,Barcelona,Terrassa,2.05606443,110.0,11.0,99.0,2,1,2023
2023-03-01,Endesa,Barcelona,Terrassa,2.05606443,110.0,11.0,99.0,3,1,2023
2023-04-01,Endesa,Barcelona,Terrassa,2.05606443,110.0,11.0,99.0,4,2,2023
2023-05-01,Endesa,Barcelona,Terrassa,2.05606443,110.0,11.0,99.0,5,2,2023
2023-06-01,Endesa,Barcelona,Terrassa,2.05606443,110.0,11.0,99.0,6,2,2023
2023-07-01,Endesa,Barcelona,Terrassa,2.05606443,110.0,11.0,99.0,7,3,2023
2023-08-01,Endesa,Barcelona,Terrassa,2.05606443,110.0,11.0,99.0,8,3,2023
2022-09-01,Endesa,Barcelona,Tordera,2.73174871,110.0,25.0,85.0,9,3,2022
2022-10-01,Endesa,Barcelona,Tordera,2.73174871,110.0,25.0,85.0,10,4,2022
2022-11-01,Endesa,Barcelona,Tordera,2.73174871,110.0,25.0,85.0,11,4,2022
2022-12-01,Endesa,Barcelona,Tordera,2.73174871,110.0,25.0,85.0,12,4,2022
2023-01-01,Endesa,Barcelona,Tordera,2.73174871,110.0,15.0,95.0,1,1,2023
2023-02-01,Endesa,Barcelona,Tordera,2.73174871,110.0,15.0,95.0,2,1,2023
2023-03-01,Endesa,Barcelona,Tordera,2.73174871,110.0,15.0,95.0,3,1,2023
2023-04-01,Endesa,Barcelona,Tordera,2.73174871,110.0,15.0,95.0,4,2,2023
2023-05-01,Endesa,Barcelona,Tordera,2.73174871,110.0,15.0,95.0,5,2,2023
2023-06-01,Endesa,Barcelona,Tordera,2.73174871,110.0,15.0,95.0,6,2,2023
2023-07-01,Endesa,Barcelona,Tordera,2.73174871,110.0,15.0,95.0,7,3,2023
2023-08-01,Endesa,Barcelona,Tordera,2.73174871,110.0,15.0,95.0,8,3,2023
2022-09-01,Endesa,Barcelona,"Torre de Claramunt, La",1.67920066,110.0,25.0,85.0,9,3,2022
2022-10-01,Endesa,Barcelona,"Torre de Claramunt, La",1.67920066,110.0,25.0,85.0,10,4,2022
2022-11-01,Endesa,Barcelona,"Torre de Claramunt, La",1.67920066,110.0,25.0,85.0,11,4,2022
2022-12-01,Endesa,Barcelona,"Torre de Claramunt, La",1.67920066,110.0,25.0,85.0,12,4,2022
2023-01-01,Endesa,Barcelona,"Torre de Claramunt, La",1.67920066,110.0,25.0,85.0,1,1,2023
2023-02-01,Endesa,Barcelona,"Torre de Claramunt, La",1.67920066,110.0,25.0,85.0,2,1,2023
2023-03-01,Endesa,Barcelona,"Torre de Claramunt, La",1.67920066,110.0,25.0,85.0,3,1,2023
2023-04-01,Endesa,Barcelona,"Torre de Claramunt, La",1.67920066,110.0,25.0,85.0,4,2,2023
2023-05-01,Endesa,Barcelona,"Torre de Claramunt, La",1.67920066,110.0,25.0,85.0,5,2,2023
2023-06-01,Endesa,Barcelona,"Torre de Claramunt, La",1.67920066,110.0,25.0,85.0,6,2,2023
2023-07-01,Endesa,Barcelona,"Torre de Claramunt, La",1.67920066,110.0,25.0,85.0,7,3,2023
2023-08-01,Endesa,Barcelona,"Torre de Claramunt, La",1.67920066,110.0,25.0,85.0,8,3,2023
2022-09-01,Endesa,Tarragona,Tortosa,0.52561207,110.0,25.0,85.0,9,3,2022
2022-10-01,Endesa,Tarragona,Tortosa,0.52561207,110.0,25.0,85.0,10,4,2022
2022-11-01,Endesa,Tarragona,Tortosa,0.52561207,110.0,25.0,85.0,11,4,2022
2022-12-01,Endesa,Tarragona,Tortosa,0.52561207,110.0,25.0,85.0,12,4,2022
2023-01-01,Endesa,Tarragona,Tortosa,0.52561207,110.0,25.0,85.0,1,1,2023
2023-02-01,Endesa,Tarragona,Tortosa,0.52561207,110.0,25.0,85.0,2,1,2023
2023-03-01,Endesa,Tarragona,Tortosa,0.52561207,110.0,25.0,85.0,3,1,2023
2023-04-01,Endesa,Tarragona,Tortosa,0.52561207,110.0,25.0,85.0,4,2,2023
2023-05-01,Endesa,Tarragona,Tortosa,0.52561207,110.0,25.0,85.0,5,2,2023
2023-06-01,Endesa,Tarragona,Tortosa,0.52561207,110.0,25.0,85.0,6,2,2023
2023-07-01,Endesa,Tarragona,Tortosa,0.52561207,110.0,25.0,85.0,7,3,2023
2023-08-01,Endesa,Tarragona,Tortosa,0.52561207,110.0,25.0,85.0,8,3,2023
2022-09-01,Endesa,Lleida,Tàrrega,1.13258216,85.0,25.0,60.0,9,3,2022
2022-10-01,Endesa,Lleida,Tàrrega,1.13258216,85.0,25.0,60.0,10,4,2022
2022-11-01,Endesa,Lleida,Tàrrega,1.13258216,85.0,25.0,60.0,11,4,2022
2022-12-01,Endesa,Lleida,Tàrrega,1.13258216,85.0,25.0,60.0,12,4,2022
2023-01-01,Endesa,Lleida,Tàrrega,1.13258216,85.0,25.0,60.0,1,1,2023
2023-02-01,Endesa,Lleida,Tàrrega,1.13258216,85.0,25.0,60.0,2,1,2023
2023-03-01,Endesa,Lleida,Tàrrega,1.13258216,85.0,25.0,60.0,3,1,2023
2023-04-01,Endesa,Lleida,Tàrrega,1.13258216,85.0,25.0,60.0,4,2,2023
2023-05-01,Endesa,Lleida,Tàrrega,1.13258216,85.0,25.0,60.0,5,2,2023
2023-06-01,Endesa,Lleida,Tàrrega,1.13258216,85.0,25.0,60.0,6,2,2023
2023-07-01,Endesa,Lleida,Tàrrega,1.13258216,85.0,25.0,60.0,7,3,2023
2023-08-01,Endesa,Lleida,Tàrrega,1.13258216,85.0,25.0,60.0,8,3,2023
2022-09-01,Endesa,Lleida,Térmens,0.79370362,85.0,25.0,60.0,9,3,2022
2022-10-01,Endesa,Lleida,Térmens,0.79370362,85.0,25.0,60.0,10,4,2022
2022-11-01,Endesa,Lleida,Térmens,0.79370362,85.0,25.0,60.0,11,4,2022
2022-12-01,Endesa,Lleida,Térmens,0.79370362,85.0,25.0,60.0,12,4,2022
2023-01-01,Endesa,Lleida,Térmens,0.79370362,85.0,25.0,60.0,1,1,2023
2023-02-01,Endesa,Lleida,Térmens,0.79370362,85.0,25.0,60.0,2,1,2023
2023-03-01,Endesa,Lleida,Térmens,0.79370362,85.0,25.0,60.0,3,1,2023
2023-04-01,Endesa,Lleida,Térmens,0.79370362,85.0,25.0,60.0,4,2,2023
2023-05-01,Endesa,Lleida,Térmens,0.79370362,85.0,25.0,60.0,5,2,2023
2023-06-01,Endesa,Lleida,Térmens,0.79370362,85.0,25.0,60.0,6,2,2023
2023-07-01,Endesa,Lleida,Térmens,0.79370362,85.0,25.0,60.0,7,3,2023
2023-08-01,Endesa,Lleida,Térmens,0.79370362,85.0,25.0,60.0,8,3,2023
2022-03-01,Endesa,Cádiz,UBRIQUE,20.0,14.0,6.8,7.2,3,1,2022
2022-03-01,Endesa,Cádiz,UBRIQUE,66.0,14.0,5.8,8.2,3,1,2022
2022-05-01,Endesa,Zaragoza,UNIVERSITA,45.0,12.6,0.0,12.6,5,2,2022
2021-11-01,Endesa,Sevilla,UTRERA,15.0,28.7,0.0,28.7,11,4,2021
2021-11-01,Endesa,Sevilla,UTRERA,66.0,28.7,0.0,28.7,11,4,2021
2022-09-01,Endesa,Tarragona,Ulldecona,0.37021627,110.0,16.0,94.0,9,3,2022
2022-10-01,Endesa,Tarragona,Ulldecona,0.37021627,110.0,16.0,94.0,10,4,2022
2022-11-01,Endesa,Tarragona,Ulldecona,0.37021627,110.0,16.0,94.0,11,4,2022
2022-12-01,Endesa,Tarragona,Ulldecona,0.37021627,110.0,16.0,94.0,12,4,2022
2023-01-01,Endesa,Tarragona,Ulldecona,0.37021627,110.0,16.0,94.0,1,1,2023
2023-02-01,Endesa,Tarragona,Ulldecona,0.37021627,110.0,16.0,94.0,2,1,2023
2023-03-01,Endesa,Tarragona,Ulldecona,0.37021627,110.0,16.0,94.0,3,1,2023
2023-04-01,Endesa,Tarragona,Ulldecona,0.37021627,110.0,16.0,94.0,4,2,2023
2023-05-01,Endesa,Tarragona,Ulldecona,0.37021627,110.0,16.0,94.0,5,2,2023
2023-06-01,Endesa,Tarragona,Ulldecona,0.37021627,110.0,16.0,94.0,6,2,2023
2023-07-01,Endesa,Tarragona,Ulldecona,0.37021627,110.0,16.0,94.0,7,3,2023
2023-08-01,Endesa,Tarragona,Ulldecona,0.37021627,110.0,16.0,94.0,8,3,2023
2022-04-01,Endesa,Girona,V.LLOBREGA,110.0,126.2,113.8,12.400000000000006,4,2,2022
2022-04-01,Endesa,Girona,V.LLOBREGA,25.0,61.3,55.3,6.0,4,2,2022
2021-09-01,Endesa,Badajoz,VAGUADAS,20.0,22.4,13.4,8.999999999999998,9,3,2021
2022-01-01,Endesa,Badajoz,VAGUADAS,20.0,12.3,-2.2,14.5,1,1,2022
2022-04-01,Endesa,Badajoz,VAGUADAS,20.0,0.0,-7.7,7.7,4,2,2022
2022-05-01,Endesa,Badajoz,VAGUADAS,20.0,25.6,0.0,25.6,5,2,2022
2025-12-01,Endesa,Badajoz,VAGUADAS,20.0,6.07,-7.8,13.870000000000001,12,4,2025
2026-05-01,Endesa,Badajoz,VAGUADAS,20.0,4.84,-4.99,9.83,5,2,2026
2021-09-01,Endesa,Badajoz,VAGUADAS,66.0,2.2,-75.8,78.0,9,3,2021
2021-11-01,Endesa,Badajoz,VAGUADAS,66.0,15.4,2.3,13.100000000000001,11,4,2021
2021-12-01,Endesa,Badajoz,VAGUADAS,66.0,51.0,15.4,35.6,12,4,2021
2022-03-01,Endesa,Badajoz,VAGUADAS,66.0,-41.5,-75.0,33.5,3,1,2022
2022-04-01,Endesa,Badajoz,VAGUADAS,66.0,0.0,-41.5,41.5,4,2,2022
2022-05-01,Endesa,Badajoz,VAGUADAS,66.0,59.9,0.0,59.9,5,2,2022
2025-10-01,Endesa,Badajoz,VAGUADAS,66.0,18.2,0.0,18.2,10,4,2025
2025-12-01,Endesa,Badajoz,VAGUADAS,66.0,37.82,18.2,19.62,12,4,2025
2026-05-01,Endesa,Badajoz,VAGUADAS,66.0,16.97,0.0,16.97,5,2,2026
2022-04-01,Endesa,Cádiz,VALDELAG,66.0,71.6,24.5,47.099999999999994,4,2,2022
2022-02-01,Endesa,Cádiz,VALENCIA,66.0,-15.5,-58.0,42.5,2,1,2022
2022-04-01,Endesa,Cádiz,VALENCIA,66.0,62.2,-11.8,74.0,4,2,2022
2021-08-01,Endesa,Zaragoza,VALENZUELA,15.0,28.3,13.2,15.100000000000001,8,3,2021
2022-04-01,Endesa,Zaragoza,VALENZUELA,15.0,0.0,-5.9,5.9,4,2,2022
2021-12-01,Endesa,Zaragoza,VALENZUELA,45.0,68.7,18.7,50.0,12,4,2021
2022-04-01,Endesa,Zaragoza,VALENZUELA,45.0,0.0,-58.9,58.9,4,2,2022
2025-10-01,Endesa,Barcelona,VALLCARCA,25.0,30.0,24.4,5.600000000000001,10,4,2025
2025-10-01,Endesa,Barcelona,VALLCARCA,66.0,30.0,24.4,5.600000000000001,10,4,2025
2021-10-01,Endesa,Sevilla,VALME,132.0,55.7,7.7,48.0,10,4,2021
2021-11-01,Endesa,Sevilla,VALME,132.0,64.5,55.7,8.799999999999997,11,4,2021
2022-02-01,Endesa,Sevilla,VALME,132.0,-3.3,-17.3,14.0,2,1,2022
2022-05-01,Endesa,Sevilla,VALME,132.0,-18.2,-31.8,13.600000000000001,5,2,2022
2021-11-01,Endesa,Sevilla,VALME,15.0,64.3,24.4,39.9,11,4,2021
2022-06-01,Endesa,Sevilla,VALME,15.0,0.0,-5.0,5.0,6,2,2022
2021-08-01,Endesa,Tarragona,VANDELLOS,110.0,33.7,14.6,19.1,8,3,2021
2021-11-01,Endesa,Tarragona,VANDELLOS,110.0,39.2,-33.9,73.1,11,4,2021
2022-04-01,Endesa,Tarragona,VANDELLOS,110.0,43.1,32.3,10.800000000000004,4,2,2022
2022-06-01,Endesa,Tarragona,VANDELLOS,110.0,75.8,41.0,34.8,6,2,2022
2025-12-01,Endesa,Tarragona,VANDELLOS,110.0,28.13,0.0,28.13,12,4,2025
2026-03-01,Endesa,Tarragona,VANDELLOS,110.0,36.42,25.65,10.770000000000003,3,1,2026
2021-08-01,Endesa,Tarragona,VANDELLOS,25.0,37.2,19.6,17.6,8,3,2021
2022-04-01,Endesa,Tarragona,VANDELLOS,25.0,43.1,35.8,7.300000000000004,4,2,2022
2022-06-01,Endesa,Tarragona,VANDELLOS,25.0,70.2,41.0,29.200000000000003,6,2,2022
2025-12-01,Endesa,Tarragona,VANDELLOS,25.0,20.63,0.0,20.63,12,4,2025
2026-01-01,Endesa,Tarragona,VANDELLOS,25.0,25.65,20.63,5.02,1,1,2026
2026-03-01,Endesa,Tarragona,VANDELLOS,25.0,36.42,25.65,10.770000000000003,3,1,2026
2022-03-01,Endesa,Badajoz,VEGASBAJ,20.0,6.8,-3.3,10.1,3,1,2022
2022-05-01,Endesa,Badajoz,VEGASBAJ,20.0,0.0,-10.0,10.0,5,2,2022
2025-12-01,Endesa,Badajoz,VEGASBAJ,20.0,23.55,1.5,22.05,12,4,2025
2026-05-01,Endesa,Badajoz,VEGASBAJ,20.0,17.61,0.0,17.61,5,2,2026
2021-11-01,Endesa,Badajoz,VEGASBAJ,66.0,47.9,37.2,10.699999999999996,11,4,2021
2025-10-01,Endesa,Badajoz,VEGASBAJ,66.0,6.4,0.0,6.4,10,4,2025
2025-12-01,Endesa,Badajoz,VEGASBAJ,66.0,37.26,6.4,30.86,12,4,2025
2026-05-01,Endesa,Badajoz,VEGASBAJ,66.0,31.33,0.0,31.33,5,2,2026
2021-12-01,Endesa,Cádiz,VEJER,20.0,6.8,0.0,6.8,12,4,2021
2021-12-01,Endesa,Cádiz,VEJER,66.0,6.8,0.0,6.8,12,4,2021
2021-09-01,Endesa,Baleares,VELES,15.0,22.6,17.1,5.5,9,3,2021
2022-06-01,Endesa,Baleares,VELES,15.0,-3.5,-13.4,9.9,6,2,2022
2022-06-01,Endesa,Tarragona,VENDRELL,110.0,11.0,0.0,11.0,6,2,2022
2025-10-01,Endesa,Tarragona,VENDRELL,110.0,38.5,11.0,27.5,10,4,2025
2025-10-01,Endesa,Tarragona,VENDRELL,25.0,30.2,0.0,30.2,10,4,2025
2025-12-01,Endesa,Barcelona,VIC,132.0,185.74,139.1,46.640000000000015,12,4,2025
2026-01-01,Endesa,Barcelona,VIC,132.0,217.49,185.74,31.75,1,1,2026
2026-05-01,Endesa,Barcelona,VIC,132.0,227.69,217.64,10.050000000000011,5,2,2026
2022-04-01,Endesa,Barcelona,VIC,25.0,163.6,148.1,15.5,4,2,2022
2025-12-01,Endesa,Barcelona,VIC,25.0,22.73,6.7,16.03,12,4,2025
2025-10-01,Endesa,Barcelona,VILADECANS,66.0,29.6,24.2,5.400000000000002,10,4,2025
2021-09-01,Endesa,Girona,VILAMALLA,132.0,89.6,82.4,7.199999999999989,9,3,2021
2021-10-01,Endesa,Girona,VILAMALLA,132.0,103.5,89.6,13.900000000000006,10,4,2021
2022-04-01,Endesa,Barcelona,VILANOVA,11.0,220.5,198.4,22.099999999999994,4,2,2022
2022-04-01,Endesa,Barcelona,VILANOVA,25.0,135.7,122.2,13.499999999999986,4,2,2022
2025-10-01,Endesa,Málaga,VILLFRAG,20.0,48.0,0.0,48.0,10,4,2025
2026-03-01,Endesa,Málaga,VILLFRAG,20.0,37.35,16.39,20.96,3,1,2026
2025-10-01,Endesa,Málaga,VILLFRAG,66.0,98.6,0.0,98.6,10,4,2025
2026-03-01,Endesa,Málaga,VILLFRAG,66.0,95.58,16.39,79.19,3,1,2026
2022-04-01,Endesa,Córdoba,VILLFRAN,66.0,25.7,0.0,25.7,4,2,2022
2021-11-01,Endesa,Cádiz,VILLMART,20.0,18.5,8.5,10.0,11,4,2021
2022-02-01,Endesa,Cádiz,VILLMART,20.0,11.6,4.0,7.6,2,1,2022
2022-03-01,Endesa,Cádiz,VILLMART,66.0,20.6,11.6,9.000000000000002,3,1,2022
2025-10-01,Endesa,Sevilla,VILLNREY,25.0,0.0,-7.6,7.6,10,4,2025
2021-10-01,Endesa,Sevilla,VILLNREY,66.0,17.5,9.9,7.6,10,4,2021
2022-04-01,Endesa,Sevilla,VILLNREY,66.0,0.3,-13.8,14.100000000000001,4,2,2022
2022-04-01,Endesa,Málaga,VISOS,66.0,87.4,78.8,8.600000000000009,4,2,2022
2022-09-01,Endesa,Teruel,Valderrobres,0.16222642,132.0,25.0,107.0,9,3,2022
2022-10-01,Endesa,Teruel,Valderrobres,0.16222642,132.0,25.0,107.0,10,4,2022
2022-11-01,Endesa,Teruel,Valderrobres,0.16222642,132.0,25.0,107.0,11,4,2022
2022-12-01,Endesa,Teruel,Valderrobres,0.16222642,132.0,25.0,107.0,12,4,2022
2023-01-01,Endesa,Teruel,Valderrobres,0.16222642,132.0,25.0,107.0,1,1,2023
2023-02-01,Endesa,Teruel,Valderrobres,0.16222642,132.0,25.0,107.0,2,1,2023
2023-03-01,Endesa,Teruel,Valderrobres,0.16222642,132.0,25.0,107.0,3,1,2023
2023-04-01,Endesa,Teruel,Valderrobres,0.16222642,132.0,25.0,107.0,4,2,2023
2023-05-01,Endesa,Teruel,Valderrobres,0.16222642,132.0,25.0,107.0,5,2,2023
2023-06-01,Endesa,Teruel,Valderrobres,0.16222642,132.0,25.0,107.0,6,2,2023
2023-07-01,Endesa,Teruel,Valderrobres,0.16222642,132.0,25.0,107.0,7,3,2023
2023-08-01,Endesa,Teruel,Valderrobres,0.16222642,132.0,25.0,107.0,8,3,2023
2022-09-01,Endesa,Lleida,"Vall de Boí, La",0.81122807,132.0,25.0,107.0,9,3,2022
2022-10-01,Endesa,Lleida,"Vall de Boí, La",0.81122807,132.0,25.0,107.0,10,4,2022
2022-11-01,Endesa,Lleida,"Vall de Boí, La",0.81122807,132.0,25.0,107.0,11,4,2022
2022-12-01,Endesa,Lleida,"Vall de Boí, La",0.81122807,132.0,25.0,107.0,12,4,2022
2023-01-01,Endesa,Lleida,"Vall de Boí, La",0.81122807,132.0,25.0,107.0,1,1,2023
2023-02-01,Endesa,Lleida,"Vall de Boí, La",0.81122807,132.0,25.0,107.0,2,1,2023
2023-03-01,Endesa,Lleida,"Vall de Boí, La",0.81122807,132.0,25.0,107.0,3,1,2023
2023-04-01,Endesa,Lleida,"Vall de Boí, La",0.81122807,132.0,25.0,107.0,4,2,2023
2023-05-01,Endesa,Lleida,"Vall de Boí, La",0.81122807,132.0,25.0,107.0,5,2,2023
2023-06-01,Endesa,Lleida,"Vall de Boí, La",0.81122807,132.0,25.0,107.0,6,2,2023
2023-07-01,Endesa,Lleida,"Vall de Boí, La",0.81122807,132.0,25.0,107.0,7,3,2023
2023-08-01,Endesa,Lleida,"Vall de Boí, La",0.81122807,132.0,25.0,107.0,8,3,2023
2022-09-01,Endesa,Girona,Vall-llobrega,3.12040923,110.0,25.0,85.0,9,3,2022
2022-10-01,Endesa,Girona,Vall-llobrega,3.12040923,110.0,25.0,85.0,10,4,2022
2022-11-01,Endesa,Girona,Vall-llobrega,3.12040923,110.0,25.0,85.0,11,4,2022
2022-12-01,Endesa,Girona,Vall-llobrega,3.12040923,110.0,25.0,85.0,12,4,2022
2023-01-01,Endesa,Girona,Vall-llobrega,3.12040923,110.0,25.0,85.0,1,1,2023
2023-02-01,Endesa,Girona,Vall-llobrega,3.12040923,110.0,25.0,85.0,2,1,2023
2023-03-01,Endesa,Girona,Vall-llobrega,3.12040923,110.0,25.0,85.0,3,1,2023
2023-04-01,Endesa,Girona,Vall-llobrega,3.12040923,110.0,25.0,85.0,4,2,2023
2023-05-01,Endesa,Girona,Vall-llobrega,3.12040923,110.0,25.0,85.0,5,2,2023
2023-06-01,Endesa,Girona,Vall-llobrega,3.12040923,110.0,25.0,85.0,6,2,2023
2023-07-01,Endesa,Girona,Vall-llobrega,3.12040923,110.0,25.0,85.0,7,3,2023
2023-08-01,Endesa,Girona,Vall-llobrega,3.12040923,110.0,25.0,85.0,8,3,2023
2022-09-01,Endesa,Tarragona,Valls,1.25624307,110.0,25.0,85.0,9,3,2022
2022-10-01,Endesa,Tarragona,Valls,1.25624307,110.0,25.0,85.0,10,4,2022
2022-11-01,Endesa,Tarragona,Valls,1.25624307,110.0,25.0,85.0,11,4,2022
2022-12-01,Endesa,Tarragona,Valls,1.25624307,110.0,25.0,85.0,12,4,2022
2023-01-01,Endesa,Tarragona,Valls,1.25624307,110.0,25.0,85.0,1,1,2023
2023-02-01,Endesa,Tarragona,Valls,1.25624307,110.0,25.0,85.0,2,1,2023
2023-03-01,Endesa,Tarragona,Valls,1.25624307,110.0,25.0,85.0,3,1,2023
2023-04-01,Endesa,Tarragona,Valls,1.25624307,110.0,25.0,85.0,4,2,2023
2023-05-01,Endesa,Tarragona,Valls,1.25624307,110.0,25.0,85.0,5,2,2023
2023-06-01,Endesa,Tarragona,Valls,1.25624307,110.0,25.0,85.0,6,2,2023
2023-07-01,Endesa,Tarragona,Valls,1.25624307,110.0,25.0,85.0,7,3,2023
2023-08-01,Endesa,Tarragona,Valls,1.25624307,110.0,25.0,85.0,8,3,2023
2022-09-01,Endesa,Tarragona,Vandellòs i l`Hospitalet de l`Infant,0.87720681,110.0,25.0,85.0,9,3,2022
2022-10-01,Endesa,Tarragona,Vandellòs i l`Hospitalet de l`Infant,0.87720681,110.0,25.0,85.0,10,4,2022
2022-11-01,Endesa,Tarragona,Vandellòs i l`Hospitalet de l`Infant,0.87720681,110.0,25.0,85.0,11,4,2022
2022-12-01,Endesa,Tarragona,Vandellòs i l`Hospitalet de l`Infant,0.87720681,110.0,25.0,85.0,12,4,2022
2023-01-01,Endesa,Tarragona,Vandellòs i l`Hospitalet de l`Infant,0.87720681,110.0,25.0,85.0,1,1,2023
2023-02-01,Endesa,Tarragona,Vandellòs i l`Hospitalet de l`Infant,0.87720681,110.0,25.0,85.0,2,1,2023
2023-03-01,Endesa,Tarragona,Vandellòs i l`Hospitalet de l`Infant,0.87720681,110.0,25.0,85.0,3,1,2023
2023-04-01,Endesa,Tarragona,Vandellòs i l`Hospitalet de l`Infant,0.87720681,110.0,25.0,85.0,4,2,2023
2023-05-01,Endesa,Tarragona,Vandellòs i l`Hospitalet de l`Infant,0.87720681,110.0,25.0,85.0,5,2,2023
2023-06-01,Endesa,Tarragona,Vandellòs i l`Hospitalet de l`Infant,0.87720681,110.0,25.0,85.0,6,2,2023
2023-07-01,Endesa,Tarragona,Vandellòs i l`Hospitalet de l`Infant,0.87720681,110.0,25.0,85.0,7,3,2023
2023-08-01,Endesa,Tarragona,Vandellòs i l`Hospitalet de l`Infant,0.87720681,110.0,25.0,85.0,8,3,2023
2023-06-01,Endesa,Tarragona,"Vendrell, El",1.50702352,110.0,25.0,85.0,6,2,2023
2023-07-01,Endesa,Tarragona,"Vendrell, El",1.50702352,110.0,25.0,85.0,7,3,2023
2023-08-01,Endesa,Tarragona,"Vendrell, El",1.50702352,110.0,25.0,85.0,8,3,2023
2022-09-01,Endesa,Tarragona,"Vendrell, El",1.50727294,110.0,25.0,85.0,9,3,2022
2022-10-01,Endesa,Tarragona,"Vendrell, El",1.50727294,110.0,25.0,85.0,10,4,2022
2022-11-01,Endesa,Tarragona,"Vendrell, El",1.50727294,110.0,25.0,85.0,11,4,2022
2022-12-01,Endesa,Tarragona,"Vendrell, El",1.50727294,110.0,25.0,85.0,12,4,2022
2022-09-01,Endesa,Barcelona,Vic,2.24914865,110.0,25.0,85.0,9,3,2022
2022-10-01,Endesa,Barcelona,Vic,2.24914865,110.0,25.0,85.0,10,4,2022
2022-11-01,Endesa,Barcelona,Vic,2.24914865,110.0,25.0,85.0,11,4,2022
2022-12-01,Endesa,Barcelona,Vic,2.24914865,110.0,25.0,85.0,12,4,2022
2023-01-01,Endesa,Barcelona,Vic,2.24914865,110.0,25.0,85.0,1,1,2023
2023-02-01,Endesa,Barcelona,Vic,2.24914865,110.0,25.0,85.0,2,1,2023
2023-03-01,Endesa,Barcelona,Vic,2.24914865,110.0,25.0,85.0,3,1,2023
2023-04-01,Endesa,Barcelona,Vic,2.24914865,110.0,25.0,85.0,4,2,2023
2023-05-01,Endesa,Barcelona,Vic,2.24914865,110.0,25.0,85.0,5,2,2023
2023-06-01,Endesa,Barcelona,Vic,2.24914865,110.0,25.0,85.0,6,2,2023
2023-07-01,Endesa,Barcelona,Vic,2.24914865,110.0,25.0,85.0,7,3,2023
2023-08-01,Endesa,Barcelona,Vic,2.24914865,110.0,25.0,85.0,8,3,2023
2022-09-01,Endesa,Barcelona,Vic,2.28212219,132.0,25.0,107.0,9,3,2022
2022-10-01,Endesa,Barcelona,Vic,2.28212219,132.0,25.0,107.0,10,4,2022
2022-11-01,Endesa,Barcelona,Vic,2.28212219,132.0,25.0,107.0,11,4,2022
2022-12-01,Endesa,Barcelona,Vic,2.28212219,132.0,25.0,107.0,12,4,2022
2023-01-01,Endesa,Barcelona,Vic,2.28212219,132.0,25.0,107.0,1,1,2023
2023-02-01,Endesa,Barcelona,Vic,2.28212219,132.0,25.0,107.0,2,1,2023
2023-03-01,Endesa,Barcelona,Vic,2.28212219,132.0,25.0,107.0,3,1,2023
2023-04-01,Endesa,Barcelona,Vic,2.28212219,132.0,25.0,107.0,4,2,2023
2023-05-01,Endesa,Barcelona,Vic,2.28212219,132.0,25.0,107.0,5,2,2023
2023-06-01,Endesa,Barcelona,Vic,2.28212219,132.0,15.6,116.4,6,2,2023
2023-07-01,Endesa,Barcelona,Vic,2.28212219,132.0,15.6,116.4,7,3,2023
2023-08-01,Endesa,Barcelona,Vic,2.28212219,132.0,15.6,116.4,8,3,2023
2022-09-01,Endesa,Lleida,Vielha e Mijaran,0.79745477,110.0,25.0,85.0,9,3,2022
2022-10-01,Endesa,Lleida,Vielha e Mijaran,0.79745477,110.0,25.0,85.0,10,4,2022
2022-11-01,Endesa,Lleida,Vielha e Mijaran,0.79745477,110.0,25.0,85.0,11,4,2022
2022-12-01,Endesa,Lleida,Vielha e Mijaran,0.79745477,110.0,25.0,85.0,12,4,2022
2023-01-01,Endesa,Lleida,Vielha e Mijaran,0.79745477,110.0,25.0,85.0,1,1,2023
2023-02-01,Endesa,Lleida,Vielha e Mijaran,0.79745477,110.0,25.0,85.0,2,1,2023
2023-03-01,Endesa,Lleida,Vielha e Mijaran,0.79745477,110.0,25.0,85.0,3,1,2023
2023-04-01,Endesa,Lleida,Vielha e Mijaran,0.79745477,110.0,25.0,85.0,4,2,2023
2023-05-01,Endesa,Lleida,Vielha e Mijaran,0.79745477,110.0,25.0,85.0,5,2,2023
2023-06-01,Endesa,Lleida,Vielha e Mijaran,0.79745477,110.0,25.0,85.0,6,2,2023
2023-07-01,Endesa,Lleida,Vielha e Mijaran,0.79745477,110.0,25.0,85.0,7,3,2023
2023-08-01,Endesa,Lleida,Vielha e Mijaran,0.79745477,110.0,25.0,85.0,8,3,2023
2022-09-01,Endesa,Barcelona,Viladecans,2.02825206,66.0,25.0,41.0,9,3,2022
2022-10-01,Endesa,Barcelona,Viladecans,2.02825206,66.0,25.0,41.0,10,4,2022
2022-11-01,Endesa,Barcelona,Viladecans,2.02825206,66.0,25.0,41.0,11,4,2022
2022-12-01,Endesa,Barcelona,Viladecans,2.02825206,66.0,25.0,41.0,12,4,2022
2023-01-01,Endesa,Barcelona,Viladecans,2.02825206,66.0,25.0,41.0,1,1,2023
2023-02-01,Endesa,Barcelona,Viladecans,2.02825206,66.0,25.0,41.0,2,1,2023
2023-03-01,Endesa,Barcelona,Viladecans,2.02825206,66.0,25.0,41.0,3,1,2023
2023-04-01,Endesa,Barcelona,Viladecans,2.02825206,66.0,25.0,41.0,4,2,2023
2023-05-01,Endesa,Barcelona,Viladecans,2.02825206,66.0,25.0,41.0,5,2,2023
2023-06-01,Endesa,Barcelona,Viladecans,2.02825206,66.0,25.0,41.0,6,2,2023
2023-07-01,Endesa,Barcelona,Viladecans,2.02825206,66.0,25.0,41.0,7,3,2023
2023-08-01,Endesa,Barcelona,Viladecans,2.02825206,66.0,25.0,41.0,8,3,2023
2022-09-01,Endesa,Girona,Vilallonga de Ter,2.29695536,45.0,25.0,20.0,9,3,2022
2022-10-01,Endesa,Girona,Vilallonga de Ter,2.29695536,45.0,25.0,20.0,10,4,2022
2022-11-01,Endesa,Girona,Vilallonga de Ter,2.29695536,45.0,25.0,20.0,11,4,2022
2022-12-01,Endesa,Girona,Vilallonga de Ter,2.29695536,45.0,25.0,20.0,12,4,2022
2023-01-01,Endesa,Girona,Vilallonga de Ter,2.29695536,45.0,25.0,20.0,1,1,2023
2023-02-01,Endesa,Girona,Vilallonga de Ter,2.29695536,45.0,25.0,20.0,2,1,2023
2023-03-01,Endesa,Girona,Vilallonga de Ter,2.29695536,45.0,25.0,20.0,3,1,2023
2023-04-01,Endesa,Girona,Vilallonga de Ter,2.29695536,45.0,25.0,20.0,4,2,2023
2023-05-01,Endesa,Girona,Vilallonga de Ter,2.29695536,45.0,25.0,20.0,5,2,2023
2023-06-01,Endesa,Girona,Vilallonga de Ter,2.29695536,45.0,25.0,20.0,6,2,2023
2023-07-01,Endesa,Girona,Vilallonga de Ter,2.29695536,45.0,25.0,20.0,7,3,2023
2023-08-01,Endesa,Girona,Vilallonga de Ter,2.29695536,45.0,25.0,20.0,8,3,2023
2022-09-01,Endesa,Girona,Vilamalla,2.99106828,132.0,25.0,107.0,9,3,2022
2022-10-01,Endesa,Girona,Vilamalla,2.99106828,132.0,25.0,107.0,10,4,2022
2022-11-01,Endesa,Girona,Vilamalla,2.99106828,132.0,25.0,107.0,11,4,2022
2022-12-01,Endesa,Girona,Vilamalla,2.99106828,132.0,25.0,107.0,12,4,2022
2023-01-01,Endesa,Girona,Vilamalla,2.99106828,132.0,25.0,107.0,1,1,2023
2023-02-01,Endesa,Girona,Vilamalla,2.99106828,132.0,25.0,107.0,2,1,2023
2023-03-01,Endesa,Girona,Vilamalla,2.99106828,132.0,25.0,107.0,3,1,2023
2023-04-01,Endesa,Girona,Vilamalla,2.99106828,132.0,25.0,107.0,4,2,2023
2023-05-01,Endesa,Girona,Vilamalla,2.99106828,132.0,25.0,107.0,5,2,2023
2023-06-01,Endesa,Girona,Vilamalla,2.99106828,132.0,25.0,107.0,6,2,2023
2023-07-01,Endesa,Girona,Vilamalla,2.99106828,132.0,25.0,107.0,7,3,2023
2023-08-01,Endesa,Girona,Vilamalla,2.99106828,132.0,25.0,107.0,8,3,2023
2022-09-01,Endesa,Barcelona,Vilanova de Sau,2.4144079,110.0,25.0,85.0,9,3,2022
2022-10-01,Endesa,Barcelona,Vilanova de Sau,2.4144079,110.0,25.0,85.0,10,4,2022
2022-11-01,Endesa,Barcelona,Vilanova de Sau,2.4144079,110.0,25.0,85.0,11,4,2022
2022-12-01,Endesa,Barcelona,Vilanova de Sau,2.4144079,110.0,25.0,85.0,12,4,2022
2023-01-01,Endesa,Barcelona,Vilanova de Sau,2.4144079,110.0,25.0,85.0,1,1,2023
2023-02-01,Endesa,Barcelona,Vilanova de Sau,2.4144079,110.0,25.0,85.0,2,1,2023
2023-03-01,Endesa,Barcelona,Vilanova de Sau,2.4144079,110.0,25.0,85.0,3,1,2023
2023-04-01,Endesa,Barcelona,Vilanova de Sau,2.4144079,110.0,25.0,85.0,4,2,2023
2023-05-01,Endesa,Barcelona,Vilanova de Sau,2.4144079,110.0,25.0,85.0,5,2,2023
2023-06-01,Endesa,Barcelona,Vilanova de Sau,2.4144079,110.0,25.0,85.0,6,2,2023
2023-07-01,Endesa,Barcelona,Vilanova de Sau,2.4144079,110.0,25.0,85.0,7,3,2023
2023-08-01,Endesa,Barcelona,Vilanova de Sau,2.4144079,110.0,25.0,85.0,8,3,2023
2022-09-01,Endesa,Barcelona,Vilanova i la Geltrú,1.71627775,110.0,11.0,99.0,9,3,2022
2022-10-01,Endesa,Barcelona,Vilanova i la Geltrú,1.71627775,110.0,11.0,99.0,10,4,2022
2022-11-01,Endesa,Barcelona,Vilanova i la Geltrú,1.71627775,110.0,11.0,99.0,11,4,2022
2022-12-01,Endesa,Barcelona,Vilanova i la Geltrú,1.71627775,110.0,11.0,99.0,12,4,2022
2023-01-01,Endesa,Barcelona,Vilanova i la Geltrú,1.71627775,110.0,11.0,99.0,1,1,2023
2023-02-01,Endesa,Barcelona,Vilanova i la Geltrú,1.71627775,110.0,11.0,99.0,2,1,2023
2023-03-01,Endesa,Barcelona,Vilanova i la Geltrú,1.71627775,110.0,11.0,99.0,3,1,2023
2023-04-01,Endesa,Barcelona,Vilanova i la Geltrú,1.71627775,110.0,11.0,99.0,4,2,2023
2023-05-01,Endesa,Barcelona,Vilanova i la Geltrú,1.71627775,110.0,11.0,99.0,5,2,2023
2023-06-01,Endesa,Barcelona,Vilanova i la Geltrú,1.71627775,110.0,11.0,99.0,6,2,2023
2023-07-01,Endesa,Barcelona,Vilanova i la Geltrú,1.71627775,110.0,11.0,99.0,7,3,2023
2023-08-01,Endesa,Barcelona,Vilanova i la Geltrú,1.71627775,110.0,11.0,99.0,8,3,2023
2021-10-01,Endesa,Girona,XIRGU,110.0,26.8,17.2,9.600000000000001,10,4,2021
2022-04-01,Endesa,Girona,XIRGU,110.0,35.6,24.3,11.3,4,2,2022
2021-10-01,Endesa,Girona,XIRGU,25.0,27.8,18.2,9.600000000000001,10,4,2021
2022-04-01,Endesa,Girona,XIRGU,25.0,35.6,25.3,10.3,4,2,2022
2022-09-01,Endesa,Tarragona,Xerta,0.48618292,110.0,25.0,85.0,9,3,2022
2022-10-01,Endesa,Tarragona,Xerta,0.48618292,110.0,25.0,85.0,10,4,2022
2022-11-01,Endesa,Tarragona,Xerta,0.48618292,110.0,25.0,85.0,11,4,2022
2022-12-01,Endesa,Tarragona,Xerta,0.48618292,110.0,25.0,85.0,12,4,2022
2023-01-01,Endesa,Tarragona,Xerta,0.48618292,110.0,25.0,85.0,1,1,2023
2023-02-01,Endesa,Tarragona,Xerta,0.48618292,110.0,25.0,85.0,2,1,2023
2023-03-01,Endesa,Tarragona,Xerta,0.48618292,110.0,25.0,85.0,3,1,2023
2023-04-01,Endesa,Tarragona,Xerta,0.48618292,110.0,25.0,85.0,4,2,2023
2023-05-01,Endesa,Tarragona,Xerta,0.48618292,110.0,25.0,85.0,5,2,2023
2023-06-01,Endesa,Tarragona,Xerta,0.48618292,110.0,25.0,85.0,6,2,2023
2023-07-01,Endesa,Tarragona,Xerta,0.48618292,110.0,25.0,85.0,7,3,2023
2023-08-01,Endesa,Tarragona,Xerta,0.48618292,110.0,25.0,85.0,8,3,2023
2025-12-01,Endesa,Sevilla,ZAUDIN,15.0,12.77,0.0,12.77,12,4,2025
2025-12-01,Endesa,Sevilla,ZAUDIN,66.0,12.77,0.0,12.77,12,4,2025
2026-01-01,Endesa,Cádiz,ZUMAJOS,66.0,10.15,1.66,8.49,1,1,2026
2026-05-01,Endesa,Cádiz,ZUMAJOS,66.0,24.9,1.48,23.419999999999998,5,2,2026
2024-08-01,REE,,ABADES,400.0,0.0,-357.0,357.0,8,3,2024
2024-12-02,REE,,ABADES,400.0,0.0,-357.0,357.0,12,4,2024
2025-02-03,REE,,ABRERA,220.0,0.0,-57.0,57.0,2,1,2025
2024-08-01,REE,,ACECA,220.0,0.0,-386.0,386.0,8,3,2024
2024-11-04,REE,,ACECA,220.0,0.0,-386.0,386.0,11,4,2024
2024-12-02,REE,,AEROPUERTO BARCELONA,220.0,-20.0,-60.0,40.0,12,4,2024
2025-02-03,REE,,AEROPUERTO BARCELONA,220.0,0.0,-20.0,20.0,2,1,2025
2024-02-01,REE,,AGUACATE,220.0,0.0,-10.0,10.0,2,1,2024
2024-09-02,REE,,AGÜIMES,66.0,0.0,-10.0,10.0,9,3,2024
2025-02-03,REE,,ALARCOS,220.0,-38.0,-93.0,55.0,2,1,2025
2025-07-01,REE,,ALARCOS,220.0,-46.0,-58.0,12.0,7,3,2025
2025-10-01,REE,,ALARCOS,220.0,-72.0,-88.0,16.0,10,4,2025
2025-12-01,REE,,ALARCOS,220.0,-52.0,-72.0,20.0,12,4,2025
2025-06-02,REE,,ALBAL,220.0,-17.0,-22.0,5.0,6,2,2025
2025-01-02,REE,,ALBATARREC,220.0,0.0,-50.0,50.0,1,1,2025
2024-01-02,REE,,ALCIRA,220.0,0.0,-20.0,20.0,1,1,2024
2025-07-01,REE,,ALCIRA,220.0,-64.0,-69.0,5.0,7,3,2025
2024-01-02,REE,,ALCOCERO DE MOLA,220.0,0.0,-777.0,777.0,1,1,2024
2024-05-16,REE,,ALCOCERO DE MOLA,220.0,-115.0,-157.0,42.0,5,2,2024
2025-05-05,REE,,ALCOCERO DE MOLA,220.0,-1203.0,-1484.0,281.0,5,2,2025
2026-02-20,REE,,ALCOCERO DE MOLA,220.0,-1459.0,-1500.0,41.0,2,1,2026
2025-01-02,REE,,ALCUDIA BALEARES,66.0,0.0,-20.0,20.0,1,1,2025
2025-03-03,REE,,ALCUDIA BALEARES,66.0,0.0,-20.0,20.0,3,1,2025
2025-02-03,REE,,ALI,220.0,-78.0,-110.0,32.0,2,1,2025
2025-01-02,REE,,ALMARAZ CN,400.0,0.0,-430.0,430.0,1,1,2025
2025-07-01,REE,,ALMARAZ E.T.,220.0,0.0,-38.0,38.0,7,3,2025
2024-08-01,REE,,ALMAZAN,400.0,0.0,-50.0,50.0,8,3,2024
2024-12-02,REE,,ALMAZAN,400.0,0.0,-50.0,50.0,12,4,2024
2025-12-01,REE,,ALMAZAN,400.0,0.0,-12.0,12.0,12,4,2025
2025-05-05,REE,,ALMODOVAR DEL RIO,220.0,-603.0,-646.0,43.0,5,2,2025
2025-06-02,REE,,ALMODOVAR DEL RIO,220.0,-511.0,-603.0,92.0,6,2,2025
2025-07-01,REE,,ALMODOVAR DEL RIO,220.0,-422.0,-511.0,89.0,7,3,2025
2025-10-01,REE,,ALMODOVAR DEL RIO,220.0,-372.0,-422.0,50.0,10,4,2025
2026-02-20,REE,,ALMODOVAR DEL RIO,220.0,-324.0,-372.0,48.0,2,1,2026
2026-05-01,REE,,ALMODOVAR DEL RIO,220.0,-50.0,-324.0,274.0,5,2,2026
2025-08-01,REE,,ALVARADO,220.0,0.0,-87.0,87.0,8,3,2025
2025-08-01,REE,,AMOREBIETA,400.0,0.0,-50.0,50.0,8,3,2025
2025-03-03,REE,,ANCHUELO,220.0,-52.0,-279.0,227.0,3,1,2025
2024-08-01,REE,,ANCHUELO,400.0,0.0,-275.0,275.0,8,3,2024
2024-11-04,REE,,ANCHUELO,400.0,0.0,-275.0,275.0,11,4,2024
2024-09-02,REE,,ANDRATX,66.0,0.0,-67.0,67.0,9,3,2024
2025-01-02,REE,,ANDRATX,66.0,0.0,-10.0,10.0,1,1,2025
2024-08-01,REE,,ANOIA,220.0,-22.0,-58.0,36.0,8,3,2024
2024-12-02,REE,,ANOIA,220.0,-22.0,-58.0,36.0,12,4,2024
2025-06-02,REE,,ANOIA,220.0,-109.0,-131.0,22.0,6,2,2025
2025-07-01,REE,,ANOIA,220.0,0.0,-109.0,109.0,7,3,2025
2025-07-01,REE,,APARECIDA,400.0,0.0,-50.0,50.0,7,3,2025
2024-07-01,REE,,AQUA,220.0,-33.0,-51.0,18.0,7,3,2024
2025-05-05,REE,,AQUA,220.0,0.0,-40.0,40.0,5,2,2025
2024-08-01,REE,,ARAGON,400.0,0.0,-275.0,275.0,8,3,2024
2025-04-01,REE,,ARAGON,400.0,0.0,-281.0,281.0,4,2,2025
2026-02-20,REE,,ARAGON,400.0,0.0,-887.0,887.0,2,1,2026
2024-11-04,REE,,ARAVACA,220.0,-10.0,-20.0,10.0,11,4,2024
2025-02-03,REE,,ARAVACA,220.0,0.0,-10.0,10.0,2,1,2025
2026-05-01,REE,,ARAÑUELO,400.0,-166.0,-210.0,44.0,5,2,2026
2025-08-01,REE,,ARCOS DE LA FRONTERA,400.0,0.0,-389.0,389.0,8,3,2025
2024-04-01,REE,,ARDOZ,220.0,-61.0,-204.0,143.0,4,2,2024
2024-06-03,REE,,ARDOZ,220.0,0.0,-61.0,61.0,6,2,2024
2025-05-05,REE,,ARDOZ,220.0,-122.0,-172.0,50.0,5,2,2025
2025-06-02,REE,,ARDOZ,220.0,-69.0,-122.0,53.0,6,2,2025
2024-03-01,REE,,ARENAL,66.0,-4.0,-9.0,5.0,3,1,2024
2025-06-02,REE,,ARENAL,66.0,0.0,-6.0,6.0,6,2,2025
2024-05-16,REE,,ARENAS DE SAN JUAN,220.0,99.0,0.0,99.0,5,2,2024
2024-12-02,REE,,ARENAS DE SAN JUAN,220.0,-1098.0,-1156.0,58.0,12,4,2024
2025-02-03,REE,,ARENAS DE SAN JUAN,220.0,-1078.0,-1098.0,20.0,2,1,2025
2025-06-02,REE,,ARENAS DE SAN JUAN,220.0,-1037.0,-1078.0,41.0,6,2,2025
2025-08-01,REE,,ARENAS DE SAN JUAN,220.0,-1202.0,-1252.0,50.0,8,3,2025
2025-09-01,REE,,ARENAS DE SAN JUAN,220.0,-1014.0,-1202.0,188.0,9,3,2025
2025-10-01,REE,,ARENAS DE SAN JUAN,220.0,-965.0,-1014.0,49.0,10,4,2025
2026-05-01,REE,,ARENAS DE SAN JUAN,220.0,-920.0,-965.0,45.0,5,2,2026
2024-01-02,REE,,ARGANDA,220.0,0.0,-12.0,12.0,1,1,2024
2024-12-02,REE,,ARGANDA,220.0,-10.0,-22.0,12.0,12,4,2024
2025-01-02,REE,,ARGANDA,220.0,0.0,-10.0,10.0,1,1,2025
2026-02-20,REE,,ARGANDA,220.0,0.0,-10.0,10.0,2,1,2026
2024-07-01,REE,,ARGUINEGUIN,66.0,0.0,-11.0,11.0,7,3,2024
2025-02-03,REE,,ARGUINEGUIN,66.0,0.0,-11.0,11.0,2,1,2025
2024-11-04,REE,,ARICO2,66.0,0.0,-5.0,5.0,11,4,2024
2024-02-01,REE,,ARKALE,220.0,0.0,-30.0,30.0,2,1,2024
2024-10-01,REE,,ARONA,66.0,0.0,-22.0,22.0,10,4,2024
2025-03-03,REE,,ARONA,66.0,0.0,-9.0,9.0,3,1,2025
2024-04-01,REE,,ARROYO DE LA VEGA,220.0,-125.0,-250.0,125.0,4,2,2024
2024-06-03,REE,,ARROYO DE LA VEGA,220.0,0.0,-125.0,125.0,6,2,2024
2025-06-02,REE,,ARROYO DE LA VEGA,220.0,0.0,-46.0,46.0,6,2,2025
2024-03-01,REE,,ARTA,66.0,0.0,-10.0,10.0,3,1,2024
2024-11-04,REE,,ARTA,66.0,0.0,-5.0,5.0,11,4,2024
2024-08-01,REE,,ASCÓ,400.0,-86.0,-485.0,399.0,8,3,2024
2025-02-03,REE,,ASCÓ,400.0,0.0,-252.0,252.0,2,1,2025
2024-02-01,REE,,ASTILLERO,220.0,-615.0,-861.0,246.0,2,1,2024
2024-03-01,REE,,ASTILLERO,220.0,-515.0,-615.0,100.0,3,1,2024
2024-04-01,REE,,ASTILLERO,220.0,-230.0,-515.0,285.0,4,2,2024
2024-05-16,REE,,ASTILLERO,220.0,0.0,-230.0,230.0,5,2,2024
2024-11-04,REE,,ASTILLERO,220.0,-253.0,-403.0,150.0,11,4,2024
2025-01-02,REE,,ASTILLERO,220.0,-164.0,-253.0,89.0,1,1,2025
2025-06-02,REE,,ASTILLERO,220.0,-25.0,-228.0,203.0,6,2,2025
2025-07-01,REE,,ASTILLERO,220.0,0.0,-25.0,25.0,7,3,2025
2024-11-04,REE,,ATARFE,220.0,-106.0,-197.0,91.0,11,4,2024
2025-09-01,REE,,ATARFE,220.0,-106.0,-157.0,51.0,9,3,2025
2024-04-01,REE,,AVE ZARAGOZA,220.0,0.0,-74.0,74.0,4,2,2024
2024-05-16,REE,,AVE ZARAGOZA,220.0,15.0,0.0,15.0,5,2,2024
2024-12-02,REE,,AVE ZARAGOZA,220.0,-2.0,-89.0,87.0,12,4,2024
2025-03-03,REE,,AVE ZARAGOZA,220.0,-128.0,-143.0,15.0,3,1,2025
2025-08-01,REE,,AVE ZARAGOZA,220.0,-113.0,-128.0,15.0,8,3,2025
2024-02-01,REE,,BADALONA,220.0,-60.0,-100.0,40.0,2,1,2024
2024-03-01,REE,,BADALONA,220.0,0.0,-60.0,60.0,3,1,2024
2024-10-01,REE,,BADALONA,220.0,-30.0,-40.0,10.0,10,4,2024
2024-11-04,REE,,BADALONA,220.0,0.0,-30.0,30.0,11,4,2024
2024-12-02,REE,,BALBOA,220.0,0.0,-5.0,5.0,12,4,2024
2026-02-20,REE,,BALBOA,400.0,0.0,-50.0,50.0,2,1,2026
2025-09-01,REE,,BALSICAS,220.0,-18.0,-64.0,46.0,9,3,2025
2024-08-01,REE,,BARATARIA,400.0,0.0,-126.0,126.0,8,3,2024
2024-12-02,REE,,BARATARIA,400.0,0.0,-126.0,126.0,12,4,2024
2024-08-01,REE,,BARCINA,400.0,0.0,-275.0,275.0,8,3,2024
2024-11-04,REE,,BARCINA,400.0,-150.0,-275.0,125.0,11,4,2024
2024-01-02,REE,,BARRANCO SECO,66.0,0.0,-47.0,47.0,1,1,2024
2024-11-04,REE,,BARRANCO SECO,66.0,0.0,-24.0,24.0,11,4,2024
2024-03-01,REE,,BARRUNDIA,220.0,6.0,-26.0,32.0,3,1,2024
2024-08-01,REE,,BARRUNDIA,220.0,0.0,-71.0,71.0,8,3,2024
2024-11-04,REE,,BARRUNDIA,220.0,40.0,0.0,40.0,11,4,2024
2025-03-03,REE,,BARRUNDIA,220.0,-370.0,-378.0,8.0,3,1,2025
2025-05-05,REE,,BARRUNDIA,220.0,-347.0,-370.0,23.0,5,2,2025
2025-07-01,REE,,BARRUNDIA,220.0,-255.0,-347.0,92.0,7,3,2025
2025-08-01,REE,,BARRUNDIA,220.0,-138.0,-255.0,117.0,8,3,2025
2025-10-01,REE,,BARRUNDIA,220.0,0.0,-138.0,138.0,10,4,2025
2024-07-01,REE,,BAZA REE,400.0,0.0,-105.0,105.0,7,3,2024
2024-01-02,REE,,BEARIZ,400.0,-677.0,-704.0,27.0,1,1,2024
2024-02-01,REE,,BEARIZ,400.0,0.0,-677.0,677.0,2,1,2024
2024-06-03,REE,,BECHI,220.0,-998.0,-1098.0,100.0,6,2,2024
2024-08-01,REE,,BECHI,220.0,-748.0,-998.0,250.0,8,3,2024
2024-09-02,REE,,BECHI,220.0,-484.0,-748.0,264.0,9,3,2024
2024-11-04,REE,,BECHI,220.0,-451.0,-484.0,33.0,11,4,2024
2024-12-02,REE,,BECHI,220.0,-401.0,-451.0,50.0,12,4,2024
2025-03-03,REE,,BECHI,220.0,-310.0,-401.0,91.0,3,1,2025
2026-05-01,REE,,BECHI,220.0,-130.0,-310.0,180.0,5,2,2026
2024-12-02,REE,,BEGUES,400.0,581.0,0.0,581.0,12,4,2024
2025-08-01,REE,,BEGUES,400.0,7.0,-2.0,9.0,8,3,2025
2024-02-01,REE,,BELESAR,220.0,-254.0,-279.0,25.0,2,1,2024
2024-07-01,REE,,BELESAR,220.0,0.0,-253.0,253.0,7,3,2024
2025-05-05,REE,,BELESAR,220.0,-372.0,-518.0,146.0,5,2,2025
2025-07-01,REE,,BELESAR,220.0,-322.0,-372.0,50.0,7,3,2025
2025-08-01,REE,,BELESAR,220.0,0.0,-322.0,322.0,8,3,2025
2024-02-01,REE,,BELLICENS,220.0,0.0,-20.0,20.0,2,1,2024
2024-08-01,REE,,BELLICENS,220.0,0.0,-6.0,6.0,8,3,2024
2024-12-02,REE,,BELLICENS,220.0,13.0,0.0,13.0,12,4,2024
2025-05-05,REE,,BELLICENS,220.0,-204.0,-247.0,43.0,5,2,2025
2025-12-01,REE,,BELLICENS,220.0,-163.0,-204.0,41.0,12,4,2025
2026-02-20,REE,,BELLICENS,220.0,-108.0,-163.0,55.0,2,1,2026
2026-02-20,REE,,BENICULL,220.0,0.0,-15.0,15.0,2,1,2026
2024-04-01,REE,,BENIFERRI,220.0,0.0,-30.0,30.0,4,2,2024
2024-05-16,REE,,BERJA,220.0,324.0,0.0,324.0,5,2,2024
2024-10-01,REE,,BERJA,220.0,-1060.0,-1135.0,75.0,10,4,2024
2025-01-02,REE,,BERJA,220.0,-1003.0,-1061.0,58.0,1,1,2025
2025-02-03,REE,,BERJA,220.0,-953.0,-1003.0,50.0,2,1,2025
2025-03-03,REE,,BERJA,220.0,-100.0,-953.0,853.0,3,1,2025
2025-07-01,REE,,BERJA,220.0,-50.0,-100.0,50.0,7,3,2025
2025-08-01,REE,,BERJA,220.0,-44.0,-50.0,6.0,8,3,2025
2026-02-20,REE,,BERJA,220.0,-21.0,-69.0,48.0,2,1,2026
2024-06-03,REE,,BESCANO,400.0,-35.0,-85.0,50.0,6,2,2024
2025-04-01,REE,,BIESCAS,220.0,-150.0,-200.0,50.0,4,2,2025
2025-05-05,REE,,BIESCAS,220.0,-100.0,-150.0,50.0,5,2,2025
2026-05-01,REE,,BIESCAS,220.0,0.0,-100.0,100.0,5,2,2026
2024-02-01,REE,,BOADILLA,220.0,-230.0,-330.0,100.0,2,1,2024
2024-09-02,REE,,BOADILLA,220.0,-50.0,-230.0,180.0,9,3,2024
2025-09-01,REE,,BOADILLA,220.0,-50.0,-232.0,182.0,9,3,2025
2025-01-02,REE,,BRAZATORTAS,220.0,0.0,-10.0,10.0,1,1,2025
2025-07-01,REE,,BROVALES,400.0,0.0,-42.0,42.0,7,3,2025
2024-01-02,REE,,BUENAVISTA GC,66.0,-5.0,-10.0,5.0,1,1,2024
2024-04-01,REE,,BUENAVISTA GC,66.0,-20.0,-39.0,19.0,4,2,2024
2024-06-03,REE,,BUENAVISTA GC,66.0,0.0,-20.0,20.0,6,2,2024
2024-12-02,REE,,BUENAVISTA GC,66.0,0.0,-8.0,8.0,12,4,2024
2025-03-03,REE,,BUENAVISTA,220.0,0.0,-5.0,5.0,3,1,2025
2024-02-01,REE,,BUENOS AIRES,66.0,0.0,-15.0,15.0,2,1,2024
2024-07-01,REE,,BUENOS AIRES,66.0,0.0,-5.0,5.0,7,3,2024
2025-07-01,REE,,BUNIEL,400.0,-35.0,-105.0,70.0,7,3,2025
2025-12-01,REE,,BUNIEL,400.0,-78.0,-148.0,70.0,12,4,2025
2024-11-04,REE,,BUNYOLA,66.0,0.0,-10.0,10.0,11,4,2024
2024-01-02,REE,,CABRA,400.0,-148.0,-186.0,38.0,1,1,2024
2026-02-20,REE,,CABRA,400.0,-148.0,-221.0,73.0,2,1,2026
2025-01-02,REE,,CACERES,220.0,-66.0,-81.0,15.0,1,1,2025
2026-03-02,REE,,CACERES,220.0,-49.0,-66.0,17.0,3,1,2026
2024-03-01,REE,,CALA BLAVA,66.0,0.0,-12.0,12.0,3,1,2024
2024-12-02,REE,,CALA BLAVA,66.0,21.0,1.0,20.0,12,4,2024
2025-03-03,REE,,CALA BLAVA,66.0,-90.0,-95.0,5.0,3,1,2025
2025-05-05,REE,,CALA BLAVA,66.0,-110.0,-118.0,8.0,5,2,2025
2025-06-02,REE,,CALA BLAVA,66.0,0.0,-110.0,110.0,6,2,2025
2025-09-01,REE,,CALA BLAVA,66.0,-21.0,-47.0,26.0,9,3,2025
2025-12-01,REE,,CALA BLAVA,66.0,0.0,-21.0,21.0,12,4,2025
2026-05-01,REE,,CALA BLAVA,66.0,0.0,-50.0,50.0,5,2,2026
2024-01-02,REE,,CALA MILLOR,66.0,0.0,-15.0,15.0,1,1,2024
2024-04-01,REE,,CALA MILLOR,66.0,0.0,-5.0,5.0,4,2,2024
2024-12-02,REE,,CALA MILLOR,66.0,0.0,-20.0,20.0,12,4,2024
2025-10-01,REE,,CALA MILLOR,66.0,0.0,-6.0,6.0,10,4,2025
2024-08-01,REE,,CALDERS,400.0,-2.0,-10.0,8.0,8,3,2024
2025-06-02,REE,,CALDERS,400.0,0.0,-10.0,10.0,6,2,2025
2024-08-01,REE,,CALLEJONES,66.0,9.0,0.0,9.0,8,3,2024
2024-11-04,REE,,CALLEJONES,66.0,0.0,-9.0,9.0,11,4,2024
2025-03-03,REE,,CAMINO FREGACEDOS,220.0,-10.0,-39.0,29.0,3,1,2025
2025-01-02,REE,,CAMPO NACIONES,220.0,0.0,-50.0,50.0,1,1,2025
2025-04-01,REE,,CAMPOS,400.0,-75.0,-105.0,30.0,4,2,2025
2024-02-01,REE,,CAN JARDI,220.0,0.0,-19.0,19.0,2,1,2024
2024-08-01,REE,,CAN JARDI,220.0,0.0,-20.0,20.0,8,3,2024
2024-12-02,REE,,CAN JARDI,220.0,78.0,1.0,77.0,12,4,2024
2025-04-01,REE,,CAN JARDI,220.0,-245.0,-266.0,21.0,4,2,2025
2025-09-01,REE,,CAN JARDI,220.0,-249.0,-299.0,50.0,9,3,2025
2024-12-02,REE,,CANDELARIA,66.0,57.0,0.0,57.0,12,4,2024
2025-07-01,REE,,CANDELARIA,66.0,-2.0,-23.0,21.0,7,3,2025
2025-08-01,REE,,CANDELARIA,66.0,5.0,-2.0,7.0,8,3,2025
2024-03-01,REE,,CANILLEJAS,220.0,0.0,-35.0,35.0,3,1,2024
2025-01-02,REE,,CANILLEJAS,220.0,0.0,-40.0,40.0,1,1,2025
2025-07-01,REE,,CAPARACENA,220.0,0.0,-20.0,20.0,7,3,2025
2024-08-01,REE,,CAPARACENA,400.0,0.0,-40.0,40.0,8,3,2024
2024-12-02,REE,,CAPARACENA,400.0,0.0,-40.0,40.0,12,4,2024
2025-10-01,REE,,CAPARACENA,400.0,0.0,-26.0,26.0,10,4,2025
2024-02-01,REE,,CAPDEPERA,66.0,-5.0,-10.0,5.0,2,1,2024
2024-03-01,REE,,CAPDEPERA,66.0,0.0,-5.0,5.0,3,1,2024
2024-07-01,REE,,CAPDEPERA,66.0,0.0,-8.0,8.0,7,3,2024
2024-11-04,REE,,CAPDEPERA,66.0,0.0,-5.0,5.0,11,4,2024
2024-07-01,REE,,CARIÑENA,400.0,0.0,-113.0,113.0,7,3,2024
2024-12-02,REE,,CARIÑENA,400.0,0.0,-148.0,148.0,12,4,2024
2025-12-01,REE,,CARIÑENA,400.0,-34.0,-84.0,50.0,12,4,2025
2026-02-20,REE,,CARIÑENA,400.0,0.0,-34.0,34.0,2,1,2026
2025-09-01,REE,,CARMONA,400.0,-30.0,-100.0,70.0,9,3,2025
2025-12-01,REE,,CARMONA,400.0,0.0,-30.0,30.0,12,4,2025
2025-01-02,REE,,CARRIO,220.0,-85.0,-169.0,84.0,1,1,2025
2024-11-04,REE,,CARRIZAL,66.0,0.0,-7.0,7.0,11,4,2024
2024-01-02,REE,,CARTUJA,220.0,-45.0,-207.0,162.0,1,1,2024
2024-04-01,REE,,CARTUJA,220.0,-15.0,-45.0,30.0,4,2,2024
2024-05-16,REE,,CARTUJA,220.0,0.0,-15.0,15.0,5,2,2024
2024-05-16,REE,,CARTUJOS,220.0,14.0,0.0,14.0,5,2,2024
2024-09-02,REE,,CARTUJOS,220.0,-25.0,-47.0,22.0,9,3,2024
2024-12-02,REE,,CARTUJOS,220.0,-67.0,-81.0,14.0,12,4,2024
2025-04-01,REE,,CARTUJOS,220.0,-329.0,-342.0,13.0,4,2,2025
2025-07-01,REE,,CARTUJOS,220.0,-279.0,-379.0,100.0,7,3,2025
2026-02-20,REE,,CARTUJOS,220.0,-229.0,-279.0,50.0,2,1,2026
2026-05-01,REE,,CARTUJOS,220.0,-180.0,-229.0,49.0,5,2,2026
2026-02-20,REE,,CASTALLA,220.0,-100.0,-150.0,50.0,2,1,2026
2024-12-02,REE,,CASTEJON,400.0,-71.0,-93.0,22.0,12,4,2024
2025-04-01,REE,,CASTEJON,400.0,-264.0,-335.0,71.0,4,2,2025
2026-05-01,REE,,CASTEJON,400.0,0.0,-621.0,621.0,5,2,2026
2025-10-01,REE,,CASTELLET,220.0,0.0,-20.0,20.0,10,4,2025
2024-01-02,REE,,CASTRELO,220.0,-222.0,-545.0,323.0,1,1,2024
2024-04-01,REE,,CASTRELO,220.0,-96.0,-235.0,139.0,4,2,2024
2024-05-16,REE,,CASTRELO,220.0,-74.0,-96.0,22.0,5,2,2024
2024-07-01,REE,,CASTRELO,220.0,-45.0,-74.0,29.0,7,3,2024
2024-09-02,REE,,CASTRELO,220.0,-45.0,-66.0,21.0,9,3,2024
2024-12-02,REE,,CASTRELO,220.0,-21.0,-45.0,24.0,12,4,2024
2025-04-01,REE,,CASTRELO,220.0,0.0,-21.0,21.0,4,2,2025
2025-05-05,REE,,CASTRELO,220.0,43.0,0.0,43.0,5,2,2025
2025-12-01,REE,,CASTRELO,220.0,-164.0,-215.0,51.0,12,4,2025
2024-10-01,REE,,CATADAU,400.0,0.0,-56.0,56.0,10,4,2024
2025-08-01,REE,,CATADAU,400.0,0.0,-50.0,50.0,8,3,2025
2024-05-16,REE,,CAÑADA DE LA BARCA,132.0,0.0,-63.0,63.0,5,2,2024
2026-02-20,REE,,CAÑAVERAL,400.0,-33.0,-66.0,33.0,2,1,2026
2026-05-01,REE,,CAÑAVERAL,400.0,0.0,-33.0,33.0,5,2,2026
2024-06-03,REE,,CENTELLES,220.0,0.0,-51.0,51.0,6,2,2024
2024-06-03,REE,,CERRATO,400.0,0.0,-50.0,50.0,6,2,2024
2025-06-02,REE,,CERRO PLATA,220.0,0.0,-20.0,20.0,6,2,2025
2026-02-20,REE,,CHANTADA,220.0,0.0,-10.0,10.0,2,1,2026
2024-03-01,REE,,CHAYOFA,66.0,0.0,-20.0,20.0,3,1,2024
2024-07-01,REE,,CHAYOFA,66.0,0.0,-9.0,9.0,7,3,2024
2024-11-04,REE,,CHAYOFA,66.0,0.0,-14.0,14.0,11,4,2024
2025-01-02,REE,,CHAYOFA,66.0,0.0,-8.0,8.0,1,1,2025
2024-04-01,REE,,CILLAMAYOR,220.0,-942.0,-1012.0,70.0,4,2,2024
2024-05-16,REE,,CILLAMAYOR,220.0,-892.0,-942.0,50.0,5,2,2024
2024-09-02,REE,,CILLAMAYOR,220.0,-806.0,-892.0,86.0,9,3,2024
2024-10-01,REE,,CILLAMAYOR,220.0,-756.0,-806.0,50.0,10,4,2024
2024-12-02,REE,,CILLAMAYOR,220.0,-656.0,-756.0,100.0,12,4,2024
2025-05-05,REE,,CILLAMAYOR,220.0,-718.0,-756.0,38.0,5,2,2025
2025-07-01,REE,,CILLAMAYOR,220.0,-632.0,-718.0,86.0,7,3,2025
2025-09-01,REE,,CILLAMAYOR,220.0,-586.0,-632.0,46.0,9,3,2025
2025-12-01,REE,,CILLAMAYOR,220.0,-532.0,-586.0,54.0,12,4,2025
2026-02-20,REE,,CILLAMAYOR,220.0,-477.0,-532.0,55.0,2,1,2026
2026-05-01,REE,,CILLAMAYOR,220.0,-403.0,-477.0,74.0,5,2,2026
2025-05-05,REE,,CISNEROS,220.0,0.0,-45.0,45.0,5,2,2025
2025-09-01,REE,,CIUDAD RODRIGO,400.0,0.0,-49.0,49.0,9,3,2025
2024-01-02,REE,,CODONYERS,220.0,-125.0,-140.0,15.0,1,1,2024
2024-02-01,REE,,CODONYERS,220.0,-5.0,-125.0,120.0,2,1,2024
2024-04-01,REE,,CODONYERS,220.0,0.0,-5.0,5.0,4,2,2024
2024-11-04,REE,,CODONYERS,220.0,-40.0,-60.0,20.0,11,4,2024
2025-01-02,REE,,CODONYERS,220.0,0.0,-40.0,40.0,1,1,2025
2025-07-01,REE,,CODONYERS,220.0,0.0,-20.0,20.0,7,3,2025
2026-02-20,REE,,CODONYERS,220.0,0.0,-20.0,20.0,2,1,2026
2024-09-02,REE,,COLISEO,66.0,0.0,-19.0,19.0,9,3,2024
2024-01-02,REE,,COLLBLANC,220.0,0.0,-100.0,100.0,1,1,2024
2024-04-01,REE,,COMPLUTUM,220.0,-38.0,-75.0,37.0,4,2,2024
2024-06-03,REE,,COMPLUTUM,220.0,0.0,-38.0,38.0,6,2,2024
2025-09-01,REE,,COMPLUTUM,220.0,0.0,-13.0,13.0,9,3,2025
2024-05-16,REE,,COMPOSTILLA,220.0,0.0,-10.0,10.0,5,2,2024
2024-01-02,REE,,CONSO,220.0,0.0,-419.0,419.0,1,1,2024
2024-12-02,REE,,CONSO,220.0,10.0,0.0,10.0,12,4,2024
2025-03-03,REE,,CONSO,220.0,-149.0,-199.0,50.0,3,1,2025
2025-06-02,REE,,CONSO,220.0,-198.0,-208.0,10.0,6,2,2025
2026-02-20,REE,,CONSO,220.0,-234.0,-244.0,10.0,2,1,2026
2026-05-01,REE,,CONSO,220.0,-203.0,-234.0,31.0,5,2,2026
2025-04-01,REE,,CORDOVILLA,220.0,-250.0,-299.0,49.0,4,2,2025
2025-05-05,REE,,CORDOVILLA,220.0,-200.0,-250.0,50.0,5,2,2025
2026-02-20,REE,,CORDOVILLA,220.0,-150.0,-200.0,50.0,2,1,2026
2025-05-05,REE,,CORNATEL,220.0,87.0,0.0,87.0,5,2,2025
2026-02-20,REE,,CORNATEL,220.0,-104.0,-167.0,63.0,2,1,2026
2024-11-04,REE,,CORRALEJO,66.0,0.0,-5.0,5.0,11,4,2024
2025-06-02,REE,,CORRALEJO,66.0,0.0,-18.0,18.0,6,2,2025
2025-09-01,REE,,CORRALEJO,66.0,0.0,-18.0,18.0,9,3,2025
2024-07-01,REE,,COSLADA (COSLADA B),220.0,0.0,-205.0,205.0,7,3,2024
2024-03-01,REE,,COSLADA B,220.0,-140.0,-304.0,164.0,3,1,2024
2024-08-01,REE,,COTORROS,400.0,0.0,-108.0,108.0,8,3,2024
2024-12-02,REE,,COTORROS,400.0,0.0,-108.0,108.0,12,4,2024
2024-07-01,REE,,CUESTA DE LA VILLA,66.0,-5.0,-15.0,10.0,7,3,2024
2024-08-01,REE,,CUESTA DE LA VILLA,66.0,0.0,-5.0,5.0,8,3,2024
2024-07-01,REE,,DAGANZO,220.0,0.0,-40.0,40.0,7,3,2024
2026-02-20,REE,,DAGANZO,220.0,0.0,-10.0,10.0,2,1,2026
2024-02-01,REE,,DIQUE DEL ESTE,66.0,-50.0,-93.0,43.0,2,1,2024
2024-03-01,REE,,DIQUE DEL ESTE,66.0,-14.0,-50.0,36.0,3,1,2024
2024-04-01,REE,,DIQUE DEL ESTE,66.0,0.0,-14.0,14.0,4,2,2024
2024-11-04,REE,,DIQUE DEL ESTE,66.0,0.0,-15.0,15.0,11,4,2024
2025-08-01,REE,,DIQUE DEL ESTE,66.0,32.0,0.0,32.0,8,3,2025
2025-12-01,REE,,DIQUE DEL ESTE,66.0,44.0,32.0,12.0,12,4,2025
2025-03-03,REE,,DON ALVARO,400.0,-109.0,-218.0,109.0,3,1,2025
2025-06-02,REE,,DON RODRIGO (DON RODRIGO B),220.0,0.0,-31.0,31.0,6,2,2025
2025-07-01,REE,,DON RODRIGO,220.0,-50.0,-94.0,44.0,7,3,2025
2024-11-04,REE,,DOS HERMANAS,220.0,-187.0,-227.0,40.0,11,4,2024
2026-02-20,REE,,DOS HERMANAS,220.0,-167.0,-187.0,20.0,2,1,2026
2026-05-01,REE,,DOS HERMANAS,220.0,-155.0,-167.0,12.0,5,2,2026
2025-04-01,REE,,EBORA,220.0,-33.0,-53.0,20.0,4,2,2025
2025-09-01,REE,,EBORA,220.0,-36.0,-54.0,18.0,9,3,2025
2024-05-16,REE,,EL CANTALAR,220.0,0.0,-106.0,106.0,5,2,2024
2026-02-20,REE,,EL CERRO,220.0,-443.0,-543.0,100.0,2,1,2026
2025-04-01,REE,,EL PALMAR,220.0,0.0,-34.0,34.0,4,2,2025
2025-12-01,REE,,EL PALMAR,400.0,0.0,-55.0,55.0,12,4,2025
2024-11-04,REE,,EL SEQUERO,220.0,-451.0,-542.0,91.0,11,4,2024
2025-06-02,REE,,EL SEQUERO,220.0,-406.0,-451.0,45.0,6,2,2025
2025-08-01,REE,,EL ZUMAJO,220.0,-27.0,-77.0,50.0,8,3,2025
2026-02-20,REE,,EL ZUMAJO,220.0,-20.0,-80.0,60.0,2,1,2026
2026-05-01,REE,,EL ZUMAJO,220.0,-20.0,-50.0,30.0,5,2,2026
2024-03-01,REE,,ELGEA,220.0,-96.0,-128.0,32.0,3,1,2024
2024-06-03,REE,,ELGEA,220.0,-114.0,-141.0,27.0,6,2,2024
2024-08-01,REE,,ELGEA,220.0,0.0,-114.0,114.0,8,3,2024
2024-11-04,REE,,ELGEA,220.0,40.0,-46.0,86.0,11,4,2024
2025-03-03,REE,,ELGEA,220.0,-251.0,-259.0,8.0,3,1,2025
2025-05-05,REE,,ELGEA,220.0,-228.0,-251.0,23.0,5,2,2025
2025-08-01,REE,,ELGEA,220.0,-151.0,-281.0,130.0,8,3,2025
2025-09-01,REE,,ELGEA,220.0,-71.0,-151.0,80.0,9,3,2025
2025-10-01,REE,,ELGEA,220.0,0.0,-71.0,71.0,10,4,2025
2026-05-01,REE,,ELS AUBALS,220.0,0.0,-18.0,18.0,5,2,2026
2025-08-01,REE,,ENTRENUCLEOS,220.0,-617.0,-667.0,50.0,8,3,2025
2025-12-01,REE,,ENTRENUCLEOS,220.0,-582.0,-617.0,35.0,12,4,2025
2026-02-20,REE,,ENTRENUCLEOS,220.0,-490.0,-582.0,92.0,2,1,2026
2025-04-01,REE,,ENTRERRIOS,220.0,0.0,-20.0,20.0,4,2,2025
2024-04-01,REE,,ERISTE,220.0,10.0,0.0,10.0,4,2,2024
2024-12-02,REE,,ERISTE,220.0,41.0,11.0,30.0,12,4,2024
2025-04-01,REE,,ERISTE,220.0,41.0,-39.0,80.0,4,2,2025
2025-10-01,REE,,ESCATRON,220.0,-74.0,-82.0,8.0,10,4,2025
2025-04-01,REE,,ESCUCHA,220.0,-831.0,-930.0,99.0,4,2,2025
2025-05-05,REE,,ESCUCHA,220.0,-741.0,-831.0,90.0,5,2,2025
2025-08-01,REE,,ESCUCHA,220.0,-691.0,-741.0,50.0,8,3,2025
2026-02-20,REE,,ESCUCHA,220.0,-641.0,-691.0,50.0,2,1,2026
2026-05-01,REE,,ESCUCHA,220.0,-442.0,-641.0,199.0,5,2,2026
2025-06-02,REE,,ESQUEDAS,220.0,0.0,-14.0,14.0,6,2,2025
2024-04-01,REE,,FACINAS,220.0,-15.0,-68.0,53.0,4,2,2024
2024-07-01,REE,,FACINAS,220.0,-80.0,-95.0,15.0,7,3,2024
2024-12-02,REE,,FACINAS,220.0,0.0,-130.0,130.0,12,4,2024
2025-12-01,REE,,FACINAS,220.0,0.0,-100.0,100.0,12,4,2025
2025-12-01,REE,,FAUSITA,220.0,-63.0,-154.0,91.0,12,4,2025
2024-09-02,REE,,FERIA DE MUESTRAS,220.0,0.0,-30.0,30.0,9,3,2024
2026-02-20,REE,,FOIX,220.0,-15.0,-65.0,50.0,2,1,2026
2024-03-01,REE,,FONTEFRIA,220.0,-54.0,-116.0,62.0,3,1,2024
2025-08-01,REE,,FONTEFRIA,220.0,-2.0,-54.0,52.0,8,3,2025
2025-05-05,REE,,FORTUNA,220.0,-54.0,-89.0,35.0,5,2,2025
2024-02-01,REE,,FRANQUESES,220.0,-80.0,-115.0,35.0,2,1,2024
2024-05-16,REE,,FRANQUESES,220.0,-48.0,-93.0,45.0,5,2,2024
2024-06-03,REE,,FRANQUESES,220.0,-28.0,-48.0,20.0,6,2,2024
2024-10-01,REE,,FRANQUESES,220.0,-26.0,-46.0,20.0,10,4,2024
2024-11-04,REE,,FRANQUESES,220.0,0.0,-26.0,26.0,11,4,2024
2025-05-05,REE,,FRANQUESES,220.0,-48.0,-81.0,33.0,5,2,2025
2025-07-01,REE,,FRANQUESES,220.0,0.0,-48.0,48.0,7,3,2025
2026-02-20,REE,,FRANQUESES,220.0,0.0,-62.0,62.0,2,1,2026
2024-09-02,REE,,FUENCALIENTE,66.0,0.0,-20.0,20.0,9,3,2024
2025-01-02,REE,,FUENCALIENTE,66.0,5.0,0.0,5.0,1,1,2025
2025-12-01,REE,,FUENCALIENTE,66.0,0.0,-10.0,10.0,12,4,2025
2026-02-20,REE,,FUENCALIENTE,66.0,8.0,0.0,8.0,2,1,2026
2025-12-01,REE,,FUENCARRAL,220.0,-85.0,-509.0,424.0,12,4,2025
2025-12-01,REE,,FUENCARRAL,400.0,0.0,-300.0,300.0,12,4,2025
2024-07-01,REE,,FUENDETODOS,400.0,0.0,-49.0,49.0,7,3,2024
2025-02-03,REE,,FUENDETODOS,400.0,0.0,-148.0,148.0,2,1,2025
2024-07-01,REE,,FUENLABRADA,220.0,-327.0,-337.0,10.0,7,3,2024
2024-08-01,REE,,FUENLABRADA,220.0,-204.0,-327.0,123.0,8,3,2024
2025-04-01,REE,,FUENLABRADA,220.0,-124.0,-215.0,91.0,4,2,2025
2025-09-01,REE,,FUENTE DE CANTOS,400.0,0.0,-80.0,80.0,9,3,2025
2024-07-01,REE,,FUENTEBUREBA,400.0,0.0,-101.0,101.0,7,3,2024
2025-02-03,REE,,FUENTEBUREBA,400.0,-94.0,-295.0,201.0,2,1,2025
2025-03-03,REE,,FUENTEBUREBA,400.0,0.0,-94.0,94.0,3,1,2025
2024-07-01,REE,,FUENTES DE LA ALCARRIA,400.0,-80.0,-129.0,49.0,7,3,2024
2024-08-01,REE,,FUENTES DE LA ALCARRIA,400.0,0.0,-80.0,80.0,8,3,2024
2025-03-03,REE,,FUENTES DE LA ALCARRIA,400.0,-90.0,-170.0,80.0,3,1,2025
2024-04-01,REE,,GABIAS,220.0,-45.0,-96.0,51.0,4,2,2024
2024-02-01,REE,,GALAPAGAR,220.0,0.0,-50.0,50.0,2,1,2024
2026-02-20,REE,,GALAPAGAR,220.0,0.0,-50.0,50.0,2,1,2026
2025-10-01,REE,,GAMARRA,220.0,-5.0,-36.0,31.0,10,4,2025
2024-02-01,REE,,GANDIA,220.0,0.0,-15.0,15.0,2,1,2024
2026-02-20,REE,,GARRAF,400.0,0.0,-10.0,10.0,2,1,2026
2024-01-02,REE,,GENETO,66.0,-45.0,-50.0,5.0,1,1,2024
2024-02-01,REE,,GENETO,66.0,0.0,-45.0,45.0,2,1,2024
2024-06-03,REE,,GENETO,66.0,0.0,-10.0,10.0,6,2,2024
2024-11-04,REE,,GENETO,66.0,0.0,-8.0,8.0,11,4,2024
2024-12-02,REE,,GETAFE,220.0,-9.0,-29.0,20.0,12,4,2024
2025-03-03,REE,,GETAFE,220.0,0.0,-17.0,17.0,3,1,2025
2024-11-04,REE,,GRADO,220.0,0.0,-50.0,50.0,11,4,2024
2024-04-01,REE,,GRAN TARAJAL,132.0,24.0,0.0,24.0,4,2,2024
2024-10-01,REE,,GRAN TARAJAL,132.0,-142.0,-210.0,68.0,10,4,2024
2025-02-03,REE,,GRAN TARAJAL,132.0,-118.0,-142.0,24.0,2,1,2025
2025-04-01,REE,,GRAN TARAJAL,132.0,-94.0,-118.0,24.0,4,2,2025
2025-06-02,REE,,GRAN TARAJAL,132.0,-70.0,-92.0,22.0,6,2,2025
2025-08-01,REE,,GRAN TARAJAL,132.0,-47.0,-70.0,23.0,8,3,2025
2025-12-01,REE,,GRAN TARAJAL,132.0,-23.0,-45.0,22.0,12,4,2025
2026-02-20,REE,,GRAN TARAJAL,132.0,-8.0,-23.0,15.0,2,1,2026
2026-05-01,REE,,GRAN TARAJAL,132.0,0.0,-8.0,8.0,5,2,2026
2024-11-04,REE,,GRAN TARAJAL,66.0,0.0,-9.0,9.0,11,4,2024
2025-01-02,REE,,GRAN TARAJAL,66.0,0.0,-9.0,9.0,1,1,2025
2024-12-02,REE,,GRANADILLA,66.0,17.0,0.0,17.0,12,4,2024
2025-05-05,REE,,GRANADILLA,66.0,-50.0,-67.0,17.0,5,2,2025
2025-07-01,REE,,GRANADILLA,66.0,-27.0,-50.0,23.0,7,3,2025
2025-09-01,REE,,GRANADILLA,66.0,-16.0,-27.0,11.0,9,3,2025
2025-12-01,REE,,GRANADILLA,66.0,0.0,-16.0,16.0,12,4,2025
2025-01-02,REE,,GRIJOTA,400.0,0.0,-47.0,47.0,1,1,2025
2025-09-01,REE,,GRIJOTA,400.0,0.0,-30.0,30.0,9,3,2025
2025-12-01,REE,,GUADAME,220.0,0.0,-39.0,39.0,12,4,2025
2025-01-02,REE,,GUADAME,400.0,0.0,-75.0,75.0,1,1,2025
2024-02-01,REE,,GUAJARA,66.0,0.0,-15.0,15.0,2,1,2024
2024-06-03,REE,,GUAJARA,66.0,-27.0,-42.0,15.0,6,2,2024
2024-07-01,REE,,GUAJARA,66.0,0.0,-27.0,27.0,7,3,2024
2024-12-02,REE,,GUIA DE ISORA,66.0,33.0,0.0,33.0,12,4,2024
2025-07-01,REE,,GUIA DE ISORA,66.0,0.0,-27.0,27.0,7,3,2025
2025-12-01,REE,,GUIA DE ISORA,66.0,0.0,-33.0,33.0,12,4,2025
2024-02-01,REE,,GUIA,66.0,0.0,-29.0,29.0,2,1,2024
2024-08-01,REE,,GUIA,66.0,7.0,0.0,7.0,8,3,2024
2025-03-03,REE,,GUIA,66.0,7.0,0.0,7.0,3,1,2025
2026-02-20,REE,,GUIA,66.0,12.0,3.0,9.0,2,1,2026
2025-07-01,REE,,GUINCHOS,66.0,0.0,-5.0,5.0,7,3,2025
2024-04-01,REE,,GUIXERES,220.0,0.0,-55.0,55.0,4,2,2024
2024-08-01,REE,,GUIXERES,220.0,0.0,-20.0,20.0,8,3,2024
2025-02-03,REE,,GURREA,220.0,0.0,-46.0,46.0,2,1,2025
2025-06-02,REE,,HARO,220.0,59.0,0.0,59.0,6,2,2025
2026-02-20,REE,,HERRERA,400.0,-252.0,-295.0,43.0,2,1,2026
2024-04-01,REE,,HOSPITALET,220.0,-20.0,-80.0,60.0,4,2,2024
2024-06-03,REE,,HOSPITALET,220.0,-20.0,-40.0,20.0,6,2,2024
2024-11-04,REE,,HOSPITALET,220.0,-80.0,-120.0,40.0,11,4,2024
2024-12-02,REE,,HOSPITALET,220.0,-60.0,-80.0,20.0,12,4,2024
2025-01-02,REE,,HOSPITALET,220.0,-40.0,-60.0,20.0,1,1,2025
2025-02-03,REE,,HOSPITALET,220.0,0.0,-40.0,40.0,2,1,2025
2024-12-02,REE,,IBIZA 23,66.0,7.0,0.0,7.0,12,4,2024
2024-12-02,REE,,IBIZA,132.0,9.0,0.0,9.0,12,4,2024
2024-12-02,REE,,IBIZA,66.0,7.0,0.0,7.0,12,4,2024
2024-04-01,REE,,ICOD DE LOS VINOS,66.0,0.0,-24.0,24.0,4,2,2024
2024-03-01,REE,,INCA,66.0,0.0,-30.0,30.0,3,1,2024
2024-07-01,REE,,INCA,66.0,3.0,-3.0,6.0,7,3,2024
2024-10-01,REE,,INCA,66.0,0.0,-17.0,17.0,10,4,2024
2024-12-02,REE,,INCA,66.0,22.0,0.0,22.0,12,4,2024
2025-08-01,REE,,INCA,66.0,7.0,0.0,7.0,8,3,2025
2025-09-01,REE,,INCA,66.0,18.0,7.0,11.0,9,3,2025
2026-03-02,REE,,INCA,66.0,35.0,19.0,16.0,3,1,2026
2024-03-01,REE,,IRUN,220.0,0.0,-30.0,30.0,3,1,2024
2025-06-02,REE,,IRUN,220.0,0.0,-30.0,30.0,6,2,2025
2025-03-03,REE,,J.M.ORIOL,220.0,-100.0,-263.0,163.0,3,1,2025
2024-11-04,REE,,JALON,220.0,-609.0,-622.0,13.0,11,4,2024
2025-02-03,REE,,JALON,220.0,-355.0,-609.0,254.0,2,1,2025
2025-03-03,REE,,JALON,220.0,-309.0,-355.0,46.0,3,1,2025
2025-07-01,REE,,JALON,220.0,-264.0,-309.0,45.0,7,3,2025
2025-08-01,REE,,JALON,220.0,-251.0,-264.0,13.0,8,3,2025
2026-02-20,REE,,JALON,220.0,-251.0,-351.0,100.0,2,1,2026
2024-01-02,REE,,JARES,132.0,5.0,0.0,5.0,1,1,2024
2024-08-01,REE,,JARES,132.0,-14.0,-19.0,5.0,8,3,2024
2024-11-04,REE,,JARES,132.0,0.0,-14.0,14.0,11,4,2024
2025-04-01,REE,,JARES,132.0,0.0,-5.0,5.0,4,2,2025
2024-12-02,REE,,JINAMAR,66.0,19.0,0.0,19.0,12,4,2024
2025-05-05,REE,,JINAMAR,66.0,34.0,19.0,15.0,5,2,2025
2025-05-05,REE,,JOSE CABRERA,220.0,0.0,-86.0,86.0,5,2,2025
2026-03-02,REE,,JOSE CABRERA,220.0,-38.0,-115.0,77.0,3,1,2026
2024-02-01,REE,,JUIA,220.0,-372.0,-377.0,5.0,2,1,2024
2026-02-20,REE,,JUIA,220.0,-352.0,-372.0,20.0,2,1,2026
2026-05-01,REE,,JUIA,220.0,-332.0,-352.0,20.0,5,2,2026
2025-07-01,REE,,JUNDIZ,220.0,0.0,-38.0,38.0,7,3,2025
2025-12-01,REE,,JUNDIZ,220.0,-5.0,-29.0,24.0,12,4,2025
2025-04-01,REE,,LA ESPLUGA,220.0,0.0,-86.0,86.0,4,2,2025
2025-02-03,REE,,LA ESPLUGA,400.0,-29.0,-63.0,34.0,2,1,2025
2025-03-03,REE,,LA ESPLUGA,400.0,0.0,-29.0,29.0,3,1,2025
2024-08-01,REE,,LA FARGA,220.0,0.0,-150.0,150.0,8,3,2024
2025-12-01,REE,,LA JARA,220.0,-30.0,-43.0,13.0,12,4,2025
2026-02-20,REE,,LA JARA,220.0,0.0,-30.0,30.0,2,1,2026
2024-07-01,REE,,LA LORA,400.0,-382.0,-444.0,62.0,7,3,2024
2024-09-02,REE,,LA LORA,400.0,-375.0,-382.0,7.0,9,3,2024
2025-02-03,REE,,LA LORA,400.0,-422.0,-493.0,71.0,2,1,2025
2025-07-01,REE,,LA LORA,400.0,-199.0,-422.0,223.0,7,3,2025
2025-08-01,REE,,LA LORA,400.0,-134.0,-199.0,65.0,8,3,2025
2025-10-01,REE,,LA LORA,400.0,-103.0,-134.0,31.0,10,4,2025
2024-03-01,REE,,LA OLIVA,132.0,13.0,0.0,13.0,3,1,2024
2024-11-04,REE,,LA OLIVA,132.0,0.0,-13.0,13.0,11,4,2024
2025-04-01,REE,,LA OLIVA,132.0,7.0,0.0,7.0,4,2,2025
2025-07-01,REE,,LA OLIVA,132.0,0.0,-6.0,6.0,7,3,2025
2025-10-01,REE,,LA OLIVA,132.0,7.0,0.0,7.0,10,4,2025
2024-01-02,REE,,LA PALOMA,220.0,-42.0,-76.0,34.0,1,1,2024
2024-02-01,REE,,LA PALOMA,220.0,0.0,-42.0,42.0,2,1,2024
2026-05-01,REE,,LA PALOMA,220.0,-311.0,-442.0,131.0,5,2,2026
2024-01-02,REE,,LA PATERNA,66.0,-8.0,-40.0,32.0,1,1,2024
2024-03-01,REE,,LA PATERNA,66.0,0.0,-8.0,8.0,3,1,2024
2024-05-16,REE,,LA PATERNA,66.0,0.0,-10.0,10.0,5,2,2024
2024-01-02,REE,,LA PEREDA,220.0,-3.0,-97.0,94.0,1,1,2024
2025-10-01,REE,,LA PEREDA,220.0,24.0,0.0,24.0,10,4,2025
2026-05-01,REE,,LA PEREDA,220.0,65.0,0.0,65.0,5,2,2026
2024-08-01,REE,,LA PLANA,220.0,0.0,-15.0,15.0,8,3,2024
2025-05-05,REE,,LA PLANA,220.0,0.0,-5.0,5.0,5,2,2025
2024-11-04,REE,,LA SOLANA,220.0,-93.0,-161.0,68.0,11,4,2024
2025-03-03,REE,,LA SOLANA,220.0,-146.0,-156.0,10.0,3,1,2025
2025-04-01,REE,,LA SOLANA,220.0,-139.0,-146.0,7.0,4,2,2025
2025-06-02,REE,,LA SOLANA,220.0,-50.0,-143.0,93.0,6,2,2025
2025-09-01,REE,,LA SOLANA,220.0,-4.0,-48.0,44.0,9,3,2025
2024-08-01,REE,,LA TORRECILLA,220.0,138.0,0.0,138.0,8,3,2024
2024-11-04,REE,,LA TORRECILLA,220.0,-508.0,-909.0,401.0,11,4,2024
2025-07-01,REE,,LA TORRECILLA,220.0,-529.0,-606.0,77.0,7,3,2025
2025-10-01,REE,,LA TORRECILLA,220.0,-269.0,-529.0,260.0,10,4,2025
2025-12-01,REE,,LA TORRECILLA,220.0,-193.0,-269.0,76.0,12,4,2025
2026-02-20,REE,,LA TORRECILLA,220.0,-143.0,-193.0,50.0,2,1,2026
2024-12-02,REE,,LANCHA,220.0,-465.0,-497.0,32.0,12,4,2024
2026-02-20,REE,,LANZAS AGUDAS,220.0,0.0,-17.0,17.0,2,1,2026
2025-08-01,REE,,LAS BREÑAS,66.0,11.0,0.0,11.0,8,3,2025
2024-01-02,REE,,LAS MAZORRAS,220.0,-221.0,-299.0,78.0,1,1,2024
2024-02-01,REE,,LAS MAZORRAS,220.0,4.0,-221.0,225.0,2,1,2024
2024-04-01,REE,,LAS MAZORRAS,220.0,-34.0,-76.0,42.0,4,2,2024
2024-06-03,REE,,LAS MAZORRAS,220.0,0.0,-38.0,38.0,6,2,2024
2024-12-02,REE,,LAS MAZORRAS,220.0,0.0,-23.0,23.0,12,4,2024
2026-02-20,REE,,LAS MAZORRAS,220.0,-134.0,-152.0,18.0,2,1,2026
2025-04-01,REE,,LASTRAS,400.0,-140.0,-156.0,16.0,4,2,2025
2025-07-01,REE,,LASTRAS,400.0,-140.0,-190.0,50.0,7,3,2025
2025-08-01,REE,,LASTRAS,400.0,-95.0,-140.0,45.0,8,3,2025
2026-05-01,REE,,LASTRAS,400.0,-95.0,-104.0,9.0,5,2,2026
2024-09-02,REE,,LLATZER,66.0,-5.0,-15.0,10.0,9,3,2024
2024-10-01,REE,,LLATZER,66.0,0.0,-5.0,5.0,10,4,2024
2025-01-02,REE,,LOECHES,220.0,0.0,-22.0,22.0,1,1,2025
2025-08-01,REE,,LOECHES,400.0,0.0,-908.0,908.0,8,3,2025
2026-02-20,REE,,LOGROÑO,220.0,-39.0,-63.0,24.0,2,1,2026
2024-04-01,REE,,LOMO APOLINARIO,66.0,-34.0,-49.0,15.0,4,2,2024
2024-06-03,REE,,LOMO APOLINARIO,66.0,0.0,-34.0,34.0,6,2,2024
2024-08-01,REE,,LOMO MASPALOMAS,66.0,0.0,-6.0,6.0,8,3,2024
2024-11-04,REE,,LOMO MASPALOMAS,66.0,0.0,-6.0,6.0,11,4,2024
2024-11-04,REE,,LOS ARENALES,220.0,-151.0,-161.0,10.0,11,4,2024
2025-01-02,REE,,LOS ARENALES,220.0,-25.0,-151.0,126.0,1,1,2025
2025-05-05,REE,,LOS ARENALES,220.0,-35.0,-45.0,10.0,5,2,2025
2026-05-01,REE,,LOS LEONES,220.0,0.0,-108.0,108.0,5,2,2026
2024-05-16,REE,,LOS RAMOS,220.0,76.0,0.0,76.0,5,2,2024
2024-12-02,REE,,LOS RAMOS,220.0,-52.0,-116.0,64.0,12,4,2024
2025-04-01,REE,,LOS RAMOS,220.0,-244.0,-249.0,5.0,4,2,2025
2025-08-01,REE,,LOS RAMOS,220.0,-139.0,-244.0,105.0,8,3,2025
2025-09-01,REE,,LOS RAMOS,220.0,-132.0,-139.0,7.0,9,3,2025
2026-02-20,REE,,LOS RAMOS,220.0,0.0,-207.0,207.0,2,1,2026
2024-08-01,REE,,LOS REALEJOS,66.0,-15.0,-33.0,18.0,8,3,2024
2024-09-02,REE,,LOS REALEJOS,66.0,0.0,-15.0,15.0,9,3,2024
2024-03-01,REE,,LOS VIENTOS,220.0,-973.0,-1780.0,807.0,3,1,2024
2024-04-01,REE,,LOS VIENTOS,220.0,0.0,-973.0,973.0,4,2,2024
2025-05-05,REE,,LOS VIENTOS,220.0,-189.0,-296.0,107.0,5,2,2025
2025-06-02,REE,,LOS VIENTOS,220.0,0.0,-189.0,189.0,6,2,2025
2025-01-02,REE,,LOURIZAN,220.0,-8.0,-17.0,9.0,1,1,2025
2024-05-16,REE,,LOUSAME,220.0,64.0,0.0,64.0,5,2,2024
2024-08-01,REE,,LOUSAME,220.0,-497.0,-505.0,8.0,8,3,2024
2025-04-01,REE,,LOUSAME,220.0,-224.0,-623.0,399.0,4,2,2025
2025-05-05,REE,,LOUSAME,220.0,0.0,-224.0,224.0,5,2,2025
2024-05-16,REE,,LUBIAN,220.0,90.0,0.0,90.0,5,2,2024
2024-12-02,REE,,LUBIAN,220.0,-787.0,-831.0,44.0,12,4,2024
2025-02-03,REE,,LUBIAN,220.0,-752.0,-787.0,35.0,2,1,2025
2025-06-02,REE,,LUBIAN,220.0,-702.0,-752.0,50.0,6,2,2025
2025-07-01,REE,,LUBIAN,220.0,-687.0,-702.0,15.0,7,3,2025
2025-10-01,REE,,LUBIAN,220.0,-636.0,-686.0,50.0,10,4,2025
2025-12-01,REE,,LUBIAN,220.0,-631.0,-636.0,5.0,12,4,2025
2026-02-20,REE,,LUBIAN,220.0,-587.0,-631.0,44.0,2,1,2026
2026-05-01,REE,,LUBIAN,220.0,-497.0,-587.0,90.0,5,2,2026
2024-07-01,REE,,LUCERO,220.0,-50.0,-91.0,41.0,7,3,2024
2024-01-02,REE,,LUDRIO,400.0,0.0,-1328.0,1328.0,1,1,2024
2024-03-01,REE,,LUDRIO,400.0,88.0,0.0,88.0,3,1,2024
2024-09-02,REE,,LUDRIO,400.0,-1192.0,-1255.0,63.0,9,3,2024
2024-11-04,REE,,LUDRIO,400.0,-1056.0,-1192.0,136.0,11,4,2024
2025-04-01,REE,,LUDRIO,400.0,-968.0,-1056.0,88.0,4,2,2025
2025-06-02,REE,,LUDRIO,400.0,-954.0,-968.0,14.0,6,2,2025
2025-12-01,REE,,LUDRIO,400.0,-916.0,-954.0,38.0,12,4,2025
2026-02-20,REE,,LUDRIO,400.0,-828.0,-916.0,88.0,2,1,2026
2024-03-01,REE,,MACHER,66.0,0.0,-9.0,9.0,3,1,2024
2024-10-01,REE,,MACHER,66.0,0.0,-20.0,20.0,10,4,2024
2025-01-02,REE,,MACHER,66.0,0.0,-5.0,5.0,1,1,2025
2025-04-01,REE,,MACHER,66.0,0.0,-9.0,9.0,4,2,2025
2025-06-02,REE,,MACHER,66.0,0.0,-5.0,5.0,6,2,2025
2025-12-01,REE,,MACHER,66.0,0.0,-7.0,7.0,12,4,2025
2024-06-03,REE,,MADRIDEJOS,220.0,0.0,-5.0,5.0,6,2,2024
2024-09-02,REE,,MADRIDEJOS,220.0,0.0,-9.0,9.0,9,3,2024
2025-02-03,REE,,MAGALLON,220.0,0.0,-144.0,144.0,2,1,2025
2026-03-02,REE,,MAGALLON,220.0,7.0,0.0,7.0,3,1,2026
2026-02-20,REE,,MAIALS,400.0,0.0,-41.0,41.0,2,1,2026
2024-02-01,REE,,MANACOR,66.0,-7.0,-12.0,5.0,2,1,2024
2024-04-01,REE,,MANACOR,66.0,-1.0,-10.0,9.0,4,2,2024
2025-08-01,REE,,MANACOR,66.0,0.0,-5.0,5.0,8,3,2025
2024-07-01,REE,,MANCHEGA,400.0,-1012.0,-1112.0,100.0,7,3,2024
2024-08-01,REE,,MANCHEGA,400.0,-803.0,-1012.0,209.0,8,3,2024
2025-03-03,REE,,MANCHEGA,400.0,-803.0,-1012.0,209.0,3,1,2025
2025-12-01,REE,,MANCHEGA,400.0,-703.0,-803.0,100.0,12,4,2025
2024-04-01,REE,,MANGRANERS,220.0,0.0,-5.0,5.0,4,2,2024
2025-02-03,REE,,MANGRANERS,220.0,0.0,-111.0,111.0,2,1,2025
2024-06-03,REE,,MANUEL CRUZ,66.0,-8.0,-18.0,10.0,6,2,2024
2024-10-01,REE,,MANUEL CRUZ,66.0,0.0,-8.0,8.0,10,4,2024
2025-02-03,REE,,MARIA,220.0,0.0,-80.0,80.0,2,1,2025
2025-06-02,REE,,MARIA,220.0,0.0,-85.0,85.0,6,2,2025
2025-06-02,REE,,MARRATXI,66.0,0.0,-9.0,9.0,6,2,2025
2024-01-02,REE,,MARZAGAN,66.0,0.0,-15.0,15.0,1,1,2024
2024-03-01,REE,,MARZAGAN,66.0,0.0,-9.0,9.0,3,1,2024
2024-01-02,REE,,MAS FIGUERES,220.0,-150.0,-233.0,83.0,1,1,2024
2024-02-01,REE,,MAS FIGUERES,220.0,0.0,-150.0,150.0,2,1,2024
2024-02-01,REE,,MATAPORQUERA,220.0,0.0,-46.0,46.0,2,1,2024
2025-07-01,REE,,MATAPORQUERA,220.0,-6.0,-30.0,24.0,7,3,2025
2025-08-01,REE,,MATAPORQUERA,220.0,0.0,-6.0,6.0,8,3,2025
2024-05-16,REE,,MATAS BLANCAS,132.0,13.0,0.0,13.0,5,2,2024
2024-09-02,REE,,MATAS BLANCAS,132.0,-26.0,-38.0,12.0,9,3,2024
2024-10-01,REE,,MATAS BLANCAS,132.0,-13.0,-26.0,13.0,10,4,2024
2024-12-02,REE,,MATAS BLANCAS,132.0,0.0,-26.0,26.0,12,4,2024
2024-03-01,REE,,MATAS BLANCAS,66.0,0.0,-17.0,17.0,3,1,2024
2024-11-04,REE,,MATAS BLANCAS,66.0,0.0,-13.0,13.0,11,4,2024
2025-05-05,REE,,MATAS BLANCAS,66.0,0.0,-9.0,9.0,5,2,2025
2025-02-03,REE,,MATORRAL,66.0,0.0,-5.0,5.0,2,1,2025
2024-08-01,REE,,MEDINA DEL CAMPO,220.0,0.0,-44.0,44.0,8,3,2024
2025-04-01,REE,,MEDINA DEL CAMPO,220.0,0.0,-35.0,35.0,4,2,2025
2025-06-02,REE,,MEQUINENZA,220.0,0.0,-66.0,66.0,6,2,2025
2024-07-01,REE,,MERCADAL,132.0,0.0,-5.0,5.0,7,3,2024
2024-07-01,REE,,MEZQUITA,220.0,62.0,0.0,62.0,7,3,2024
2024-11-04,REE,,MEZQUITA,220.0,-50.0,-1367.0,1317.0,11,4,2024
2025-05-05,REE,,MEZQUITA,220.0,-234.0,-309.0,75.0,5,2,2025
2025-09-01,REE,,MEZQUITA,220.0,-229.0,-234.0,5.0,9,3,2025
2025-10-01,REE,,MEZQUITA,220.0,-204.0,-229.0,25.0,10,4,2025
2026-02-20,REE,,MEZQUITA,220.0,-155.0,-204.0,49.0,2,1,2026
2026-03-02,REE,,MEZQUITA,220.0,-116.0,-155.0,39.0,3,1,2026
2024-08-01,REE,,MEZQUITA,400.0,0.0,-61.0,61.0,8,3,2024
2024-11-04,REE,,MEZQUITA,400.0,0.0,-61.0,61.0,11,4,2024
2025-08-01,REE,,MEZQUITA,400.0,0.0,-50.0,50.0,8,3,2025
2026-02-20,REE,,MEZQUITA,400.0,0.0,-42.0,42.0,2,1,2026
2024-11-04,REE,,MINGLANILLA,400.0,0.0,-40.0,40.0,11,4,2024
2025-02-03,REE,,MINGLANILLA,400.0,0.0,-88.0,88.0,2,1,2025
2025-04-01,REE,,MINGLANILLA,400.0,0.0,-88.0,88.0,4,2,2025
2025-08-01,REE,,MINGLANILLA,400.0,-88.0,-188.0,100.0,8,3,2025
2025-12-01,REE,,MINGLANILLA,400.0,0.0,-300.0,300.0,12,4,2025
2024-09-02,REE,,MIRABAL,220.0,-255.0,-290.0,35.0,9,3,2024
2024-12-02,REE,,MIRABAL,220.0,-238.0,-255.0,17.0,12,4,2024
2025-12-01,REE,,MIRABAL,220.0,-269.0,-289.0,20.0,12,4,2025
2025-06-02,REE,,MIRANDA DE EBRO,220.0,59.0,0.0,59.0,6,2,2025
2026-02-20,REE,,MIRANDA DE EBRO,220.0,-902.0,-1082.0,180.0,2,1,2026
2024-07-01,REE,,MOLINES,66.0,0.0,-10.0,10.0,7,3,2024
2024-11-04,REE,,MOLINES,66.0,0.0,-35.0,35.0,11,4,2024
2025-12-01,REE,,MOLINES,66.0,0.0,-9.0,9.0,12,4,2025
2024-05-16,REE,,MONCAYO,220.0,-1336.0,-1534.0,198.0,5,2,2024
2024-07-01,REE,,MONCAYO,220.0,-1189.0,-1336.0,147.0,7,3,2024
2024-11-04,REE,,MONCAYO,220.0,-1174.0,-1224.0,50.0,11,4,2024
2024-12-02,REE,,MONCAYO,220.0,-1039.0,-1174.0,135.0,12,4,2024
2025-01-02,REE,,MONCAYO,220.0,-954.0,-1039.0,85.0,1,1,2025
2026-03-02,REE,,MONCAYO,220.0,-855.0,-954.0,99.0,3,1,2026
2025-02-03,REE,,MONTALBANEJO,400.0,-129.0,-258.0,129.0,2,1,2025
2025-10-01,REE,,MONTBLANC,220.0,0.0,-15.0,15.0,10,4,2025
2026-05-01,REE,,MONTBLANC,220.0,0.0,-9.0,9.0,5,2,2026
2024-05-16,REE,,MONTEBELLO,220.0,0.0,-53.0,53.0,5,2,2024
2024-10-01,REE,,MONTEBELLO,220.0,0.0,-5.0,5.0,10,4,2024
2026-02-20,REE,,MONTEBELLO,220.0,0.0,-14.0,14.0,2,1,2026
2026-02-20,REE,,MONTETORRERO,220.0,0.0,-38.0,38.0,2,1,2026
2024-09-02,REE,,MONZON,220.0,0.0,-15.0,15.0,9,3,2024
2025-12-01,REE,,MONZON,220.0,0.0,-24.0,24.0,12,4,2025
2024-05-16,REE,,MORALEJA,220.0,-238.0,-243.0,5.0,5,2,2024
2024-06-03,REE,,MORALEJA,220.0,-152.0,-238.0,86.0,6,2,2024
2025-09-01,REE,,MORALEJA,220.0,-175.0,-196.0,21.0,9,3,2025
2025-12-01,REE,,MORALEJA,220.0,-621.0,-643.0,22.0,12,4,2025
2025-01-02,REE,,MORALEJA,400.0,0.0,-160.0,160.0,1,1,2025
2024-04-01,REE,,MORATA,220.0,0.0,-14.0,14.0,4,2,2024
2024-08-01,REE,,MORATA,220.0,0.0,-18.0,18.0,8,3,2024
2024-08-01,REE,,MORATA,400.0,0.0,-153.0,153.0,8,3,2024
2025-01-02,REE,,MORATA,400.0,0.0,-153.0,153.0,1,1,2025
2025-09-01,REE,,MORERUELA,400.0,-50.0,-71.0,21.0,9,3,2025
2025-10-01,REE,,MORERUELA,400.0,0.0,-50.0,50.0,10,4,2025
2026-05-01,REE,,MORERUELA,400.0,0.0,-11.0,11.0,5,2,2026
2024-01-02,REE,,MOTORS,220.0,-60.0,-80.0,20.0,1,1,2024
2024-03-01,REE,,MOTORS,220.0,0.0,-60.0,60.0,3,1,2024
2024-08-01,REE,,MOTORS,220.0,0.0,-14.0,14.0,8,3,2024
2024-12-02,REE,,MOTORS,220.0,0.0,-35.0,35.0,12,4,2024
2025-09-01,REE,,MUDARRA,220.0,-25.0,-263.0,238.0,9,3,2025
2024-08-01,REE,,MUDARRA,400.0,0.0,-20.0,20.0,8,3,2024
2024-12-02,REE,,MUDARRA,400.0,0.0,-20.0,20.0,12,4,2024
2025-05-05,REE,,MUDARRA,400.0,-367.0,-434.0,67.0,5,2,2025
2025-07-01,REE,,MUDARRA,400.0,0.0,-367.0,367.0,7,3,2025
2024-12-02,REE,,MUDEJAR,400.0,-308.0,-900.0,592.0,12,4,2024
2025-03-03,REE,,MUDEJAR,400.0,0.0,-308.0,308.0,3,1,2025
2026-05-01,REE,,MUDEJAR,400.0,0.0,-75.0,75.0,5,2,2026
2024-02-01,REE,,MUELLE GRANDE,66.0,-22.0,-58.0,36.0,2,1,2024
2024-03-01,REE,,MUELLE GRANDE,66.0,-14.0,-22.0,8.0,3,1,2024
2024-04-01,REE,,MUELLE GRANDE,66.0,0.0,-14.0,14.0,4,2,2024
2025-02-03,REE,,MUNIESA,400.0,-417.0,-458.0,41.0,2,1,2025
2025-04-01,REE,,MUNIESA,400.0,-237.0,-417.0,180.0,4,2,2025
2025-05-05,REE,,MUNIESA,400.0,0.0,-237.0,237.0,5,2,2025
2026-03-02,REE,,MUNIESA,400.0,0.0,-180.0,180.0,3,1,2026
2024-10-01,REE,,MURCIA,220.0,0.0,-5.0,5.0,10,4,2024
2024-09-02,REE,,MURTERAR,220.0,-49.0,-89.0,40.0,9,3,2024
2024-10-01,REE,,MURTERAR,220.0,11.0,-49.0,60.0,10,4,2024
2025-08-01,REE,,MURTERAR,220.0,119.0,11.0,108.0,8,3,2025
2026-02-20,REE,,MURTERAR,220.0,1.0,-69.0,70.0,2,1,2026
2025-04-01,REE,,MURUARTE,220.0,-719.0,-768.0,49.0,4,2,2025
2025-06-02,REE,,MURUARTE,220.0,-726.0,-819.0,93.0,6,2,2025
2025-07-01,REE,,MURUARTE,220.0,-626.0,-726.0,100.0,7,3,2025
2025-08-01,REE,,MURUARTE,220.0,-588.0,-626.0,38.0,8,3,2025
2025-10-01,REE,,MURUARTE,220.0,-538.0,-588.0,50.0,10,4,2025
2025-12-01,REE,,MURUARTE,220.0,-493.0,-538.0,45.0,12,4,2025
2026-05-01,REE,,MURUARTE,220.0,-536.0,-549.0,13.0,5,2,2026
2025-04-01,REE,,MURUARTE,400.0,-43.0,-50.0,7.0,4,2,2025
2025-07-01,REE,,MURUARTE,400.0,0.0,-43.0,43.0,7,3,2025
2026-05-01,REE,,MURUARTE,400.0,0.0,-20.0,20.0,5,2,2026
2024-11-04,REE,,NOVELDA,220.0,-15.0,-23.0,8.0,11,4,2024
2026-02-20,REE,,NUEVA CASARES,220.0,0.0,-30.0,30.0,2,1,2026
2025-05-05,REE,,OLITE,220.0,-741.0,-747.0,6.0,5,2,2025
2025-06-02,REE,,OLITE,220.0,-694.0,-741.0,47.0,6,2,2025
2025-07-01,REE,,OLITE,220.0,-594.0,-694.0,100.0,7,3,2025
2025-10-01,REE,,OLITE,220.0,-500.0,-594.0,94.0,10,4,2025
2024-03-01,REE,,"OLIVOS, LOS",66.0,-13.0,-45.0,32.0,3,1,2024
2024-04-01,REE,,"OLIVOS, LOS",66.0,0.0,-13.0,13.0,4,2,2024
2025-01-02,REE,,"OLIVOS, LOS",66.0,0.0,-15.0,15.0,1,1,2025
2024-03-01,REE,,OLMEDO,400.0,0.0,-15.0,15.0,3,1,2024
2024-08-01,REE,,OLMEDO,400.0,0.0,-50.0,50.0,8,3,2024
2025-04-01,REE,,ONDINAS,220.0,119.0,0.0,119.0,4,2,2025
2025-12-01,REE,,ONDINAS,220.0,-495.0,-589.0,94.0,12,4,2025
2026-02-20,REE,,ONDINAS,220.0,-339.0,-495.0,156.0,2,1,2026
2025-04-01,REE,,ORCOYEN,220.0,-262.0,-310.0,48.0,4,2,2025
2025-05-05,REE,,ORCOYEN,220.0,-212.0,-262.0,50.0,5,2,2025
2025-06-02,REE,,ORCOYEN,220.0,-176.0,-212.0,36.0,6,2,2025
2025-07-01,REE,,ORCOYEN,220.0,-166.0,-176.0,10.0,7,3,2025
2025-10-01,REE,,ORCOYEN,220.0,-126.0,-171.0,45.0,10,4,2025
2024-05-16,REE,,ORMAIZTEGUI,220.0,-60.0,-162.0,102.0,5,2,2024
2024-10-01,REE,,ORMAIZTEGUI,220.0,-30.0,-60.0,30.0,10,4,2024
2024-01-02,REE,,PALAU,220.0,0.0,-80.0,80.0,1,1,2024
2024-02-01,REE,,PALOS,220.0,-334.0,-634.0,300.0,2,1,2024
2024-08-01,REE,,PALOS,220.0,0.0,-334.0,334.0,8,3,2024
2025-05-05,REE,,PALOS,220.0,-34.0,-334.0,300.0,5,2,2025
2026-02-20,REE,,PALOS,220.0,0.0,-34.0,34.0,2,1,2026
2024-02-01,REE,,PARAMO DE POZA,220.0,-235.0,-265.0,30.0,2,1,2024
2024-04-01,REE,,PARAMO DE POZA,220.0,-235.0,-250.0,15.0,4,2,2024
2024-07-01,REE,,PARAMO DE POZA,220.0,-250.0,-265.0,15.0,7,3,2024
2024-10-01,REE,,PARAMO DE POZA,220.0,-200.0,-250.0,50.0,10,4,2024
2024-12-02,REE,,PARAMO DE POZA,220.0,0.0,-200.0,200.0,12,4,2024
2025-10-01,REE,,PARAMO DE POZA,220.0,-65.0,-88.0,23.0,10,4,2025
2026-05-01,REE,,PARAMO DE POZA,220.0,-191.0,-236.0,45.0,5,2,2026
2024-07-01,REE,,PARLA,220.0,-26.0,-131.0,105.0,7,3,2024
2025-01-02,REE,,PARLA,220.0,-27.0,-38.0,11.0,1,1,2025
2025-12-01,REE,,PARLA,220.0,-27.0,-37.0,10.0,12,4,2025
2024-02-01,REE,,PARQUE INGENIEROS,220.0,0.0,-30.0,30.0,2,1,2024
2024-08-01,REE,,PAZOS DE BORBEN,220.0,-120.0,-130.0,10.0,8,3,2024
2025-08-01,REE,,PAZOS DE BORBEN,220.0,-50.0,-120.0,70.0,8,3,2025
2025-05-05,REE,,PENEDES,220.0,-379.0,-422.0,43.0,5,2,2025
2025-10-01,REE,,PENEDES,220.0,-461.0,-505.0,44.0,10,4,2025
2024-07-01,REE,,PERAFORT,220.0,-195.0,-265.0,70.0,7,3,2024
2024-11-04,REE,,PERAFORT,220.0,-159.0,-197.0,38.0,11,4,2024
2025-04-01,REE,,PERAFORT,220.0,-98.0,-157.0,59.0,4,2,2025
2025-12-01,REE,,PERAFORT,220.0,-49.0,-98.0,49.0,12,4,2025
2024-01-02,REE,,PESOZ,400.0,0.0,-431.0,431.0,1,1,2024
2025-07-01,REE,,PEÑADRADA,220.0,0.0,-29.0,29.0,7,3,2025
2026-03-02,REE,,PEÑADRADA,220.0,-360.0,-401.0,41.0,3,1,2026
2024-08-01,REE,,PEÑAFLOR,400.0,0.0,-100.0,100.0,8,3,2024
2024-12-02,REE,,PEÑAFLOR,400.0,0.0,-100.0,100.0,12,4,2024
2025-06-02,REE,,PIEROLA,220.0,-330.0,-380.0,50.0,6,2,2025
2025-07-01,REE,,PIEROLA,220.0,-195.0,-330.0,135.0,7,3,2025
2026-05-01,REE,,PIEROLA,220.0,-150.0,-195.0,45.0,5,2,2026
2024-02-01,REE,,PIEROLA,400.0,0.0,-19.0,19.0,2,1,2024
2025-07-01,REE,,PIEROLA,400.0,0.0,-200.0,200.0,7,3,2025
2025-12-01,REE,,PINTO AYUDEN,220.0,0.0,-10.0,10.0,12,4,2025
2026-02-20,REE,,PINTO,220.0,-163.0,-178.0,15.0,2,1,2026
2025-02-03,REE,,PLATEA,400.0,0.0,-45.0,45.0,2,1,2025
2024-11-04,REE,,PLAYA BLANCA,66.0,0.0,-31.0,31.0,11,4,2024
2025-03-03,REE,,PLAYA BLANCA,66.0,0.0,-17.0,17.0,3,1,2025
2025-10-01,REE,,POLIGONO BALEARES,66.0,0.0,-5.0,5.0,10,4,2025
2026-05-01,REE,,POLIGONO BALEARES,66.0,0.0,-5.0,5.0,5,2,2026
2024-04-01,REE,,POLIGONO C,220.0,0.0,-10.0,10.0,4,2,2024
2024-10-01,REE,,POLIGONO C,220.0,0.0,-30.0,30.0,10,4,2024
2025-08-01,REE,,POLIGONO C,220.0,0.0,-35.0,35.0,8,3,2025
2024-05-16,REE,,POLIGONO GRANADILLA,66.0,0.0,-7.0,7.0,5,2,2024
2025-03-03,REE,,POLIGONO GRANADILLA,66.0,-3.0,-17.0,14.0,3,1,2025
2024-07-01,REE,,POLIGONO GUIMAR,66.0,0.0,-23.0,23.0,7,3,2024
2024-03-01,REE,,POLIGONO,220.0,-120.0,-134.0,14.0,3,1,2024
2024-04-01,REE,,POLIGONO,220.0,-25.0,-120.0,95.0,4,2,2024
2024-12-02,REE,,POLIGONO,220.0,0.0,-25.0,25.0,12,4,2024
2024-04-01,REE,,POLLENSA,66.0,0.0,-20.0,20.0,4,2,2024
2024-09-02,REE,,POLLENSA,66.0,0.0,-7.0,7.0,9,3,2024
2025-01-02,REE,,POLLENSA,66.0,0.0,-7.0,7.0,1,1,2025
2025-03-03,REE,,PORIS,220.0,0.0,-16.0,16.0,3,1,2025
2024-09-02,REE,,PORTO COLOM,66.0,-23.0,-33.0,10.0,9,3,2024
2024-11-04,REE,,PORTO COLOM,66.0,0.0,-23.0,23.0,11,4,2024
2024-05-16,REE,,PRADA,220.0,76.0,0.0,76.0,5,2,2024
2024-12-02,REE,,PRADA,220.0,-203.0,-253.0,50.0,12,4,2024
2025-04-01,REE,,PRADA,220.0,-180.0,-202.0,22.0,4,2,2025
2025-05-05,REE,,PRADA,220.0,-28.0,-180.0,152.0,5,2,2025
2025-08-01,REE,,PRADA,220.0,0.0,-28.0,28.0,8,3,2025
2026-05-01,REE,,PRADA,220.0,75.0,0.0,75.0,5,2,2026
2025-04-01,REE,,PRADILLOS,220.0,0.0,-132.0,132.0,4,2,2025
2025-10-01,REE,,PRADILLOS,220.0,0.0,-21.0,21.0,10,4,2025
2024-03-01,REE,,PTE.SAN FERNANDO,220.0,-43.0,-68.0,25.0,3,1,2024
2025-04-01,REE,,PUEBLA DE GUZMAN,220.0,-165.0,-395.0,230.0,4,2,2025
2025-08-01,REE,,PUEBLA DE GUZMAN,220.0,0.0,-165.0,165.0,8,3,2025
2026-02-20,REE,,PUEBLA DE GUZMAN,220.0,-288.0,-343.0,55.0,2,1,2026
2026-05-01,REE,,PUEBLA DE GUZMAN,220.0,-632.0,-677.0,45.0,5,2,2026
2024-05-16,REE,,PUEBLA DE SANABRIA,220.0,251.0,0.0,251.0,5,2,2024
2024-05-16,REE,,PUENTELARRA,220.0,-176.0,-272.0,96.0,5,2,2024
2024-05-16,REE,,PUENTES G.R.,400.0,0.0,-18.0,18.0,5,2,2024
2025-08-01,REE,,PUENTES G.R.,400.0,-50.0,-68.0,18.0,8,3,2025
2025-09-01,REE,,PUENTES G.R.,400.0,0.0,-50.0,50.0,9,3,2025
2024-12-02,REE,,PUERTO DE LA CRUZ,220.0,46.0,0.0,46.0,12,4,2024
2025-04-01,REE,,PUERTO DE LA CRUZ,220.0,-357.0,-365.0,8.0,4,2,2025
2025-06-02,REE,,PUERTO DE LA CRUZ,220.0,-321.0,-357.0,36.0,6,2,2025
2025-12-01,REE,,PUERTO DE LA CRUZ,220.0,-280.0,-321.0,41.0,12,4,2025
2026-03-02,REE,,PUERTO DE LA CRUZ,220.0,-302.0,-314.0,12.0,3,1,2026
2026-05-01,REE,,PUERTO DE LA CRUZ,220.0,-228.0,-302.0,74.0,5,2,2026
2024-03-01,REE,,PUERTO DE SANTA MARIA,220.0,-423.0,-483.0,60.0,3,1,2024
2024-08-01,REE,,PUERTO DE SANTA MARIA,220.0,-364.0,-423.0,59.0,8,3,2024
2025-06-02,REE,,PUERTO DE SANTA MARIA,220.0,-303.0,-364.0,61.0,6,2,2025
2025-10-01,REE,,PUERTO DE SANTA MARIA,220.0,-265.0,-303.0,38.0,10,4,2025
2026-02-20,REE,,PUERTO DE SANTA MARIA,220.0,-205.0,-265.0,60.0,2,1,2026
2024-08-01,REE,,PUERTOLLANO,220.0,0.0,-130.0,130.0,8,3,2024
2024-12-02,REE,,PUERTOLLANO,220.0,0.0,-84.0,84.0,12,4,2024
2025-04-01,REE,,PUIGPELAT,220.0,-1178.0,-1273.0,95.0,4,2,2025
2025-05-05,REE,,PUIGPELAT,220.0,-1045.0,-1178.0,133.0,5,2,2025
2025-07-01,REE,,PUIGPELAT,220.0,-1017.0,-1050.0,33.0,7,3,2025
2025-08-01,REE,,PUIGPELAT,220.0,-1009.0,-1017.0,8.0,8,3,2025
2025-09-01,REE,,PUIGPELAT,220.0,-959.0,-1009.0,50.0,9,3,2025
2025-10-01,REE,,PUIGPELAT,220.0,-909.0,-959.0,50.0,10,4,2025
2025-12-01,REE,,PUIGPELAT,220.0,-835.0,-909.0,74.0,12,4,2025
2026-02-20,REE,,PUIGPELAT,220.0,-786.0,-835.0,49.0,2,1,2026
2026-05-01,REE,,PUIGPELAT,220.0,-695.0,-786.0,91.0,5,2,2026
2024-11-04,REE,,PUJALT,220.0,0.0,-41.0,41.0,11,4,2024
2024-12-02,REE,,PUJALT,220.0,15.0,0.0,15.0,12,4,2024
2025-05-05,REE,,PUJALT,220.0,-76.0,-114.0,38.0,5,2,2025
2025-06-02,REE,,PUJALT,220.0,-53.0,-76.0,23.0,6,2,2025
2025-07-01,REE,,PUJALT,220.0,0.0,-53.0,53.0,7,3,2025
2026-02-20,REE,,PUJALT,220.0,0.0,-100.0,100.0,2,1,2026
2026-05-01,REE,,QUART DE POBLET,220.0,0.0,-15.0,15.0,5,2,2026
2024-01-02,REE,,QUEREÑO,220.0,0.0,-120.0,120.0,1,1,2024
2026-05-01,REE,,QUEREÑO,220.0,-172.0,-251.0,79.0,5,2,2026
2025-08-01,REE,,QUINTOS,220.0,-587.0,-637.0,50.0,8,3,2025
2025-10-01,REE,,QUINTOS,220.0,-487.0,-587.0,100.0,10,4,2025
2026-02-20,REE,,QUINTOS,220.0,-343.0,-487.0,144.0,2,1,2026
2024-07-01,REE,,RAFAL,66.0,0.0,-10.0,10.0,7,3,2024
2024-09-02,REE,,RAFAL,66.0,-9.0,-41.0,32.0,9,3,2024
2024-11-04,REE,,RAFAL,66.0,0.0,-9.0,9.0,11,4,2024
2024-01-02,REE,,REGOELLE,220.0,0.0,-201.0,201.0,1,1,2024
2024-10-01,REE,,REGOELLE,220.0,-83.0,-119.0,36.0,10,4,2024
2024-12-02,REE,,REGOELLE,220.0,-24.0,-107.0,83.0,12,4,2024
2025-06-02,REE,,REGOELLE,220.0,0.0,-24.0,24.0,6,2,2025
2024-07-01,REE,,RENEDO,220.0,-91.0,-96.0,5.0,7,3,2024
2025-02-03,REE,,RENEDO,220.0,-81.0,-91.0,10.0,2,1,2025
2025-12-01,REE,,RENEDO,220.0,-76.0,-81.0,5.0,12,4,2025
2024-11-04,REE,,REQUENA,400.0,-116.0,-159.0,43.0,11,4,2024
2025-03-03,REE,,REQUENA,400.0,0.0,-116.0,116.0,3,1,2025
2024-04-01,REE,,RETAMAR,220.0,0.0,-6.0,6.0,4,2,2024
2025-03-03,REE,,RETAMAR,220.0,-27.0,-32.0,5.0,3,1,2025
2024-07-01,REE,,RICOBAYO,220.0,-1071.0,-1120.0,49.0,7,3,2024
2024-08-01,REE,,RICOBAYO,220.0,-1022.0,-1071.0,49.0,8,3,2024
2024-09-02,REE,,RICOBAYO,220.0,-933.0,-1022.0,89.0,9,3,2024
2024-10-01,REE,,RICOBAYO,220.0,-909.0,-933.0,24.0,10,4,2024
2024-11-04,REE,,RICOBAYO,220.0,-859.0,-909.0,50.0,11,4,2024
2025-01-02,REE,,RICOBAYO,220.0,-834.0,-859.0,25.0,1,1,2025
2025-09-01,REE,,RICOBAYO,220.0,-724.0,-834.0,110.0,9,3,2025
2025-10-01,REE,,RICOBAYO,220.0,-682.0,-724.0,42.0,10,4,2025
2026-02-20,REE,,RICOBAYO,220.0,-633.0,-682.0,49.0,2,1,2026
2026-05-01,REE,,RICOBAYO,220.0,-590.0,-633.0,43.0,5,2,2026
2024-10-01,REE,,RIERA DE CALDES,220.0,0.0,-20.0,20.0,10,4,2024
2024-08-01,REE,,ROCIO,220.0,-194.0,-236.0,42.0,8,3,2024
2025-01-02,REE,,ROCIO,220.0,-207.0,-236.0,29.0,1,1,2025
2025-02-03,REE,,ROCIO,220.0,-165.0,-207.0,42.0,2,1,2025
2025-08-01,REE,,ROCIO,220.0,-131.0,-172.0,41.0,8,3,2025
2025-12-01,REE,,ROCIO,220.0,-89.0,-131.0,42.0,12,4,2025
2026-05-01,REE,,ROCIO,220.0,-76.0,-89.0,13.0,5,2,2026
2024-08-01,REE,,ROMICA,400.0,0.0,-29.0,29.0,8,3,2024
2025-05-05,REE,,ROMICA,400.0,0.0,-12.0,12.0,5,2,2025
2026-02-20,REE,,RONDA,400.0,0.0,-45.0,45.0,2,1,2026
2024-02-01,REE,,RUBIO,220.0,0.0,-40.0,40.0,2,1,2024
2024-11-04,REE,,RUBIO,220.0,50.0,0.0,50.0,11,4,2024
2025-04-01,REE,,RUBIO,220.0,-880.0,-930.0,50.0,4,2,2025
2025-06-02,REE,,RUBIO,220.0,-830.0,-880.0,50.0,6,2,2025
2025-07-01,REE,,RUBIO,220.0,-780.0,-830.0,50.0,7,3,2025
2025-10-01,REE,,RUBIO,220.0,-727.0,-780.0,53.0,10,4,2025
2025-12-01,REE,,RUBIO,220.0,-153.0,-727.0,574.0,12,4,2025
2026-05-01,REE,,RUBIO,220.0,-187.0,-225.0,38.0,5,2,2026
2024-06-03,REE,,RUBI,400.0,-542.0,-591.0,49.0,6,2,2024
2024-07-01,REE,,RUBI,400.0,-492.0,-542.0,50.0,7,3,2024
2025-03-03,REE,,RUBI,400.0,-315.0,-492.0,177.0,3,1,2025
2024-08-01,REE,,RUEDA DE JALON,400.0,0.0,-67.0,67.0,8,3,2024
2024-11-04,REE,,RUEDA DE JALON,400.0,-67.0,-134.0,67.0,11,4,2024
2025-02-03,REE,,RUEDA DE JALON,400.0,0.0,-67.0,67.0,2,1,2025
2024-05-16,REE,,S.AGUSTIN,220.0,138.0,0.0,138.0,5,2,2024
2024-11-04,REE,,S.AGUSTIN,220.0,-243.0,-266.0,23.0,11,4,2024
2025-04-01,REE,,S.AGUSTIN,220.0,-212.0,-243.0,31.0,4,2,2025
2026-02-20,REE,,S.AGUSTIN,220.0,-120.0,-212.0,92.0,2,1,2026
2024-02-01,REE,,SA VINYETA,66.0,0.0,-14.0,14.0,2,1,2024
2025-02-03,REE,,SA VINYETA,66.0,-3.0,-13.0,10.0,2,1,2025
2025-12-01,REE,,SAGUNTO GIS,220.0,0.0,-11.0,11.0,12,4,2025
2024-11-04,REE,,SAGUNTO,220.0,-768.0,-818.0,50.0,11,4,2024
2025-02-03,REE,,SAGUNTO,220.0,-932.0,-1067.0,135.0,2,1,2025
2025-05-05,REE,,SAGUNTO,220.0,-869.0,-932.0,63.0,5,2,2025
2026-02-20,REE,,SAGUNTO,220.0,-854.0,-869.0,15.0,2,1,2026
2024-06-03,REE,,SAGUNTUM,220.0,0.0,-150.0,150.0,6,2,2024
2024-12-02,REE,,SAGUNTUM,220.0,-80.0,-165.0,85.0,12,4,2024
2025-04-01,REE,,SAGUNTUM,220.0,-15.0,-80.0,65.0,4,2,2025
2026-05-01,REE,,SALAS,400.0,0.0,-26.0,26.0,5,2,2026
2026-02-20,REE,,SALTERAS,220.0,0.0,-10.0,10.0,2,1,2026
2024-09-02,REE,,SAN AGUSTIN BALEARES,66.0,0.0,-38.0,38.0,9,3,2024
2024-03-01,REE,,SAN AGUSTIN GC,66.0,0.0,-24.0,24.0,3,1,2024
2024-07-01,REE,,SAN AGUSTIN GC,66.0,0.0,-19.0,19.0,7,3,2024
2025-06-02,REE,,SAN FERNANDO,400.0,0.0,-447.0,447.0,6,2,2025
2026-02-20,REE,,SAN ISIDRO,66.0,7.0,0.0,7.0,2,1,2026
2025-04-01,REE,,SAN JORGE,66.0,0.0,-7.0,7.0,4,2,2025
2025-06-02,REE,,SAN JORGE,66.0,0.0,-7.0,7.0,6,2,2025
2025-08-01,REE,,SAN JORGE,66.0,0.0,-6.0,6.0,8,3,2025
2024-04-01,REE,,SAN JUAN BALEARES,66.0,-10.0,-32.0,22.0,4,2,2024
2024-07-01,REE,,SAN JUAN BALEARES,66.0,0.0,-10.0,10.0,7,3,2024
2024-06-03,REE,,SAN MARTIN BALEARES,66.0,-119.0,-135.0,16.0,6,2,2024
2024-09-02,REE,,SAN MARTIN BALEARES,66.0,-77.0,-129.0,52.0,9,3,2024
2024-10-01,REE,,SAN MARTIN BALEARES,66.0,0.0,-77.0,77.0,10,4,2024
2025-04-01,REE,,SAN MARTIN BALEARES,66.0,48.0,0.0,48.0,4,2,2025
2025-12-01,REE,,SAN MARTIN BALEARES,66.0,0.0,-39.0,39.0,12,4,2025
2024-04-01,REE,,SAN MATEO,66.0,-31.0,-38.0,7.0,4,2,2024
2024-06-03,REE,,SAN MATEO,66.0,0.0,-31.0,31.0,6,2,2024
2024-12-02,REE,,SAN MATEO,66.0,0.0,-16.0,16.0,12,4,2024
2025-05-05,REE,,SAN SERVAN,220.0,0.0,-40.0,40.0,5,2,2025
2025-10-01,REE,,SAN SERVAN,220.0,0.0,-40.0,40.0,10,4,2025
2025-05-05,REE,,SAN SERVAN,400.0,0.0,-40.0,40.0,5,2,2025
2024-07-01,REE,,SANT ANDREU,220.0,0.0,-50.0,50.0,7,3,2024
2025-02-03,REE,,SANT ANDREU,220.0,0.0,-90.0,90.0,2,1,2025
2025-10-01,REE,,SANT ANDREU,220.0,-20.0,-95.0,75.0,10,4,2025
2025-12-01,REE,,SANT ANDREU,220.0,0.0,-20.0,20.0,12,4,2025
2024-02-01,REE,,SANT BOI,220.0,-100.0,-115.0,15.0,2,1,2024
2024-07-01,REE,,SANT BOI,220.0,0.0,-100.0,100.0,7,3,2024
2026-02-20,REE,,SANT CELONI,220.0,-9.0,-24.0,15.0,2,1,2026
2024-01-02,REE,,SANT CUGAT,220.0,0.0,-20.0,20.0,1,1,2024
2024-10-01,REE,,SANT CUGAT,220.0,0.0,-20.0,20.0,10,4,2024
2025-06-02,REE,,SANT CUGAT,220.0,-64.0,-84.0,20.0,6,2,2025
2025-08-01,REE,,SANT CUGAT,220.0,0.0,-64.0,64.0,8,3,2025
2024-02-01,REE,,SANT FOST,220.0,-100.0,-490.0,390.0,2,1,2024
2024-04-01,REE,,SANT FOST,220.0,-85.0,-185.0,100.0,4,2,2024
2025-05-05,REE,,SANT FOST,220.0,0.0,-85.0,85.0,5,2,2025
2024-04-01,REE,,SANTA AGUEDA,66.0,0.0,-24.0,24.0,4,2,2024
2025-04-01,REE,,SANTA AGUEDA,66.0,20.0,0.0,20.0,4,2,2025
2026-02-20,REE,,SANTA AGUEDA,66.0,0.0,-17.0,17.0,2,1,2026
2024-09-02,REE,,SANTA CATALINA,66.0,0.0,-19.0,19.0,9,3,2024
2025-10-01,REE,,SANTA ELVIRA,220.0,-20.0,-30.0,10.0,10,4,2025
2025-10-01,REE,,SANTA ENGRACIA,400.0,0.0,-46.0,46.0,10,4,2025
2026-02-20,REE,,SANTA ENGRACIA,400.0,0.0,-67.0,67.0,2,1,2026
2024-09-02,REE,,SANTA LLOGAIA,400.0,-147.0,-212.0,65.0,9,3,2024
2026-05-01,REE,,SANTA LLOGAIA,400.0,-117.0,-147.0,30.0,5,2,2026
2024-06-03,REE,,SANTA MARIA,66.0,0.0,-6.0,6.0,6,2,2024
2024-10-01,REE,,SANTA MARIA,66.0,42.0,-10.0,52.0,10,4,2024
2025-03-03,REE,,SANTA MARIA,66.0,-215.0,-220.0,5.0,3,1,2025
2025-05-05,REE,,SANTA MARIA,66.0,3.0,-215.0,218.0,5,2,2025
2024-05-16,REE,,SANTIAGO,220.0,-123.0,-150.0,27.0,5,2,2024
2024-10-01,REE,,SANTIAGO,220.0,27.0,-123.0,150.0,10,4,2024
2025-05-05,REE,,SANTIAGO,220.0,-42.0,-69.0,27.0,5,2,2025
2024-04-01,REE,,SANTIZ,220.0,-204.0,-291.0,87.0,4,2,2024
2024-05-16,REE,,SANTIZ,220.0,0.0,-204.0,204.0,5,2,2024
2024-10-01,REE,,SANTIZ,220.0,-2.0,-56.0,54.0,10,4,2024
2024-03-01,REE,,SANTURCE,220.0,0.0,-31.0,31.0,3,1,2024
2024-12-02,REE,,SANTURCE,220.0,29.0,0.0,29.0,12,4,2024
2025-04-01,REE,,SANTURCE,220.0,-199.0,-234.0,35.0,4,2,2025
2025-07-01,REE,,SANTURCE,220.0,-157.0,-199.0,42.0,7,3,2025
2025-12-01,REE,,SANTURCE,220.0,-50.0,-157.0,107.0,12,4,2025
2026-02-20,REE,,SANTURCE,220.0,-25.0,-50.0,25.0,2,1,2026
2026-02-20,REE,,SAX,400.0,0.0,-117.0,117.0,2,1,2026
2024-09-02,REE,,SEGORBE,220.0,-402.0,-594.0,192.0,9,3,2024
2025-04-01,REE,,SEGOVIA,400.0,-50.0,-246.0,196.0,4,2,2025
2026-02-20,REE,,SEGOVIA,400.0,0.0,-50.0,50.0,2,1,2026
2024-01-02,REE,,SENTMENAT,220.0,0.0,-20.0,20.0,1,1,2024
2024-07-01,REE,,SENTMENAT,220.0,0.0,-9.0,9.0,7,3,2024
2025-02-03,REE,,SENTMENAT,220.0,0.0,-34.0,34.0,2,1,2025
2025-10-01,REE,,SENTMENAT,220.0,0.0,-30.0,30.0,10,4,2025
2026-02-20,REE,,SENTMENAT,220.0,0.0,-7.0,7.0,2,1,2026
2025-06-02,REE,,SERNA,400.0,0.0,-81.0,81.0,6,2,2025
2024-12-02,REE,,SESUE,220.0,12.0,5.0,7.0,12,4,2024
2024-02-01,REE,,SIERO,220.0,-64.0,-76.0,12.0,2,1,2024
2024-05-16,REE,,SIERO,220.0,-22.0,-77.0,55.0,5,2,2024
2026-05-01,REE,,SIERO,220.0,-22.0,-29.0,7.0,5,2,2026
2024-01-02,REE,,SOLORZANO,220.0,-150.0,-187.0,37.0,1,1,2024
2024-03-01,REE,,SOLORZANO,220.0,0.0,-149.0,149.0,3,1,2024
2024-01-02,REE,,SON OMS,66.0,0.0,-10.0,10.0,1,1,2024
2024-08-01,REE,,SON ORLANDIS,66.0,0.0,-6.0,6.0,8,3,2024
2024-12-02,REE,,SON ORLANDIS,66.0,9.0,0.0,9.0,12,4,2024
2025-01-02,REE,,SON ORLANDIS,66.0,19.0,9.0,10.0,1,1,2025
2025-04-01,REE,,SON ORLANDIS,66.0,42.0,-8.0,50.0,4,2,2025
2025-08-01,REE,,SON ORLANDIS,66.0,30.0,-10.0,40.0,8,3,2025
2026-03-02,REE,,SON ORLANDIS,66.0,15.0,-23.0,38.0,3,1,2026
2024-12-02,REE,,SON REUS,220.0,31.0,0.0,31.0,12,4,2024
2025-12-01,REE,,SON REUS,220.0,0.0,-25.0,25.0,12,4,2025
2025-12-01,REE,,SS.REYES (SS.REYES B),220.0,0.0,-20.0,20.0,12,4,2025
2024-12-02,REE,,SS.REYES,220.0,0.0,-50.0,50.0,12,4,2024
2024-02-01,REE,,SUBIRATS,220.0,0.0,-29.0,29.0,2,1,2024
2024-08-01,REE,,SUBIRATS,220.0,0.0,-15.0,15.0,8,3,2024
2025-01-02,REE,,TABARA,400.0,0.0,-27.0,27.0,1,1,2025
2025-07-01,REE,,TABARA,400.0,0.0,-50.0,50.0,7,3,2025
2026-02-20,REE,,TABERNAS,220.0,-40.0,-72.0,32.0,2,1,2026
2026-05-01,REE,,TABERNAS,220.0,0.0,-40.0,40.0,5,2,2026
2024-02-01,REE,,TABIELLA,220.0,0.0,-48.0,48.0,2,1,2024
2024-08-01,REE,,TABIELLA,220.0,-150.0,-161.0,11.0,8,3,2024
2024-03-01,REE,,TACORONTE,66.0,-27.0,-69.0,42.0,3,1,2024
2024-04-01,REE,,TACORONTE,66.0,0.0,-27.0,27.0,4,2,2024
2024-10-01,REE,,TACORONTE,66.0,0.0,-8.0,8.0,10,4,2024
2024-05-16,REE,,TAFALLA,220.0,0.0,-15.0,15.0,5,2,2024
2025-05-05,REE,,TAFALLA,220.0,-734.0,-884.0,150.0,5,2,2025
2025-07-01,REE,,TAFALLA,220.0,-634.0,-734.0,100.0,7,3,2025
2025-10-01,REE,,TAFALLA,220.0,-540.0,-634.0,94.0,10,4,2025
2024-01-02,REE,,TAJO ENCANTADA,220.0,-262.0,-370.0,108.0,1,1,2024
2024-03-01,REE,,TAJO ENCANTADA,220.0,-172.0,-262.0,90.0,3,1,2024
2024-04-01,REE,,TAJO ENCANTADA,220.0,0.0,-172.0,172.0,4,2,2024
2025-08-01,REE,,TAJO ENCANTADA,220.0,-373.0,-432.0,59.0,8,3,2025
2025-12-01,REE,,TAJO ENCANTADA,220.0,-612.0,-643.0,31.0,12,4,2025
2026-02-20,REE,,TAJO ENCANTADA,220.0,-588.0,-612.0,24.0,2,1,2026
2026-03-02,REE,,TAJO ENCANTADA,220.0,-445.0,-588.0,143.0,3,1,2026
2024-05-16,REE,,TARRAGONA,220.0,0.0,-45.0,45.0,5,2,2024
2024-08-01,REE,,TARRAGONA,220.0,0.0,-21.0,21.0,8,3,2024
2024-04-01,REE,,TELDE,66.0,0.0,-23.0,23.0,4,2,2024
2025-05-05,REE,,TELDE,66.0,7.0,0.0,7.0,5,2,2025
2026-05-01,REE,,TELDE,66.0,19.0,6.0,13.0,5,2,2026
2024-07-01,REE,,TELLEDO,220.0,-15.0,-54.0,39.0,7,3,2024
2024-08-01,REE,,TELLEDO,220.0,0.0,-15.0,15.0,8,3,2024
2024-08-01,REE,,TERRER,400.0,0.0,-66.0,66.0,8,3,2024
2024-12-02,REE,,TERRER,400.0,-125.0,-159.0,34.0,12,4,2024
2025-01-02,REE,,TERRER,400.0,-93.0,-125.0,32.0,1,1,2025
2026-02-20,REE,,TERRER,400.0,0.0,-201.0,201.0,2,1,2026
2024-02-01,REE,,TIBO,220.0,-388.0,-423.0,35.0,2,1,2024
2025-01-02,REE,,TIBO,220.0,-423.0,-435.0,12.0,1,1,2025
2025-12-01,REE,,TIBO,220.0,-375.0,-423.0,48.0,12,4,2025
2026-05-01,REE,,TIBO,220.0,-351.0,-386.0,35.0,5,2,2026
2025-02-03,REE,,TOMEZA,220.0,-239.0,-280.0,41.0,2,1,2025
2025-12-01,REE,,TOMEZA,220.0,-199.0,-239.0,40.0,12,4,2025
2024-02-01,REE,,TORDESILLAS,220.0,0.0,-44.0,44.0,2,1,2024
2026-02-20,REE,,TORDESILLAS,220.0,-201.0,-297.0,96.0,2,1,2026
2024-06-03,REE,,TORREJON DE VELASCO,400.0,0.0,-82.0,82.0,6,2,2024
2025-05-05,REE,,TORREJON DE VELASCO,400.0,0.0,-47.0,47.0,5,2,2025
2024-04-01,REE,,TORRENTE,220.0,-34.0,-49.0,15.0,4,2,2024
2025-02-03,REE,,TORRIJOS,220.0,-124.0,-167.0,43.0,2,1,2025
2025-09-01,REE,,TOTANA,400.0,-488.0,-516.0,28.0,9,3,2025
2026-02-20,REE,,TOTANA,400.0,-169.0,-488.0,319.0,2,1,2026
2025-10-01,REE,,TRES CANTOS GIS,220.0,-155.0,-284.0,129.0,10,4,2025
2025-12-01,REE,,TRES CANTOS GIS,220.0,-75.0,-155.0,80.0,12,4,2025
2025-05-05,REE,,TRES CANTOS,220.0,-75.0,-99.0,24.0,5,2,2025
2025-12-01,REE,,TRES CANTOS,220.0,-25.0,-75.0,50.0,12,4,2025
2024-04-01,REE,,TREVAGO,220.0,-225.0,-288.0,63.0,4,2,2024
2024-12-02,REE,,TREVAGO,220.0,-125.0,-225.0,100.0,12,4,2024
2025-06-02,REE,,TRILLO,400.0,0.0,-499.0,499.0,6,2,2025
2025-01-02,REE,,TRINITAT,220.0,0.0,-40.0,40.0,1,1,2025
2025-07-01,REE,,TUDELA,220.0,-105.0,-130.0,25.0,7,3,2025
2025-12-01,REE,,VAGUADAS,220.0,0.0,-30.0,30.0,12,4,2025
2026-05-01,REE,,VAGUADAS,220.0,0.0,-19.0,19.0,5,2,2026
2025-05-05,REE,,VALDECABALLEROS,400.0,0.0,-34.0,34.0,5,2,2025
2025-02-03,REE,,VALDECARRETAS,400.0,0.0,-104.0,104.0,2,1,2025
2025-06-02,REE,,VALDECONEJOS,220.0,0.0,-50.0,50.0,6,2,2025
2025-12-01,REE,,VALDECONEJOS,220.0,-216.0,-227.0,11.0,12,4,2025
2026-05-01,REE,,VALDECONEJOS,220.0,-186.0,-218.0,32.0,5,2,2026
2025-12-01,REE,,VALDEMORO,220.0,-255.0,-341.0,86.0,12,4,2025
2026-02-20,REE,,VALDEMORO,220.0,-150.0,-255.0,105.0,2,1,2026
2024-09-02,REE,,VALL D'UXO,220.0,-283.0,-475.0,192.0,9,3,2024
2025-03-03,REE,,VALL D'UXO,220.0,-214.0,-283.0,69.0,3,1,2025
2025-06-02,REE,,VALL D'UXO,220.0,-120.0,-214.0,94.0,6,2,2025
2024-10-01,REE,,VALLDIGNA,220.0,0.0,-20.0,20.0,10,4,2024
2025-04-01,REE,,VALLDIGNA,220.0,-10.0,-20.0,10.0,4,2,2025
2025-05-05,REE,,VALLDIGNA,220.0,0.0,-10.0,10.0,5,2,2025
2025-12-01,REE,,VALLDIGNA,220.0,0.0,-15.0,15.0,12,4,2025
2024-04-01,REE,,VALLE DEL ARCIPRESTE,220.0,0.0,-15.0,15.0,4,2,2024
2026-05-01,REE,,VALLECAS,220.0,0.0,-10.0,10.0,5,2,2026
2024-10-01,REE,,VALLEJERA,220.0,46.0,0.0,46.0,10,4,2024
2025-01-02,REE,,VALLEJERA,220.0,-1714.0,-1741.0,27.0,1,1,2025
2025-03-03,REE,,VALLEJERA,220.0,-1879.0,-1943.0,64.0,3,1,2025
2025-04-01,REE,,VALLEJERA,220.0,-1834.0,-1879.0,45.0,4,2,2025
2025-05-05,REE,,VALLEJERA,220.0,-1742.0,-1834.0,92.0,5,2,2025
2025-06-02,REE,,VALLEJERA,220.0,-1696.0,-1742.0,46.0,6,2,2025
2025-07-01,REE,,VALLEJERA,220.0,-1624.0,-1696.0,72.0,7,3,2025
2025-08-01,REE,,VALLEJERA,220.0,-1361.0,-1624.0,263.0,8,3,2025
2025-09-01,REE,,VALLEJERA,220.0,-1315.0,-1361.0,46.0,9,3,2025
2025-10-01,REE,,VALLEJERA,220.0,-1269.0,-1315.0,46.0,10,4,2025
2026-05-01,REE,,VALLEJERA,220.0,-1348.0,-1424.0,76.0,5,2,2026
2026-05-01,REE,,VALPARAISO,220.0,0.0,-40.0,40.0,5,2,2026
2024-07-01,REE,,VIC,220.0,-13.0,-212.0,199.0,7,3,2024
2025-07-01,REE,,VIC,220.0,0.0,-13.0,13.0,7,3,2025
2026-05-01,REE,,VIC,220.0,-10.0,-17.0,7.0,5,2,2026
2024-06-03,REE,,VILLALBILLA,220.0,-50.0,-84.0,34.0,6,2,2024
2024-03-01,REE,,VILLANUEVA DE GALLEGO,220.0,0.0,-9.0,9.0,3,1,2024
2025-03-03,REE,,VILLANUEVA DE LOS ESCUDEROS,400.0,0.0,-38.0,38.0,3,1,2025
2024-05-16,REE,,VILLANUEVA DEL REY,220.0,0.0,-29.0,29.0,5,2,2024
2024-05-16,REE,,VILLARES DEL SAZ,220.0,0.0,-16.0,16.0,5,2,2024
2025-09-01,REE,,VILLARES DEL SAZ,220.0,-76.0,-94.0,18.0,9,3,2025
2025-12-01,REE,,VILLARES DEL SAZ,220.0,-63.0,-76.0,13.0,12,4,2025
2024-05-16,REE,,VILLAVICIOSA,220.0,-70.0,-167.0,97.0,5,2,2024
2024-11-04,REE,,VILLAVICIOSA,220.0,-160.0,-195.0,35.0,11,4,2024
2025-02-03,REE,,VILLAVICIOSA,220.0,-160.0,-165.0,5.0,2,1,2025
2025-04-01,REE,,VILLAVICIOSA,220.0,0.0,-160.0,160.0,4,2,2025
2024-07-01,REE,,VILLAVICIOSA,400.0,-40.0,-120.0,80.0,7,3,2024
2024-08-01,REE,,VILLAVICIOSA,400.0,0.0,-40.0,40.0,8,3,2024
2024-12-02,REE,,VILLAVICIOSA,400.0,-426.0,-466.0,40.0,12,4,2024
2025-04-01,REE,,VILLAVICIOSA,400.0,0.0,-426.0,426.0,4,2,2025
2026-02-20,REE,,VILLAVICIOSA,400.0,0.0,-444.0,444.0,2,1,2026
2024-02-01,REE,,VILLIMAR,220.0,1.0,-725.0,726.0,2,1,2024
2024-05-16,REE,,VILLIMAR,220.0,-483.0,-523.0,40.0,5,2,2024
2024-08-01,REE,,VILLIMAR,220.0,-946.0,-984.0,38.0,8,3,2024
2024-10-01,REE,,VILLIMAR,220.0,-1029.0,-1039.0,10.0,10,4,2024
2024-11-04,REE,,VILLIMAR,220.0,-974.0,-1029.0,55.0,11,4,2024
2025-04-01,REE,,VILLIMAR,220.0,-1092.0,-1132.0,40.0,4,2,2025
2025-06-02,REE,,VILLIMAR,220.0,-1053.0,-1092.0,39.0,6,2,2025
2025-07-01,REE,,VILLIMAR,220.0,-994.0,-1053.0,59.0,7,3,2025
2025-08-01,REE,,VILLIMAR,220.0,-734.0,-994.0,260.0,8,3,2025
2025-09-01,REE,,VILLIMAR,220.0,-699.0,-734.0,35.0,9,3,2025
2025-12-01,REE,,VILLIMAR,220.0,-678.0,-698.0,20.0,12,4,2025
2026-02-20,REE,,VILLIMAR,220.0,-644.0,-678.0,34.0,2,1,2026
2025-08-01,REE,,VIMIANZO,220.0,0.0,-50.0,50.0,8,3,2025
2026-05-01,REE,,VIRTUS,400.0,0.0,-25.0,25.0,5,2,2026
2024-08-01,REE,,VITORIA,220.0,0.0,-10.0,10.0,8,3,2024
2024-12-02,REE,,VITORIA,220.0,0.0,-10.0,10.0,12,4,2024
2025-06-02,REE,,XOVE,400.0,0.0,-27.0,27.0,6,2,2025
2024-09-02,REE,,ZAL,220.0,0.0,-20.0,20.0,9,3,2024
2025-02-03,REE,,ZAMORA,220.0,-137.0,-175.0,38.0,2,1,2025
2025-05-05,REE,,ZAMORA,220.0,-542.0,-577.0,35.0,5,2,2025
2025-06-02,REE,,ZAMORA,220.0,-503.0,-542.0,39.0,6,2,2025
2025-08-01,REE,,ZAMORA,220.0,-25.0,-594.0,569.0,8,3,2025
2026-05-01,REE,,ZAMORA,220.0,-7.0,-39.0,32.0,5,2,2026
2025-01-02,REE,,ZARATAN,220.0,-73.0,-99.0,26.0,1,1,2025
2025-07-01,REE,,ZARATAN,220.0,-51.0,-73.0,22.0,7,3,2025
2024-03-01,REE,,ZARZON,400.0,0.0,-42.0,42.0,3,1,2024
2024-08-01,REE,,ZARZON,400.0,0.0,-50.0,50.0,8,3,2024
2025-02-03,REE,,ZARZON,400.0,-327.0,-335.0,8.0,2,1,2025
2025-03-03,REE,,ZARZON,400.0,-42.0,-327.0,285.0,3,1,2025
2025-06-02,REE,,ZARZON,400.0,0.0,-42.0,42.0,6,2,2025
2024-03-01,REE,,ZIERBENA,400.0,-50.0,-67.0,17.0,3,1,2024
2024-07-01,REE,,ZIERBENA,400.0,0.0,-50.0,50.0,7,3,2024
2025-04-01,REE,,ZIERBENA,400.0,-450.0,-900.0,450.0,4,2,2025
2025-05-05,REE,,ZIERBENA,400.0,0.0,-450.0,450.0,5,2,2025
2026-02-20,REE,,ZIERBENA,400.0,50.0,0.0,50.0,2,1,2026
2026-03-02,REE,,ZIERBENA,400.0,100.0,50.0,50.0,3,1,2026
2025-02-25,UFD,CIUDAD REAL,ABENOJAR,132.0,14.0,0.0,14.0,2,1,2025
2025-02-25,UFD,CIUDAD REAL,ABENOJAR,45.0,14.0,0.0,14.0,2,1,2025
2025-12-01,UFD,Ciudad Real,ABENOJAR,45.0,-19.8,-29.75,9.95,12,4,2025
2026-02-01,UFD,Ciudad Real,ABENOJAR,45.0,-0.6,-19.8,19.2,2,1,2026
2026-02-01,UFD,Ciudad Real,AEROPUERTO CIUDAD REAL,15.0,4.0,-1.0,5.0,2,1,2026
2022-02-27,UFD,CIUDAD REAL,AEROPUERTO CIUDAD REAL,45.0,0.0,-12.0,12.0,2,1,2022
2025-02-25,UFD,CIUDAD REAL,AEROPUERTO CIUDAD REAL,45.0,5.01,-16.99,22.0,2,1,2025
2025-01-27,UFD,CIUDAD REAL,ALARCOS,132.0,20.0,0.0,20.0,1,1,2025
2026-02-01,UFD,Ciudad Real,ALARCOS,132.0,20.0,-5.0,25.0,2,1,2026
2022-04-28,UFD,MADRID,ALCALA II,15.0,2.0,-5.0,7.0,4,2,2022
2024-08-19,UFD,CIUDAD REAL,ALCAZAR 2,15.0,0.0,-9.1,9.1,8,3,2024
2022-02-27,UFD,MADRID,ARAGON,15.0,26.1,-3.845,29.945,2,1,2022
2024-07-17,UFD,MADRID,ARAGON,15.0,5.23,-13.795,19.025,7,3,2024
2022-02-27,UFD,MADRID,ARAGON,45.0,54.7,-59.95,114.65,2,1,2022
2024-07-17,UFD,MADRID,ARAGON,45.0,-40.0,-59.95,19.950000000000003,7,3,2024
2025-10-01,UFD,Madrid,ARAGON,45.0,0.0,-40.0,40.0,10,4,2025
2025-02-25,UFD,CIUDAD REAL,ARGAMASILLA DE ALBA,45.0,34.0,0.0,34.0,2,1,2025
2026-02-01,UFD,Ciudad Real,ARGAMASILLA DE ALBA,45.0,-9.8,-29.8,20.0,2,1,2026
2022-03-27,UFD,CIUDAD REAL,ARGAMASILLA DE CALATRAVA,132.0,15.8,0.0,15.8,3,1,2022
2022-03-27,UFD,CIUDAD REAL,ARGAMASILLA DE CALATRAVA,15.0,15.8,0.0,15.8,3,1,2022
2023-01-30,UFD,CIUDAD REAL,ARGAMASILLA DE CALATRAVA,15.0,0.0,-36.295,36.295,1,1,2023
2023-01-30,UFD,CIUDAD REAL,ARGAMASILLA DE CALATRAVA,45.0,-1.5,-8.495,6.994999999999999,1,1,2023
2022-02-27,UFD,MADRID,ARGANDA,15.0,20.0,14.5,5.5,2,1,2022
2022-10-23,UFD,MADRID,ARGANDA,15.0,14.5,9.5,5.0,10,4,2022
2024-10-23,UFD,MADRID,ARGANDA,15.0,-14.925,-29.38,14.454999999999998,10,4,2024
2025-10-01,UFD,Madrid,ARGANDA,15.0,-5.0,-14.925,9.925,10,4,2025
2026-02-01,UFD,Madrid,ARGANDA,15.0,0.0,-5.0,5.0,2,1,2026
2022-02-27,UFD,MADRID,ARGANDA,45.0,67.1,0.0,67.1,2,1,2022
2023-07-10,UFD,MADRID,ARGANDA,45.0,0.0,-59.02,59.02,7,3,2023
2023-12-22,UFD,MADRID,ARGANDA,45.0,0.0,-11.9,11.9,12,4,2023
2025-02-25,UFD,PONTEVEDRA,ATIOS,132.0,100.0,0.0,100.0,2,1,2025
2022-02-27,UFD,PONTEVEDRA,ATIOS,15.0,15.9,0.0,15.9,2,1,2022
2022-09-28,UFD,PONTEVEDRA,ATIOS,15.0,23.7,13.7,10.0,9,3,2022
2025-01-27,UFD,PONTEVEDRA,BALAIDOS,132.0,100.0,0.0,100.0,1,1,2025
2022-09-28,UFD,PONTEVEDRA,BALAIDOS,15.0,20.0,2.0,18.0,9,3,2022
2025-01-27,UFD,PONTEVEDRA,BALAIDOS,15.0,45.0,20.0,25.0,1,1,2025
2022-03-27,UFD,MADRID,BARRIO DE LA PAZ,15.0,18.0,3.3,14.7,3,1,2022
2022-02-27,UFD,MADRID,BARRIO DE LA PAZ,45.0,56.0,26.2,29.8,2,1,2022
2022-02-27,UFD,MADRID,BARRIO DEL JARAMA,15.0,17.9,-5.312,23.212,2,1,2022
2024-05-21,UFD,MADRID,BARRIO DEL JARAMA,15.0,0.0,-15.4,15.4,5,2,2024
2022-02-27,UFD,MADRID,BARRIO DEL JARAMA,45.0,51.0,-44.402,95.402,2,1,2022
2024-03-21,UFD,MADRID,BARRIO DEL JARAMA,45.0,-21.4,-44.402,23.002000000000002,3,1,2024
2024-05-21,UFD,MADRID,BARRIO DEL JARAMA,45.0,23.3,-21.4,44.7,5,2,2024
2022-05-29,UFD,PONTEVEDRA,BARRO,20.0,8.6,-13.1,21.7,5,2,2022
2024-03-21,UFD,PONTEVEDRA,BARRO,20.0,-8.1,-13.1,5.0,3,1,2024
2024-08-19,UFD,PONTEVEDRA,BARRO,20.0,0.5,-17.6,18.1,8,3,2024
2022-05-29,UFD,PONTEVEDRA,BARRO,66.0,8.6,-5.0,13.6,5,2,2022
2025-01-27,UFD,PONTEVEDRA,BARRO,66.0,1.0,-5.0,6.0,1,1,2025
2025-10-01,UFD,Pontevedra,BARRO,66.0,20.0,1.0,19.0,10,4,2025
2022-02-27,UFD,TOLEDO,C.H.CASTREJON,132.0,0.0,-20.25,20.25,2,1,2022
2023-11-28,UFD,TOLEDO,C.H.CASTREJON,132.0,0.0,-20.2,20.2,11,4,2023
2025-12-01,UFD,Toledo,C.H.CASTREJON,132.0,0.0,-35.0,35.0,12,4,2025
2022-02-27,UFD,ASTURIAS,C.T. NARCEA,132.0,154.0,0.0,154.0,2,1,2022
2024-12-17,UFD,ASTURIAS,C.T. NARCEA,132.0,154.0,0.0,154.0,12,4,2024
2025-01-27,UFD,PONTEVEDRA,CAMBADOS,20.0,11.1,-0.927,12.027,1,1,2025
2025-01-27,UFD,PONTEVEDRA,CAMBADOS,66.0,35.0,0.0,35.0,1,1,2025
2025-01-27,UFD,MADRID,CAMINO CONGOSTO,15.0,8.0,1.281,6.719,1,1,2025
2025-01-27,UFD,MADRID,CAMINO CONGOSTO,45.0,10.0,3.669,6.3309999999999995,1,1,2025
2025-10-01,UFD,Ciudad Real,CAMPO DE CRIPTANA,15.0,0.0,-7.3,7.3,10,4,2025
2022-07-27,UFD,MADRID,"CAMPO NACIONES
NUEVO",45.0,64.7,0.0,64.7,7,3,2022
2022-02-27,UFD,MADRID,CAMPO NACIONES NUEVO,45.0,64.7,14.683,50.017,2,1,2022
2024-12-17,UFD,MADRID,CAMPO NACIONES NUEVO,45.0,64.683,14.683,50.00000000000001,12,4,2024
2022-03-27,UFD,PONTEVEDRA,CANGAS 2,20.0,15.0,0.0,15.0,3,1,2022
2022-09-28,UFD,PONTEVEDRA,CANGAS 2,20.0,15.0,0.0,15.0,9,3,2022
2022-03-27,UFD,PONTEVEDRA,CANGAS 2,66.0,49.6,0.0,49.6,3,1,2022
2022-09-28,UFD,PONTEVEDRA,CANGAS 2,66.0,49.6,0.0,49.6,9,3,2022
2025-01-27,UFD,PONTEVEDRA,CANGAS 2,66.0,25.0,-0.0,25.0,1,1,2025
2022-02-27,UFD,MADRID,CANILLEJAS,45.0,64.0,29.0,35.0,2,1,2022
2024-05-21,UFD,MADRID,CANILLEJAS,45.0,64.0,29.0,35.0,5,2,2024
2026-05-01,UFD,A Coruña,CARBALLO,66.0,0.0,-9.226,9.226,5,2,2026
2022-10-23,UFD,LA CORUÑA,CARRAL,15.0,11.9,3.0,8.9,10,4,2022
2022-10-23,UFD,LA CORUÑA,CARRAL,66.0,11.9,0.0,11.9,10,4,2022
2022-02-27,UFD,MADRID,CERRO DE LA PLATA NUEVA,45.0,79.8,63.0,16.799999999999997,2,1,2022
2025-01-27,UFD,MADRID,CERRO DE LA PLATA NUEVA,45.0,79.0,63.0,16.0,1,1,2025
2025-01-27,UFD,MADRID,CHAMARTIN,45.0,20.0,10.701,9.299,1,1,2025
2023-11-28,UFD,CIUDAD REAL,CINCO CASAS,15.0,0.0,-8.0,8.0,11,4,2023
2025-01-27,UFD,MADRID,CITIPAL,15.0,9.0,2.91,6.09,1,1,2025
2022-02-27,UFD,MADRID,CITIPAL,45.0,13.0,0.455,12.545,2,1,2022
2023-02-28,UFD,MADRID,CITIPAL,45.0,12.455,2.955,9.5,2,1,2023
2024-05-21,UFD,MADRID,CITIPAL,45.0,12.5,0.5,12.0,5,2,2024
2022-02-27,UFD,MADRID,COSLADA,15.0,18.7,-4.265,22.965,2,1,2022
2024-05-21,UFD,MADRID,COSLADA,15.0,6.4,-4.3,10.7,5,2,2024
2022-02-27,UFD,MADRID,COSLADA,45.0,60.7,0.704,59.996,2,1,2022
2024-02-22,UFD,MADRID,COSLADA,45.0,0.704,-110.296,111.0,2,1,2024
2024-05-21,UFD,MADRID,COSLADA,45.0,60.7,0.7,60.0,5,2,2024
2022-02-27,UFD,CIUDAD REAL,COSTANILLA,45.0,0.0,-20.0,20.0,2,1,2022
2024-08-19,UFD,CIUDAD REAL,COSTANILLA,45.0,0.0,-20.0,20.0,8,3,2024
2022-02-27,UFD,PONTEVEDRA,EL CASTRO,132.0,32.6,0.0,32.6,2,1,2022
2025-01-27,UFD,PONTEVEDRA,EL CASTRO,132.0,100.0,0.0,100.0,1,1,2025
2022-02-27,UFD,MADRID,EL VANDEL,45.0,52.9,44.8,8.100000000000001,2,1,2022
2022-05-29,UFD,LA CORUÑA,FORMARIS,20.0,19.0,0.0,19.0,5,2,2022
2022-05-29,UFD,LA CORUÑA,FORMARIS,66.0,25.0,0.0,25.0,5,2,2022
2025-01-27,UFD,ORENSE,FRIEIRA,132.0,5.0,0.0,5.0,1,1,2025
2022-02-27,UFD,MADRID,GETAFE,15.0,17.7,9.68,8.02,2,1,2022
2023-11-28,UFD,MADRID,GETAFE,15.0,8.08,-4.52,12.6,11,4,2023
2024-08-19,UFD,MADRID,GETAFE,15.0,-11.06,-21.461,10.400999999999998,8,3,2024
2025-10-01,UFD,Madrid,GETAFE,15.0,-9.14,-18.36,9.219999999999999,10,4,2025
2026-02-01,UFD,Madrid,GETAFE,15.0,0.0,-9.14,9.14,2,1,2026
2022-02-27,UFD,MADRID,GETAFE,45.0,56.0,20.98,35.019999999999996,2,1,2022
2023-07-10,UFD,MADRID,GETAFE,45.0,11.0,-34.98,45.98,7,3,2023
2023-12-22,UFD,MADRID,GETAFE,45.0,20.98,11.0,9.98,12,4,2023
2024-12-17,UFD,MADRID,GETAFE,45.0,6.14,-12.56,18.7,12,4,2024
2025-01-27,UFD,PONTEVEDRA,GONDOMAR,132.0,80.0,0.0,80.0,1,1,2025
2022-10-23,UFD,PONTEVEDRA,GONDOMAR,20.0,11.9,0.0,11.9,10,4,2022
2022-11-27,UFD,PONTEVEDRA,GONDOMAR,20.0,20.0,11.9,8.1,11,4,2022
2025-01-27,UFD,PONTEVEDRA,GONDOMAR,20.0,7.0,0.04,6.96,1,1,2025
2025-12-01,UFD,Pontevedra,GONDOMAR,20.0,7.0,2.0,5.0,12,4,2025
2025-02-25,UFD,CIUDAD REAL,HERENCIA,15.0,14.0,0.0,14.0,2,1,2025
2025-12-01,UFD,Ciudad Real,HERENCIA,15.0,-56.79,-86.88,30.089999999999996,12,4,2025
2026-02-01,UFD,Ciudad Real,HERENCIA,15.0,-34.39,-56.79,22.4,2,1,2026
2025-02-25,UFD,CIUDAD REAL,HERENCIA,45.0,30.0,0.0,30.0,2,1,2025
2026-01-01,UFD,Ciudad Real,HERENCIA,45.0,-29.95,-44.65,14.7,1,1,2026
2026-02-01,UFD,Ciudad Real,HERENCIA,45.0,7.0,-29.95,36.95,2,1,2026
2026-05-01,UFD,Ciudad Real,HERENCIA,45.0,25.0,7.0,18.0,5,2,2026
2025-02-25,UFD,CIUDAD REAL,HERRERA DE LA MANCHA,45.0,25.0,0.0,25.0,2,1,2025
2026-01-01,UFD,Ciudad Real,HERRERA DE LA MANCHA,45.0,-143.56,-148.56,5.0,1,1,2026
2026-02-01,UFD,Ciudad Real,HERRERA DE LA MANCHA,45.0,-118.98,-143.56,24.58,2,1,2026
2026-05-01,UFD,Ciudad Real,HERRERA DE LA MANCHA,45.0,-99.45,-118.98,19.53,5,2,2026
2024-06-18,UFD,LA CORUÑA,LA GRELA 2,15.0,-25.579,-35.6,10.021,6,2,2024
2025-10-01,UFD,A Coruña,LA GRELA 2,15.0,7.8487,-46.8463,54.695,10,4,2025
2026-05-01,UFD,A Coruña,LA GRELA 2,15.0,7.8487,-5.1513,13.0,5,2,2026
2025-02-25,UFD,CIUDAD REAL,LA PALOMA,15.0,0.0,-9.8,9.8,2,1,2025
2022-02-27,UFD,MADRID,LA POVEDA,15.0,17.4,12.34,5.059999999999999,2,1,2022
2022-02-27,UFD,MADRID,LA POVEDA,45.0,40.0,22.7,17.3,2,1,2022
2023-07-10,UFD,MADRID,LA POVEDA,45.0,34.6,-40.0,74.6,7,3,2023
2024-12-17,UFD,MADRID,LA POVEDA,45.0,34.6,22.7,11.900000000000002,12,4,2024
2026-02-01,UFD,Madrid,LA POVEDA,45.0,34.6,14.8,19.8,2,1,2026
2022-03-27,UFD,MADRID,LA SENDILLA,15.0,5.2,0.0,5.2,3,1,2022
2022-09-28,UFD,MADRID,LA SENDILLA,15.0,5.2,0.0,5.2,9,3,2022
2022-12-23,UFD,MADRID,LA SENDILLA,15.0,-1.3,-7.729,6.429,12,4,2022
2022-02-27,UFD,MADRID,LA SENDILLA,45.0,5.2,0.0,5.2,2,1,2022
2022-09-28,UFD,MADRID,LA SENDILLA,45.0,5.2,0.0,5.2,9,3,2022
2025-10-01,UFD,A Coruña,LARACHA,15.0,0.0,-6.1,6.1,10,4,2025
2022-02-27,UFD,MADRID,LAS MERCEDES,15.0,17.3,2.366,14.934000000000001,2,1,2022
2024-04-18,UFD,MADRID,LAS MERCEDES,15.0,17.2,2.35,14.85,4,2,2024
2022-02-27,UFD,MADRID,LAS MERCEDES,45.0,53.1,-76.385,129.485,2,1,2022
2024-03-21,UFD,MADRID,LAS MERCEDES,45.0,-36.4,-76.385,39.98500000000001,3,1,2024
2024-05-21,UFD,MADRID,LAS MERCEDES,45.0,53.1,-36.4,89.5,5,2,2024
2022-02-27,UFD,SEGOVIA,LASTRAS DEL POZO,132.0,0.0,-74.0,74.0,2,1,2022
2025-02-25,UFD,SEGOVIA,LASTRAS DEL POZO,15.0,5.0,0.0,5.0,2,1,2025
2025-12-01,UFD,Segovia,LASTRAS DEL POZO,15.0,-18.19,-23.99,5.799999999999997,12,4,2025
2025-02-25,UFD,SEGOVIA,LASTRAS DEL POZO,45.0,35.0,0.0,35.0,2,1,2025
2025-12-01,UFD,Segovia,LASTRAS DEL POZO,45.0,2.0,-29.25,31.25,12,4,2025
2022-02-27,UFD,MADRID,LOS ARENALES,15.0,8.3,-1.362,9.662,2,1,2022
2022-02-27,UFD,MADRID,LOS ARENALES,45.0,32.0,17.0,15.0,2,1,2022
2023-07-10,UFD,MADRID,LOS ARENALES,45.0,17.0,-13.0,30.0,7,3,2023
2024-09-25,UFD,MADRID,LOS ARENALES,45.0,17.0,-5.0,22.0,9,3,2024
2026-02-01,UFD,Madrid,LOS ARENALES,45.0,2.0,-31.992,33.992000000000004,2,1,2026
2026-05-01,UFD,Madrid,LOS ARENALES,45.0,17.0,2.0,15.0,5,2,2026
2022-05-29,UFD,MADRID,LOS HUEROS,15.0,5.0,0.0,5.0,5,2,2022
2022-05-29,UFD,MADRID,LOS HUEROS,45.0,5.0,0.0,5.0,5,2,2022
2022-02-27,UFD,PONTEVEDRA,LOURIZAN,20.0,35.4,0.63,34.769999999999996,2,1,2022
2025-01-27,UFD,PONTEVEDRA,LOURIZAN,20.0,7.0,-4.37,11.370000000000001,1,1,2025
2026-02-01,UFD,Pontevedra,LOURIZAN,20.0,20.0,7.0,13.0,2,1,2026
2022-02-27,UFD,PONTEVEDRA,LOURIZAN,66.0,45.0,10.07,34.93,2,1,2022
2023-03-29,UFD,PONTEVEDRA,LOURIZAN,66.0,10.07,0.09,9.98,3,1,2023
2025-01-27,UFD,PONTEVEDRA,LOURIZAN,66.0,-25.0,-39.93,14.93,1,1,2025
2025-10-01,UFD,Pontevedra,LOURIZAN,66.0,25.0,-25.0,50.0,10,4,2025
2026-05-01,UFD,Toledo,MADRIDEJOS,132.0,0.0,-16.2,16.2,5,2,2026
2026-05-01,UFD,Toledo,MADRIDEJOS,15.0,0.0,-16.0,16.0,5,2,2026
2024-08-19,UFD,LEON,MATARROSA,45.0,10.0,0.0,10.0,8,3,2024
2025-10-01,UFD,León,MATARROSA,45.0,10.0,0.02,9.98,10,4,2025
2022-02-27,UFD,LA CORUÑA,MEIRAMA,20.0,11.0,0.0,11.0,2,1,2022
2024-02-22,UFD,LA CORUÑA,MEIRAMA,20.0,0.0,-8.3,8.3,2,1,2024
2025-02-25,UFD,CIUDAD REAL,MORAL DE CALATRAVA,132.0,60.0,0.0,60.0,2,1,2025
2026-02-01,UFD,Ciudad Real,MORAL DE CALATRAVA,132.0,10.01,-49.93,59.94,2,1,2026
2025-02-25,UFD,CIUDAD REAL,MORAL DE CALATRAVA,15.0,6.01,-3.99,10.0,2,1,2025
2025-12-01,UFD,Ciudad Real,MORAL DE CALATRAVA,15.0,-23.48,-34.48,10.999999999999996,12,4,2025
2026-02-01,UFD,Ciudad Real,MORAL DE CALATRAVA,15.0,-4.99,-23.48,18.490000000000002,2,1,2026
2026-05-01,UFD,Ciudad Real,MORAL DE CALATRAVA,15.0,5.0,-4.99,9.99,5,2,2026
2022-02-27,UFD,LA CORUÑA,MORAS,15.0,7.0,0.0,7.0,2,1,2022
2022-03-27,UFD,LA CORUÑA,MORAS,15.0,17.0,7.0,10.0,3,1,2022
2025-02-25,UFD,LA CORUÑA,MORAS,15.0,12.0,0.0,12.0,2,1,2025
2026-02-01,UFD,A Coruña,MORAS,15.0,12.0,-3.0,15.0,2,1,2026
2022-10-23,UFD,LA CORUÑA,MORAS,66.0,17.0,0.0,17.0,10,4,2022
2025-02-25,UFD,LA CORUÑA,MORAS,66.0,28.1,-1.9,30.0,2,1,2025
2026-05-01,UFD,A Coruña,MORAS,66.0,30.0,9.1,20.9,5,2,2026
2022-02-27,UFD,PONTEVEDRA,MOS,132.0,32.6,20.0,12.600000000000001,2,1,2022
2025-01-27,UFD,PONTEVEDRA,MOS,132.0,80.0,20.0,60.0,1,1,2025
2022-02-27,UFD,PONTEVEDRA,MOS,15.0,16.3,-7.2,23.5,2,1,2022
2024-07-17,UFD,PONTEVEDRA,MOS,15.0,0.35,-7.2,7.55,7,3,2024
2025-01-27,UFD,PONTEVEDRA,MOS,15.0,9.55,0.35,9.200000000000001,1,1,2025
2024-01-26,UFD,LA CORUÑA,MOURELA,132.0,0.0,-17.7,17.7,1,1,2024
2024-04-18,UFD,PONTEVEDRA,MOURENTE,20.0,20.8,1.0,19.8,4,2,2024
2025-10-01,UFD,Pontevedra,MOURENTE,20.0,-12.0,-28.0,16.0,10,4,2025
2025-12-01,UFD,Pontevedra,MOURENTE,20.0,-7.0,-12.0,5.0,12,4,2025
2026-02-01,UFD,Pontevedra,MOURENTE,20.0,8.0,-7.0,15.0,2,1,2026
2025-01-27,UFD,PONTEVEDRA,MOURENTE,66.0,10.0,0.0,10.0,1,1,2025
2025-10-01,UFD,Pontevedra,MOURENTE,66.0,27.0,10.0,17.0,10,4,2025
2023-11-28,UFD,CIUDAD REAL,P.E. ALHAMBRA,132.0,0.0,-56.9,56.9,11,4,2023
2026-02-01,UFD,Ourense,P.E.IRIXO,132.0,0.0,-9.54,9.54,2,1,2026
2025-10-01,UFD,Toledo,PANTOJA,45.0,0.0,-6.454,6.454,10,4,2025
2025-01-27,UFD,MADRID,PASEO DE RECOLETOS,15.0,18.6,3.108,15.492,1,1,2025
2025-01-27,UFD,MADRID,PASEO DE RECOLETOS,45.0,20.0,9.724,10.276,1,1,2025
2022-02-27,UFD,PONTEVEDRA,PAZOS DE BORBEN,132.0,47.4,-22.85,70.25,2,1,2022
2022-11-27,UFD,PONTEVEDRA,PAZOS DE BORBEN,132.0,97.0,47.4,49.6,11,4,2022
2023-06-01,UFD,PONTEVEDRA,PAZOS DE BORBEN,132.0,-22.85,-102.69,79.84,6,2,2023
2025-10-01,UFD,Pontevedra,PAZOS DE BORBEN,132.0,0.1,-19.95,20.05,10,4,2025
2025-01-27,UFD,PONTEVEDRA,PAZOS DE BORBEN,66.0,15.0,0.0,15.0,1,1,2025
2025-10-01,UFD,Pontevedra,PAZOS DE BORBEN,66.0,30.0,15.0,15.0,10,4,2025
2022-08-28,UFD,MADRID,PERALES,15.0,0.0,-5.0,5.0,8,3,2022
2022-02-27,UFD,MADRID,PINAR,45.0,31.0,1.0,30.0,2,1,2022
2024-12-17,UFD,MADRID,PINAR,45.0,31.0,1.0,30.0,12,4,2024
2025-01-27,UFD,MADRID,POLIGONO 38,45.0,39.0,6.904,32.096000000000004,1,1,2025
2022-02-27,UFD,LEON,PONFERRADA,15.0,10.0,-5.85,15.85,2,1,2022
2024-05-21,UFD,LEON,PONFERRADA,15.0,0.0,-15.0,15.0,5,2,2024
2024-08-19,UFD,LEON,PONFERRADA,15.0,0.0,-9.1,9.1,8,3,2024
2024-12-17,UFD,LEON,PONFERRADA,15.0,4.1,-5.85,9.95,12,4,2024
2022-02-27,UFD,LEON,PONFERRADA,45.0,10.0,5.0,5.0,2,1,2022
2025-10-01,UFD,León,PONFERRADA,45.0,10.0,0.0,10.0,10,4,2025
2025-01-27,UFD,PONTEVEDRA,PONTEAREAS,132.0,50.0,0.0,50.0,1,1,2025
2025-01-27,UFD,PONTEVEDRA,PONTEAREAS,20.0,10.0,0.0,10.0,1,1,2025
2026-05-01,UFD,Pontevedra,PONTEAREAS,20.0,10.0,0.3,9.7,5,2,2026
2022-02-27,UFD,PONTEVEDRA,PONTECALDELAS,66.0,5.9,0.0,5.9,2,1,2022
2023-03-29,UFD,PONTEVEDRA,PONTECALDELAS,66.0,0.0,-5.0,5.0,3,1,2023
2025-10-01,UFD,Pontevedra,PONTECALDELAS,66.0,2.0,-18.0,20.0,10,4,2025
2025-10-01,UFD,Pontevedra,PONTESAMPAIO,20.0,15.0,0.0,15.0,10,4,2025
2025-10-01,UFD,Pontevedra,PONTESAMPAIO,66.0,18.0,0.0,18.0,10,4,2025
2025-10-01,UFD,Segovia,PUENTE DE PIEDRA,45.0,0.0,-9.16,9.16,10,4,2025
2022-02-27,UFD,MADRID,PUENTE DE SAN FERNANDO,45.0,29.5,-29.984,59.484,2,1,2022
2024-06-18,UFD,MADRID,PUENTE DE SAN FERNANDO,45.0,20.016,-30.0,50.016,6,2,2024
2025-12-01,UFD,Toledo,RECAS 2,15.0,4.0,-1.0,5.0,12,4,2025
2022-02-27,UFD,PONTEVEDRA,REDONDELA,15.0,17.9,0.0,17.9,2,1,2022
2025-01-27,UFD,PONTEVEDRA,REDONDELA,15.0,10.0,0.0,10.0,1,1,2025
2022-02-27,UFD,PONTEVEDRA,REDONDELA,66.0,12.4,0.0,12.4,2,1,2022
2025-01-27,UFD,PONTEVEDRA,REDONDELA,66.0,10.0,0.0,10.0,1,1,2025
2025-10-01,UFD,Pontevedra,REDONDELA,66.0,27.0,10.0,17.0,10,4,2025
2022-02-27,UFD,MADRID,REJAS,15.0,13.3,-9.676,22.976,2,1,2022
2024-05-21,UFD,MADRID,REJAS,15.0,3.3,-19.7,23.0,5,2,2024
2025-10-01,UFD,Madrid,REJAS,15.0,0.0,-6.0,6.0,10,4,2025
2022-02-27,UFD,MADRID,REJAS,45.0,33.0,-32.95,65.95,2,1,2022
2024-05-21,UFD,MADRID,REJAS,45.0,-8.0,-33.0,25.0,5,2,2024
2025-10-01,UFD,Madrid,REJAS,45.0,0.0,-33.0,33.0,10,4,2025
2025-01-27,UFD,PONTEVEDRA,ROSAL,132.0,85.0,0.0,85.0,1,1,2025
2022-10-23,UFD,PONTEVEDRA,ROSAL,20.0,11.2,0.0,11.2,10,4,2022
2022-02-27,UFD,LA CORUÑA,SABON,132.0,75.1,0.0,75.1,2,1,2022
2026-02-01,UFD,A Coruña,SABON,132.0,30.0,0.0,30.0,2,1,2026
2022-02-27,UFD,LA CORUÑA,SABON,15.0,25.1,0.0,25.1,2,1,2022
2022-02-27,UFD,LA CORUÑA,SABON,66.0,12.5,0.0,12.5,2,1,2022
2022-02-27,UFD,LA CORUÑA,SADA,132.0,33.1,0.0,33.1,2,1,2022
2024-05-21,UFD,LA CORUÑA,SADA,15.0,1.9,-6.9,8.8,5,2,2024
2025-01-27,UFD,PONTEVEDRA,SALVATERRA,132.0,20.0,0.0,20.0,1,1,2025
2025-01-27,UFD,PONTEVEDRA,SALVATERRA,20.0,23.0,0.0,23.0,1,1,2025
2026-02-01,UFD,Pontevedra,SALVATERRA,20.0,14.0,-26.5,40.5,2,1,2026
2025-01-27,UFD,MADRID,SAN BLAS,45.0,20.0,6.584,13.416,1,1,2025
2024-09-25,UFD,MADRID,SAN FERNANDO,15.0,4.0,-4.0,8.0,9,3,2024
2022-02-27,UFD,MADRID,SAN FERNANDO,45.0,26.0,-37.0,63.0,2,1,2022
2024-06-18,UFD,MADRID,SAN FERNANDO,45.0,0.0,-37.0,37.0,6,2,2024
2022-02-27,UFD,LA CORUÑA,SAN MARCOS,132.0,33.1,0.0,33.1,2,1,2022
2022-02-27,UFD,LA CORUÑA,SAN MARCOS,15.0,29.5,19.625,9.875,2,1,2022
2024-05-21,UFD,LA CORUÑA,SAN MARCOS,15.0,-7.1,-20.3,13.200000000000001,5,2,2024
2024-06-18,UFD,LA CORUÑA,SAN MARCOS,15.0,-0.836,-7.1,6.263999999999999,6,2,2024
2022-02-27,UFD,MADRID,SAN MARTIN II,15.0,15.8,0.0,15.8,2,1,2022
2022-02-27,UFD,MADRID,SAN MARTIN II,45.0,17.0,0.0,17.0,2,1,2022
2023-08-23,UFD,MADRID,SAN MARTIN I,15.0,0.0,-5.0,5.0,8,3,2023
2022-02-27,UFD,LA CORUÑA,SAN PEDRO DE VISMA,15.0,32.8,10.0,22.799999999999997,2,1,2022
2022-02-27,UFD,LA CORUÑA,SAN PEDRO DE VISMA,66.0,53.1,0.0,53.1,2,1,2022
2022-03-27,UFD,CIUDAD REAL,SANTA TERESA,15.0,25.8,0.0,25.8,3,1,2022
2023-01-30,UFD,CIUDAD REAL,SANTA TERESA,15.0,0.0,-34.63,34.63,1,1,2023
2022-03-27,UFD,LA CORUÑA,SANTIAGO,20.0,10.9,3.3,7.6000000000000005,3,1,2022
2022-02-27,UFD,LA CORUÑA,SANTIAGO,66.0,7.0,0.0,7.0,2,1,2022
2022-02-27,UFD,PONTEVEDRA,SANXENXO,20.0,25.0,0.04,24.96,2,1,2022
2022-02-27,UFD,PONTEVEDRA,SANXENXO,66.0,34.0,0.0,34.0,2,1,2022
2022-09-28,UFD,PONTEVEDRA,SANXENXO,66.0,34.0,10.0,24.0,9,3,2022
2025-01-27,UFD,PONTEVEDRA,SANXENXO,66.0,25.0,0.0,25.0,1,1,2025
2026-02-01,UFD,Pontevedra,SANXENXO,66.0,25.0,5.0,20.0,2,1,2026
2022-02-27,UFD,PONTEVEDRA,SARDOMA,132.0,32.6,8.0,24.6,2,1,2022
2025-01-27,UFD,PONTEVEDRA,SARDOMA,132.0,100.0,8.0,92.0,1,1,2025
2025-01-27,UFD,PONTEVEDRA,SARDOMA,15.0,5.04,-0.6863,5.7263,1,1,2025
2025-02-25,UFD,CIUDAD REAL,STA.CRUZ DE MUDELA,15.0,8.9,0.0,8.9,2,1,2025
2025-12-01,UFD,Ciudad Real,STA.CRUZ DE MUDELA,15.0,-23.8,-47.65,23.849999999999998,12,4,2025
2026-02-01,UFD,Ciudad Real,STA.CRUZ DE MUDELA,15.0,-18.8,-23.8,5.0,2,1,2026
2025-01-27,UFD,PONTEVEDRA,TIBO,20.0,9.0,0.3,8.7,1,1,2025
2026-05-01,UFD,Pontevedra,TIBO,20.0,7.8,-1.9,9.7,5,2,2026
2025-01-27,UFD,PONTEVEDRA,TIBO,66.0,50.0,0.0,50.0,1,1,2025
2025-10-01,UFD,Pontevedra,TIBO,66.0,60.0,50.0,10.0,10,4,2025
2025-01-27,UFD,PONTEVEDRA,TRONCAL,132.0,50.0,32.6,17.4,1,1,2025
2025-01-27,UFD,PONTEVEDRA,TUI,132.0,85.0,0.0,85.0,1,1,2025
2022-10-23,UFD,PONTEVEDRA,TUI,20.0,11.9,0.0,11.9,10,4,2022
2022-02-27,UFD,MADRID,VACIAMADRID,15.0,20.9,12.4,8.499999999999998,2,1,2022
2022-02-27,UFD,MADRID,VACIAMADRID,45.0,40.0,14.0,26.0,2,1,2022
2023-07-10,UFD,MADRID,VACIAMADRID,45.0,14.0,-11.0,25.0,7,3,2023
2022-02-27,UFD,MADRID,VALDEBEBAS,45.0,31.0,1.0,30.0,2,1,2022
2024-12-17,UFD,MADRID,VALDEBEBAS,45.0,31.0,1.0,30.0,12,4,2024
2022-02-27,UFD,MADRID,VALDEMORO 2,15.0,10.0,0.0,10.0,2,1,2022
2022-08-28,UFD,MADRID,VALDEMORO 2,15.0,10.0,0.0,10.0,8,3,2022
2023-03-29,UFD,MADRID,VALDEMORO 2,15.0,0.0,-9.9,9.9,3,1,2023
2022-02-27,UFD,MADRID,VALDEMORO 2,45.0,31.5,0.0,31.5,2,1,2022
2022-08-28,UFD,MADRID,VALDEMORO 2,45.0,0.0,-10.0,10.0,8,3,2022
2022-09-28,UFD,MADRID,VALDEMORO 2,45.0,31.5,0.0,31.5,9,3,2022
2023-07-10,UFD,MADRID,VALDEMORO 2,45.0,-5.0,-26.968,21.968,7,3,2023
2023-08-23,UFD,MADRID,VALDEMORO 2,45.0,0.0,-5.0,5.0,8,3,2023
2022-02-27,UFD,MADRID,VALDEMORO,15.0,10.0,0.0,10.0,2,1,2022
2022-09-28,UFD,MADRID,VALDEMORO,15.0,10.0,0.0,10.0,9,3,2022
2022-02-27,UFD,MADRID,VALDEMORO,45.0,25.0,0.0,25.0,2,1,2022
2022-09-28,UFD,MADRID,VALDEMORO,45.0,25.0,0.0,25.0,9,3,2022
2023-08-23,UFD,MADRID,VALDEMORO,45.0,0.0,-5.0,5.0,8,3,2023
2025-01-27,UFD,CIUDAD REAL,VALDEPEÑAS,45.0,40.0,0.0,40.0,1,1,2025
2025-12-01,UFD,Ciudad Real,VALDEPEÑAS,45.0,-104.04,-112.04,8.0,12,4,2025
2026-02-01,UFD,Ciudad Real,VALDEPEÑAS,45.0,5.41,-104.04,109.45,2,1,2026
2026-05-01,UFD,Ciudad Real,VALDEPEÑAS,45.0,20.41,5.41,15.0,5,2,2026
2025-01-27,UFD,PONTEVEDRA,VALLADARES,132.0,100.0,0.0,100.0,1,1,2025
2022-09-28,UFD,PONTEVEDRA,VALLADARES,15.0,10.0,1.9,8.1,9,3,2022
2024-04-18,UFD,PONTEVEDRA,VALLADARES,15.0,7.9,1.0,6.9,4,2,2024
2024-08-19,UFD,PONTEVEDRA,VALLADARES,15.0,-14.08,-19.86,5.779999999999999,8,3,2024
2025-01-27,UFD,PONTEVEDRA,VALLADARES,15.0,-9.08,-14.08,5.0,1,1,2025
2025-10-01,UFD,Pontevedra,VALLADARES,15.0,5.0,-9.08,14.08,10,4,2025
2023-07-10,UFD,MADRID,VALLECAS 2,45.0,78.527,38.527,40.0,7,3,2023
2024-07-17,UFD,ORENSE,VELLE,20.0,8.781,-1.219,10.0,7,3,2024
2022-02-27,UFD,MADRID,VICALVARO,45.0,5.6,-4.223,9.823,2,1,2022
2024-04-18,UFD,MADRID,VICALVARO,45.0,6.0,-4.23,10.23,4,2,2024
2026-05-01,UFD,Madrid,VICALVARO,45.0,6.007,1.007,5.0,5,2,2026
2025-01-27,UFD,PONTEVEDRA,VILAGARCIA DE AROUSA,20.0,15.0,0.9,14.1,1,1,2025
2026-05-01,UFD,Pontevedra,VILAGARCIA DE AROUSA,20.0,15.0,-9.55,24.55,5,2,2026
2025-01-27,UFD,PONTEVEDRA,VILAGARCIA DE AROUSA,66.0,35.0,0.0,35.0,1,1,2025
2022-02-27,UFD,PONTEVEDRA,VILLALONGA,20.0,9.5,-8.639,18.139,2,1,2022
2025-10-01,UFD,Pontevedra,VILLALONGA,20.0,-0.4,-13.8,13.4,10,4,2025
2026-02-01,UFD,Pontevedra,VILLALONGA,20.0,8.0,-0.4,8.4,2,1,2026
2022-02-27,UFD,PONTEVEDRA,VILLALONGA,66.0,45.0,6.0,39.0,2,1,2022
2025-01-27,UFD,PONTEVEDRA,VILLALONGA,66.0,28.0,6.0,22.0,1,1,2025
2022-03-27,UFD,MADRID,VILLAVERDE,15.0,18.0,1.8,16.2,3,1,2022
2026-05-01,UFD,Madrid,VILLAVERDE,15.0,18.0,0.02,17.98,5,2,2026
2022-02-27,UFD,MADRID,VILLAVERDE,45.0,33.0,25.0,8.0,2,1,2022
2022-02-27,UFD,BARCELONA,ZAL,25.0,44.0,19.0,25.0,2,1,2022
2025-10-01,UFD,Barcelona,ZAL,25.0,19.0,-1.0,20.0,10,4,2025
2025-12-01,Viesgo,Tarragona,LA CANONJA,25.0,15.0,10.0,5.0,12,4,2025
2025-10-03,iDE,MURCIA,A.ECOCAR    66.000,66.0,8.0,0.0,8.0,10,4,2025
2025-11-01,iDE,MADRID,A.LEYV.M T1,15.0,34.96,4.04,30.92,11,4,2025
2025-11-01,iDE,MADRID,A.LEYV.M T2,15.0,34.64,2.46,32.18,11,4,2025
2025-10-03,iDE,MADRID,A.LEYV.M T3,15.0,17.22,0.0,17.22,10,4,2025
2025-11-01,iDE,MADRID,A.LEYV.M T3,15.0,34.91,17.22,17.689999999999998,11,4,2025
2025-10-01,iDE,MADRID,AGUACATE T1,15.0,35.0,0.0,35.0,10,4,2025
2025-11-01,iDE,MADRID,AGUACATE T1,15.0,35.0,6.18,28.82,11,4,2025
2024-10-29,iDE,MADRID,AGUACATE T2,15.0,24.18,14.18,10.0,10,4,2024
2025-10-01,iDE,MADRID,AGUACATE T2,15.0,24.6184,0.0,24.6184,10,4,2025
2025-11-01,iDE,MADRID,AGUACATE T2,15.0,24.53,0.0,24.53,11,4,2025
2023-12-21,iDE,MADRID,AGUACATE T3,15.0,20.72,10.72,9.999999999999998,12,4,2023
2025-10-01,iDE,MADRID,AGUACATE T3,15.0,25.9239,0.0,25.9239,10,4,2025
2025-11-01,iDE,MADRID,AGUACATE T3,15.0,25.92,6.21,19.71,11,4,2025
2025-02-26,iDE,VALENCIA,ALBAL T1,20.0,11.84,3.2,8.64,2,1,2025
2025-11-01,iDE,VALENCIA,ALBAL T1,20.0,10.95,0.0,10.95,11,4,2025
2025-12-01,iDE,Valencia/València,ALBAL T1,20.0,19.04,10.95,8.09,12,4,2025
2024-09-26,iDE,LA RIOJA,ALBELDA T1,13.0,6.98,1.0,5.98,9,3,2024
2024-09-26,iDE,LA RIOJA,ALBELDA T1,66.0,9.98,0.0,9.98,9,3,2024
2024-07-23,iDE,LA RIOJA,ALBELDA T2,13.0,5.54,0.0,5.54,7,3,2024
2024-07-23,iDE,LA RIOJA,ALBELDA T2,66.0,5.54,0.0,5.54,7,3,2024
2024-09-26,iDE,LA RIOJA,ALBELDA T2,66.0,5.48,0.0,5.48,9,3,2024
2024-06-25,iDE,VALENCIA,ALCIRA      132.00,132.0,100.0,10.0,90.0,6,2,2024
2024-12-02,iDE,VALENCIA,ALCIRA      132.00,132.0,145.72,0.0,145.72,12,4,2024
2025-01-30,iDE,VALENCIA,ALCIRA      132.00,132.0,179.58,145.72,33.860000000000014,1,1,2025
2025-10-01,iDE,VALENCIA,ALCIRA      132.00,132.0,24.92,0.0,24.92,10,4,2025
2025-11-01,iDE,VALENCIA,ALCIRA      132.00,132.0,15.37,8.82,6.549999999999999,11,4,2025
2025-12-01,iDE,Valencia/València,ALCIRA      132.00,132.0,24.96,15.37,9.590000000000002,12,4,2025
2024-12-02,iDE,VALENCIA,ALCIRA      66.000,66.0,125.91,30.09,95.82,12,4,2024
2025-01-30,iDE,VALENCIA,ALCIRA      66.000,66.0,142.74,125.91,16.830000000000013,1,1,2025
2025-11-01,iDE,VALENCIA,ALCIRA      66.000,66.0,156.88,0.0,156.88,11,4,2025
2024-04-29,iDE,VALENCIA,ALCIRA   132,132.0,100.0,10.0,90.0,4,2,2024
2024-01-31,iDE,VALENCIA,ALCIRA T1,20.0,20.91,10.91,10.0,1,1,2024
2024-12-02,iDE,VALENCIA,ALCIRA T1,20.0,8.49,0.0,8.49,12,4,2024
2025-10-01,iDE,VALENCIA,ALCIRA T1,20.0,16.6203,0.0,16.6203,10,4,2025
2026-01-01,iDE,Valencia/València,ALCIRA T1,20.0,16.72,0.0,16.72,1,1,2026
2024-12-02,iDE,VALENCIA,ALCIRA T4,20.0,7.82,0.0,7.82,12,4,2024
2025-10-01,iDE,VALENCIA,ALCIRA T4,20.0,13.3554,0.0,13.3554,10,4,2025
2026-01-01,iDE,Valencia/València,ALCIRA T4,20.0,12.52,0.0,12.52,1,1,2026
2024-01-31,iDE,VALENCIA,ALCIRA T6,20.0,17.73,7.73,10.0,1,1,2024
2025-11-01,iDE,MADRID,ALCOBE.M T1,20.0,33.76,4.79,28.97,11,4,2025
2025-10-01,iDE,MADRID,ALCOBE.M T2,20.0,6.58,0.0,6.58,10,4,2025
2025-11-01,iDE,MADRID,ALCOBE.M T2,20.0,34.86,7.1,27.759999999999998,11,4,2025
2025-11-01,iDE,MADRID,ALCOBE.M T3,20.0,34.13,0.0,34.13,11,4,2025
2025-10-03,iDE,ALICANTE,ALCOY       132.00,132.0,11.05,0.0,11.05,10,4,2025
2025-10-03,iDE,ALICANTE,ALCOY T2,20.0,11.05,0.0,11.05,10,4,2025
2025-10-01,iDE,VALENCIA,ALDAIA T1,20.0,10.9372,0.0,10.9372,10,4,2025
2025-11-01,iDE,VALENCIA,ALDAIA T1,20.0,10.94,4.76,6.18,11,4,2025
2025-11-01,iDE,VALENCIA,ALDAIA T2,20.0,30.5,2.82,27.68,11,4,2025
2025-04-11,iDE,MADRID,ALGETE      66.000,66.0,25.56,20.39,5.169999999999998,4,2,2025
2023-11-30,iDE,MADRID,ALGETE T4,20.0,5.41,0.0,5.41,11,4,2023
2025-10-03,iDE,MADRID,ALGETE,66.0,0.0,-14.49,14.49,10,4,2025
2024-12-02,iDE,VALENCIA,ALGINET     132.00,132.0,33.21,0.0,33.21,12,4,2024
2025-10-03,iDE,ALICANTE,ALHORINE    132.00,132.0,15.9,0.0,15.9,10,4,2025
2025-10-03,iDE,MURCIA,ALMENDRI    132.00,132.0,12.0,0.0,12.0,10,4,2025
2025-01-30,iDE,VALENCIA,ALMUSAFE    66.000,66.0,31.74,20.24,11.5,1,1,2025
2025-11-01,iDE,MADRID,ANTUSANA T1,15.0,8.38,0.0,8.38,11,4,2025
2025-11-01,iDE,MADRID,ANTUSANA T1,45.0,9.32,0.0,9.32,11,4,2025
2024-03-22,iDE,MADRID,ANTUSANA T2,45.0,13.18,0.0,13.18,3,1,2024
2025-10-01,iDE,MADRID,ANTUSANA T2,45.0,8.7054,0.0,8.7054,10,4,2025
2025-11-01,iDE,MADRID,ANTUSANA T2,45.0,8.71,0.0,8.71,11,4,2025
2024-05-29,iDE,VALENCIA,AQUA        132.00,132.0,237.78,161.22,76.56,5,2,2024
2024-06-25,iDE,VALENCIA,AQUA        132.00,132.0,277.97,237.78,40.190000000000026,6,2,2024
2024-11-15,iDE,VALENCIA,AQUA        132.00,132.0,229.29,219.0,10.289999999999992,11,4,2024
2025-04-11,iDE,VALENCIA,AQUA        132.00,132.0,189.4,167.22,22.180000000000007,4,2,2025
2025-11-01,iDE,VALENCIA,AQUA        132.00,132.0,160.25,0.0,160.25,11,4,2025
2025-12-01,iDE,Valencia/València,AQUA        132.00,132.0,178.06,160.25,17.810000000000002,12,4,2025
2026-03-01,iDE,Valencia/València,AQUA        132.00,132.0,191.93,160.25,31.680000000000007,3,1,2026
2026-05-01,iDE,Valencia/València,AQUA        132.00,132.0,217.68,191.93,25.75,5,2,2026
2024-04-29,iDE,VALENCIA,AQUA   132,132.0,216.03,171.22,44.81,4,2,2024
2025-10-01,iDE,VALENCIA,AQUA T1,20.0,34.8821,0.0,34.8821,10,4,2025
2025-10-01,iDE,VALENCIA,AQUA T2,20.0,35.0,0.0,35.0,10,4,2025
2025-11-01,iDE,VALENCIA,AQUA T2,20.0,35.0,11.96,23.04,11,4,2025
2025-10-01,iDE,VALENCIA,AQUA T3,20.0,34.991,0.0,34.991,10,4,2025
2025-11-01,iDE,VALENCIA,AQUA T3,20.0,34.99,26.93,8.060000000000002,11,4,2025
2024-12-02,iDE,MADRID,ARAVACA T1,20.0,25.8,14.94,10.860000000000001,12,4,2024
2025-10-03,iDE,MADRID,ARAVACA T1,20.0,12.76,0.97,11.79,10,4,2025
2025-10-01,iDE,MADRID,ARAVACA T2,20.0,9.46,0.0,9.46,10,4,2025
2025-11-01,iDE,MADRID,ARAVACA T2,20.0,34.54,10.54,24.0,11,4,2025
2025-10-01,iDE,MADRID,ARAVACA T3,20.0,9.44,0.0,9.44,10,4,2025
2025-11-01,iDE,MADRID,ARAVACA T3,20.0,26.0,4.46,21.54,11,4,2025
2025-10-01,iDE,MADRID,ARDOZ.N T5,20.0,22.3611,0.0,22.3611,10,4,2025
2025-11-01,iDE,MADRID,ARDOZ.N T5,20.0,17.36,0.0,17.36,11,4,2025
2025-12-01,iDE,Madrid,ARDOZ.N T5,20.0,22.36,17.36,5.0,12,4,2025
2024-12-02,iDE,MADRID,ARDOZ.N T6,20.0,27.2,21.39,5.809999999999999,12,4,2024
2025-10-01,iDE,MADRID,ARDOZ.N T6,20.0,27.0927,0.0,27.0927,10,4,2025
2025-11-01,iDE,MADRID,ARDOZ.N T6,20.0,26.59,0.0,26.59,11,4,2025
2026-01-01,iDE,Madrid,ARDOZ.N T6,20.0,22.59,17.59,5.0,1,1,2026
2025-10-01,iDE,MADRID,ARDOZ.N T7,20.0,29.3112,0.0,29.3112,10,4,2025
2025-11-01,iDE,MADRID,ARDOZ.N T7,20.0,29.31,0.0,29.31,11,4,2025
2025-10-01,iDE,MADRID,ARGANZUE T1,15.0,34.991,0.0,34.991,10,4,2025
2025-11-01,iDE,MADRID,ARGANZUE T1,15.0,34.99,8.35,26.64,11,4,2025
2025-10-01,iDE,MADRID,ARGANZUE T2,15.0,34.8495,0.0,34.8495,10,4,2025
2025-11-01,iDE,MADRID,ARGANZUE T2,15.0,34.85,8.88,25.97,11,4,2025
2025-10-01,iDE,MADRID,ARGANZUE T3,15.0,35.0,0.0,35.0,10,4,2025
2025-11-01,iDE,MADRID,ARGANZUE T3,15.0,35.0,11.46,23.54,11,4,2025
2024-05-29,iDE,MADRID,ARGUELLE    132.00,132.0,336.99,306.13,30.860000000000014,5,2,2024
2024-10-29,iDE,MADRID,ARGUELLE    132.00,132.0,314.91,304.7,10.210000000000036,10,4,2024
2025-02-26,iDE,MADRID,ARGUELLE    132.00,132.0,297.33,290.12,7.2099999999999795,2,1,2025
2025-10-01,iDE,MADRID,ARGUELLE    132.00,132.0,295.3,0.0,295.3,10,4,2025
2025-11-01,iDE,MADRID,ARGUELLE    132.00,132.0,294.98,0.0,294.98,11,4,2025
2024-04-29,iDE,MADRID,ARGUELLE   132,132.0,337.1,30.0,307.1,4,2,2024
2025-10-01,iDE,MADRID,ARGUELLE T1,15.0,28.0,0.0,28.0,10,4,2025
2025-11-01,iDE,MADRID,ARGUELLE T1,15.0,28.0,0.0,28.0,11,4,2025
2025-10-01,iDE,MADRID,ARGUELLE T2,15.0,27.9073,0.0,27.9073,10,4,2025
2025-11-01,iDE,MADRID,ARGUELLE T2,15.0,27.91,0.0,27.91,11,4,2025
2025-10-01,iDE,MADRID,ARGUELLE T3,15.0,27.9955,0.0,27.9955,10,4,2025
2025-11-01,iDE,MADRID,ARGUELLE T3,15.0,28.0,0.0,28.0,11,4,2025
2026-03-01,iDE,Navarra,ARIBE T1,20.0,5.61,0.0,5.61,3,1,2026
2026-03-01,iDE,Navarra,ARIBE T1,66.0,5.61,0.0,5.61,3,1,2026
2025-10-03,iDE,GUIPÚZCOA,ARKALE      132.00,132.0,6.0,0.0,6.0,10,4,2025
2026-03-01,iDE,Navarra,ARRE-CORDOV,66.0,5.61,0.0,5.61,3,1,2026
2026-03-01,iDE,Navarra,ARRE-SCRISTOBA,66.0,5.61,0.0,5.61,3,1,2026
2025-10-03,iDE,VALLADOLID,ARROYADAS T1 45,45.0,18.1,-40.53,58.63,10,4,2025
2025-10-03,iDE,VALLADOLID,ARROYADAS T2 45,45.0,18.1,-37.0,55.1,10,4,2025
2025-10-01,iDE,MADRID,ARROYO.V T1,20.0,12.7,0.0,12.7,10,4,2025
2025-11-01,iDE,MADRID,ARROYO.V T1,20.0,34.81,9.63,25.18,11,4,2025
2025-10-01,iDE,MADRID,ARROYO.V T21,20.0,5.55,0.0,5.55,10,4,2025
2025-11-01,iDE,MADRID,ARROYO.V T21,20.0,21.7,1.76,19.939999999999998,11,4,2025
2025-10-01,iDE,MADRID,ARROYO.V T22,20.0,26.25,0.0,26.25,10,4,2025
2026-03-01,iDE,Madrid,ARROYO.V T22,20.0,21.75,16.75,5.0,3,1,2026
2025-10-01,iDE,MADRID,ARROYO.V T4,20.0,11.4,0.0,11.4,10,4,2025
2025-11-01,iDE,MADRID,ARROYO.V T4,20.0,29.6,7.34,22.26,11,4,2025
2025-10-03,iDE,MURCIA,ASOMADA     132.00,132.0,9.74,0.0,9.74,10,4,2025
2025-10-03,iDE,MURCIA,ASOMADA     66.000,66.0,7.0,0.0,7.0,10,4,2025
2025-10-03,iDE,MURCIA,ATEROS      132.00,132.0,16.0,0.0,16.0,10,4,2025
2024-06-25,iDE,MADRID,AYALA       132.00,132.0,220.75,180.0,40.75,6,2,2024
2024-12-02,iDE,MADRID,AYALA       132.00,132.0,217.72,209.4,8.319999999999993,12,4,2024
2025-10-01,iDE,MADRID,AYALA       132.00,132.0,220.5,0.0,220.5,10,4,2025
2025-11-01,iDE,MADRID,AYALA       132.00,132.0,220.2,0.0,220.2,11,4,2025
2026-03-01,iDE,Madrid,AYALA       132.00,132.0,218.67,212.45,6.219999999999999,3,1,2026
2025-10-01,iDE,MADRID,AYALA T11,15.0,20.9585,0.0,20.9585,10,4,2025
2025-11-01,iDE,MADRID,AYALA T11,15.0,20.96,0.0,20.96,11,4,2025
2025-10-01,iDE,MADRID,AYALA T12,15.0,21.0,0.0,21.0,10,4,2025
2025-11-01,iDE,MADRID,AYALA T12,15.0,21.0,0.0,21.0,11,4,2025
2025-10-01,iDE,MADRID,AYALA T21,15.0,21.0,0.0,21.0,10,4,2025
2025-11-01,iDE,MADRID,AYALA T21,15.0,21.0,0.0,21.0,11,4,2025
2025-10-01,iDE,MADRID,AYALA T22,15.0,21.0,0.0,21.0,10,4,2025
2025-11-01,iDE,MADRID,AYALA T22,15.0,21.0,0.0,21.0,11,4,2025
2024-06-25,iDE,MADRID,B.AIRE.M T2,15.0,28.14,0.0,28.14,6,2,2024
2025-10-01,iDE,MADRID,B.AIRE.M T2,45.0,28.14,0.0,28.14,10,4,2025
2025-11-01,iDE,MADRID,B.AIRE.M T2,45.0,28.14,0.0,28.14,11,4,2025
2025-10-03,iDE,MURCIA,BALSICAS T1,20.0,0.0,-39.78,39.78,10,4,2025
2025-10-03,iDE,ALICANTE,BARXELL     132.00,132.0,10.54,0.0,10.54,10,4,2025
2025-10-03,iDE,ALICANTE,BASTA       132.00,132.0,11.77,0.0,11.77,10,4,2025
2025-10-01,iDE,MADRID,BBVA        66.000,66.0,8.31,0.0,8.31,10,4,2025
2025-11-01,iDE,MADRID,BBVA        66.000,66.0,8.07,0.0,8.07,11,4,2025
2025-10-03,iDE,CASTELLÓN,BECHI       66.000,66.0,0.0,-49.54,49.54,10,4,2025
2025-10-01,iDE,CASTELLÓN,BECHI T1,20.0,5.4107,0.0,5.4107,10,4,2025
2025-11-01,iDE,CASTELLÓN,BECHI T1,20.0,7.63,0.0,7.63,11,4,2025
2025-11-01,iDE,CASTELLÓN,BECHI T2,20.0,33.39,0.0,33.39,11,4,2025
2024-02-28,iDE,CASTELLÓN,BELCAIRE T1,20.0,5.32,0.0,5.32,2,1,2024
2024-12-02,iDE,CASTELLÓN,BELCAIRE T1,20.0,6.81,0.0,6.81,12,4,2024
2025-10-01,iDE,CASTELLÓN,BELCAIRE T1,20.0,5.5574,0.0,5.5574,10,4,2025
2026-05-01,iDE,Castellón/Castelló,BELCAIRE T1,20.0,11.68,3.22,8.459999999999999,5,2,2026
2025-10-03,iDE,VALENCIA,BELGIDA 132.00,132.0,0.0,-49.94,49.94,10,4,2025
2024-06-25,iDE,CASTELLÓN,BENADRES T1,20.0,5.16,0.0,5.16,6,2,2024
2024-09-26,iDE,CASTELLÓN,BENADRES T1,20.0,10.02,4.65,5.369999999999999,9,3,2024
2025-10-03,iDE,ALICANTE,BENEJAMA    132.00,132.0,14.69,0.0,14.69,10,4,2025
2025-10-03,iDE,CASTELLÓN,BENICARL    132.00,132.0,0.0,-162.0,162.0,10,4,2025
2024-09-26,iDE,VALENCIA,BENICULL T1,20.0,34.52,24.92,9.600000000000001,9,3,2024
2025-10-01,iDE,VALENCIA,BENICULL T1,20.0,34.487,0.0,34.487,10,4,2025
2025-11-01,iDE,VALENCIA,BENICULL T1,20.0,34.53,0.0,34.53,11,4,2025
2025-10-01,iDE,VALENCIA,BENICULL T2,20.0,33.2225,0.0,33.2225,10,4,2025
2025-11-01,iDE,VALENCIA,BENICULL T2,20.0,33.22,0.0,33.22,11,4,2025
2024-05-29,iDE,ALICANTE,BENIDORM    132.00,132.0,47.97,35.84,12.129999999999995,5,2,2024
2024-06-25,iDE,ALICANTE,BENIDORM    132.00,132.0,69.96,47.97,21.989999999999995,6,2,2024
2024-08-27,iDE,ALICANTE,BENIDORM    132.00,132.0,82.99,62.97,20.019999999999996,8,3,2024
2025-01-30,iDE,ALICANTE,BENIDORM    132.00,132.0,198.41,56.91,141.5,1,1,2025
2025-04-11,iDE,ALICANTE,BENIDORM    132.00,132.0,198.52,192.19,6.3300000000000125,4,2,2025
2025-11-01,iDE,ALICANTE,BENIDORM    132.00,132.0,176.33,0.0,176.33,11,4,2025
2026-05-01,iDE,Alicante/Alacant,BENIDORM    132.00,132.0,156.63,114.73,41.89999999999999,5,2,2026
2023-12-21,iDE,ALICANTE,BENIDORM 132.00,132.0,108.51,78.51,30.0,12,4,2023
2023-12-21,iDE,ALICANTE,BENIDORM T1,20.0,23.46,18.43,5.030000000000001,12,4,2023
2025-10-01,iDE,ALICANTE,BENIDORM T1,20.0,18.8974,0.0,18.8974,10,4,2025
2025-11-01,iDE,ALICANTE,BENIDORM T1,20.0,18.9,0.0,18.9,11,4,2025
2023-11-30,iDE,ALICANTE,BENIDORM T2,20.0,27.74,12.66,15.079999999999998,11,4,2023
2025-10-01,iDE,ALICANTE,BENIDORM T2,20.0,23.2102,0.0,23.2102,10,4,2025
2025-11-01,iDE,ALICANTE,BENIDORM T2,20.0,23.21,0.0,23.21,11,4,2025
2024-12-02,iDE,ALICANTE,BENIDORM T3,20.0,26.5,21.05,5.449999999999999,12,4,2024
2025-10-01,iDE,ALICANTE,BENIDORM T3,20.0,26.3089,0.0,26.3089,10,4,2025
2025-11-01,iDE,ALICANTE,BENIDORM T3,20.0,26.3,0.0,26.3,11,4,2025
2024-12-02,iDE,VALENCIA,BENIFAIO T1,20.0,7.29,0.0,7.29,12,4,2024
2024-12-02,iDE,VALENCIA,BENIFAYO    132.00,132.0,29.07,0.0,29.07,12,4,2024
2024-11-15,iDE,VALENCIA,BENIFERR T1,20.0,32.69,17.73,14.959999999999997,11,4,2024
2024-03-22,iDE,VALENCIA,BENIFERR T2,20.0,19.74,4.74,14.999999999999998,3,1,2024
2024-11-15,iDE,VALENCIA,BENIFERR T2,20.0,34.69,19.7,14.989999999999998,11,4,2024
2025-04-11,iDE,VALENCIA,BENIFERR T3,20.0,27.86,14.36,13.5,4,2,2025
2025-10-01,iDE,VALENCIA,BENIFERRI T1,20.0,32.7437,0.0,32.7437,10,4,2025
2025-11-01,iDE,VALENCIA,BENIFERRI T1,20.0,33.63,0.0,33.63,11,4,2025
2025-10-01,iDE,VALENCIA,BENIFERRI T2,20.0,34.7228,0.0,34.7228,10,4,2025
2025-11-01,iDE,VALENCIA,BENIFERRI T2,20.0,34.72,0.0,34.72,11,4,2025
2025-10-01,iDE,VALENCIA,BENIFERRI T3,20.0,27.8603,0.0,27.8603,10,4,2025
2025-11-01,iDE,VALENCIA,BENIFERRI T3,20.0,27.86,0.0,27.86,11,4,2025
2026-03-01,iDE,Navarra,BERITXIT T1,13.2,5.61,0.0,5.61,3,1,2026
2026-03-01,iDE,Navarra,BERITXIT T1,66.0,5.61,0.0,5.61,3,1,2026
2026-03-01,iDE,Navarra,BERITXIT T2,13.2,5.61,0.0,5.61,3,1,2026
2026-03-01,iDE,Navarra,BERITXIT T2,66.0,5.61,0.0,5.61,3,1,2026
2025-10-01,iDE,MADRID,BOADILLA T1,20.0,27.5031,0.0,27.5031,10,4,2025
2025-11-01,iDE,MADRID,BOADILLA T1,20.0,27.5,0.0,27.5,11,4,2025
2025-10-01,iDE,MADRID,BOADILLA T2,20.0,20.505,0.0,20.505,10,4,2025
2025-11-01,iDE,MADRID,BOADILLA T2,20.0,20.51,0.0,20.51,11,4,2025
2025-10-03,iDE,VALLADOLID,BOECILLO T1 45,45.0,10.5,0.0,10.5,10,4,2025
2025-10-03,iDE,VALLADOLID,BOECILLO T2 45,45.0,10.5,0.0,10.5,10,4,2025
2026-05-01,iDE,Madrid,BREZOS T1,15.0,10.19,0.0,10.19,5,2,2026
2026-05-01,iDE,Madrid,BREZOS T1,45.0,10.19,0.0,10.19,5,2,2026
2024-07-23,iDE,LA RIOJA,BRIONES T1,13.0,7.97,0.0,7.97,7,3,2024
2026-03-01,iDE,"Rioja, La",BRIONES T1,13.2,7.99,2.94,5.050000000000001,3,1,2026
2024-07-23,iDE,LA RIOJA,BRIONES T1,66.0,17.54,0.0,17.54,7,3,2024
2024-10-29,iDE,LA RIOJA,BRIONES T1,66.0,18.99,1.53,17.459999999999997,10,4,2024
2025-01-30,iDE,LA RIOJA,BRIONES T1,66.0,31.11,16.98,14.129999999999999,1,1,2025
2025-10-01,iDE,LA RIOJA,BRIONES T1,66.0,22.34,0.0,22.34,10,4,2025
2026-03-01,iDE,"Rioja, La",BRIONES T1,66.0,29.65,2.94,26.709999999999997,3,1,2026
2024-07-23,iDE,LA RIOJA,BRIONES T2,66.0,17.54,0.0,17.54,7,3,2024
2024-10-29,iDE,LA RIOJA,BRIONES T2,66.0,18.99,1.53,17.459999999999997,10,4,2024
2025-01-30,iDE,LA RIOJA,BRIONES T2,66.0,31.11,16.98,14.129999999999999,1,1,2025
2025-10-01,iDE,LA RIOJA,BRIONES T2,66.0,22.34,0.0,22.34,10,4,2025
2026-03-01,iDE,"Rioja, La",BRIONES T2,66.0,29.65,2.94,26.709999999999997,3,1,2026
2024-07-23,iDE,LA RIOJA,BRTOBIA T1,13.0,5.54,0.0,5.54,7,3,2024
2025-02-26,iDE,LA RIOJA,BRTOBIA T1,13.0,8.34,0.0,8.34,2,1,2025
2025-10-01,iDE,LA RIOJA,BRTOBIA T1,13.2,5.15,0.0,5.15,10,4,2025
2024-07-23,iDE,LA RIOJA,BRTOBIA T1,66.0,5.54,0.0,5.54,7,3,2024
2025-02-26,iDE,LA RIOJA,BRTOBIA T1,66.0,34.5,0.0,34.5,2,1,2025
2025-10-01,iDE,LA RIOJA,BRTOBIA T1,66.0,8.2961,0.0,8.2961,10,4,2025
2024-07-23,iDE,LA RIOJA,BRTOBIA T2,66.0,5.54,0.0,5.54,7,3,2024
2024-09-26,iDE,LA RIOJA,BRTOBIA T2,66.0,9.11,0.0,9.11,9,3,2024
2025-10-03,iDE,MADRID,BUENAVIS T1,15.0,7.69,-6.4201,14.1101,10,4,2025
2025-12-01,iDE,Madrid,BUENAVIS T1,15.0,3.58,-1.42,5.0,12,4,2025
2026-05-01,iDE,Madrid,BUENAVIS T1,15.0,9.28,3.58,5.699999999999999,5,2,2026
2025-10-01,iDE,MADRID,BUENAVIS T2,15.0,6.5405,0.0,6.5405,10,4,2025
2025-12-01,iDE,Madrid,BUENAVIS T2,15.0,2.54,-2.96,5.5,12,4,2025
2026-03-01,iDE,Madrid,BUENAVIS T2,15.0,7.54,2.54,5.0,3,1,2026
2024-05-29,iDE,CASTELLÓN,BURRIANA    66.000,66.0,13.92,8.77,5.15,5,2,2024
2024-06-25,iDE,CASTELLÓN,BURRIANA    66.000,66.0,19.49,13.92,5.5699999999999985,6,2,2024
2024-10-29,iDE,CASTELLÓN,BURRIANA    66.000,66.0,15.32,5.32,10.0,10,4,2024
2024-04-29,iDE,CASTELLÓN,BURRIANA   66,66.0,13.92,8.9,5.02,4,2,2024
2023-12-21,iDE,CASTELLÓN,BURRIANA T1,20.0,6.38,1.01,5.37,12,4,2023
2025-10-03,iDE,VALENCIA,BUÑOL       132.00,132.0,0.0,-49.75,49.75,10,4,2025
2025-10-01,iDE,MADRID,C.FREGAC T1,15.0,15.7868,0.0,15.7868,10,4,2025
2025-11-01,iDE,MADRID,C.FREGAC T1,15.0,15.79,0.96,14.829999999999998,11,4,2025
2024-05-29,iDE,MADRID,C.UNIVER    132.00,132.0,153.6,138.78,14.819999999999993,5,2,2024
2024-10-29,iDE,MADRID,C.UNIVER    132.00,132.0,151.52,140.34,11.180000000000007,10,4,2024
2025-10-01,iDE,MADRID,C.UNIVER    132.00,132.0,138.78,0.0,138.78,10,4,2025
2025-11-01,iDE,MADRID,C.UNIVER    132.00,132.0,137.88,0.0,137.88,11,4,2025
2026-03-01,iDE,Madrid,C.UNIVER    132.00,132.0,162.23,138.79,23.439999999999998,3,1,2026
2024-04-29,iDE,MADRID,C.UNIVER   132,132.0,153.7,138.82,14.879999999999995,4,2,2024
2025-11-01,iDE,MADRID,C.VIEJO A  66.000,66.0,34.9,0.0,34.9,11,4,2025
2025-10-01,iDE,MADRID,C.VIEJO B  66.000,66.0,19.01,0.0,19.01,10,4,2025
2025-11-01,iDE,MADRID,C.VIEJO B  66.000,66.0,13.85,0.0,13.85,11,4,2025
2024-12-02,iDE,MADRID,C.VIEJO T1,20.0,10.08,0.0,10.08,12,4,2024
2025-10-01,iDE,MADRID,C.VIEJO T2,20.0,13.8731,0.0,13.8731,10,4,2025
2025-11-01,iDE,MADRID,C.VIEJO T2,20.0,13.85,0.0,13.85,11,4,2025
2025-11-01,iDE,MADRID,C.VIEJO T3,20.0,8.63,0.0,8.63,11,4,2025
2025-10-01,iDE,VALENCIA,CABANAL T1,20.0,26.884,0.0,26.884,10,4,2025
2025-11-01,iDE,VALENCIA,CABANAL T1,20.0,26.88,0.0,26.88,11,4,2025
2025-10-01,iDE,VALENCIA,CABANAL T2,20.0,27.7417,0.0,27.7417,10,4,2025
2025-11-01,iDE,VALENCIA,CABANAL T2,20.0,27.74,0.0,27.74,11,4,2025
2025-10-01,iDE,VALENCIA,CABANAL T3,20.0,27.5995,0.0,27.5995,10,4,2025
2025-11-01,iDE,VALENCIA,CABANAL T3,20.0,27.6,0.0,27.6,11,4,2025
2025-10-01,iDE,VALENCIA,CABANAL T4,20.0,27.955,0.0,27.955,10,4,2025
2025-11-01,iDE,VALENCIA,CABANAL T4,20.0,27.96,0.0,27.96,11,4,2025
2024-12-02,iDE,MADRID,CABANILL    66.000,66.0,11.1,0.0,11.1,12,4,2024
2025-11-01,iDE,MADRID,CABANILL    66.000,66.0,10.07,0.0,10.07,11,4,2025
2024-06-25,iDE,VALENCIA,CABAÑAL     132.00,132.0,218.93,188.71,30.22,6,2,2024
2024-12-02,iDE,VALENCIA,CABAÑAL     132.00,132.0,227.07,129.88,97.19,12,4,2024
2025-11-01,iDE,VALENCIA,CABAÑAL     132.00,132.0,323.92,0.0,323.92,11,4,2025
2024-04-29,iDE,VALENCIA,CABAÑAL   132,132.0,217.26,211.44,5.819999999999993,4,2,2024
2024-01-31,iDE,VALENCIA,CABAÑAL 132.00,132.0,243.28,202.28,41.0,1,1,2024
2025-10-03,iDE,CÁCERES,CACERES T5 45,45.0,0.0,-49.0,49.0,10,4,2025
2024-06-25,iDE,ALICANTE,CALPE       132.00,132.0,141.86,134.47,7.390000000000015,6,2,2024
2024-11-15,iDE,ALICANTE,CALPE       132.00,132.0,123.95,101.74,22.210000000000008,11,4,2024
2025-01-30,iDE,ALICANTE,CALPE       132.00,132.0,218.49,55.65,162.84,1,1,2025
2025-04-11,iDE,ALICANTE,CALPE       132.00,132.0,218.6,198.49,20.109999999999985,4,2,2025
2025-11-01,iDE,ALICANTE,CALPE       132.00,132.0,215.74,0.0,215.74,11,4,2025
2023-12-21,iDE,ALICANTE,CALPE 132.00,132.0,161.77,141.77,20.0,12,4,2023
2025-10-01,iDE,ALICANTE,CALPE T1,20.0,27.91,0.0,27.91,10,4,2025
2025-11-01,iDE,ALICANTE,CALPE T1,20.0,27.91,0.0,27.91,11,4,2025
2025-10-01,iDE,ALICANTE,CALPE T2,20.0,27.973,0.0,27.973,10,4,2025
2025-11-01,iDE,ALICANTE,CALPE T2,20.0,27.97,0.0,27.97,11,4,2025
2025-10-01,iDE,ALICANTE,CAMPOAMOR T1,20.0,7.91,0.0,7.91,10,4,2025
2025-11-01,iDE,ALICANTE,CAMPOAMOR T1,20.0,16.05,7.91,8.14,11,4,2025
2025-10-03,iDE,ALICANTE,CAMPOAMOR T2,20.0,6.45,-0.55,7.0,10,4,2025
2024-07-23,iDE,LA RIOJA,CANTABRI T1,13.0,5.54,0.0,5.54,7,3,2024
2024-09-26,iDE,LA RIOJA,CANTABRI T1,13.0,10.59,1.0,9.59,9,3,2024
2024-07-23,iDE,LA RIOJA,CANTABRI T1,66.0,5.54,0.0,5.54,7,3,2024
2024-09-26,iDE,LA RIOJA,CANTABRI T1,66.0,15.11,0.0,15.11,9,3,2024
2024-07-23,iDE,LA RIOJA,CANTABRI T2,13.0,5.54,0.0,5.54,7,3,2024
2024-09-26,iDE,LA RIOJA,CANTABRI T2,13.0,14.7,1.0,13.7,9,3,2024
2024-07-23,iDE,LA RIOJA,CANTABRI T2,66.0,5.54,0.0,5.54,7,3,2024
2024-09-26,iDE,LA RIOJA,CANTABRI T2,66.0,15.11,0.0,15.11,9,3,2024
2024-02-28,iDE,ALICANTE,CANTALAR T1,20.0,8.36,3.36,5.0,2,1,2024
2025-10-03,iDE,ALICANTE,CANTALAR T1,20.0,5.33,0.0,5.33,10,4,2025
2024-01-31,iDE,ALICANTE,CANTALAR T2,20.0,17.01,7.0,10.010000000000002,1,1,2024
2025-01-30,iDE,ALICANTE,CANTALAR T2,20.0,13.6,3.61,9.99,1,1,2025
2025-10-01,iDE,ALICANTE,CANTALAR T2,20.0,10.3589,0.0,10.3589,10,4,2025
2024-12-02,iDE,MADRID,CARB.MET    66.000,66.0,9.74,0.0,9.74,12,4,2024
2024-12-02,iDE,VALENCIA,CARLET      132.00,132.0,141.1,0.0,141.1,12,4,2024
2025-10-01,iDE,VALENCIA,CARLET      132.00,132.0,137.84,0.0,137.84,10,4,2025
2025-11-01,iDE,VALENCIA,CARLET      132.00,132.0,127.91,41.0,86.91,11,4,2025
2024-12-02,iDE,VALENCIA,CARLET T1,20.0,24.3,0.0,24.3,12,4,2024
2025-10-01,iDE,VALENCIA,CARLET T1,20.0,18.9986,0.0,18.9986,10,4,2025
2025-11-01,iDE,VALENCIA,CARLET T1,20.0,14.5,0.0,14.5,11,4,2025
2026-03-01,iDE,Valencia/València,CARLET T1,20.0,24.45,13.64,10.809999999999999,3,1,2026
2024-12-02,iDE,VALENCIA,CARLET T2,20.0,10.8,0.5,10.3,12,4,2024
2025-10-01,iDE,VALENCIA,CARLET T2,20.0,7.1321,0.0,7.1321,10,4,2025
2025-11-01,iDE,VALENCIA,CARLET T2,20.0,7.13,0.0,7.13,11,4,2025
2026-03-01,iDE,Valencia/València,CARLET T2,20.0,20.81,7.13,13.68,3,1,2026
2024-06-25,iDE,MADRID,CARRASCA T1,15.0,27.98,6.87,21.11,6,2,2024
2025-10-01,iDE,MADRID,CARRASCA T1,45.0,24.4417,0.0,24.4417,10,4,2025
2025-11-01,iDE,MADRID,CARRASCA T1,45.0,24.44,0.0,24.44,11,4,2025
2024-06-25,iDE,MADRID,CARRASCA T2,15.0,28.04,6.89,21.15,6,2,2024
2025-10-01,iDE,MADRID,CARRASCA T2,15.0,7.0,0.0,7.0,10,4,2025
2025-11-01,iDE,MADRID,CARRASCA T2,15.0,7.0,0.0,7.0,11,4,2025
2025-10-01,iDE,MADRID,CARRASCA T2,45.0,28.14,0.0,28.14,10,4,2025
2025-11-01,iDE,MADRID,CARRASCA T2,45.0,28.14,0.0,28.14,11,4,2025
2025-10-03,iDE,MURCIA,CARRIL      132.00,132.0,16.0,-90.0,106.0,10,4,2025
2024-10-29,iDE,ÁLAVA,CASABLAN T1,13.0,7.0,1.0,6.0,10,4,2024
2024-10-29,iDE,ÁLAVA,CASABLAN T2,13.0,7.0,1.0,6.0,10,4,2024
2024-07-23,iDE,LA RIOJA,CASALARRE T1,66.0,17.54,0.0,17.54,7,3,2024
2024-10-29,iDE,LA RIOJA,CASALARRE T1,66.0,18.99,1.53,17.459999999999997,10,4,2024
2025-01-30,iDE,LA RIOJA,CASALARRE T1,66.0,31.11,16.98,14.129999999999999,1,1,2025
2026-03-01,iDE,"Rioja, La",CASALARRE T1,66.0,29.65,-13.06,42.71,3,1,2026
2025-10-03,iDE,CÁCERES,CASATEJADA T1 45,45.0,48.0,0.0,48.0,10,4,2025
2025-10-03,iDE,CÁCERES,CASATEJADA T2 45,45.0,48.0,0.0,48.0,10,4,2025
2024-02-28,iDE,BURGOS,CASAVEGA T1,13.0,5.37,0.0,5.37,2,1,2024
2024-02-28,iDE,BURGOS,CASAVEGA T2,13.0,13.75,0.0,13.75,2,1,2024
2024-07-23,iDE,LA RIOJA,CASCAJOS T1,13.0,5.54,0.0,5.54,7,3,2024
2024-09-26,iDE,LA RIOJA,CASCAJOS T1,13.0,14.0,1.0,13.0,9,3,2024
2024-07-23,iDE,LA RIOJA,CASCAJOS T1,66.0,5.54,0.0,5.54,7,3,2024
2024-09-26,iDE,LA RIOJA,CASCAJOS T1,66.0,15.11,0.0,15.11,9,3,2024
2024-07-23,iDE,LA RIOJA,CASCAJOS T2,13.0,5.54,0.0,5.54,7,3,2024
2024-09-26,iDE,LA RIOJA,CASCAJOS T2,13.0,14.0,1.0,13.0,9,3,2024
2024-07-23,iDE,LA RIOJA,CASCAJOS T2,66.0,5.54,0.0,5.54,7,3,2024
2024-09-26,iDE,LA RIOJA,CASCAJOS T2,66.0,15.11,0.0,15.11,9,3,2024
2025-10-03,iDE,ALICANTE,CASTALLA 132.00,132.0,0.0,-104.48,104.48,10,4,2025
2024-06-25,iDE,VALENCIA,CATADAU     132.00,132.0,234.68,30.0,204.68,6,2,2024
2024-11-15,iDE,VALENCIA,CATADAU     132.00,132.0,201.63,87.57,114.06,11,4,2024
2024-12-02,iDE,VALENCIA,CATADAU     132.00,132.0,355.38,201.63,153.75,12,4,2024
2025-02-26,iDE,VALENCIA,CATADAU     132.00,132.0,266.44,192.73,73.71000000000001,2,1,2025
2025-10-01,iDE,VALENCIA,CATADAU     132.00,132.0,389.46,0.0,389.46,10,4,2025
2025-11-01,iDE,VALENCIA,CATADAU     132.00,132.0,379.67,61.29,318.38,11,4,2025
2025-12-01,iDE,Valencia/València,CATADAU     132.00,132.0,389.67,379.67,10.0,12,4,2025
2026-05-01,iDE,Valencia/València,CATADAU     132.00,132.0,170.81,151.31,19.5,5,2,2026
2024-04-29,iDE,VALENCIA,CATADAU   132,132.0,285.72,182.85,102.87000000000003,4,2,2024
2024-01-31,iDE,VALENCIA,CATADAU 132.00,132.0,161.89,121.89,39.999999999999986,1,1,2024
2024-06-25,iDE,MADRID,CATOLEDO T1,15.0,22.77,8.25,14.52,6,2,2024
2025-11-01,iDE,MADRID,CATOLEDO T1,15.0,5.41,0.0,5.41,11,4,2025
2025-10-01,iDE,MADRID,CATOLEDO T1,45.0,18.118,0.0,18.118,10,4,2025
2025-11-01,iDE,MADRID,CATOLEDO T1,45.0,19.92,0.0,19.92,11,4,2025
2024-06-25,iDE,MADRID,CATOLEDO T2,15.0,28.14,8.4,19.740000000000002,6,2,2024
2025-10-01,iDE,MADRID,CATOLEDO T2,45.0,23.64,0.0,23.64,10,4,2025
2025-11-01,iDE,MADRID,CATOLEDO T2,45.0,23.64,0.0,23.64,11,4,2025
2025-11-01,iDE,MADRID,CBANILLA T1,20.0,9.37,0.0,9.37,11,4,2025
2025-10-01,iDE,MADRID,CEANGELE T1,45.0,20.4541,0.0,20.4541,10,4,2025
2024-07-23,iDE,LA RIOJA,CENICERO T1,66.0,5.54,0.0,5.54,7,3,2024
2024-09-26,iDE,LA RIOJA,CENICERO T1,66.0,15.11,0.0,15.11,9,3,2024
2024-07-23,iDE,MADRID,CERCEDIL    66.000,66.0,31.74,0.0,31.74,7,3,2024
2024-10-29,iDE,MADRID,CERCEDIL    66.000,66.0,49.52,17.52,32.0,10,4,2024
2024-07-23,iDE,MADRID,CERCEDIL T1,20.0,17.43,0.0,17.43,7,3,2024
2025-10-01,iDE,MADRID,CERCEDIL T1,20.0,17.4317,0.0,17.4317,10,4,2025
2025-11-01,iDE,MADRID,CERCEDIL T1,20.0,17.43,0.0,17.43,11,4,2025
2024-07-23,iDE,MADRID,CERCEDIL T2,20.0,6.44,0.0,6.44,7,3,2024
2025-10-01,iDE,MADRID,CERCEDIL T2,20.0,6.4942,0.0,6.4942,10,4,2025
2025-11-01,iDE,MADRID,CERCEDIL T2,20.0,6.49,0.0,6.49,11,4,2025
2025-10-01,iDE,MADRID,CERCEDILL A1 66.000,66.0,32.44,0.0,32.44,10,4,2025
2025-11-01,iDE,MADRID,CERCEDILL A1 66.000,66.0,32.44,0.0,32.44,11,4,2025
2026-03-01,iDE,Madrid,CERCEDILL A1 66.000,66.0,45.37,32.45,12.919999999999995,3,1,2026
2025-10-01,iDE,MADRID,CERCEDILL A2 66.000,66.0,33.01,0.0,33.01,10,4,2025
2025-11-01,iDE,MADRID,CERCEDILL A2 66.000,66.0,33.01,0.0,33.01,11,4,2025
2024-06-25,iDE,MADRID,CESTUDIA T1,15.0,28.1,7.0,21.1,6,2,2024
2025-10-01,iDE,MADRID,CESTUDIA T1,45.0,20.3829,0.0,20.3829,10,4,2025
2025-11-01,iDE,MADRID,CESTUDIA T1,45.0,20.38,0.0,20.38,11,4,2025
2024-06-25,iDE,MADRID,CESTUDIA T2,15.0,27.9,7.0,20.9,6,2,2024
2025-10-01,iDE,MADRID,CESTUDIA T2,15.0,7.0,0.0,7.0,10,4,2025
2025-11-01,iDE,MADRID,CESTUDIA T2,15.0,7.0,0.0,7.0,11,4,2025
2025-10-01,iDE,MADRID,CESTUDIA T2,45.0,27.8565,0.0,27.8565,10,4,2025
2025-11-01,iDE,MADRID,CESTUDIA T2,45.0,27.86,0.0,27.86,11,4,2025
2024-07-23,iDE,NAVARRA,CH T. RIO,66.0,5.54,0.0,5.54,7,3,2024
2024-09-26,iDE,NAVARRA,CH T. RIO,66.0,14.6,0.0,14.6,9,3,2024
2024-06-25,iDE,MADRID,CHAMARTI    132.00,132.0,138.67,10.0,128.67,6,2,2024
2024-08-27,iDE,MADRID,CHAMARTI    132.00,132.0,156.56,136.36,20.19999999999999,8,3,2024
2024-10-29,iDE,MADRID,CHAMARTI    132.00,132.0,166.22,146.04,20.180000000000007,10,4,2024
2024-12-02,iDE,MADRID,CHAMARTI    132.00,132.0,151.88,146.27,5.609999999999985,12,4,2024
2025-01-30,iDE,MADRID,CHAMARTI    132.00,132.0,176.11,151.88,24.230000000000018,1,1,2025
2025-10-01,iDE,MADRID,CHAMARTI    132.00,132.0,174.66,0.0,174.66,10,4,2025
2025-11-01,iDE,MADRID,CHAMARTI    132.00,132.0,174.42,0.0,174.42,11,4,2025
2026-03-01,iDE,Madrid,CHAMARTI    132.00,132.0,179.74,174.66,5.0800000000000125,3,1,2026
2024-01-31,iDE,MADRID,CHAMARTI 132.00,132.0,182.75,135.66,47.09,1,1,2024
2025-10-01,iDE,MADRID,CHAMARTI T1,15.0,27.919,0.0,27.919,10,4,2025
2025-11-01,iDE,MADRID,CHAMARTI T1,15.0,27.92,0.0,27.92,11,4,2025
2025-10-01,iDE,MADRID,CHAMARTI T2,15.0,27.9325,0.0,27.9325,10,4,2025
2025-11-01,iDE,MADRID,CHAMARTI T2,15.0,27.93,0.0,27.93,11,4,2025
2024-07-23,iDE,LA RIOJA,CIRUENA T1,66.0,13.12,0.0,13.12,7,3,2024
2024-10-29,iDE,LA RIOJA,CIRUENA T1,66.0,13.04,1.53,11.51,10,4,2024
2025-10-01,iDE,LA RIOJA,CIRUENA T1,66.0,12.8623,0.0,12.8623,10,4,2025
2026-03-01,iDE,"Rioja, La",CIRUENA T1,66.0,12.98,2.94,10.040000000000001,3,1,2026
2024-07-23,iDE,LA RIOJA,CIRUENA T2,66.0,13.12,0.0,13.12,7,3,2024
2024-10-29,iDE,LA RIOJA,CIRUENA T2,66.0,13.04,1.53,11.51,10,4,2024
2025-10-01,iDE,LA RIOJA,CIRUENA T2,66.0,12.862,0.0,12.862,10,4,2025
2026-03-01,iDE,"Rioja, La",CIRUENA T2,66.0,12.98,2.94,10.040000000000001,3,1,2026
2025-10-03,iDE,ALICANTE,COCENTAI    132.00,132.0,11.56,0.0,11.56,10,4,2025
2025-10-03,iDE,VALENCIA,COLLAD/A    132.00,132.0,6.62,0.0,6.62,10,4,2025
2025-10-03,iDE,VALENCIA,COLLADO T1,20.0,6.62,0.0,6.62,10,4,2025
2025-10-03,iDE,VALENCIA,COLLADO T2,20.0,6.62,0.0,6.62,10,4,2025
2024-12-02,iDE,MADRID,COLM.V/A    66.000,66.0,10.08,0.0,10.08,12,4,2024
2025-10-01,iDE,NAVARRA,CORDOVIL    66.000,66.0,9.58,0.0,9.58,10,4,2025
2025-11-01,iDE,NAVARRA,CORDOVIL    66.000,66.0,9.78,0.0,9.78,11,4,2025
2025-10-03,iDE,NAVARRA,CORELLA T1,66.0,0.0,-9.83,9.83,10,4,2025
2025-10-03,iDE,NAVARRA,CORTES T1,66.0,0.0,-13.71,13.71,10,4,2025
2025-11-01,iDE,MADRID,COTORRED T1,45.0,9.32,0.0,9.32,11,4,2025
2026-03-01,iDE,Madrid,COTORRED T1,45.0,16.92,9.32,7.600000000000001,3,1,2026
2026-03-01,iDE,Navarra,CRISTOBA T1,13.2,5.61,0.0,5.61,3,1,2026
2026-03-01,iDE,Navarra,CRISTOBA T1,66.0,5.61,0.0,5.61,3,1,2026
2026-03-01,iDE,Navarra,CRISTOBA T2,13.2,5.61,0.0,5.61,3,1,2026
2026-03-01,iDE,Navarra,CRISTOBA T2,66.0,5.61,0.0,5.61,3,1,2026
2025-01-30,iDE,CASTELLÓN,CS INGEN    132.00,132.0,53.6,22.81,30.790000000000003,1,1,2025
2025-10-01,iDE,CASTELLÓN,CS INGEN    132.00,132.0,27.74,0.0,27.74,10,4,2025
2025-11-01,iDE,CASTELLÓN,CS INGEN    132.00,132.0,27.74,0.0,27.74,11,4,2025
2026-03-01,iDE,Castellón/Castelló,CS INGEN    66.000,66.0,29.14,0.0,29.14,3,1,2026
2024-06-25,iDE,VALENCIA,CUART       132.00,132.0,177.15,168.21,8.939999999999998,6,2,2024
2024-11-15,iDE,VALENCIA,CUART       132.00,132.0,173.78,160.0,13.780000000000001,11,4,2024
2024-12-02,iDE,VALENCIA,CUART       132.00,132.0,213.81,173.78,40.03,12,4,2024
2025-04-11,iDE,VALENCIA,CUART       132.00,132.0,213.49,144.32,69.17000000000002,4,2,2025
2025-10-01,iDE,VALENCIA,CUART       132.00,132.0,216.07,0.0,216.07,10,4,2025
2025-11-01,iDE,VALENCIA,CUART       132.00,132.0,216.11,21.41,194.70000000000002,11,4,2025
2024-01-31,iDE,VALENCIA,CUART 132.00,132.0,175.49,155.49,20.0,1,1,2024
2025-10-01,iDE,VALENCIA,CUART T1,20.0,27.4321,0.0,27.4321,10,4,2025
2025-11-01,iDE,VALENCIA,CUART T1,20.0,27.43,0.0,27.43,11,4,2025
2025-10-01,iDE,VALENCIA,CUART T2,20.0,27.0172,0.0,27.0172,10,4,2025
2025-11-01,iDE,VALENCIA,CUART T2,20.0,27.02,0.0,27.02,11,4,2025
2025-11-01,iDE,VALENCIA,CUART T3,20.0,17.05,0.0,17.05,11,4,2025
2025-10-01,iDE,VALENCIA,CUART T4,20.0,27.5896,0.0,27.5896,10,4,2025
2025-11-01,iDE,VALENCIA,CUART T4,20.0,27.59,0.0,27.59,11,4,2025
2025-10-01,iDE,MADRID,DAGANZO T1,20.0,11.4713,0.0,11.4713,10,4,2025
2025-11-01,iDE,MADRID,DAGANZO T1,20.0,11.47,0.0,11.47,11,4,2025
2026-03-01,iDE,Madrid,DAGANZO T2,20.0,15.65,2.6,13.05,3,1,2026
2023-11-30,iDE,GUIPÚZCOA,DEBA T1 30.000,30.0,12.17,2.37,9.8,11,4,2023
2023-11-30,iDE,GUIPÚZCOA,DEBA T1,13.0,8.75,2.37,6.38,11,4,2023
2024-06-25,iDE,ALICANTE,DENIA       132.00,132.0,218.07,20.0,198.07,6,2,2024
2025-01-30,iDE,ALICANTE,DENIA       132.00,132.0,188.48,81.22,107.25999999999999,1,1,2025
2025-11-01,iDE,ALICANTE,DENIA       132.00,132.0,187.23,0.0,187.23,11,4,2025
2024-04-29,iDE,ALICANTE,DENIA   132,132.0,208.54,20.0,188.54,4,2,2024
2025-10-01,iDE,ALICANTE,DENIA T1,20.0,27.892,0.0,27.892,10,4,2025
2025-11-01,iDE,ALICANTE,DENIA T1,20.0,27.89,0.0,27.89,11,4,2025
2025-10-01,iDE,ALICANTE,DENIA T2,20.0,27.559,0.0,27.559,10,4,2025
2025-11-01,iDE,ALICANTE,DENIA T2,20.0,27.56,0.0,27.56,11,4,2025
2025-10-01,iDE,MADRID,DEPORTIV T1,20.0,34.7948,0.0,34.7948,10,4,2025
2025-11-01,iDE,MADRID,DEPORTIV T1,20.0,34.79,0.0,34.79,11,4,2025
2025-10-01,iDE,MADRID,DEPORTIV T2,20.0,34.9386,0.0,34.9386,10,4,2025
2025-11-01,iDE,MADRID,DEPORTIV T2,20.0,34.94,0.0,34.94,11,4,2025
2025-10-03,iDE,TOLEDO,EBORA T1,20.0,4.7,-0.5,5.2,10,4,2025
2024-05-29,iDE,VALENCIA,EL GRAO     132.00,132.0,30.0,0.0,30.0,5,2,2024
2024-12-02,iDE,VALENCIA,EL GRAO     132.00,132.0,140.59,30.0,110.59,12,4,2024
2025-11-01,iDE,VALENCIA,EL GRAO     132.00,132.0,133.65,0.0,133.65,11,4,2025
2026-03-01,iDE,Valencia/València,EL GRAO     132.00,132.0,142.08,133.65,8.430000000000007,3,1,2026
2024-04-29,iDE,VALENCIA,EL GRAO   132,132.0,30.0,1.59,28.41,4,2,2024
2024-04-29,iDE,VALENCIA,EL GRAO T4,20.0,27.96,1.59,26.37,4,2,2024
2025-10-01,iDE,VALENCIA,EL GRAO T4,20.0,27.585,0.0,27.585,10,4,2025
2025-11-01,iDE,VALENCIA,EL GRAO T4,20.0,27.5,0.0,27.5,11,4,2025
2024-12-02,iDE,VALENCIA,EL OLIVE    132.00,132.0,112.49,0.0,112.49,12,4,2024
2025-02-26,iDE,VALENCIA,EL OLIVE    132.00,132.0,35.0,8.66,26.34,2,1,2025
2025-04-11,iDE,VALENCIA,EL OLIVE    132.00,132.0,45.0,35.0,10.0,4,2,2025
2025-10-01,iDE,VALENCIA,EL OLIVE    132.00,132.0,45.0,0.0,45.0,10,4,2025
2025-11-01,iDE,VALENCIA,EL OLIVE    132.00,132.0,45.0,0.0,45.0,11,4,2025
2024-05-29,iDE,MADRID,EL PILAR    132.00,132.0,219.3,202.33,16.97,5,2,2024
2024-06-25,iDE,MADRID,EL PILAR    132.00,132.0,229.12,219.3,9.819999999999993,6,2,2024
2025-10-01,iDE,MADRID,EL PILAR    132.00,132.0,221.69,0.0,221.69,10,4,2025
2025-11-01,iDE,MADRID,EL PILAR    132.00,132.0,221.46,0.0,221.46,11,4,2025
2024-04-29,iDE,MADRID,EL PILAR   132,132.0,219.39,20.0,199.39,4,2,2024
2025-10-03,iDE,ALICANTE,ELDA        66.000,66.0,8.65,0.0,8.65,10,4,2025
2025-10-03,iDE,ALICANTE,ELDA T1,20.0,7.83,0.0,7.83,10,4,2025
2025-10-03,iDE,ALICANTE,ELDA T2,20.0,8.65,0.0,8.65,10,4,2025
2023-11-30,iDE,GUIPÚZCOA,ELGOIBA1 T1 30.000,30.0,16.1,2.9,13.200000000000001,11,4,2023
2023-11-30,iDE,GUIPÚZCOA,ELGOIBA1 T1,13.0,8.19,2.9,5.289999999999999,11,4,2023
2023-11-30,iDE,GUIPÚZCOA,ELGOIBA1 T2 30.000,30.0,15.5,2.31,13.19,11,4,2023
2023-11-30,iDE,GUIPÚZCOA,ELGOIBA1 T2,13.0,8.4,2.31,6.09,11,4,2023
2024-01-31,iDE,GUIPÚZCOA,ELGOIBA1 T2,13.0,11.0,1.0,10.0,1,1,2024
2024-05-29,iDE,VALENCIA,ELIANA      132.00,132.0,369.54,192.56,176.98000000000002,5,2,2024
2024-09-26,iDE,VALENCIA,ELIANA      132.00,132.0,122.31,89.55,32.760000000000005,9,3,2024
2024-11-15,iDE,VALENCIA,ELIANA      132.00,132.0,105.95,48.21,57.74,11,4,2024
2024-12-02,iDE,VALENCIA,ELIANA      132.00,132.0,160.08,105.95,54.13000000000001,12,4,2024
2025-04-11,iDE,VALENCIA,ELIANA      132.00,132.0,129.17,123.74,5.429999999999993,4,2,2025
2025-10-01,iDE,VALENCIA,ELIANA      132.00,132.0,377.89,0.0,377.89,10,4,2025
2025-11-01,iDE,VALENCIA,ELIANA      132.00,132.0,369.3,26.38,342.92,11,4,2025
2025-12-01,iDE,Valencia/València,ELIANA      132.00,132.0,410.33,369.3,41.02999999999997,12,4,2025
2026-01-01,iDE,Valencia/València,ELIANA      132.00,132.0,464.92,410.33,54.59000000000003,1,1,2026
2024-04-29,iDE,VALENCIA,ELIANA   132,132.0,339.4,20.0,319.4,4,2,2024
2024-01-31,iDE,VALENCIA,ELIANA 132.00,132.0,233.81,192.81,41.0,1,1,2024
2025-10-01,iDE,VALENCIA,ELIANA T7,20.0,17.3196,0.0,17.3196,10,4,2025
2025-11-01,iDE,VALENCIA,ELIANA T7,20.0,17.32,0.0,17.32,11,4,2025
2025-10-01,iDE,VALENCIA,ELIANA T8,20.0,27.2269,0.0,27.2269,10,4,2025
2025-11-01,iDE,VALENCIA,ELIANA T8,20.0,27.23,0.0,27.23,11,4,2025
2025-11-01,iDE,MADRID,ELMAZO T1,15.0,7.0,0.0,7.0,11,4,2025
2025-11-01,iDE,MADRID,ELMAZO T1,45.0,21.28,0.0,21.28,11,4,2025
2024-06-25,iDE,MADRID,ELMAZO T2,15.0,9.39,0.0,9.39,6,2,2024
2023-12-21,iDE,VIZCAYA,ELORRIO T1  30.000,30.0,9.55,1.55,8.0,12,4,2023
2023-12-21,iDE,VIZCAYA,ELORRIO T2  30.000,30.0,9.55,1.55,8.0,12,4,2023
2023-12-21,iDE,VIZCAYA,ELORRIO T2,13.0,8.75,1.55,7.2,12,4,2023
2024-05-29,iDE,CASTELLÓN,ELS PLANS   66.000,66.0,19.28,9.24,10.040000000000001,5,2,2024
2024-08-27,iDE,CASTELLÓN,ELS PLANS   66.000,66.0,11.38,6.38,5.000000000000001,8,3,2024
2023-12-21,iDE,CASTELLÓN,ELS PLANS 66.000,66.0,24.25,14.25,10.0,12,4,2023
2025-10-03,iDE,CASTELLÓN,ELS_PLANS   66.000,66.0,0.0,-14.0,14.0,10,4,2025
2026-03-01,iDE,Castellón/Castelló,ELS_PLANS   66.000,66.0,6.46,-14.0,20.46,3,1,2026
2024-06-25,iDE,MADRID,EMBAJADO T2,15.0,38.93,14.0,24.93,6,2,2024
2025-10-01,iDE,MADRID,EMBAJADO T2,15.0,14.0,0.0,14.0,10,4,2025
2025-11-01,iDE,MADRID,EMBAJADO T2,15.0,14.0,0.0,14.0,11,4,2025
2025-10-01,iDE,MADRID,EMBAJADO T2,45.0,38.93,0.0,38.93,10,4,2025
2025-11-01,iDE,MADRID,EMBAJADO T2,45.0,38.93,0.0,38.93,11,4,2025
2024-06-25,iDE,MADRID,EMBAJADO T3,15.0,38.93,14.0,24.93,6,2,2024
2025-10-01,iDE,MADRID,EMBAJADO T3,15.0,14.0,0.0,14.0,10,4,2025
2025-11-01,iDE,MADRID,EMBAJADO T3,15.0,14.0,0.0,14.0,11,4,2025
2024-06-25,iDE,MADRID,EQUINIX     66.000,66.0,16.74,9.76,6.979999999999999,6,2,2024
2024-10-29,iDE,MADRID,EQUINIX     66.000,66.0,16.89,10.89,6.0,10,4,2024
2025-10-01,iDE,MADRID,EQUINIX     66.000,66.0,14.03,0.0,14.03,10,4,2025
2025-11-01,iDE,MADRID,EQUINIX     66.000,66.0,14.05,0.0,14.05,11,4,2025
2026-05-01,iDE,Madrid,ERASVMRO T1,15.0,9.99,0.0,9.99,5,2,2026
2025-10-03,iDE,MADRID,ERASVMRO T1,45.0,0.0,-6.14,6.14,10,4,2025
2026-05-01,iDE,Madrid,ERASVMRO T1,45.0,4.05,-6.14,10.19,5,2,2026
2023-11-30,iDE,VIZCAYA,ERMUA T1 30.000,30.0,15.16,2.56,12.6,11,4,2023
2023-11-30,iDE,VIZCAYA,ERMUA T2 30.000,30.0,13.83,2.66,11.17,11,4,2023
2024-06-25,iDE,MADRID,ESCOLARE T1,15.0,28.14,7.0,21.14,6,2,2024
2025-10-01,iDE,MADRID,ESCOLARE T1,15.0,7.0,0.0,7.0,10,4,2025
2025-11-01,iDE,MADRID,ESCOLARE T1,15.0,7.0,0.0,7.0,11,4,2025
2024-03-22,iDE,MADRID,ESCOLARE T1,45.0,28.14,20.58,7.560000000000002,3,1,2024
2025-10-01,iDE,MADRID,ESCOLARE T1,45.0,18.14,0.0,18.14,10,4,2025
2025-11-01,iDE,MADRID,ESCOLARE T1,45.0,28.14,0.0,28.14,11,4,2025
2024-06-25,iDE,MADRID,ESCOLARE T2,15.0,28.06,8.4,19.659999999999997,6,2,2024
2025-10-03,iDE,MADRID,ESCOLARE T2,15.0,0.0,-5.0,5.0,10,4,2025
2026-01-01,iDE,Madrid,ESCOLARE T2,15.0,0.0,-5.0,5.0,1,1,2026
2025-10-01,iDE,MADRID,ESCOLARE T2,45.0,18.987,0.0,18.987,10,4,2025
2025-11-01,iDE,MADRID,ESCOLARE T2,45.0,18.99,0.0,18.99,11,4,2025
2024-07-23,iDE,MADRID,ESCORIAL    66.000,66.0,36.0,1.21,34.79,7,3,2024
2024-10-29,iDE,MADRID,ESCORIAL    66.000,66.0,53.57,16.56,37.010000000000005,10,4,2024
2025-10-01,iDE,MADRID,ESCORIAL A1 66.000,66.0,42.44,0.0,42.44,10,4,2025
2025-11-01,iDE,MADRID,ESCORIAL A1 66.000,66.0,42.44,0.0,42.44,11,4,2025
2025-10-01,iDE,MADRID,ESCORIAL A2 66.000,66.0,34.32,0.0,34.32,10,4,2025
2025-11-01,iDE,MADRID,ESCORIAL A2 66.000,66.0,34.32,0.0,34.32,11,4,2025
2026-03-01,iDE,Madrid,ESCORIAL A2 66.000,66.0,48.88,34.32,14.560000000000002,3,1,2026
2024-07-23,iDE,MADRID,ESCORIAL B  66.000,66.0,5.72,0.0,5.72,7,3,2024
2024-09-26,iDE,MADRID,ESCORIAL B  66.000,66.0,16.81,4.76,12.049999999999999,9,3,2024
2024-10-29,iDE,MADRID,ESCORIAL B  66.000,66.0,49.82,16.81,33.010000000000005,10,4,2024
2024-07-23,iDE,MADRID,ESCORIAL T1,20.0,14.0,1.21,12.79,7,3,2024
2025-10-01,iDE,MADRID,ESCORIAL T1,20.0,14.0,0.0,14.0,10,4,2025
2025-11-01,iDE,MADRID,ESCORIAL T1,20.0,14.0,0.0,14.0,11,4,2025
2024-07-23,iDE,MADRID,ESCORIAL T2,20.0,5.72,0.0,5.72,7,3,2024
2024-09-26,iDE,MADRID,ESCORIAL T2,20.0,14.0,4.76,9.24,9,3,2024
2025-10-01,iDE,MADRID,ESCORIAL T2,20.0,14.0,0.0,14.0,10,4,2025
2025-11-01,iDE,MADRID,ESCORIAL T2,20.0,14.0,0.0,14.0,11,4,2025
2025-10-03,iDE,ZAMORA,ESLA T1 45,45.0,14.25,0.0,14.25,10,4,2025
2025-10-01,iDE,MADRID,ESTREL.M T11,15.0,15.41,0.0,15.41,10,4,2025
2025-11-01,iDE,MADRID,ESTREL.M T11,15.0,26.25,12.16,14.09,11,4,2025
2025-10-01,iDE,MADRID,ESTREL.M T12,15.0,24.85,0.0,24.85,10,4,2025
2025-10-01,iDE,MADRID,ESTREL.M T21,15.0,26.09,0.0,26.09,10,4,2025
2025-10-01,iDE,MADRID,ESTREL.M T22,15.0,30.41,0.0,30.41,10,4,2025
2025-10-01,iDE,MADRID,ESTREL.M T31,15.0,24.73,0.0,24.73,10,4,2025
2025-10-01,iDE,MADRID,ESTREL.M T32,15.0,25.03,0.0,25.03,10,4,2025
2024-05-29,iDE,MADRID,ESTRELLA    132.00,132.0,184.69,176.64,8.050000000000011,5,2,2024
2024-06-25,iDE,MADRID,ESTRELLA    132.00,132.0,224.53,184.69,39.84,6,2,2024
2024-09-26,iDE,MADRID,ESTRELLA    132.00,132.0,213.12,203.31,9.810000000000002,9,3,2024
2025-10-01,iDE,MADRID,ESTRELLA    132.00,132.0,202.31,0.0,202.31,10,4,2025
2025-11-01,iDE,MADRID,ESTRELLA    132.00,132.0,202.05,0.0,202.05,11,4,2025
2024-04-29,iDE,MADRID,ESTRELLA   132,132.0,184.78,176.67,8.110000000000014,4,2,2024
2024-01-31,iDE,MADRID,ESTRELLA 132.00,132.0,212.73,180.35,32.379999999999995,1,1,2024
2024-07-23,iDE,LA RIOJA,EZCARAY T1,13.0,13.78,0.0,13.78,7,3,2024
2024-10-29,iDE,LA RIOJA,EZCARAY T1,13.0,13.7,1.53,12.17,10,4,2024
2025-10-01,iDE,LA RIOJA,EZCARAY T1,13.2,13.5185,0.0,13.5185,10,4,2025
2026-03-01,iDE,"Rioja, La",EZCARAY T1,13.2,13.63,2.94,10.690000000000001,3,1,2026
2024-07-23,iDE,LA RIOJA,EZCARAY T1,66.0,13.78,0.0,13.78,7,3,2024
2024-10-29,iDE,LA RIOJA,EZCARAY T1,66.0,13.7,1.53,12.17,10,4,2024
2025-10-01,iDE,LA RIOJA,EZCARAY T1,66.0,13.5185,0.0,13.5185,10,4,2025
2026-03-01,iDE,"Rioja, La",EZCARAY T1,66.0,13.63,2.94,10.690000000000001,3,1,2026
2023-12-21,iDE,GUIPÚZCOA,EZQUIOGA T1 30.000,30.0,13.79,3.78,10.01,12,4,2023
2023-12-21,iDE,GUIPÚZCOA,EZQUIOGA T2 30.000,30.0,13.79,3.78,10.01,12,4,2023
2025-10-01,iDE,VALENCIA,F.MUESTR T1,20.0,21.3155,0.0,21.3155,10,4,2025
2025-11-01,iDE,VALENCIA,F.MUESTR T1,20.0,21.32,0.0,21.32,11,4,2025
2025-10-01,iDE,VALENCIA,F.MUESTR T2,20.0,21.3245,0.0,21.3245,10,4,2025
2025-11-01,iDE,VALENCIA,F.MUESTR T2,20.0,21.32,0.0,21.32,11,4,2025
2024-12-02,iDE,VALENCIA,F.S.LUIS    132.00,132.0,11.6,0.0,11.6,12,4,2024
2025-02-26,iDE,VALENCIA,F.S.LUIS    132.00,132.0,17.74,10.44,7.299999999999999,2,1,2025
2024-09-26,iDE,VALENCIA,F.S.LUIS T1,20.0,34.98,19.96,15.019999999999996,9,3,2024
2025-10-01,iDE,VALENCIA,F.S.LUIS T1,20.0,34.7282,0.0,34.7282,10,4,2025
2025-11-01,iDE,VALENCIA,F.S.LUIS T1,20.0,34.73,0.0,34.73,11,4,2025
2024-09-26,iDE,VALENCIA,F.S.LUIS T2,20.0,29.71,14.73,14.98,9,3,2024
2025-10-01,iDE,VALENCIA,F.S.LUIS T2,20.0,30.3488,0.0,30.3488,10,4,2025
2025-11-01,iDE,VALENCIA,F.S.LUIS T2,20.0,30.35,0.0,30.35,11,4,2025
2024-08-27,iDE,VALENCIA,F.S.LUIS T3,20.0,33.17,18.27,14.900000000000002,8,3,2024
2025-10-01,iDE,VALENCIA,F.S.LUIS T3,20.0,33.3557,0.0,33.3557,10,4,2025
2025-11-01,iDE,VALENCIA,F.S.LUIS T3,20.0,33.36,0.0,33.36,11,4,2025
2025-10-03,iDE,MURCIA,FAUSITA     132.00,132.0,9.27,-62.94,72.21,10,4,2025
2025-10-03,iDE,MURCIA,FAUSITA     66.000,66.0,8.0,0.0,8.0,10,4,2025
2025-10-01,iDE,MURCIA,FAUSITA T1,20.0,8.03,0.0,8.03,10,4,2025
2025-10-01,iDE,MURCIA,FAUSITA T2,20.0,8.03,0.0,8.03,10,4,2025
2026-05-01,iDE,Madrid,FELIPE2 T1,15.0,5.06,0.0,5.06,5,2,2026
2026-05-01,iDE,Madrid,FELIPE2 T1,45.0,5.06,0.0,5.06,5,2,2026
2024-12-02,iDE,MADRID,FORTUN/A    45.000,45.0,88.54,78.38,10.16000000000001,12,4,2024
2024-04-29,iDE,MADRID,FORTUN/A   45,45.0,98.31,10.0,88.31,4,2,2024
2023-11-30,iDE,MADRID,FORTUN/B 45.000,45.0,91.52,56.43,35.089999999999996,11,4,2023
2025-10-01,iDE,MADRID,FORTUNA A1    45.000,45.0,68.13,0.0,68.13,10,4,2025
2025-11-01,iDE,MADRID,FORTUNA A1    45.000,45.0,68.13,0.0,68.13,11,4,2025
2025-10-01,iDE,MADRID,FORTUNA B1    45.000,45.0,75.22,0.0,75.22,10,4,2025
2025-11-01,iDE,MADRID,FORTUNA B1    45.000,45.0,75.22,0.0,75.22,11,4,2025
2024-01-31,iDE,MADRID,FORTUNA T3,15.0,34.9,26.5,8.399999999999999,1,1,2024
2025-10-01,iDE,MADRID,FORTUNA T3,15.0,35.0,0.0,35.0,10,4,2025
2025-11-01,iDE,MADRID,FORTUNA T3,15.0,35.0,0.0,35.0,11,4,2025
2025-10-01,iDE,MADRID,FUENCA.M T2,20.0,16.47,0.0,16.47,10,4,2025
2025-11-01,iDE,MADRID,FUENCA.M T2,20.0,33.0,16.46,16.54,11,4,2025
2025-10-01,iDE,MADRID,FUENCA.M T3,20.0,19.08,0.0,19.08,10,4,2025
2025-11-01,iDE,MADRID,FUENCA.M T3,20.0,29.43,19.07,10.36,11,4,2025
2024-04-29,iDE,MADRID,FUENCA.M T4,20.0,34.36,29.36,5.0,4,2,2024
2025-10-01,iDE,MADRID,FUENCA.M T4,20.0,23.4,0.0,23.4,10,4,2025
2025-11-01,iDE,MADRID,FUENCA.M T4,20.0,34.39,19.52,14.870000000000001,11,4,2025
2025-10-01,iDE,MADRID,FUENCA.M T5,20.0,7.49,0.0,7.49,10,4,2025
2025-11-01,iDE,MADRID,FUENCA.M T5,20.0,29.56,0.0,29.56,11,4,2025
2024-07-23,iDE,MADRID,FUENCARR    132.00,132.0,169.37,122.36,47.010000000000005,7,3,2024
2024-09-26,iDE,MADRID,FUENCARR    132.00,132.0,158.77,139.56,19.210000000000008,9,3,2024
2024-12-02,iDE,MADRID,FUENCARR    132.00,132.0,157.13,149.02,8.109999999999985,12,4,2024
2025-01-30,iDE,MADRID,FUENCARR    132.00,132.0,186.39,157.13,29.25999999999999,1,1,2025
2025-10-01,iDE,MADRID,FUENCARR    132.00,132.0,134.73,0.0,134.73,10,4,2025
2025-11-01,iDE,MADRID,FUENCARR    132.00,132.0,133.9,0.0,133.9,11,4,2025
2026-03-01,iDE,Madrid,FUENCARR    132.00,132.0,141.63,134.13,7.5,3,1,2026
2024-06-25,iDE,MADRID,FUENCARR    66.000,66.0,16.57,9.58,6.99,6,2,2024
2024-10-29,iDE,MADRID,FUENCARR    66.000,66.0,16.67,10.67,6.000000000000002,10,4,2024
2025-10-03,iDE,MADRID,FUENCARR    66.000,66.0,0.0,-25.79,25.79,10,4,2025
2024-07-23,iDE,MADRID,FUENLABR T1,15.0,10.7,5.1,5.6,7,3,2024
2025-10-03,iDE,MADRID,FUENLABR T1,15.0,0.0,-27.865,27.865,10,4,2025
2025-12-01,iDE,Madrid,FUENLABR T1,15.0,-4.47,-23.47,19.0,12,4,2025
2024-02-28,iDE,MADRID,FUENLABR T2,15.0,15.06,10.06,5.0,2,1,2024
2024-06-25,iDE,MADRID,FUENLABR T2,15.0,9.81,0.0,9.81,6,2,2024
2024-12-02,iDE,MADRID,FUENLABR T2,15.0,9.63,0.0,9.63,12,4,2024
2025-10-01,iDE,MADRID,FUENLABR T2,15.0,21.329,0.0,21.329,10,4,2025
2025-11-01,iDE,MADRID,FUENLABR T2,15.0,21.33,0.0,21.33,11,4,2025
2024-01-31,iDE,GUIPÚZCOA,FUENTERR T1 30.000,30.0,12.42,3.51,8.91,1,1,2024
2025-10-01,iDE,MADRID,GALAPAG A1    66.000,66.0,33.27,0.0,33.27,10,4,2025
2025-11-01,iDE,MADRID,GALAPAG A1    66.000,66.0,33.27,0.0,33.27,11,4,2025
2026-03-01,iDE,Madrid,GALAPAG A1    66.000,66.0,109.1,33.27,75.82999999999998,3,1,2026
2025-10-01,iDE,MADRID,GALAPAG A2    66.000,66.0,45.27,0.0,45.27,10,4,2025
2025-11-01,iDE,MADRID,GALAPAG A2    66.000,66.0,45.27,0.0,45.27,11,4,2025
2024-07-23,iDE,MADRID,GALAPAGA    132.00,132.0,39.76,1.4,38.36,7,3,2024
2024-09-26,iDE,MADRID,GALAPAGA    132.00,132.0,51.49,19.89,31.6,9,3,2024
2024-10-29,iDE,MADRID,GALAPAGA    132.00,132.0,61.58,51.49,10.089999999999996,10,4,2024
2025-10-01,iDE,MADRID,GALAPAGA    132.00,132.0,10.44,0.0,10.44,10,4,2025
2025-11-01,iDE,MADRID,GALAPAGA    132.00,132.0,24.5,0.0,24.5,11,4,2025
2026-03-01,iDE,Madrid,GALAPAGA    132.00,132.0,54.88,24.52,30.360000000000003,3,1,2026
2026-05-01,iDE,Madrid,GALAPAGA    132.00,132.0,107.24,54.88,52.35999999999999,5,2,2026
2024-07-23,iDE,MADRID,GALAPAGA    66.000,66.0,30.3,0.0,30.3,7,3,2024
2024-09-26,iDE,MADRID,GALAPAGA    66.000,66.0,65.2,20.34,44.86,9,3,2024
2024-12-02,iDE,MADRID,GALAPAGA    66.000,66.0,62.13,45.22,16.910000000000004,12,4,2024
2024-07-23,iDE,MADRID,GALAPAGA T1,20.0,17.45,1.4,16.05,7,3,2024
2024-07-23,iDE,MADRID,GALAPAGA T4,20.0,27.88,1.4,26.48,7,3,2024
2024-09-26,iDE,MADRID,GALAPAGA T4,20.0,27.95,19.89,8.059999999999999,9,3,2024
2025-10-01,iDE,MADRID,GALAPAGA T4,20.0,22.4047,0.0,22.4047,10,4,2025
2025-11-01,iDE,MADRID,GALAPAGA T4,20.0,22.4,0.0,22.4,11,4,2025
2023-12-21,iDE,ÁLAVA,GAMARRA B   30.000,30.0,37.72,27.71,10.009999999999998,12,4,2023
2024-03-22,iDE,ÁLAVA,GAMARRA B   30.000,30.0,50.0,20.38,29.62,3,1,2024
2025-01-30,iDE,ÁLAVA,GAMARRA B   30.000,30.0,36.27,26.28,9.990000000000002,1,1,2025
2025-10-01,iDE,ÁLAVA,GAMARRA B   30.000,30.0,10.62,0.0,10.62,10,4,2025
2025-11-01,iDE,ÁLAVA,GAMARRA B   30.000,30.0,15.57,0.0,15.57,11,4,2025
2024-06-25,iDE,ÁLAVA,GAMARRA2 T1 30.000,30.0,9.2,0.0,9.2,6,2,2024
2024-06-25,iDE,ÁLAVA,GAMARRA2 T1,13.0,9.2,0.0,9.2,6,2,2024
2024-06-25,iDE,ÁLAVA,GAMARRA2 T2 30.000,30.0,8.71,0.0,8.71,6,2,2024
2024-06-25,iDE,ÁLAVA,GAMARRA2 T2,13.0,8.71,0.0,8.71,6,2,2024
2024-02-28,iDE,BURGOS,GAMONAL T1,13.0,5.37,0.0,5.37,2,1,2024
2024-02-28,iDE,BURGOS,GAMONAL T2,13.0,11.9,0.0,11.9,2,1,2024
2024-06-25,iDE,VALENCIA,GANDIA      132.00,132.0,151.84,111.56,40.28,6,2,2024
2024-11-15,iDE,VALENCIA,GANDIA      132.00,132.0,120.94,115.89,5.049999999999997,11,4,2024
2024-12-02,iDE,VALENCIA,GANDIA      132.00,132.0,158.42,120.94,37.47999999999999,12,4,2024
2025-02-26,iDE,VALENCIA,GANDIA      132.00,132.0,158.69,148.15,10.539999999999992,2,1,2025
2025-10-01,iDE,VALENCIA,GANDIA      132.00,132.0,157.63,0.0,157.63,10,4,2025
2025-11-01,iDE,VALENCIA,GANDIA      132.00,132.0,157.69,17.65,140.04,11,4,2025
2025-10-01,iDE,VALENCIA,GANDIA T1,20.0,27.026,0.0,27.026,10,4,2025
2025-11-01,iDE,VALENCIA,GANDIA T1,20.0,30.63,0.0,30.63,11,4,2025
2024-01-31,iDE,VALENCIA,GANDIA T2,20.0,30.0,20.0,10.0,1,1,2024
2024-11-15,iDE,VALENCIA,GANDIA T2,20.0,34.9,29.9,5.0,11,4,2024
2025-10-01,iDE,VALENCIA,GANDIA T2,20.0,25.3916,0.0,25.3916,10,4,2025
2025-11-01,iDE,VALENCIA,GANDIA T2,20.0,25.39,9.63,15.76,11,4,2025
2025-10-01,iDE,VALENCIA,GANDIA T3,20.0,27.9197,0.0,27.9197,10,4,2025
2025-11-01,iDE,VALENCIA,GANDIA T3,20.0,27.92,0.0,27.92,11,4,2025
2026-03-01,iDE,Valencia/València,GANDIA T3,20.0,32.57,27.54,5.030000000000001,3,1,2026
2024-12-02,iDE,MADRID,GANDULLA    66.000,66.0,11.17,0.0,11.17,12,4,2024
2025-11-01,iDE,MADRID,GANDULLA    66.000,66.0,5.58,0.0,5.58,11,4,2025
2024-06-25,iDE,MADRID,GRINON T1,15.0,9.01,0.82,8.19,6,2,2024
2024-04-29,iDE,MADRID,GRINON T1,45.0,9.04,0.0,9.04,4,2,2024
2025-10-03,iDE,MADRID,GRINON T1,45.0,0.0,-8.36,8.36,10,4,2025
2025-11-01,iDE,MADRID,GRINON T2,45.0,8.67,0.0,8.67,11,4,2025
2025-10-03,iDE,PALENCIA,GUARDO T1 45,45.0,9.5,0.0,9.5,10,4,2025
2025-10-03,iDE,PALENCIA,GUARDO T2 45,45.0,9.5,2.4,7.1,10,4,2025
2024-07-23,iDE,LA RIOJA,HARO        66.000,66.0,17.54,0.0,17.54,7,3,2024
2024-10-29,iDE,LA RIOJA,HARO        66.000,66.0,24.99,12.53,12.459999999999999,10,4,2024
2024-12-02,iDE,LA RIOJA,HARO        66.000,66.0,30.84,24.99,5.850000000000001,12,4,2024
2025-10-03,iDE,LA RIOJA,HARO        66.000,66.0,0.0,-9.46,9.46,10,4,2025
2026-01-01,iDE,"Rioja, La",HARO        66.000,66.0,-24.86,-30.14,5.280000000000001,1,1,2026
2026-03-01,iDE,"Rioja, La",HARO        66.000,66.0,-2.15,-24.86,22.71,3,1,2026
2024-04-29,iDE,GUIPÚZCOA,HERNANI1 T1 30.000,30.0,13.21,0.0,13.21,4,2,2024
2026-03-01,iDE,Gipuzkoa,HERNANI1 T1 30.000,30.0,17.3,4.6,12.700000000000001,3,1,2026
2024-04-29,iDE,GUIPÚZCOA,HERNANI1 T1,13.0,13.21,0.0,13.21,4,2,2024
2026-03-01,iDE,Gipuzkoa,HERNANI1 T1,13.2,17.3,4.6,12.700000000000001,3,1,2026
2024-04-29,iDE,GUIPÚZCOA,HERNANI1 T2 30.000,30.0,13.76,0.0,13.76,4,2,2024
2024-04-29,iDE,GUIPÚZCOA,HERNANI1 T2,13.0,13.76,0.0,13.76,4,2,2024
2025-10-03,iDE,MURCIA,HIPICA      132.00,132.0,0.0,-303.17,303.17,10,4,2025
2025-10-03,iDE,MURCIA,HIPICA T3,20.0,0.0,-13.0,13.0,10,4,2025
2025-10-03,iDE,CUENCA,HUELVES    A2 66.000,66.0,0.0,-20.0,20.0,10,4,2025
2026-03-01,iDE,Cuenca,HUELVES    A2 66.000,66.0,0.0,-20.0,20.0,3,1,2026
2025-11-01,iDE,MADRID,HUMANES T2,45.0,14.72,0.0,14.72,11,4,2025
2025-10-03,iDE,ALICANTE,IBI         132.00,132.0,11.04,0.0,11.04,10,4,2025
2025-10-01,iDE,CASTELLÓN,INGENIO T4,20.0,34.5347,0.0,34.5347,10,4,2025
2025-11-01,iDE,CASTELLÓN,INGENIO T4,20.0,34.53,0.0,34.53,11,4,2025
2025-01-30,iDE,CASTELLÓN,INGENIO T5,20.0,29.72,22.16,7.559999999999999,1,1,2025
2025-10-01,iDE,CASTELLÓN,INGENIO T5,20.0,29.7215,0.0,29.7215,10,4,2025
2025-11-01,iDE,CASTELLÓN,INGENIO T5,20.0,29.72,0.0,29.72,11,4,2025
2025-10-03,iDE,GUIPÚZCOA,IRUN T4     30.000,30.0,0.0,-31.2,31.2,10,4,2025
2024-01-31,iDE,GUIPÚZCOA,IRUN T4,13.0,17.5,3.24,14.26,1,1,2024
2024-01-31,iDE,GUIPÚZCOA,IRUN T5,13.0,13.74,3.43,10.31,1,1,2024
2026-03-01,iDE,Navarra,IRURTZUN T1,13.2,5.61,0.0,5.61,3,1,2026
2026-03-01,iDE,Navarra,IRURTZUN T1,66.0,5.61,0.0,5.61,3,1,2026
2026-03-01,iDE,Navarra,IRURTZUN T2,13.2,5.61,0.0,5.61,3,1,2026
2026-03-01,iDE,Navarra,IRURTZUN T2,66.0,5.61,0.0,5.61,3,1,2026
2023-11-30,iDE,GUIPÚZCOA,ITZIAR T1 30.000,30.0,13.87,3.07,10.799999999999999,11,4,2023
2023-12-21,iDE,VIZCAYA,IURRETA T2  30.000,30.0,8.37,3.36,5.01,12,4,2023
2023-12-21,iDE,VIZCAYA,IURRETA T2,13.0,8.37,3.36,5.01,12,4,2023
2025-10-03,iDE,CÁCERES,JARAIZ VERA T1 20,20.0,6.0,0.0,6.0,10,4,2025
2025-10-03,iDE,CÁCERES,JARAIZ VERA T1 45,45.0,6.0,0.0,6.0,10,4,2025
2025-10-03,iDE,CÁCERES,JARAIZ VERA T2 20,20.0,6.0,0.0,6.0,10,4,2025
2025-10-03,iDE,CÁCERES,JARAIZ VERA T2 45,45.0,6.0,0.0,6.0,10,4,2025
2024-12-02,iDE,VALENCIA,JATIVA      66.000,66.0,35.94,0.0,35.94,12,4,2024
2024-12-02,iDE,VALENCIA,JATIVA T1,20.0,13.69,0.0,13.69,12,4,2024
2024-12-02,iDE,VALENCIA,JATIVA T2,20.0,13.73,0.0,13.73,12,4,2024
2024-12-02,iDE,VALENCIA,JATIVA T3,20.0,10.92,0.0,10.92,12,4,2024
2024-06-25,iDE,ALICANTE,JAVEA       132.00,132.0,193.6,185.99,7.609999999999985,6,2,2024
2024-09-26,iDE,ALICANTE,JAVEA       132.00,132.0,194.41,146.02,48.389999999999986,9,3,2024
2025-01-30,iDE,ALICANTE,JAVEA       132.00,132.0,189.14,59.43,129.70999999999998,1,1,2025
2025-11-01,iDE,ALICANTE,JAVEA       132.00,132.0,187.44,0.0,187.44,11,4,2025
2023-11-30,iDE,ALICANTE,JAVEA 132.00,132.0,214.65,203.36,11.289999999999992,11,4,2023
2025-10-01,iDE,ALICANTE,JAVEA T1,20.0,17.8192,0.0,17.8192,10,4,2025
2025-11-01,iDE,ALICANTE,JAVEA T1,20.0,17.82,0.0,17.82,11,4,2025
2025-10-01,iDE,ALICANTE,JAVEA T2,20.0,27.7975,0.0,27.7975,10,4,2025
2025-11-01,iDE,ALICANTE,JAVEA T2,20.0,27.8,0.0,27.8,11,4,2025
2025-10-03,iDE,ALICANTE,JIJONA      132.00,132.0,8.44,0.0,8.44,10,4,2025
2025-10-01,iDE,MADRID,JUCIERVA T1,45.0,27.9569,0.0,27.9569,10,4,2025
2025-10-01,iDE,MADRID,JUCIERVA T2,45.0,28.1,0.0,28.1,10,4,2025
2024-03-22,iDE,MADRID,JUNCAL T1,15.0,13.96,0.0,13.96,3,1,2024
2024-06-25,iDE,MADRID,JUNCAL T1,15.0,24.75,13.96,10.79,6,2,2024
2025-10-01,iDE,MADRID,JUNCAL T1,15.0,9.392,0.0,9.392,10,4,2025
2025-11-01,iDE,MADRID,JUNCAL T1,15.0,9.39,0.0,9.39,11,4,2025
2026-03-01,iDE,Madrid,JUNCAL T1,15.0,9.39,-0.01,9.4,3,1,2026
2024-03-22,iDE,MADRID,JUNCAL T1,45.0,24.75,0.0,24.75,3,1,2024
2025-10-01,iDE,MADRID,JUNCAL T1,45.0,20.182,0.0,20.182,10,4,2025
2025-11-01,iDE,MADRID,JUNCAL T1,45.0,20.18,0.0,20.18,11,4,2025
2024-07-23,iDE,MADRID,L.ROZAS     132.00,132.0,52.49,0.0,52.49,7,3,2024
2024-09-26,iDE,MADRID,L.ROZAS     132.00,132.0,58.5,33.65,24.85,9,3,2024
2025-01-30,iDE,MADRID,L.ROZAS     132.00,132.0,104.97,54.68,50.29,1,1,2025
2025-10-01,iDE,MADRID,L.ROZAS     132.00,132.0,109.24,0.0,109.24,10,4,2025
2025-11-01,iDE,MADRID,L.ROZAS     132.00,132.0,109.18,0.0,109.18,11,4,2025
2025-10-03,iDE,VALLADOLID,LA ENCOMIENDA T1 13,13.2,0.0,-5.16,5.16,10,4,2025
2025-10-03,iDE,MURCIA,LA GUIA     132.00,132.0,8.76,0.0,8.76,10,4,2025
2024-05-29,iDE,ALICANTE,LA LLOMA    132.00,132.0,46.0,31.63,14.370000000000001,5,2,2024
2024-06-25,iDE,ALICANTE,LA LLOMA    132.00,132.0,63.21,46.0,17.21,6,2,2024
2024-07-23,iDE,ALICANTE,LA LLOMA    132.00,132.0,76.02,63.21,12.809999999999995,7,3,2024
2024-12-02,iDE,ALICANTE,LA LLOMA    132.00,132.0,57.96,50.39,7.57,12,4,2024
2025-01-30,iDE,ALICANTE,LA LLOMA    132.00,132.0,183.0,57.96,125.03999999999999,1,1,2025
2025-04-11,iDE,ALICANTE,LA LLOMA    132.00,132.0,183.11,171.95,11.160000000000025,4,2,2025
2025-11-01,iDE,ALICANTE,LA LLOMA    132.00,132.0,180.72,0.0,180.72,11,4,2025
2026-05-01,iDE,Alicante/Alacant,LA LLOMA    132.00,132.0,160.1,118.42,41.67999999999999,5,2,2026
2023-12-21,iDE,ALICANTE,LA LLOMA 132.00,132.0,109.08,79.08,30.0,12,4,2023
2024-02-28,iDE,ALICANTE,LA LLOMA T1,20.0,27.56,12.66,14.899999999999999,2,1,2024
2025-10-01,iDE,ALICANTE,LA LLOMA T1,20.0,27.3997,0.0,27.3997,10,4,2025
2025-11-01,iDE,ALICANTE,LA LLOMA T1,20.0,27.4,0.0,27.4,11,4,2025
2025-10-01,iDE,ALICANTE,LA LLOMA T2,20.0,22.9987,0.0,22.9987,10,4,2025
2025-11-01,iDE,ALICANTE,LA LLOMA T2,20.0,23.0,0.0,23.0,11,4,2025
2025-01-30,iDE,ALICANTE,LA NUCIA    132.00,132.0,195.83,65.21,130.62,1,1,2025
2025-04-11,iDE,ALICANTE,LA NUCIA    132.00,132.0,241.94,191.79,50.150000000000006,4,2,2025
2025-11-01,iDE,ALICANTE,LA NUCIA    132.00,132.0,203.1,0.0,203.1,11,4,2025
2025-12-01,iDE,Alicante/Alacant,LA NUCIA    132.00,132.0,225.67,203.1,22.569999999999993,12,4,2025
2026-01-01,iDE,Alicante/Alacant,LA NUCIA    132.00,132.0,278.6,225.67,52.930000000000035,1,1,2026
2026-05-01,iDE,Alicante/Alacant,LA NUCIA    132.00,132.0,166.54,126.54,39.999999999999986,5,2,2026
2025-10-01,iDE,ALICANTE,LA NUCIA T1,20.0,19.1791,0.0,19.1791,10,4,2025
2025-11-01,iDE,ALICANTE,LA NUCIA T1,20.0,18.99,0.0,18.99,11,4,2025
2025-01-30,iDE,CASTELLÓN,LA PLANA    132.00,132.0,70.7,34.45,36.25,1,1,2025
2026-01-01,iDE,Castellón/Castelló,LA PLANA    132.00,132.0,2.68,-2.59,5.27,1,1,2026
2024-06-25,iDE,VALENCIA,LA PUNTA    132.00,132.0,119.39,10.0,109.39,6,2,2024
2024-10-29,iDE,VALENCIA,LA PUNTA    132.00,132.0,76.81,69.52,7.290000000000006,10,4,2024
2024-11-15,iDE,VALENCIA,LA PUNTA    132.00,132.0,110.07,76.81,33.25999999999999,11,4,2024
2025-01-30,iDE,VALENCIA,LA PUNTA    132.00,132.0,95.16,88.97,6.189999999999998,1,1,2025
2025-11-01,iDE,VALENCIA,LA PUNTA    132.00,132.0,71.67,0.0,71.67,11,4,2025
2026-05-01,iDE,Valencia/València,LA PUNTA    132.00,132.0,79.37,56.98,22.390000000000008,5,2,2026
2024-04-29,iDE,VALENCIA,LA PUNTA   132,132.0,107.14,70.0,37.14,4,2,2024
2024-01-31,iDE,VALENCIA,LA PUNTA 132.00,132.0,82.91,61.91,21.0,1,1,2024
2024-09-26,iDE,VALENCIA,LA PUNTA T1,20.0,26.54,11.3,15.239999999999998,9,3,2024
2025-10-01,iDE,VALENCIA,LA PUNTA T1,20.0,26.4952,0.0,26.4952,10,4,2025
2025-11-01,iDE,VALENCIA,LA PUNTA T1,20.0,26.5,0.0,26.5,11,4,2025
2024-09-26,iDE,VALENCIA,LA PUNTA T2,20.0,27.98,12.98,15.0,9,3,2024
2025-10-01,iDE,VALENCIA,LA PUNTA T2,20.0,27.9811,0.0,27.9811,10,4,2025
2025-11-01,iDE,VALENCIA,LA PUNTA T2,20.0,27.98,0.0,27.98,11,4,2025
2024-09-26,iDE,VALENCIA,LA PUNTA T3,20.0,27.96,17.95,10.010000000000002,9,3,2024
2025-10-01,iDE,VALENCIA,LA PUNTA T3,20.0,27.829,0.0,27.829,10,4,2025
2025-11-01,iDE,VALENCIA,LA PUNTA T3,20.0,27.83,0.0,27.83,11,4,2025
2024-10-29,iDE,NAVARRA,LA SERNA    66.000,66.0,24.16,0.0,24.16,10,4,2024
2025-10-03,iDE,NAVARRA,LA SERNA    66.000,66.0,0.0,-9.9,9.9,10,4,2025
2025-10-03,iDE,NAVARRA,LABRADNA T1,13.2,0.0,-5.2,5.2,10,4,2025
2025-12-01,iDE,Navarra,LABRADNA T1,13.2,0.0,-5.2,5.2,12,4,2025
2024-11-15,iDE,ASTURIAS,LADA        132.00,132.0,10.2,0.0,10.2,11,4,2024
2025-10-01,iDE,ASTURIAS,LADA        132.00,132.0,10.2,0.0,10.2,10,4,2025
2025-11-01,iDE,ASTURIAS,LADA        132.00,132.0,10.2,4.37,5.829999999999999,11,4,2025
2024-11-15,iDE,ASTURIAS,LADA        30.000,30.0,10.2,0.0,10.2,11,4,2024
2024-09-26,iDE,ÁLAVA,LAGUARD2 T1,13.0,6.06,1.0,5.06,9,3,2024
2024-07-23,iDE,ÁLAVA,LAGUARDIA T1,66.0,5.54,0.0,5.54,7,3,2024
2024-09-26,iDE,ÁLAVA,LAGUARDIA T1,66.0,11.66,0.0,11.66,9,3,2024
2026-03-01,iDE,Navarra,LANDABEN T1,13.2,5.61,0.0,5.61,3,1,2026
2026-03-01,iDE,Navarra,LANDABEN T1,66.0,5.61,0.0,5.61,3,1,2026
2026-03-01,iDE,Navarra,LANDABEN T2,13.2,5.61,0.0,5.61,3,1,2026
2026-03-01,iDE,Navarra,LANDABEN T2,66.0,5.61,0.0,5.61,3,1,2026
2024-07-23,iDE,LA RIOJA,LANORIAS T1,13.0,5.54,0.0,5.54,7,3,2024
2024-09-26,iDE,LA RIOJA,LANORIAS T1,13.0,15.11,1.0,14.11,9,3,2024
2024-07-23,iDE,LA RIOJA,LANORIAS T1,66.0,5.54,0.0,5.54,7,3,2024
2024-09-26,iDE,LA RIOJA,LANORIAS T1,66.0,15.11,0.0,15.11,9,3,2024
2024-07-23,iDE,LA RIOJA,LANORIAS T2,13.0,5.54,0.0,5.54,7,3,2024
2024-09-26,iDE,LA RIOJA,LANORIAS T2,13.0,15.11,1.0,14.11,9,3,2024
2024-07-23,iDE,LA RIOJA,LANORIAS T2,66.0,5.54,0.0,5.54,7,3,2024
2024-09-26,iDE,LA RIOJA,LANORIAS T2,66.0,15.11,0.0,15.11,9,3,2024
2024-01-31,iDE,GUIPÚZCOA,LARREAUN T1 30.000,30.0,16.38,2.88,13.5,1,1,2024
2024-01-31,iDE,GUIPÚZCOA,LARREAUN T2 30.000,30.0,16.38,3.56,12.819999999999999,1,1,2024
2024-01-31,iDE,GUIPÚZCOA,LARREBER T1,13.0,14.0,2.88,11.120000000000001,1,1,2024
2024-01-31,iDE,GUIPÚZCOA,LARREBER T2,13.0,16.38,3.56,12.819999999999999,1,1,2024
2025-10-03,iDE,VALLADOLID,LAS ARROYADAS T3 13,13.2,11.31,0.0,11.31,10,4,2025
2025-10-03,iDE,VALLADOLID,LAS ARROYADAS T4 13,13.2,11.31,0.0,11.31,10,4,2025
2024-04-29,iDE,GUIPÚZCOA,LASARTE T1  30.000,30.0,13.6,0.0,13.6,4,2,2024
2026-03-01,iDE,Gipuzkoa,LASARTE T1  30.000,30.0,15.55,4.06,11.490000000000002,3,1,2026
2024-04-29,iDE,GUIPÚZCOA,LASARTE T2  30.000,30.0,13.64,0.0,13.64,4,2,2024
2026-03-01,iDE,Gipuzkoa,LASARTE T2  30.000,30.0,15.56,4.07,11.49,3,1,2026
2024-04-29,iDE,GUIPÚZCOA,LASARTE T2,13.0,8.75,0.0,8.75,4,2,2024
2024-07-23,iDE,LA RIOJA,LASCANAS T1,13.0,5.54,0.0,5.54,7,3,2024
2024-09-26,iDE,LA RIOJA,LASCANAS T1,13.0,15.11,1.0,14.11,9,3,2024
2024-07-23,iDE,LA RIOJA,LASCANAS T1,66.0,5.54,0.0,5.54,7,3,2024
2024-09-26,iDE,LA RIOJA,LASCANAS T1,66.0,15.11,0.0,15.11,9,3,2024
2024-07-23,iDE,LA RIOJA,LASCANAS T2,13.0,5.54,0.0,5.54,7,3,2024
2024-09-26,iDE,LA RIOJA,LASCANAS T2,13.0,15.11,1.0,14.11,9,3,2024
2024-07-23,iDE,LA RIOJA,LASCANAS T2,66.0,5.54,0.0,5.54,7,3,2024
2024-09-26,iDE,LA RIOJA,LASCANAS T2,66.0,15.11,0.0,15.11,9,3,2024
2025-10-01,iDE,MADRID,LAVANDER T1,20.0,13.73,0.0,13.73,10,4,2025
2025-11-01,iDE,MADRID,LAVANDER T1,20.0,13.72,0.0,13.72,11,4,2025
2025-10-01,iDE,MADRID,LAVANDER T2,20.0,13.73,0.0,13.73,10,4,2025
2025-11-01,iDE,MADRID,LAVANDER T2,20.0,13.72,0.0,13.72,11,4,2025
2025-11-01,iDE,MADRID,LAVANDERAS A    66.000,66.0,36.47,0.0,36.47,11,4,2025
2025-10-01,iDE,MADRID,LAVANDERB   66.000,66.0,18.83,0.0,18.83,10,4,2025
2025-11-01,iDE,MADRID,LAVANDERB   66.000,66.0,13.72,0.0,13.72,11,4,2025
2026-03-01,iDE,Navarra,LECUMBER T1,66.0,5.61,0.0,5.61,3,1,2026
2024-02-28,iDE,MADRID,LEGANES     45.000,45.0,84.27,41.23,43.04,2,1,2024
2024-05-29,iDE,MADRID,LEGANES     45.000,45.0,84.23,36.18,48.050000000000004,5,2,2024
2024-06-25,iDE,MADRID,LEGANES     45.000,45.0,64.26,36.21,28.050000000000004,6,2,2024
2024-07-23,iDE,MADRID,LEGANES     45.000,45.0,54.25,36.2,18.049999999999997,7,3,2024
2024-08-27,iDE,MADRID,LEGANES     45.000,45.0,50.24,34.2,16.04,8,3,2024
2024-09-26,iDE,MADRID,LEGANES     45.000,45.0,34.24,24.7,9.540000000000003,9,3,2024
2024-09-26,iDE,MADRID,LEGANES     45.000,45.0,50.29,34.24,16.049999999999997,9,3,2024
2024-10-29,iDE,MADRID,LEGANES     45.000,45.0,34.24,24.75,9.490000000000002,10,4,2024
2024-10-29,iDE,MADRID,LEGANES     45.000,45.0,50.29,34.24,16.049999999999997,10,4,2024
2024-11-15,iDE,MADRID,LEGANES     45.000,45.0,36.18,24.25,11.93,11,4,2024
2024-12-02,iDE,MADRID,LEGANES     45.000,45.0,20.38,6.67,13.709999999999999,12,4,2024
2025-01-30,iDE,MADRID,LEGANES     45.000,45.0,8.44,0.0,8.44,1,1,2025
2025-02-26,iDE,MADRID,LEGANES     45.000,45.0,12.95,0.0,12.95,2,1,2025
2025-04-11,iDE,MADRID,LEGANES     45.000,45.0,12.95,0.0,12.95,4,2,2025
2024-03-22,iDE,MADRID,LEGANES   45,45.0,84.27,41.23,43.04,3,1,2024
2024-04-29,iDE,MADRID,LEGANES   45,45.0,84.23,36.18,48.050000000000004,4,2,2024
2023-11-30,iDE,MADRID,LEGANES 45.000,45.0,84.09,61.03,23.060000000000002,11,4,2023
2023-11-30,iDE,MADRID,LEGANES 45.000,45.0,98.85,84.09,14.759999999999991,11,4,2023
2023-12-21,iDE,MADRID,LEGANES 45.000,45.0,84.04,40.98,43.06000000000001,12,4,2023
2023-12-21,iDE,MADRID,LEGANES 45.000,45.0,98.79,84.04,14.75,12,4,2023
2024-01-31,iDE,MADRID,LEGANES 45.000,45.0,84.09,34.85,49.24,1,1,2024
2025-10-01,iDE,MADRID,LEGANES A1   45.000,45.0,44.94,0.0,44.94,10,4,2025
2025-11-01,iDE,MADRID,LEGANES A1   45.000,45.0,44.94,0.0,44.94,11,4,2025
2026-05-01,iDE,Madrid,LEGANES A1   45.000,45.0,54.35,44.02,10.329999999999998,5,2,2026
2025-10-01,iDE,MADRID,LEGANES A2   45.000,45.0,47.85,0.0,47.85,10,4,2025
2025-11-01,iDE,MADRID,LEGANES A2   45.000,45.0,47.85,0.0,47.85,11,4,2025
2026-05-01,iDE,Madrid,LEGANES A2   45.000,45.0,62.59,47.85,14.740000000000002,5,2,2026
2025-10-01,iDE,MADRID,LEGANES B1   45.000,45.0,27.85,0.0,27.85,10,4,2025
2025-11-01,iDE,MADRID,LEGANES B1   45.000,45.0,27.85,0.0,27.85,11,4,2025
2026-05-01,iDE,Madrid,LEGANES B1   45.000,45.0,47.26,27.26,19.999999999999996,5,2,2026
2025-10-01,iDE,MADRID,LEGANES T4,15.0,30.5,0.0,30.5,10,4,2025
2025-11-01,iDE,MADRID,LEGANES T4,15.0,30.5,0.0,30.5,11,4,2025
2025-10-01,iDE,MADRID,LEGANES T5,15.0,16.541,0.0,16.541,10,4,2025
2025-11-01,iDE,MADRID,LEGANES T5,15.0,16.54,0.0,16.54,11,4,2025
2023-12-21,iDE,GUIPÚZCOA,LEGAZPIA T1 30.000,30.0,12.61,4.61,7.999999999999999,12,4,2023
2023-12-21,iDE,GUIPÚZCOA,LEGAZPIA T2 30.000,30.0,12.61,4.61,7.999999999999999,12,4,2023
2024-07-23,iDE,LA RIOJA,LENTISCA T1,13.0,5.54,0.0,5.54,7,3,2024
2024-09-26,iDE,LA RIOJA,LENTISCA T1,13.0,9.11,1.0,8.11,9,3,2024
2024-07-23,iDE,LA RIOJA,LENTISCA T1,66.0,5.54,0.0,5.54,7,3,2024
2024-09-26,iDE,LA RIOJA,LENTISCA T1,66.0,9.11,0.0,9.11,9,3,2024
2024-07-23,iDE,LA RIOJA,LENTISCA T2,13.0,5.54,0.0,5.54,7,3,2024
2024-09-26,iDE,LA RIOJA,LENTISCA T2,13.0,9.11,1.0,8.11,9,3,2024
2024-07-23,iDE,LA RIOJA,LENTISCA T2,66.0,5.54,0.0,5.54,7,3,2024
2024-09-26,iDE,LA RIOJA,LENTISCA T2,66.0,9.11,0.0,9.11,9,3,2024
2024-12-02,iDE,VALENCIA,LIRIA       66.000,66.0,18.7,0.0,18.7,12,4,2024
2025-02-26,iDE,VALENCIA,LIRIA       66.000,66.0,31.31,2.57,28.74,2,1,2025
2025-11-01,iDE,VALENCIA,LIRIA       66.000,66.0,26.2,0.0,26.2,11,4,2025
2024-12-02,iDE,VALENCIA,LIRIA T1,20.0,7.55,0.0,7.55,12,4,2024
2025-10-01,iDE,VALENCIA,LIRIA T1,20.0,7.4894,0.0,7.4894,10,4,2025
2025-11-01,iDE,VALENCIA,LIRIA T1,20.0,7.49,0.0,7.49,11,4,2025
2024-12-02,iDE,VALENCIA,LIRIA T2,20.0,13.65,0.0,13.65,12,4,2024
2025-02-26,iDE,VALENCIA,LIRIA T2,20.0,13.65,2.57,11.08,2,1,2025
2025-10-01,iDE,VALENCIA,LIRIA T2,20.0,13.6535,0.0,13.6535,10,4,2025
2025-11-01,iDE,VALENCIA,LIRIA T2,20.0,13.65,0.0,13.65,11,4,2025
2024-12-02,iDE,VALENCIA,LIRIA T3,20.0,10.64,0.0,10.64,12,4,2024
2025-02-26,iDE,VALENCIA,LIRIA T3,20.0,10.48,2.57,7.91,2,1,2025
2025-10-01,iDE,VALENCIA,LIRIA T3,20.0,10.4801,0.0,10.4801,10,4,2025
2025-11-01,iDE,VALENCIA,LIRIA T3,20.0,10.48,0.0,10.48,11,4,2025
2024-06-25,iDE,MADRID,LISBOA T1,15.0,20.49,6.99,13.499999999999998,6,2,2024
2025-10-01,iDE,MADRID,LISBOA T1,15.0,6.9865,0.0,6.9865,10,4,2025
2025-11-01,iDE,MADRID,LISBOA T1,15.0,6.99,0.0,6.99,11,4,2025
2025-10-01,iDE,MADRID,LISBOA T1,45.0,20.4865,0.0,20.4865,10,4,2025
2025-11-01,iDE,MADRID,LISBOA T1,45.0,20.49,0.0,20.49,11,4,2025
2024-06-25,iDE,MADRID,LISBOA T2,15.0,18.72,6.98,11.739999999999998,6,2,2024
2025-02-26,iDE,MADRID,LISBOA T2,15.0,5.07,0.0,5.07,2,1,2025
2025-10-01,iDE,MADRID,LISBOA T2,15.0,6.937,0.0,6.937,10,4,2025
2025-11-01,iDE,MADRID,LISBOA T2,15.0,6.94,0.0,6.94,11,4,2025
2025-02-26,iDE,MADRID,LISBOA T2,45.0,5.07,0.0,5.07,2,1,2025
2025-10-01,iDE,MADRID,LISBOA T2,45.0,9.6563,0.0,9.6563,10,4,2025
2025-11-01,iDE,MADRID,LISBOA T2,45.0,9.66,0.0,9.66,11,4,2025
2024-12-02,iDE,VALENCIA,LL.CUART    66.000,66.0,7.99,0.0,7.99,12,4,2024
2025-02-26,iDE,VALENCIA,LL.CUART    66.000,66.0,16.34,8.95,7.390000000000001,2,1,2025
2025-10-01,iDE,VALENCIA,LL.CUART    66.000,66.0,18.64,0.0,18.64,10,4,2025
2025-11-01,iDE,VALENCIA,LL.CUART    66.000,66.0,18.59,0.0,18.59,11,4,2025
2026-03-01,iDE,Valencia/València,LL.CUART    66.000,66.0,35.68,18.59,17.09,3,1,2026
2025-10-01,iDE,VALENCIA,LL.CUART T1,20.0,7.0394,0.0,7.0394,10,4,2025
2025-11-01,iDE,VALENCIA,LL.CUART T1,20.0,7.04,0.0,7.04,11,4,2025
2024-12-02,iDE,VALENCIA,LL.CUART T2,20.0,7.99,0.0,7.99,12,4,2024
2025-10-01,iDE,VALENCIA,LL.CUART T2,20.0,8.8691,0.0,8.8691,10,4,2025
2025-11-01,iDE,VALENCIA,LL.CUART T2,20.0,8.87,0.0,8.87,11,4,2025
2025-10-03,iDE,ÁLAVA,LLODIO/A    132.00,132.0,0.0,-50.0,50.0,10,4,2025
2024-07-23,iDE,LA RIOJA,LOGRONO T3,66.0,5.54,0.0,5.54,7,3,2024
2024-09-26,iDE,LA RIOJA,LOGRONO T3,66.0,15.11,0.0,15.11,9,3,2024
2024-07-23,iDE,LA RIOJA,LOGRONO T4,66.0,5.54,0.0,5.54,7,3,2024
2024-09-26,iDE,LA RIOJA,LOGRONO T4,66.0,15.11,0.0,15.11,9,3,2024
2024-07-23,iDE,LA RIOJA,LOGRONO T51,13.0,21.25,0.0,21.25,7,3,2024
2024-09-26,iDE,LA RIOJA,LOGRONO T51,13.0,21.25,0.0,21.25,9,3,2024
2024-12-02,iDE,LA RIOJA,LOGRONO T51,13.0,17.27,11.3,5.969999999999999,12,4,2024
2025-10-01,iDE,LA RIOJA,LOGRONO T51,13.2,7.6447,0.0,7.6447,10,4,2025
2025-12-01,iDE,"Rioja, La",LOGRONO T51,13.2,8.14,3.14,5.0,12,4,2025
2026-03-01,iDE,"Rioja, La",LOGRONO T51,13.2,12.64,7.64,5.000000000000001,3,1,2026
2024-07-23,iDE,LA RIOJA,LOGRONO T52,13.0,16.81,0.0,16.81,7,3,2024
2024-09-26,iDE,LA RIOJA,LOGRONO T52,13.0,16.71,0.0,16.71,9,3,2024
2025-10-01,iDE,LA RIOJA,LOGRONO T52,13.2,11.159,0.0,11.159,10,4,2025
2025-12-01,iDE,"Rioja, La",LOGRONO T52,13.2,7.51,2.51,5.0,12,4,2025
2024-09-26,iDE,LA RIOJA,LOGROÑO     66.000,66.0,140.11,0.0,140.11,9,3,2024
2025-10-01,iDE,LA RIOJA,LOGROÑO     66.000,66.0,9.6,0.0,9.6,10,4,2025
2025-11-01,iDE,LA RIOJA,LOGROÑO     66.000,66.0,94.16,0.0,94.16,11,4,2025
2024-11-15,iDE,CÁCERES,LOS ARENALES 45.00,45.0,26.0,0.0,26.0,11,4,2024
2025-10-03,iDE,CÁCERES,LOS ARENALES 45.00,45.0,0.0,-45.05,45.05,10,4,2025
2025-12-01,iDE,Cáceres,LOS ARENALES 45.00,45.0,-27.05,-45.05,17.999999999999996,12,4,2025
2024-05-29,iDE,MADRID,LUCERO      45.000,45.0,51.25,21.57,29.68,5,2,2024
2025-02-26,iDE,MADRID,LUCERO      45.000,45.0,10.46,0.0,10.46,2,1,2025
2024-04-29,iDE,MADRID,LUCERO   45,45.0,56.24,21.57,34.67,4,2,2024
2025-10-03,iDE,MADRID,LUCERO A1    45.000,45.0,0.0,-13.18,13.18,10,4,2025
2025-10-01,iDE,MADRID,LUCERO B1    45.000,45.0,27.12,0.0,27.12,10,4,2025
2025-11-01,iDE,MADRID,LUCERO B1    45.000,45.0,27.12,0.0,27.12,11,4,2025
2026-05-01,iDE,Madrid,LUCERO B1    45.000,45.0,12.31,6.27,6.040000000000001,5,2,2026
2025-10-01,iDE,MADRID,LUCERO T1,15.0,21.5149,0.0,21.5149,10,4,2025
2025-11-01,iDE,MADRID,LUCERO T1,15.0,12.11,0.0,12.11,11,4,2025
2025-10-01,iDE,MADRID,LUCERO T2,15.0,15.8904,0.0,15.8904,10,4,2025
2025-11-01,iDE,MADRID,LUCERO T2,15.0,15.89,0.0,15.89,11,4,2025
2024-03-22,iDE,MURCIA,M.SEGURA   132,132.0,6.0,0.0,6.0,3,1,2024
2025-10-03,iDE,MURCIA,M.SEGURA T11,20.0,0.0,-6.0,6.0,10,4,2025
2024-07-23,iDE,MADRID,MAJADAHO    132.00,132.0,68.69,1.02,67.67,7,3,2024
2024-09-26,iDE,MADRID,MAJADAHO    132.00,132.0,91.23,48.9,42.330000000000005,9,3,2024
2025-01-30,iDE,MADRID,MAJADAHO    132.00,132.0,241.82,71.71,170.11,1,1,2025
2025-04-11,iDE,MADRID,MAJADAHO    132.00,132.0,241.73,218.47,23.25999999999999,4,2,2025
2025-10-01,iDE,MADRID,MAJADAHO    132.00,132.0,223.74,0.0,223.74,10,4,2025
2025-11-01,iDE,MADRID,MAJADAHO    132.00,132.0,229.44,0.0,229.44,11,4,2025
2026-03-01,iDE,Madrid,MAJADAHO    132.00,132.0,267.66,230.31,37.35000000000002,3,1,2026
2024-07-23,iDE,MADRID,MAJADAHO T4,20.0,27.99,1.02,26.97,7,3,2024
2025-10-01,iDE,MADRID,MAJADAHO T4,20.0,27.991,0.0,27.991,10,4,2025
2025-11-01,iDE,MADRID,MAJADAHO T4,20.0,27.99,0.0,27.99,11,4,2025
2024-07-23,iDE,MADRID,MAJADAHO T5,20.0,27.38,1.02,26.36,7,3,2024
2025-10-01,iDE,MADRID,MAJADAHO T5,20.0,27.4375,0.0,27.4375,10,4,2025
2025-11-01,iDE,MADRID,MAJADAHO T5,20.0,27.44,0.0,27.44,11,4,2025
2024-07-23,iDE,MADRID,MAJADAHO T6,20.0,26.6,1.02,25.580000000000002,7,3,2024
2025-10-01,iDE,MADRID,MAJADAHO T6,20.0,26.3638,0.0,26.3638,10,4,2025
2025-11-01,iDE,MADRID,MAJADAHO T6,20.0,26.36,0.0,26.36,11,4,2025
2023-11-30,iDE,VIZCAYA,MALLABIA T1 30.000,30.0,13.83,1.77,12.06,11,4,2023
2023-11-30,iDE,VIZCAYA,MALLABIA T1,13.0,11.2,1.77,9.43,11,4,2023
2024-07-23,iDE,LA RIOJA,MANSILLA T1,66.0,5.54,0.0,5.54,7,3,2024
2024-09-26,iDE,LA RIOJA,MANSILLA T1,66.0,7.29,0.0,7.29,9,3,2024
2023-11-30,iDE,VIZCAYA,MARKINA T1  30.000,30.0,11.33,2.55,8.780000000000001,11,4,2023
2025-10-03,iDE,VALENCIA,MASALFAS    66.000,66.0,0.0,-70.85,70.85,10,4,2025
2026-03-01,iDE,Valencia/València,MASALFAS    66.000,66.0,-56.97,-71.97,15.0,3,1,2026
2024-12-02,iDE,VALENCIA,MASANA/A    132.00,132.0,14.33,0.0,14.33,12,4,2024
2025-02-26,iDE,VALENCIA,MASANA/A    132.00,132.0,21.84,10.69,11.15,2,1,2025
2024-12-02,iDE,VALENCIA,MASANASA T1,20.0,14.33,0.0,14.33,12,4,2024
2025-02-26,iDE,VALENCIA,MASANASA T1,20.0,21.84,10.69,11.15,2,1,2025
2024-12-02,iDE,VALENCIA,MASANASA T2,20.0,14.33,0.0,14.33,12,4,2024
2025-02-26,iDE,VALENCIA,MASANASA T2,20.0,21.84,10.69,11.15,2,1,2025
2024-12-02,iDE,VALENCIA,MASANASA T3,20.0,14.33,0.0,14.33,12,4,2024
2025-02-26,iDE,VALENCIA,MASANASA T3,20.0,21.84,10.69,11.15,2,1,2025
2023-11-30,iDE,GUIPÚZCOA,MATXARIA T1 30.000,30.0,15.16,3.18,11.98,11,4,2023
2023-11-30,iDE,GUIPÚZCOA,MATXARIA T1,13.0,8.75,3.18,5.57,11,4,2023
2023-11-30,iDE,GUIPÚZCOA,MATXARIA T2 30.000,30.0,13.83,3.48,10.35,11,4,2023
2025-10-03,iDE,MURCIA,MAYORDOM    132.00,132.0,7.0,0.0,7.0,10,4,2025
2025-10-03,iDE,MURCIA,MAYORDOMOS T1,20.0,7.0,0.0,7.0,10,4,2025
2025-10-03,iDE,MURCIA,MAYORDOMOS T2,20.0,7.0,0.0,7.0,10,4,2025
2025-10-03,iDE,VALLADOLID,MEDINA  DEL CAMPO T1 45,45.0,0.0,-24.96,24.96,10,4,2025
2025-12-01,iDE,Valladolid,MEDINA  DEL CAMPO T1 45,45.0,0.0,-24.96,24.96,12,4,2025
2025-10-01,iDE,MADRID,MELANC.M T1,20.0,8.33,0.0,8.33,10,4,2025
2025-11-01,iDE,MADRID,MELANC.M T1,20.0,35.0,8.34,26.66,11,4,2025
2025-10-01,iDE,MADRID,MELANC.M T2,15.0,9.16,0.0,9.16,10,4,2025
2025-11-01,iDE,MADRID,MELANC.M T2,15.0,34.88,10.79,24.090000000000003,11,4,2025
2025-10-01,iDE,MADRID,MELANC.M T3,15.0,25.34,0.0,25.34,10,4,2025
2025-11-01,iDE,MADRID,MELANC.M T3,15.0,34.88,25.34,9.540000000000003,11,4,2025
2024-02-28,iDE,MADRID,MELANC.M T41,15.0,39.5,27.95,11.55,2,1,2024
2025-10-01,iDE,MADRID,MELANC.M T41,15.0,13.55,0.0,13.55,10,4,2025
2025-11-01,iDE,MADRID,MELANC.M T41,15.0,26.2,18.04,8.16,11,4,2025
2025-10-01,iDE,MADRID,MELANC.M T42,15.0,28.21,0.0,28.21,10,4,2025
2024-06-25,iDE,MADRID,MELANCOL    132.00,132.0,203.64,163.82,39.81999999999999,6,2,2024
2025-10-01,iDE,MADRID,MELANCOL    132.00,132.0,199.18,0.0,199.18,10,4,2025
2025-11-01,iDE,MADRID,MELANCOL    132.00,132.0,198.91,0.0,198.91,11,4,2025
2025-10-01,iDE,MADRID,MELANCOL,45.0,70.75,0.0,70.75,10,4,2025
2025-11-01,iDE,MADRID,MELANCOL,45.0,70.74,0.0,70.74,11,4,2025
2023-11-30,iDE,GUIPÚZCOA,MENDARO T1  30.000,30.0,14.86,3.16,11.7,11,4,2023
2024-12-02,iDE,MADRID,MIRAFL/A    66.000,66.0,10.22,0.0,10.22,12,4,2024
2025-11-01,iDE,MADRID,MIRAFL/A    66.000,66.0,37.59,0.0,37.59,11,4,2025
2025-10-01,iDE,MADRID,MIRAFL/B    66.000,66.0,19.04,0.0,19.04,10,4,2025
2025-11-01,iDE,MADRID,MIRAFL/B    66.000,66.0,13.88,0.0,13.88,11,4,2025
2024-12-02,iDE,MADRID,MIRAFLOR T1,20.0,6.99,0.0,6.99,12,4,2024
2025-11-01,iDE,MADRID,MIRAFLOR T1,20.0,6.99,0.0,6.99,11,4,2025
2025-11-01,iDE,MADRID,MIRASI.M T1,20.0,34.69,2.54,32.15,11,4,2025
2025-11-01,iDE,MADRID,MIRASI.M T2,20.0,34.05,0.0,34.05,11,4,2025
2025-11-01,iDE,MADRID,MIRASI.M T3,20.0,34.54,0.0,34.54,11,4,2025
2025-11-01,iDE,MADRID,MIRASI.M T4,20.0,34.68,0.0,34.68,11,4,2025
2025-10-03,iDE,VALENCIA,MOIXENT     132.00,132.0,12.54,0.0,12.54,10,4,2025
2024-05-29,iDE,CASTELLÓN,MONCOFAR    66.000,66.0,12.58,7.51,5.07,5,2,2024
2024-06-25,iDE,CASTELLÓN,MONCOFAR    66.000,66.0,17.86,12.58,5.279999999999999,6,2,2024
2024-10-29,iDE,CASTELLÓN,MONCOFAR    66.000,66.0,14.37,5.38,8.989999999999998,10,4,2024
2025-10-03,iDE,CASTELLÓN,MONCOFAR    66.000,66.0,0.0,-36.94,36.94,10,4,2025
2023-12-21,iDE,CASTELLÓN,MONCOFAR 66.000,66.0,22.52,17.52,5.0,12,4,2023
2024-01-31,iDE,CASTELLÓN,MONCOFAR T1,20.0,7.9,0.0,7.9,1,1,2024
2024-05-29,iDE,ALICANTE,MONTEBEL    132.00,132.0,54.5,36.85,17.65,5,2,2024
2024-06-25,iDE,ALICANTE,MONTEBEL    132.00,132.0,71.02,54.5,16.519999999999996,6,2,2024
2024-08-27,iDE,ALICANTE,MONTEBEL    132.00,132.0,74.53,69.5,5.030000000000001,8,3,2024
2024-12-02,iDE,ALICANTE,MONTEBEL    132.00,132.0,64.4,58.22,6.180000000000007,12,4,2024
2025-01-30,iDE,ALICANTE,MONTEBEL    132.00,132.0,203.34,64.4,138.94,1,1,2025
2025-04-11,iDE,ALICANTE,MONTEBEL    132.00,132.0,310.11,189.95,120.16000000000003,4,2,2025
2025-10-03,iDE,ALICANTE,MONTEBEL    132.00,132.0,0.0,-14.2,14.2,10,4,2025
2025-11-01,iDE,ALICANTE,MONTEBEL    132.00,132.0,165.74,0.0,165.74,11,4,2025
2025-12-01,iDE,Alicante/Alacant,MONTEBEL    132.00,132.0,185.73,165.74,19.98999999999998,12,4,2025
2026-01-01,iDE,Alicante/Alacant,MONTEBEL    132.00,132.0,232.62,185.73,46.890000000000015,1,1,2026
2026-05-01,iDE,Alicante/Alacant,MONTEBEL    132.00,132.0,164.14,123.85,40.28999999999999,5,2,2026
2024-04-29,iDE,ALICANTE,MONTEBEL T1,20.0,6.7,0.0,6.7,4,2,2024
2024-06-25,iDE,ALICANTE,MONTEBEL T1,20.0,16.71,6.5,10.21,6,2,2024
2024-09-26,iDE,ALICANTE,MONTEBEL T1,20.0,34.9,24.75,10.149999999999999,9,3,2024
2025-10-01,iDE,ALICANTE,MONTEBEL T1,20.0,20.6472,0.0,20.6472,10,4,2025
2025-11-01,iDE,ALICANTE,MONTEBEL T1,20.0,25.65,0.0,25.65,11,4,2025
2025-10-03,iDE,LUGO,MONTEFUR    132.00,132.0,35.0,0.0,35.0,10,4,2025
2023-12-21,iDE,VIZCAYA,MONTORRE T1 30.000,30.0,9.46,2.45,7.010000000000001,12,4,2023
2024-05-29,iDE,MADRID,MORALEJA    45.000,45.0,28.65,0.0,28.65,5,2,2024
2024-06-25,iDE,MADRID,MORALEJA    45.000,45.0,42.04,0.0,42.04,6,2,2024
2024-07-23,iDE,MADRID,MORALEJA    45.000,45.0,33.74,0.0,33.74,7,3,2024
2024-08-27,iDE,MADRID,MORALEJA    45.000,45.0,33.69,0.0,33.69,8,3,2024
2024-04-29,iDE,MADRID,MORALEJA   45,45.0,13.28,0.0,13.28,4,2,2024
2025-10-03,iDE,MADRID,MORALEJA A1  45.000,45.0,0.0,-40.0,40.0,10,4,2025
2026-03-01,iDE,Madrid,MORALEJA A1  45.000,45.0,-1.09,-13.26,12.17,3,1,2026
2025-11-01,iDE,MADRID,MORALEJA B1  45.000,45.0,28.29,0.0,28.29,11,4,2025
2026-03-01,iDE,Madrid,MORALEJA B1  45.000,45.0,37.07,28.29,8.780000000000001,3,1,2026
2024-07-23,iDE,MADRID,MORALZAR    66.000,66.0,40.53,0.0,40.53,7,3,2024
2024-09-26,iDE,MADRID,MORALZAR    66.000,66.0,39.0,20.56,18.44,9,3,2024
2025-10-01,iDE,MADRID,MORALZAR A1  66.000,66.0,34.81,0.0,34.81,10,4,2025
2025-11-01,iDE,MADRID,MORALZAR A1  66.000,66.0,34.81,0.0,34.81,11,4,2025
2026-03-01,iDE,Madrid,MORALZAR A1  66.000,66.0,43.22,34.81,8.409999999999997,3,1,2026
2025-10-01,iDE,MADRID,MORALZAR A2  66.000,66.0,38.62,0.0,38.62,10,4,2025
2025-11-01,iDE,MADRID,MORALZAR A2  66.000,66.0,38.61,0.0,38.61,11,4,2025
2024-07-23,iDE,MADRID,MORALZAR T1,20.0,17.46,0.0,17.46,7,3,2024
2025-10-01,iDE,MADRID,MORALZAR T1,20.0,17.4766,0.0,17.4766,10,4,2025
2025-11-01,iDE,MADRID,MORALZAR T1,20.0,17.48,0.0,17.48,11,4,2025
2024-07-23,iDE,MADRID,MORALZAR T2,20.0,17.48,0.0,17.48,7,3,2024
2025-10-01,iDE,MADRID,MORALZAR T2,20.0,12.9874,0.0,12.9874,10,4,2025
2025-11-01,iDE,MADRID,MORALZAR T2,20.0,12.99,0.0,12.99,11,4,2025
2024-07-23,iDE,MADRID,MORALZAR2   66.000,66.0,40.67,0.0,40.67,7,3,2024
2024-09-26,iDE,MADRID,MORALZAR2   66.000,66.0,44.13,20.7,23.430000000000003,9,3,2024
2025-04-11,iDE,VALENCIA,MORVEDRE T1,20.0,22.59,9.09,13.5,4,2,2025
2025-10-01,iDE,VALENCIA,MORVEDRE T1,20.0,7.5881,0.0,7.5881,10,4,2025
2025-11-01,iDE,VALENCIA,MORVEDRE T1,20.0,7.59,0.0,7.59,11,4,2025
2024-01-31,iDE,VALENCIA,MORVEDRE T2,20.0,30.13,20.0,10.129999999999999,1,1,2024
2025-10-01,iDE,VALENCIA,MORVEDRE T2,20.0,30.5,0.0,30.5,10,4,2025
2025-11-01,iDE,VALENCIA,MORVEDRE T2,20.0,30.5,0.0,30.5,11,4,2025
2026-03-01,iDE,Valencia/València,MORVEDRE T3,20.0,35.0,0.0,35.0,3,1,2026
2025-11-01,iDE,MADRID,MOSTOLES T1,15.0,14.29,0.0,14.29,11,4,2025
2025-11-01,iDE,MADRID,MOSTOLES T1,45.0,14.29,0.0,14.29,11,4,2025
2024-06-25,iDE,MADRID,MOSTOLES T2,15.0,15.19,7.0,8.19,6,2,2024
2025-02-26,iDE,MADRID,MOSTOLES T2,15.0,5.07,0.0,5.07,2,1,2025
2025-10-01,iDE,MADRID,MOSTOLES T2,15.0,7.0,0.0,7.0,10,4,2025
2025-11-01,iDE,MADRID,MOSTOLES T2,15.0,7.0,0.0,7.0,11,4,2025
2024-04-29,iDE,MADRID,MOSTOLES T2,45.0,15.19,7.47,7.72,4,2,2024
2025-02-26,iDE,MADRID,MOSTOLES T2,45.0,5.07,0.0,5.07,2,1,2025
2025-10-01,iDE,MADRID,MOSTOLES T2,45.0,9.6563,0.0,9.6563,10,4,2025
2025-11-01,iDE,MADRID,MOSTOLES T2,45.0,9.66,0.0,9.66,11,4,2025
2025-10-03,iDE,VALLADOLID,MUDARRA T11 45.000,45.0,0.0,-34.2,34.2,10,4,2025
2025-10-03,iDE,VALENCIA,MUSEROS     132.00,132.0,0.0,-25.0,25.0,10,4,2025
2024-01-31,iDE,VALENCIA,MUSEROS 132.00,132.0,63.4,53.4,10.0,1,1,2024
2023-11-30,iDE,GUIPÚZCOA,MUTRIKO T1  30.000,30.0,8.62,2.78,5.84,11,4,2023
2024-07-23,iDE,LA RIOJA,NAJERA T1,66.0,5.54,0.0,5.54,7,3,2024
2024-09-26,iDE,LA RIOJA,NAJERA T1,66.0,15.11,0.0,15.11,9,3,2024
2024-07-23,iDE,LA RIOJA,NAJERA T2,66.0,5.54,0.0,5.54,7,3,2024
2024-09-26,iDE,LA RIOJA,NAJERA T2,66.0,15.11,0.0,15.11,9,3,2024
2025-01-30,iDE,ÁLAVA,NANCLARE T1 30.000,30.0,14.01,0.0,14.01,1,1,2025
2025-12-01,iDE,Araba/Álava,NANCLARE T1 30.000,30.0,7.01,0.0,7.01,12,4,2025
2024-07-23,iDE,MADRID,NAVALAG.    66.000,66.0,12.79,0.0,12.79,7,3,2024
2025-10-01,iDE,MADRID,NAVALAG.    66.000,66.0,8.38,0.0,8.38,10,4,2025
2025-11-01,iDE,MADRID,NAVALAG.    66.000,66.0,7.38,0.0,7.38,11,4,2025
2024-07-23,iDE,MADRID,NAVALAGA T1,20.0,11.73,0.0,11.73,7,3,2024
2025-10-01,iDE,MADRID,NAVALAGA T1,20.0,8.38,0.0,8.38,10,4,2025
2025-11-01,iDE,MADRID,NAVALAGA T1,20.0,7.38,0.0,7.38,11,4,2025
2024-06-25,iDE,MADRID,NAVALCAR T2,15.0,8.23,2.72,5.51,6,2,2024
2025-10-01,iDE,MADRID,NAVALCAR T2,15.0,5.3132,0.0,5.3132,10,4,2025
2025-11-01,iDE,MADRID,NAVALCAR T2,15.0,6.11,0.0,6.11,11,4,2025
2024-03-22,iDE,MADRID,NAVALCAR T2,45.0,13.18,0.0,13.18,3,1,2024
2025-10-01,iDE,MADRID,NAVALCAR T2,45.0,8.7054,0.0,8.7054,10,4,2025
2025-11-01,iDE,MADRID,NAVALCAR T2,45.0,8.71,0.0,8.71,11,4,2025
2025-10-03,iDE,MADRID,NAVEROS T1,45.0,0.0,-9.9,9.9,10,4,2025
2026-05-01,iDE,Madrid,NAVEROS T1,45.0,-4.84,-9.9,5.0600000000000005,5,2,2026
2024-09-26,iDE,VALENCIA,NOUMOLES    66.000,66.0,38.18,17.93,20.25,9,3,2024
2024-11-15,iDE,VALENCIA,NOUMOLES    66.000,66.0,35.57,8.03,27.54,11,4,2024
2025-02-26,iDE,VALENCIA,NOUMOLES    66.000,66.0,22.19,11.5,10.690000000000001,2,1,2025
2025-10-01,iDE,VALENCIA,NOUMOLES    66.000,66.0,22.06,0.0,22.06,10,4,2025
2025-11-01,iDE,VALENCIA,NOUMOLES    66.000,66.0,22.06,0.0,22.06,11,4,2025
2026-03-01,iDE,Valencia/València,NOUMOLES    66.000,66.0,37.58,20.76,16.819999999999997,3,1,2026
2024-11-15,iDE,VALENCIA,NOUMOLES T1,11.0,20.98,8.03,12.950000000000001,11,4,2024
2025-02-26,iDE,VALENCIA,NOUMOLES T1,11.0,20.95,11.5,9.45,2,1,2025
2025-10-01,iDE,VALENCIA,NOUMOLES T1,11.0,10.0,0.0,10.0,10,4,2025
2025-11-01,iDE,VALENCIA,NOUMOLES T1,11.0,20.96,0.0,20.96,11,4,2025
2024-11-15,iDE,VALENCIA,NOUMOLES T2,11.0,14.0,8.03,5.970000000000001,11,4,2024
2025-02-26,iDE,VALENCIA,NOUMOLES T2,11.0,17.43,11.5,5.93,2,1,2025
2025-10-01,iDE,VALENCIA,NOUMOLES T2,11.0,17.428,0.0,17.428,10,4,2025
2025-11-01,iDE,VALENCIA,NOUMOLES T2,11.0,17.43,0.0,17.43,11,4,2025
2024-11-15,iDE,VALENCIA,NOUMOLES T3,20.0,20.92,8.03,12.890000000000002,11,4,2024
2025-02-26,iDE,VALENCIA,NOUMOLES T3,20.0,20.93,11.5,9.43,2,1,2025
2025-10-01,iDE,VALENCIA,NOUMOLES T3,20.0,20.9289,0.0,20.9289,10,4,2025
2025-11-01,iDE,VALENCIA,NOUMOLES T3,20.0,20.93,0.0,20.93,11,4,2025
2025-10-01,iDE,ALICANTE,NOVELDA T1,20.0,6.5357,0.0,6.5357,10,4,2025
2025-10-03,iDE,ALICANTE,NOVELDA T2,20.0,8.36,-8.656,17.016,10,4,2025
2024-06-25,iDE,MADRID,OLITE       132.00,132.0,305.87,256.0,49.870000000000005,6,2,2024
2024-07-23,iDE,MADRID,OLITE       132.00,132.0,323.5,305.87,17.629999999999995,7,3,2024
2024-11-15,iDE,MADRID,OLITE       132.00,132.0,324.52,303.46,21.060000000000002,11,4,2024
2025-01-30,iDE,MADRID,OLITE       132.00,132.0,323.99,316.83,7.160000000000025,1,1,2025
2025-10-01,iDE,MADRID,OLITE       132.00,132.0,321.93,0.0,321.93,10,4,2025
2025-11-01,iDE,MADRID,OLITE       132.00,132.0,321.62,0.0,321.62,11,4,2025
2025-12-01,iDE,Madrid,OLITE       132.00,132.0,328.45,321.62,6.829999999999984,12,4,2025
2024-01-31,iDE,MADRID,OLITE 132.00,132.0,340.42,327.57,12.850000000000023,1,1,2024
2025-10-01,iDE,MADRID,OLITE T1,15.0,27.8888,0.0,27.8888,10,4,2025
2025-11-01,iDE,MADRID,OLITE T1,15.0,27.89,0.0,27.89,11,4,2025
2025-10-01,iDE,MADRID,OLITE T2,15.0,27.9023,0.0,27.9023,10,4,2025
2025-11-01,iDE,MADRID,OLITE T2,15.0,27.9,0.0,27.9,11,4,2025
2025-10-01,iDE,MADRID,OLITE T3,15.0,27.9843,0.0,27.9843,10,4,2025
2025-11-01,iDE,MADRID,OLITE T3,15.0,27.98,0.0,27.98,11,4,2025
2024-10-29,iDE,VALENCIA,OLIVA       132.00,132.0,184.52,179.35,5.170000000000016,10,4,2024
2024-12-02,iDE,VALENCIA,OLIVA       132.00,132.0,230.69,179.35,51.34,12,4,2024
2025-11-01,iDE,VALENCIA,OLIVA       132.00,132.0,229.85,0.0,229.85,11,4,2025
2026-03-01,iDE,Valencia/València,OLIVA       132.00,132.0,264.93,229.85,35.08000000000001,3,1,2026
2024-01-31,iDE,VALENCIA,OLIVA 132.00,132.0,227.85,191.79,36.06,1,1,2024
2025-10-01,iDE,VALENCIA,OLIVA T1,20.0,19.7344,0.0,19.7344,10,4,2025
2025-11-01,iDE,VALENCIA,OLIVA T1,20.0,19.73,0.0,19.73,11,4,2025
2025-10-01,iDE,VALENCIA,OLIVA T2,20.0,21.673,0.0,21.673,10,4,2025
2025-11-01,iDE,VALENCIA,OLIVA T2,20.0,21.67,0.0,21.67,11,4,2025
2024-12-02,iDE,VALENCIA,OLIVERAL T1,20.0,26.26,0.0,26.26,12,4,2024
2025-02-26,iDE,VALENCIA,OLIVERAL T1,20.0,26.95,8.66,18.29,2,1,2025
2025-10-01,iDE,VALENCIA,OLIVERAL T1,20.0,26.9452,0.0,26.9452,10,4,2025
2025-11-01,iDE,VALENCIA,OLIVERAL T1,20.0,26.95,0.0,26.95,11,4,2025
2024-12-02,iDE,VALENCIA,OLIVERAL T2,20.0,21.79,0.0,21.79,12,4,2024
2025-02-26,iDE,VALENCIA,OLIVERAL T2,20.0,21.48,8.66,12.82,2,1,2025
2025-10-01,iDE,VALENCIA,OLIVERAL T2,20.0,17.1154,0.0,17.1154,10,4,2025
2025-11-01,iDE,VALENCIA,OLIVERAL T2,20.0,17.12,0.0,17.12,11,4,2025
2026-03-01,iDE,Navarra,OLLOKI T1,13.2,5.61,0.0,5.61,3,1,2026
2026-03-01,iDE,Navarra,OLLOKI T1,66.0,5.61,0.0,5.61,3,1,2026
2026-03-01,iDE,Navarra,OLLOKI T2,13.2,5.61,0.0,5.61,3,1,2026
2026-03-01,iDE,Navarra,OLLOKI T2,66.0,5.61,0.0,5.61,3,1,2026
2024-06-25,iDE,MADRID,OLVIDO T1,15.0,33.57,17.5,16.07,6,2,2024
2025-10-01,iDE,MADRID,OLVIDO T1,15.0,17.5,0.0,17.5,10,4,2025
2025-11-01,iDE,MADRID,OLVIDO T1,15.0,17.5,0.0,17.5,11,4,2025
2025-10-01,iDE,MADRID,OLVIDO T1,45.0,33.57,0.0,33.57,10,4,2025
2025-11-01,iDE,MADRID,OLVIDO T1,45.0,38.97,0.0,38.97,11,4,2025
2025-10-03,iDE,VALENCIA,ONTENIEN    132.00,132.0,17.16,0.0,17.16,10,4,2025
2024-05-29,iDE,NAVARRA,ORCOYEN     66.000,66.0,95.72,4.33,91.39,5,2,2024
2025-01-30,iDE,NAVARRA,ORCOYEN     66.000,66.0,39.91,0.0,39.91,1,1,2025
2025-02-26,iDE,NAVARRA,ORCOYEN     66.000,66.0,46.8,39.91,6.890000000000001,2,1,2025
2025-04-11,iDE,NAVARRA,ORCOYEN     66.000,66.0,62.05,46.8,15.25,4,2,2025
2025-10-01,iDE,NAVARRA,ORCOYEN     66.000,66.0,8.63,0.0,8.63,10,4,2025
2025-11-01,iDE,NAVARRA,ORCOYEN     66.000,66.0,14.1,0.0,14.1,11,4,2025
2026-01-01,iDE,Navarra,ORCOYEN     66.000,66.0,34.1,18.25,15.850000000000001,1,1,2026
2026-03-01,iDE,Navarra,ORCOYEN     66.000,66.0,52.64,34.1,18.54,3,1,2026
2024-04-29,iDE,NAVARRA,ORCOYEN   66,66.0,78.41,26.1,52.309999999999995,4,2,2024
2024-04-29,iDE,NAVARRA,ORCOYEN T4,13.0,7.26,1.0,6.26,4,2,2024
2024-07-23,iDE,NAVARRA,ORCOYEN T4,13.0,7.26,1.0,6.26,7,3,2024
2026-03-01,iDE,Navarra,ORCOYEN T4,13.2,5.61,0.0,5.61,3,1,2026
2025-10-03,iDE,CÁCERES,ORIOL T3 45,45.0,26.0,-68.0,94.0,10,4,2025
2023-12-21,iDE,GUIPÚZCOA,ORMAIZTE T3 30.000,30.0,10.0,2.81,7.1899999999999995,12,4,2023
2023-12-21,iDE,GUIPÚZCOA,ORMAIZTE T4 30.000,30.0,10.0,2.81,7.1899999999999995,12,4,2023
2024-12-02,iDE,CUENCA,OSA VEGA    66.000,66.0,8.81,0.0,8.81,12,4,2024
2024-05-29,iDE,GUIPÚZCOA,OYARZUN1 T1 30.000,30.0,12.11,0.0,12.11,5,2,2024
2026-03-01,iDE,Gipuzkoa,OYARZUN1 T1 30.000,30.0,11.33,4.36,6.97,3,1,2026
2024-05-29,iDE,GUIPÚZCOA,OYARZUN1 T1,13.0,8.75,1.0,7.75,5,2,2024
2024-05-29,iDE,GUIPÚZCOA,OYARZUN1 T2 30.000,30.0,9.87,0.0,9.87,5,2,2024
2026-03-01,iDE,Gipuzkoa,OYARZUN1 T2 30.000,30.0,10.1,4.3,5.8,3,1,2026
2024-07-23,iDE,LA RIOJA,OYON T1,13.0,5.54,0.0,5.54,7,3,2024
2024-07-23,iDE,LA RIOJA,OYON T1,66.0,5.54,0.0,5.54,7,3,2024
2024-09-26,iDE,LA RIOJA,OYON T1,66.0,15.11,0.0,15.11,9,3,2024
2024-07-23,iDE,LA RIOJA,OYON T2,66.0,5.54,0.0,5.54,7,3,2024
2024-09-26,iDE,LA RIOJA,OYON T2,66.0,15.11,0.0,15.11,9,3,2024
2025-04-11,iDE,MADRID,P.ESPAÑA    132.00,132.0,192.84,186.55,6.289999999999992,4,2,2025
2025-10-01,iDE,MADRID,P.ESPAÑA    132.00,132.0,191.07,0.0,191.07,10,4,2025
2025-11-01,iDE,MADRID,P.ESPAÑA    132.00,132.0,190.74,0.0,190.74,11,4,2025
2025-10-03,iDE,ORENSE,P.NOVO      132.00,132.0,35.0,0.0,35.0,10,4,2025
2025-10-03,iDE,VALENCIA,P.SAGUNT    132.00,132.0,0.0,-84.88,84.88,10,4,2025
2023-12-21,iDE,VALENCIA,P.SAGUNT 132.00,132.0,89.33,79.33,10.0,12,4,2023
2025-10-01,iDE,MADRID,PALAFOX T1,15.0,34.9129,0.0,34.9129,10,4,2025
2025-11-01,iDE,MADRID,PALAFOX T1,15.0,34.91,12.72,22.189999999999998,11,4,2025
2025-10-01,iDE,MADRID,PALAFOX T2,15.0,34.964,0.0,34.964,10,4,2025
2025-11-01,iDE,MADRID,PALAFOX T2,15.0,34.96,12.03,22.93,11,4,2025
2025-10-01,iDE,MADRID,PALAFOX T3,15.0,34.982,0.0,34.982,10,4,2025
2025-11-01,iDE,MADRID,PALAFOX T3,15.0,34.98,28.85,6.1299999999999955,11,4,2025
2025-10-03,iDE,PALENCIA,PALENCIA T1 45.000,45.0,0.0,-36.6,36.6,10,4,2025
2026-03-01,iDE,Murcia,PALMAR T1,20.0,1.33,-6.73,8.06,3,1,2026
2025-12-01,iDE,Murcia,PALMAR T2,20.0,7.06,-1.28,8.34,12,4,2025
2026-03-01,iDE,Murcia,PALMAR T2,20.0,12.37,7.22,5.1499999999999995,3,1,2026
2026-03-01,iDE,Murcia,PALMAR T3,20.0,17.64,1.36,16.28,3,1,2026
2025-10-01,iDE,ALICANTE,PALMERAL T1,20.0,28.3634,0.0,28.3634,10,4,2025
2025-11-01,iDE,ALICANTE,PALMERAL T1,20.0,28.36,0.0,28.36,11,4,2025
2024-12-02,iDE,ALICANTE,PALMERAL T2,20.0,14.79,7.43,7.359999999999999,12,4,2024
2025-10-01,iDE,ALICANTE,PALMERAL T2,20.0,14.624,0.0,14.624,10,4,2025
2025-11-01,iDE,ALICANTE,PALMERAL T2,20.0,14.62,0.0,14.62,11,4,2025
2025-10-01,iDE,ALICANTE,PALMERAL T3,20.0,34.2719,0.0,34.2719,10,4,2025
2025-11-01,iDE,ALICANTE,PALMERAL T3,20.0,34.27,0.0,34.27,11,4,2025
2025-10-03,iDE,CÁCERES,PANTANO GARGUERA T1 13,13.2,5.24,0.0,5.24,10,4,2025
2025-10-03,iDE,CÁCERES,PANTANO GARGUERA T1 45,45.0,12.0,0.0,12.0,10,4,2025
2025-10-03,iDE,CÁCERES,PANTANO GARGUERA T2 13,13.2,5.29,0.0,5.29,10,4,2025
2025-10-03,iDE,CÁCERES,PANTANO GARGUERA T2 45,45.0,12.0,0.0,12.0,10,4,2025
2024-07-23,iDE,LA RIOJA,PANZARES T1,66.0,5.54,0.0,5.54,7,3,2024
2024-09-26,iDE,LA RIOJA,PANZARES T1,66.0,14.68,0.0,14.68,9,3,2024
2024-07-23,iDE,LA RIOJA,PANZARES T2,20.0,5.54,0.0,5.54,7,3,2024
2024-09-26,iDE,LA RIOJA,PANZARES T2,20.0,6.36,1.0,5.36,9,3,2024
2024-07-23,iDE,LA RIOJA,PANZARES T2,66.0,5.54,0.0,5.54,7,3,2024
2024-09-26,iDE,LA RIOJA,PANZARES T2,66.0,14.68,0.0,14.68,9,3,2024
2025-10-03,iDE,MADRID,PARLA T1,15.0,0.0,-19.03,19.03,10,4,2025
2024-11-15,iDE,MADRID,PARLA T2,15.0,5.46,0.0,5.46,11,4,2024
2025-10-03,iDE,VALENCIA,PATERNA     66.000,66.0,0.0,-35.0,35.0,10,4,2025
2025-10-01,iDE,VALENCIA,PATRAIX T1,20.0,34.8173,0.0,34.8173,10,4,2025
2025-11-01,iDE,VALENCIA,PATRAIX T1,20.0,34.82,7.3,27.52,11,4,2025
2025-10-01,iDE,VALENCIA,PATRAIX T2,20.0,34.892,0.0,34.892,10,4,2025
2025-11-01,iDE,VALENCIA,PATRAIX T2,20.0,34.89,6.11,28.78,11,4,2025
2025-10-01,iDE,VALENCIA,PCENTRAL T1,20.0,35.0,0.0,35.0,10,4,2025
2025-11-01,iDE,VALENCIA,PCENTRAL T1,20.0,35.0,3.69,31.31,11,4,2025
2025-10-01,iDE,VALENCIA,PCENTRAL T2,20.0,34.883,0.0,34.883,10,4,2025
2025-11-01,iDE,VALENCIA,PCENTRAL T2,20.0,34.88,13.28,21.6,11,4,2025
2025-10-01,iDE,VALENCIA,PCENTRAL T3,11.0,35.0,0.0,35.0,10,4,2025
2025-11-01,iDE,VALENCIA,PCENTRAL T3,11.0,35.0,0.0,35.0,11,4,2025
2024-06-25,iDE,MADRID,PERATA T1,15.0,20.42,13.91,6.510000000000002,6,2,2024
2025-10-01,iDE,MADRID,PERATA T1,15.0,13.8375,0.0,13.8375,10,4,2025
2025-11-01,iDE,MADRID,PERATA T1,15.0,13.84,0.0,13.84,11,4,2025
2025-10-01,iDE,MADRID,PERATA T1,45.0,20.3375,0.0,20.3375,10,4,2025
2025-11-01,iDE,MADRID,PERATA T1,45.0,20.34,0.0,20.34,11,4,2025
2024-06-25,iDE,MADRID,PERATA T2,15.0,18.72,4.56,14.16,6,2,2024
2025-02-26,iDE,MADRID,PERATA T2,15.0,5.07,0.0,5.07,2,1,2025
2025-10-01,iDE,MADRID,PERATA T2,15.0,9.6563,0.0,9.6563,10,4,2025
2025-11-01,iDE,MADRID,PERATA T2,15.0,9.66,0.0,9.66,11,4,2025
2025-02-26,iDE,MADRID,PERATA T2,45.0,5.07,0.0,5.07,2,1,2025
2025-10-01,iDE,MADRID,PERATA T2,45.0,9.6563,0.0,9.6563,10,4,2025
2025-11-01,iDE,MADRID,PERATA T2,45.0,9.66,0.0,9.66,11,4,2025
2024-06-25,iDE,MADRID,PERATA T3,20.0,18.72,3.93,14.79,6,2,2024
2025-02-26,iDE,MADRID,PERATA T3,45.0,5.07,0.0,5.07,2,1,2025
2024-06-25,iDE,MADRID,PESTORIL T1,15.0,28.14,17.5,10.64,6,2,2024
2025-02-26,iDE,MADRID,PESTORIL T1,15.0,10.46,0.0,10.46,2,1,2025
2025-10-01,iDE,MADRID,PESTORIL T1,15.0,17.5,0.0,17.5,10,4,2025
2025-11-01,iDE,MADRID,PESTORIL T1,15.0,17.5,0.0,17.5,11,4,2025
2025-02-26,iDE,MADRID,PESTORIL T1,45.0,10.46,0.0,10.46,2,1,2025
2025-10-01,iDE,MADRID,PESTORIL T1,45.0,27.12,0.0,27.12,10,4,2025
2025-11-01,iDE,MADRID,PESTORIL T1,45.0,27.12,0.0,27.12,11,4,2025
2026-05-01,iDE,Madrid,PESTORIL T1,45.0,22.29,16.25,6.039999999999999,5,2,2026
2025-12-01,iDE,Alicante/Alacant,PETREL T5,20.0,7.44,1.17,6.2700000000000005,12,4,2025
2025-11-01,iDE,MURCIA,PEÑARRUBIA 132.00,132.0,-230.34,-240.32,9.97999999999999,11,4,2025
2025-12-01,iDE,Murcia,PEÑARRUBIA 132.00,132.0,-220.36,-230.34,9.97999999999999,12,4,2025
2026-01-01,iDE,Murcia,PEÑARRUBIA 132.00,132.0,-190.42,-220.36,29.940000000000026,1,1,2026
2024-06-25,iDE,MADRID,PIALCOR1 T1,15.0,28.07,8.32,19.75,6,2,2024
2025-10-01,iDE,MADRID,PIALCOR1 T1,15.0,7.799,0.0,7.799,10,4,2025
2025-11-01,iDE,MADRID,PIALCOR1 T1,15.0,7.8,0.0,7.8,11,4,2025
2025-10-01,iDE,MADRID,PIALCOR1 T1,45.0,23.5059,0.0,23.5059,10,4,2025
2025-11-01,iDE,MADRID,PIALCOR1 T1,45.0,23.51,0.0,23.51,11,4,2025
2024-06-25,iDE,MADRID,PIALCOR1 T2,15.0,28.06,6.91,21.15,6,2,2024
2025-10-01,iDE,MADRID,PIALCOR1 T2,15.0,6.847,0.0,6.847,10,4,2025
2025-11-01,iDE,MADRID,PIALCOR1 T2,15.0,6.85,0.0,6.85,11,4,2025
2025-10-01,iDE,MADRID,PIALCOR1 T2,45.0,18.987,0.0,18.987,10,4,2025
2025-11-01,iDE,MADRID,PIALCOR1 T2,45.0,18.99,0.0,18.99,11,4,2025
2025-10-01,iDE,MADRID,PIARROYO 15,15.0,9.643,0.0,9.643,10,4,2025
2025-11-01,iDE,MADRID,PIARROYO 15,15.0,9.64,0.0,9.64,11,4,2025
2025-11-01,iDE,MADRID,PIARROYO T1,45.0,14.64,0.0,14.64,11,4,2025
2024-04-29,iDE,MADRID,PIARROYO T2,15.0,13.09,4.51,8.58,4,2,2024
2025-02-26,iDE,MADRID,PIARROYO T2,15.0,5.07,0.0,5.07,2,1,2025
2024-04-29,iDE,MADRID,PIARROYO T2,45.0,15.19,7.47,7.72,4,2,2024
2025-02-26,iDE,MADRID,PIARROYO T2,45.0,5.07,0.0,5.07,2,1,2025
2025-10-01,iDE,MADRID,PIARROYO T2,45.0,9.6563,0.0,9.6563,10,4,2025
2025-11-01,iDE,MADRID,PIARROYO T2,45.0,9.66,0.0,9.66,11,4,2025
2024-12-02,iDE,VALENCIA,PICASENT    132.00,132.0,24.28,0.0,24.28,12,4,2024
2024-12-02,iDE,VALENCIA,PICASENT T1,20.0,7.24,0.0,7.24,12,4,2024
2024-12-02,iDE,VALENCIA,PICASENT T2,20.0,16.11,0.0,16.11,12,4,2024
2024-05-29,iDE,VALENCIA,PICAÑA      132.00,132.0,230.0,208.66,21.340000000000003,5,2,2024
2024-11-15,iDE,VALENCIA,PICAÑA      132.00,132.0,221.83,192.0,29.830000000000013,11,4,2024
2025-10-01,iDE,VALENCIA,PICAÑA      132.00,132.0,189.12,0.0,189.12,10,4,2025
2025-11-01,iDE,VALENCIA,PICAÑA      132.00,132.0,189.12,22.55,166.57,11,4,2025
2026-03-01,iDE,Valencia/València,PICAÑA      132.00,132.0,293.16,189.12,104.04000000000002,3,1,2026
2024-04-29,iDE,VALENCIA,PICAÑA   132,132.0,231.42,218.66,12.759999999999991,4,2,2024
2024-01-31,iDE,VALENCIA,PICAÑA 132.00,132.0,199.04,159.04,40.0,1,1,2024
2025-11-01,iDE,MADRID,PILAR.M T1,20.0,34.86,2.44,32.42,11,4,2025
2025-10-01,iDE,MADRID,PILAR.M T2,20.0,15.55,0.0,15.55,10,4,2025
2025-11-01,iDE,MADRID,PILAR.M T2,20.0,34.91,15.56,19.349999999999994,11,4,2025
2025-10-01,iDE,MADRID,PILAR.M T3,15.0,12.95,0.0,12.95,10,4,2025
2025-10-03,iDE,MADRID,PILAR.M T3,15.0,21.99,12.95,9.04,10,4,2025
2025-11-01,iDE,MADRID,PILAR.M T3,15.0,34.95,21.99,12.960000000000004,11,4,2025
2025-10-01,iDE,MADRID,PILAR.M T4,15.0,20.19,0.0,20.19,10,4,2025
2025-11-01,iDE,MADRID,PILAR.M T4,15.0,35.0,20.94,14.059999999999999,11,4,2025
2024-06-25,iDE,MADRID,PILEGANE T1,15.0,28.07,8.72,19.35,6,2,2024
2025-10-01,iDE,MADRID,PILEGANE T1,15.0,6.023,0.0,6.023,10,4,2025
2025-11-01,iDE,MADRID,PILEGANE T1,15.0,6.02,0.0,6.02,11,4,2025
2025-10-01,iDE,MADRID,PILEGANE T1,45.0,25.373,0.0,25.373,10,4,2025
2025-11-01,iDE,MADRID,PILEGANE T1,45.0,25.37,0.0,25.37,11,4,2025
2024-06-25,iDE,MADRID,PILEGANE T2,15.0,28.01,17.41,10.600000000000001,6,2,2024
2025-10-01,iDE,MADRID,PILEGANE T2,15.0,17.4146,0.0,17.4146,10,4,2025
2025-11-01,iDE,MADRID,PILEGANE T2,15.0,17.41,0.0,17.41,11,4,2025
2025-10-01,iDE,MADRID,PILEGANE T2,45.0,28.0146,0.0,28.0146,10,4,2025
2025-11-01,iDE,MADRID,PILEGANE T2,45.0,28.01,0.0,28.01,11,4,2025
2025-10-03,iDE,MADRID,PINTO B1     45.000,45.0,0.0,-40.0,40.0,10,4,2025
2026-05-01,iDE,Madrid,PINTO B1     45.000,45.0,-29.81,-40.0,10.190000000000001,5,2,2026
2025-10-03,iDE,MADRID,PINTO T4,15.0,0.0,-8.2538,8.2538,10,4,2025
2025-10-03,iDE,MADRID,PINTOSTR T1,45.0,0.0,-9.9,9.9,10,4,2025
2025-10-03,iDE,MADRID,PIPINTO T1,45.0,0.0,-24.75,24.75,10,4,2025
2025-10-03,iDE,MADRID,PIPINTO T2,45.0,0.0,-24.75,24.75,10,4,2025
2024-04-29,iDE,MADRID,PIQUENAS T1,15.0,7.28,0.0,7.28,4,2,2024
2024-12-02,iDE,MADRID,PIQUENAS T1,15.0,7.37,0.0,7.37,12,4,2024
2025-10-01,iDE,MADRID,PIQUENAS T1,15.0,7.0966,0.0,7.0966,10,4,2025
2026-01-01,iDE,Madrid,PIQUENAS T1,15.0,7.1,0.0,7.1,1,1,2026
2024-04-29,iDE,MADRID,PIQUENAS T1,45.0,7.28,0.0,7.28,4,2,2024
2024-12-02,iDE,MADRID,PIQUENAS T1,45.0,7.37,0.0,7.37,12,4,2024
2025-10-03,iDE,MADRID,PIQUENAS T1,45.0,0.0,-27.9034,27.9034,10,4,2025
2026-01-01,iDE,Madrid,PIQUENAS T1,45.0,-27.9,-34.29,6.390000000000001,1,1,2026
2024-05-29,iDE,MADRID,PIQUENAS T2,15.0,10.0,1.92,8.08,5,2,2024
2024-04-29,iDE,MADRID,PIQUENAS T2,45.0,10.92,1.92,9.0,4,2,2024
2024-08-27,iDE,MADRID,PIQUENAS T2,45.0,28.11,10.92,17.189999999999998,8,3,2024
2025-10-01,iDE,MADRID,PLAZAESP T1,15.0,28.0,0.0,28.0,10,4,2025
2025-11-01,iDE,MADRID,PLAZAESP T1,15.0,28.0,0.0,28.0,11,4,2025
2025-10-01,iDE,MADRID,PLAZAESP T2,15.0,28.0,0.0,28.0,10,4,2025
2025-11-01,iDE,MADRID,PLAZAESP T2,15.0,28.0,0.0,28.0,11,4,2025
2024-05-29,iDE,MADRID,PLGNO C     45.000,45.0,10.0,0.0,10.0,5,2,2024
2024-12-02,iDE,MADRID,PLGNO C     45.000,45.0,9.71,0.0,9.71,12,4,2024
2024-04-29,iDE,MADRID,PLGNO C   45,45.0,10.03,0.0,10.03,4,2,2024
2025-10-01,iDE,MADRID,PLGNO C A1,45.0,9.38,0.0,9.38,10,4,2025
2025-11-01,iDE,MADRID,PLGNO C A1,45.0,9.38,0.0,9.38,11,4,2025
2026-01-01,iDE,Madrid,PLGNO C A1,45.0,9.38,2.7,6.680000000000001,1,1,2026
2025-10-01,iDE,MADRID,PLGNO C B1,45.0,9.04,0.0,9.04,10,4,2025
2025-11-01,iDE,MADRID,PLGNO C B1,45.0,9.04,0.0,9.04,11,4,2025
2026-01-01,iDE,Madrid,PLGNO C B1,45.0,9.04,3.04,5.999999999999999,1,1,2026
2024-10-29,iDE,MADRID,POLIGONC T4,15.0,25.0,15.0,10.0,10,4,2024
2025-10-01,iDE,MADRID,POLIGONC T4,15.0,26.0,0.0,26.0,10,4,2025
2025-11-01,iDE,MADRID,POLIGONC T4,15.0,26.0,0.0,26.0,11,4,2025
2024-08-27,iDE,MADRID,POLIGONC T5,15.0,15.0,5.0,10.0,8,3,2024
2024-10-29,iDE,MADRID,POLIGONC T5,15.0,25.0,15.0,10.0,10,4,2024
2025-10-01,iDE,MADRID,POLIGONC T5,15.0,25.9401,0.0,25.9401,10,4,2025
2025-11-01,iDE,MADRID,POLIGONC T5,15.0,25.94,0.0,25.94,11,4,2025
2024-07-23,iDE,MADRID,POZUELO     132.00,132.0,68.65,0.0,68.65,7,3,2024
2024-09-26,iDE,MADRID,POZUELO     132.00,132.0,93.26,48.82,44.440000000000005,9,3,2024
2025-01-30,iDE,MADRID,POZUELO     132.00,132.0,116.67,74.35,42.32000000000001,1,1,2025
2025-10-01,iDE,MADRID,POZUELO     132.00,132.0,109.27,0.0,109.27,10,4,2025
2025-11-01,iDE,MADRID,POZUELO     132.00,132.0,109.21,0.0,109.21,11,4,2025
2026-03-01,iDE,Madrid,POZUELO     132.00,132.0,117.09,109.28,7.810000000000002,3,1,2026
2024-07-23,iDE,MADRID,POZUELO T1,20.0,24.6,0.0,24.6,7,3,2024
2025-10-01,iDE,MADRID,POZUELO T1,20.0,24.9015,0.0,24.9015,10,4,2025
2025-11-01,iDE,MADRID,POZUELO T1,20.0,24.9,0.0,24.9,11,4,2025
2024-07-23,iDE,MADRID,POZUELO T2,20.0,27.8,0.0,27.8,7,3,2024
2025-10-01,iDE,MADRID,POZUELO T2,20.0,27.6315,0.0,27.6315,10,4,2025
2025-11-01,iDE,MADRID,POZUELO T2,20.0,27.63,0.0,27.63,11,4,2025
2024-07-23,iDE,MADRID,POZUELO T4,20.0,27.79,0.0,27.79,7,3,2024
2025-10-01,iDE,MADRID,POZUELO T4,20.0,27.91,0.0,27.91,10,4,2025
2025-11-01,iDE,MADRID,POZUELO T4,20.0,27.91,0.0,27.91,11,4,2025
2025-10-01,iDE,MADRID,PQINGENI T1,15.0,16.6932,0.0,16.6932,10,4,2025
2025-11-01,iDE,MADRID,PQINGENI T1,15.0,16.69,0.0,16.69,11,4,2025
2025-10-01,iDE,MADRID,PQINGENI T2,15.0,25.964,0.0,25.964,10,4,2025
2025-11-01,iDE,MADRID,PQINGENI T2,15.0,25.96,0.0,25.96,11,4,2025
2025-10-01,iDE,MADRID,PRAPOZUE T1,45.0,28.14,0.0,28.14,10,4,2025
2025-11-01,iDE,MADRID,PRAPOZUE T1,45.0,28.14,0.0,28.14,11,4,2025
2025-10-01,iDE,MADRID,PRAPOZUE T2,45.0,27.85,0.0,27.85,10,4,2025
2025-11-01,iDE,MADRID,PRAPOZUE T2,45.0,27.85,0.0,27.85,11,4,2025
2025-10-01,iDE,MADRID,PSDOMING T1,15.0,5.84,0.0,5.84,10,4,2025
2025-11-01,iDE,MADRID,PSDOMING T1,15.0,34.5,5.97,28.53,11,4,2025
2025-10-01,iDE,MADRID,PSDOMING T2,15.0,13.11,0.0,13.11,10,4,2025
2024-06-25,iDE,MADRID,PSTODOMI    45.000,45.0,105.22,10.0,95.22,6,2,2024
2025-01-30,iDE,MADRID,PSTODOMI    45.000,45.0,80.72,75.32,5.400000000000006,1,1,2025
2024-04-29,iDE,MADRID,PSTODOMI   45,45.0,105.23,95.15,10.079999999999998,4,2,2024
2025-10-01,iDE,MADRID,PSTODOMI,45.0,61.5,0.0,61.5,10,4,2025
2025-11-01,iDE,MADRID,PSTODOMI,45.0,71.49,0.0,71.49,11,4,2025
2025-10-03,iDE,ÁLAVA,PUENTELA    132.00,132.0,0.0,-175.91,175.91,10,4,2025
2025-10-03,iDE,VALENCIA,PUZOL       66.000,66.0,0.0,-35.0,35.0,10,4,2025
2026-03-01,iDE,Valencia/València,PUZOL       66.000,66.0,-20.0,-35.0,15.0,3,1,2026
2024-10-29,iDE,LA RIOJA,QUEL        66.000,66.0,6.67,0.0,6.67,10,4,2024
2025-02-26,iDE,LA RIOJA,QUEL        66.000,66.0,7.17,0.0,7.17,2,1,2025
2025-10-03,iDE,LA RIOJA,QUEL        66.000,66.0,0.0,-51.29,51.29,10,4,2025
2024-07-23,iDE,MADRID,R.TEJAR     132.00,132.0,49.15,0.0,49.15,7,3,2024
2024-09-26,iDE,MADRID,R.TEJAR     132.00,132.0,50.68,32.31,18.369999999999997,9,3,2024
2024-11-15,iDE,MADRID,R.TEJAR     132.00,132.0,50.84,45.81,5.030000000000001,11,4,2024
2025-01-30,iDE,MADRID,R.TEJAR     132.00,132.0,103.34,49.14,54.2,1,1,2025
2025-10-01,iDE,MADRID,R.TEJAR     132.00,132.0,107.22,0.0,107.22,10,4,2025
2025-11-01,iDE,MADRID,R.TEJAR     132.00,132.0,107.16,0.0,107.16,11,4,2025
2024-06-25,iDE,CASTELLÓN,RAMBLETA    132.00,132.0,86.21,76.0,10.209999999999994,6,2,2024
2024-08-27,iDE,CASTELLÓN,RAMBLETA    132.00,132.0,85.64,75.91,9.730000000000004,8,3,2024
2025-04-11,iDE,CASTELLÓN,RAMBLETA    132.00,132.0,61.6,53.64,7.960000000000001,4,2,2025
2025-10-01,iDE,CASTELLÓN,RAMBLETA    132.00,132.0,34.57,0.0,34.57,10,4,2025
2025-11-01,iDE,CASTELLÓN,RAMBLETA    132.00,132.0,34.57,0.0,34.57,11,4,2025
2023-11-30,iDE,CASTELLÓN,RAMBLETA 132.00,132.0,95.24,76.24,19.0,11,4,2023
2024-01-31,iDE,CASTELLÓN,RAMBLETA 132.00,132.0,104.08,84.24,19.840000000000003,1,1,2024
2025-11-01,iDE,MADRID,REGUERA T1,15.0,6.98,0.0,6.98,11,4,2025
2025-11-01,iDE,MADRID,REGUERA T1,45.0,16.68,0.0,16.68,11,4,2025
2025-10-03,iDE,VALLADOLID,RENEDO T1   45.000,45.0,0.0,-20.0,20.0,10,4,2025
2025-10-03,iDE,VALLADOLID,RENEDO T2   45.000,45.0,0.0,-24.6,24.6,10,4,2025
2025-10-03,iDE,VALLADOLID,RENEDO T3   45.000,45.0,0.0,-31.46,31.46,10,4,2025
2024-02-28,iDE,MADRID,RETAMAR     45.000,45.0,81.63,63.04,18.589999999999996,2,1,2024
2024-05-29,iDE,MADRID,RETAMAR     45.000,45.0,110.0,81.63,28.370000000000005,5,2,2024
2024-06-25,iDE,MADRID,RETAMAR     45.000,45.0,110.97,61.6,49.37,6,2,2024
2024-07-23,iDE,MADRID,RETAMAR     45.000,45.0,110.91,61.62,49.29,7,3,2024
2024-08-27,iDE,MADRID,RETAMAR     45.000,45.0,110.88,61.61,49.269999999999996,8,3,2024
2024-09-26,iDE,MADRID,RETAMAR     45.000,45.0,110.89,61.59,49.3,9,3,2024
2024-10-29,iDE,MADRID,RETAMAR     45.000,45.0,110.97,61.63,49.339999999999996,10,4,2024
2024-11-15,iDE,MADRID,RETAMAR     45.000,45.0,110.98,61.64,49.34,11,4,2024
2024-12-02,iDE,MADRID,RETAMAR     45.000,45.0,110.97,61.64,49.33,12,4,2024
2025-01-30,iDE,MADRID,RETAMAR     45.000,45.0,107.03,60.33,46.7,1,1,2025
2025-01-30,iDE,MADRID,RETAMAR     45.000,45.0,79.95,64.67,15.280000000000001,1,1,2025
2025-02-26,iDE,MADRID,RETAMAR     45.000,45.0,107.01,79.95,27.060000000000002,2,1,2025
2025-02-26,iDE,MADRID,RETAMAR     45.000,45.0,79.95,64.67,15.280000000000001,2,1,2025
2025-04-11,iDE,MADRID,RETAMAR     45.000,45.0,107.02,79.95,27.069999999999993,4,2,2025
2024-03-22,iDE,MADRID,RETAMAR   45,45.0,81.63,63.0,18.629999999999995,3,1,2024
2024-04-29,iDE,MADRID,RETAMAR   45,45.0,111.01,81.63,29.38000000000001,4,2,2024
2023-11-30,iDE,MADRID,RETAMAR 45.000,45.0,110.08,93.72,16.36,11,4,2023
2023-11-30,iDE,MADRID,RETAMAR 45.000,45.0,93.78,80.24,13.540000000000006,11,4,2023
2023-12-21,iDE,MADRID,RETAMAR 45.000,45.0,109.99,93.78,16.209999999999994,12,4,2023
2023-12-21,iDE,MADRID,RETAMAR 45.000,45.0,93.74,80.19,13.549999999999997,12,4,2023
2024-01-31,iDE,MADRID,RETAMAR 45.000,45.0,110.4,93.74,16.66000000000001,1,1,2024
2024-01-31,iDE,MADRID,RETAMAR 45.000,45.0,81.43,67.79,13.64,1,1,2024
2025-10-01,iDE,MADRID,RETAMAR A1  45.000,45.0,72.95,0.0,72.95,10,4,2025
2025-11-01,iDE,MADRID,RETAMAR A1  45.000,45.0,77.95,0.0,77.95,11,4,2025
2025-10-01,iDE,MADRID,RETAMAR B1  45.000,45.0,79.92,0.0,79.92,10,4,2025
2025-11-01,iDE,MADRID,RETAMAR B1  45.000,45.0,79.92,0.0,79.92,11,4,2025
2025-10-01,iDE,MADRID,RETAMAR F1     45.000,45.0,106.75,0.0,106.75,10,4,2025
2025-11-01,iDE,MADRID,RETAMAR F1     45.000,45.0,106.72,0.0,106.72,11,4,2025
2024-08-27,iDE,MADRID,RETAMAR T10,15.0,35.0,0.0,35.0,8,3,2024
2025-10-01,iDE,MADRID,RETAMAR T10,15.0,11.66,0.0,11.66,10,4,2025
2025-11-01,iDE,MADRID,RETAMAR T10,15.0,35.0,11.73,23.27,11,4,2025
2025-11-01,iDE,MADRID,RETAMAR T8,15.0,29.36,1.69,27.669999999999998,11,4,2025
2025-10-03,iDE,MADRID,RETAMAR T9,15.0,15.03,0.15,14.879999999999999,10,4,2025
2025-11-01,iDE,MADRID,RETAMAR T9,15.0,21.07,15.03,6.040000000000001,11,4,2025
2025-10-03,iDE,VIZCAYA,RETUERTO    132.00,132.0,0.0,-50.0,50.0,10,4,2025
2025-10-03,iDE,NAVARRA,RIBAFORA T2,66.0,0.0,-5.0,5.0,10,4,2025
2025-10-03,iDE,ZAMORA,RICOBAYO    132.00,132.0,80.0,0.0,80.0,10,4,2025
2025-10-03,iDE,ZAMORA,RICOBAYO T2 45,45.0,37.1,0.0,37.1,10,4,2025
2025-10-03,iDE,ZAMORA,RICOBAYO T3 45,45.0,14.3,0.0,14.3,10,4,2025
2025-10-01,iDE,ALICANTE,ROJALES T1,20.0,9.7,0.0,9.7,10,4,2025
2026-03-01,iDE,Alicante/Alacant,ROJALES T1,20.0,11.02,1.6,9.42,3,1,2026
2024-09-26,iDE,ALICANTE,ROJALES T2,20.0,10.66,4.99,5.67,9,3,2024
2024-12-02,iDE,ALICANTE,ROJALES T2,20.0,12.0,5.49,6.51,12,4,2024
2025-10-01,iDE,ALICANTE,ROJALES T2,20.0,9.27,0.0,9.27,10,4,2025
2025-11-01,iDE,ALICANTE,ROJALES T2,20.0,27.96,9.27,18.69,11,4,2025
2025-10-03,iDE,ALICANTE,ROJALES T3,20.0,9.77,-2.23,12.0,10,4,2025
2026-03-01,iDE,Navarra,ROTXAPEA T1,13.2,5.61,0.0,5.61,3,1,2026
2026-03-01,iDE,Navarra,ROTXAPEA T1,66.0,5.61,0.0,5.61,3,1,2026
2026-03-01,iDE,Navarra,ROTXAPEA T2,13.2,5.61,0.0,5.61,3,1,2026
2026-03-01,iDE,Navarra,ROTXAPEA T2,66.0,5.61,0.0,5.61,3,1,2026
2024-07-23,iDE,MADRID,ROZAS1 T1,20.0,27.88,0.0,27.88,7,3,2024
2025-10-01,iDE,MADRID,ROZAS1 T1,20.0,27.8897,0.0,27.8897,10,4,2025
2025-11-01,iDE,MADRID,ROZAS1 T1,20.0,27.89,0.0,27.89,11,4,2025
2024-07-23,iDE,MADRID,ROZAS1 T2,20.0,27.74,0.0,27.74,7,3,2024
2025-10-01,iDE,MADRID,ROZAS1 T2,20.0,27.766,0.0,27.766,10,4,2025
2025-11-01,iDE,MADRID,ROZAS1 T2,20.0,27.77,0.0,27.77,11,4,2025
2024-07-23,iDE,MADRID,ROZAS1 T3,20.0,27.62,0.0,27.62,7,3,2024
2025-10-01,iDE,MADRID,ROZAS1 T3,20.0,27.5645,0.0,27.5645,10,4,2025
2025-11-01,iDE,MADRID,ROZAS1 T3,20.0,27.56,0.0,27.56,11,4,2025
2024-12-02,iDE,MADRID,S.AGUSTI    66.000,66.0,10.0,0.0,10.0,12,4,2024
2024-12-02,iDE,MADRID,S.AGUSTI T1,20.0,10.0,0.0,10.0,12,4,2024
2025-11-01,iDE,MADRID,S.AGUSTI T1,20.0,13.77,0.0,13.77,11,4,2025
2024-12-02,iDE,MADRID,S.AGUSTI T2,20.0,7.18,0.0,7.18,12,4,2024
2024-12-02,iDE,MADRID,S.AGUSTI T3,20.0,10.0,0.0,10.0,12,4,2024
2025-10-03,iDE,MADRID,S.AGUSTI T3,20.0,0.0,-5.0,5.0,10,4,2025
2025-11-01,iDE,MADRID,S.AGUSTI T3,20.0,12.01,0.0,12.01,11,4,2025
2025-11-01,iDE,MADRID,S.AGUSTIN A    66.000,66.0,27.4,0.0,27.4,11,4,2025
2025-12-01,iDE,Madrid,S.AGUSTIN A    66.000,66.0,37.4,27.4,10.0,12,4,2025
2025-10-01,iDE,MADRID,S.AGUSTIN B 66.000,66.0,17.4,0.0,17.4,10,4,2025
2025-11-01,iDE,MADRID,S.AGUSTIN B 66.000,66.0,14.38,0.0,14.38,11,4,2025
2025-10-03,iDE,MURCIA,S.ANTON     132.00,132.0,8.74,0.0,8.74,10,4,2025
2024-06-25,iDE,MADRID,S.FELIPE    132.00,132.0,132.17,122.37,9.799999999999983,6,2,2024
2024-07-23,iDE,MADRID,S.FELIPE    132.00,132.0,149.69,132.17,17.52000000000001,7,3,2024
2024-09-26,iDE,MADRID,S.FELIPE    132.00,132.0,159.35,149.89,9.460000000000008,9,3,2024
2025-01-30,iDE,MADRID,S.FELIPE    132.00,132.0,171.57,148.29,23.28,1,1,2025
2025-10-01,iDE,MADRID,S.FELIPE    132.00,132.0,169.87,0.0,169.87,10,4,2025
2025-11-01,iDE,MADRID,S.FELIPE    132.00,132.0,169.6,0.0,169.6,11,4,2025
2024-04-29,iDE,MADRID,S.FELIPE   132,132.0,122.48,20.0,102.48,4,2,2024
2025-10-01,iDE,MADRID,S.FELIPE T1,15.0,27.0928,0.0,27.0928,10,4,2025
2025-11-01,iDE,MADRID,S.FELIPE T1,15.0,27.09,0.0,27.09,11,4,2025
2025-10-01,iDE,MADRID,S.FELIPE T2,15.0,27.9317,0.0,27.9317,10,4,2025
2025-11-01,iDE,MADRID,S.FELIPE T2,15.0,27.93,0.0,27.93,11,4,2025
2025-10-01,iDE,MADRID,S.FELIPE T3,15.0,28.0,0.0,28.0,10,4,2025
2025-11-01,iDE,MADRID,S.FELIPE T3,15.0,28.0,0.0,28.0,11,4,2025
2025-10-03,iDE,LUGO,S.MARTIN    132.00,132.0,35.0,0.0,35.0,10,4,2025
2025-10-03,iDE,MURCIA,S.PEDROP    66.000,66.0,10.86,0.0,10.86,10,4,2025
2024-07-23,iDE,LA RIOJA,S.S.PROVIF,66.0,17.54,0.0,17.54,7,3,2024
2024-10-29,iDE,LA RIOJA,S.S.PROVIF,66.0,18.99,1.53,17.459999999999997,10,4,2024
2025-10-01,iDE,LA RIOJA,S.S.PROVIF,66.0,19.3,0.0,19.3,10,4,2025
2026-03-01,iDE,"Rioja, La",S.S.PROVIF,66.0,19.59,2.94,16.65,3,1,2026
2026-03-01,iDE,Navarra,SADAR T2,13.2,5.61,0.0,5.61,3,1,2026
2026-03-01,iDE,Navarra,SADAR T2,66.0,5.61,0.0,5.61,3,1,2026
2025-10-03,iDE,VALENCIA,SAGUNTO     132.00,132.0,0.0,-326.0,326.0,10,4,2025
2026-05-01,iDE,Valencia/València,SAGUNTO     132.00,132.0,-140.0,-326.0,186.0,5,2,2026
2025-10-03,iDE,VALENCIA,SAGUNTO     66.000,66.0,0.0,-126.0,126.0,10,4,2025
2025-12-01,iDE,Valencia/València,SAGUNTO     66.000,66.0,-105.0,-126.0,21.0,12,4,2025
2023-12-21,iDE,VALENCIA,SAGUNTO 132.00,132.0,209.28,189.28,20.0,12,4,2023
2024-04-29,iDE,VALENCIA,SAGUNTO T3,20.0,12.39,2.48,9.91,4,2,2024
2025-10-03,iDE,ALICANTE,SALADAS T1,20.0,14.9,4.7951,10.1049,10,4,2025
2025-10-03,iDE,ALICANTE,SALADAS T2,20.0,5.2,0.0,5.2,10,4,2025
2025-10-03,iDE,ALICANTE,SALINAS T1,20.0,0.0,-11.7493,11.7493,10,4,2025
2024-09-26,iDE,ALICANTE,SALINAS T2,20.0,5.17,0.0,5.17,9,3,2024
2024-12-02,iDE,ALICANTE,SALINAS T2,20.0,19.97,4.62,15.349999999999998,12,4,2024
2025-10-01,iDE,ALICANTE,SALINAS T2,20.0,10.6589,0.0,10.6589,10,4,2025
2025-11-01,iDE,ALICANTE,SALINAS T2,20.0,10.66,0.0,10.66,11,4,2025
2026-05-01,iDE,Madrid,SAMARCOS T1,15.0,10.19,0.0,10.19,5,2,2026
2026-05-01,iDE,Madrid,SAMARCOS T1,45.0,10.19,0.0,10.19,5,2,2026
2024-06-25,iDE,MADRID,SAMARCOS T2,15.0,27.23,5.98,21.25,6,2,2024
2026-03-01,iDE,Zamora,SAN BERNABE T1 13,13.2,7.72,0.0,7.72,3,1,2026
2026-03-01,iDE,Zamora,SAN BERNABE T1 45,45.0,7.72,0.0,7.72,3,1,2026
2026-03-01,iDE,Zamora,SAN FRONTIS T2 45,45.0,7.72,0.0,7.72,3,1,2026
2025-10-01,iDE,MADRID,SANCHINA T1,20.0,34.7246,0.0,34.7246,10,4,2025
2025-11-01,iDE,MADRID,SANCHINA T1,20.0,34.72,2.31,32.41,11,4,2025
2025-10-01,iDE,MADRID,SANCHINA T2,20.0,11.78,0.0,11.78,10,4,2025
2025-11-01,iDE,MADRID,SANCHINA T2,20.0,34.81,11.78,23.03,11,4,2025
2025-10-01,iDE,MADRID,SANCHINA T31,20.0,26.25,0.0,26.25,10,4,2025
2025-10-01,iDE,MADRID,SANCHINA T32,20.0,26.25,0.0,26.25,10,4,2025
2025-11-01,iDE,VALENCIA,SANCHO LLOP T2,20.0,11.01,0.0,11.01,11,4,2025
2024-06-25,iDE,VALENCIA,SANCHOLL T2,20.0,25.05,20.0,5.050000000000001,6,2,2024
2025-10-03,iDE,NAVARRA,SANGUES1 T1,13.2,6.69,0.0,6.69,10,4,2025
2025-10-03,iDE,NAVARRA,SANGUES1 T2,13.2,7.93,0.0,7.93,10,4,2025
2026-03-01,iDE,Navarra,SANGUESA    66.000,66.0,20.99,3.49,17.5,3,1,2026
2024-07-23,iDE,LA RIOJA,SANJOSE T1,13.0,16.61,0.0,16.61,7,3,2024
2024-10-29,iDE,LA RIOJA,SANJOSE T1,13.0,16.9,1.53,15.37,10,4,2024
2025-10-01,iDE,LA RIOJA,SANJOSE T1,13.2,12.694,0.0,12.694,10,4,2025
2026-03-01,iDE,"Rioja, La",SANJOSE T1,13.2,12.69,2.94,9.75,3,1,2026
2024-07-23,iDE,LA RIOJA,SANJOSE T1,66.0,17.54,0.0,17.54,7,3,2024
2024-10-29,iDE,LA RIOJA,SANJOSE T1,66.0,18.99,1.53,17.459999999999997,10,4,2024
2025-01-30,iDE,LA RIOJA,SANJOSE T1,66.0,31.11,16.98,14.129999999999999,1,1,2025
2025-10-01,iDE,LA RIOJA,SANJOSE T1,66.0,17.744,0.0,17.744,10,4,2025
2026-03-01,iDE,"Rioja, La",SANJOSE T1,66.0,17.65,2.94,14.709999999999999,3,1,2026
2024-07-23,iDE,LA RIOJA,SANJOSE T2,13.0,16.98,0.0,16.98,7,3,2024
2024-10-29,iDE,LA RIOJA,SANJOSE T2,13.0,17.0,1.53,15.47,10,4,2024
2025-10-01,iDE,LA RIOJA,SANJOSE T2,13.2,8.05,0.0,8.05,10,4,2025
2026-03-01,iDE,"Rioja, La",SANJOSE T2,13.2,7.96,2.94,5.02,3,1,2026
2024-07-23,iDE,LA RIOJA,SANJOSE T2,66.0,17.54,0.0,17.54,7,3,2024
2024-10-29,iDE,LA RIOJA,SANJOSE T2,66.0,18.99,1.53,17.459999999999997,10,4,2024
2025-01-30,iDE,LA RIOJA,SANJOSE T2,66.0,31.11,16.98,14.129999999999999,1,1,2025
2025-10-01,iDE,LA RIOJA,SANJOSE T2,66.0,17.744,0.0,17.744,10,4,2025
2026-03-01,iDE,"Rioja, La",SANJOSE T2,66.0,17.65,2.94,14.709999999999999,3,1,2026
2023-12-21,iDE,GUIPÚZCOA,SANTONIO T1 30.000,30.0,21.67,13.66,8.010000000000002,12,4,2023
2024-05-29,iDE,VIZCAYA,SANTURC1 T3 30.000,30.0,17.55,0.0,17.55,5,2,2024
2025-10-01,iDE,VIZCAYA,SANTURC1 T3 30.000,30.0,17.85,0.0,17.85,10,4,2025
2025-11-01,iDE,VIZCAYA,SANTURC1 T3 30.000,30.0,17.94,0.0,17.94,11,4,2025
2024-07-23,iDE,LA RIOJA,SDOMING T1,66.0,17.54,0.0,17.54,7,3,2024
2024-10-29,iDE,LA RIOJA,SDOMING T1,66.0,18.99,1.53,17.459999999999997,10,4,2024
2025-01-30,iDE,LA RIOJA,SDOMING T1,66.0,23.09,16.98,6.109999999999999,1,1,2025
2025-10-01,iDE,LA RIOJA,SDOMING T1,66.0,22.34,0.0,22.34,10,4,2025
2026-03-01,iDE,"Rioja, La",SDOMING T1,66.0,23.06,2.94,20.119999999999997,3,1,2026
2024-07-23,iDE,LA RIOJA,SDOMING T2,66.0,17.54,0.0,17.54,7,3,2024
2024-10-29,iDE,LA RIOJA,SDOMING T2,66.0,18.99,1.53,17.459999999999997,10,4,2024
2025-01-30,iDE,LA RIOJA,SDOMING T2,66.0,23.09,16.98,6.109999999999999,1,1,2025
2025-10-01,iDE,LA RIOJA,SDOMING T2,66.0,22.34,0.0,22.34,10,4,2025
2026-03-01,iDE,"Rioja, La",SDOMING T2,66.0,23.06,2.94,20.119999999999997,3,1,2026
2024-07-23,iDE,LA RIOJA,SDOMINGO T2,13.0,7.0,1.0,6.0,7,3,2024
2024-10-29,iDE,LA RIOJA,SDOMINGO T2,13.0,7.0,1.53,5.47,10,4,2024
2025-10-01,iDE,LA RIOJA,SDOMINGO T2,13.2,7.0,0.0,7.0,10,4,2025
2024-04-29,iDE,CASTELLÓN,SEGORBE2 T1,20.0,15.34,0.0,15.34,4,2,2024
2023-12-21,iDE,GUIPÚZCOA,SEGURA1 T1  30.000,30.0,10.36,2.36,8.0,12,4,2023
2025-10-03,iDE,LA RIOJA,SEQUERO     66.000,66.0,0.0,-50.4,50.4,10,4,2025
2024-06-25,iDE,MADRID,SERNA T1,15.0,23.1,7.0,16.1,6,2,2024
2025-10-01,iDE,MADRID,SERNA T1,15.0,7.0,0.0,7.0,10,4,2025
2025-11-01,iDE,MADRID,SERNA T1,15.0,7.0,0.0,7.0,11,4,2025
2025-10-01,iDE,MADRID,SERNA T1,45.0,23.1,0.0,23.1,10,4,2025
2025-11-01,iDE,MADRID,SERNA T1,45.0,23.1,0.0,23.1,11,4,2025
2024-06-25,iDE,MADRID,SERNA T2,15.0,23.1,7.0,16.1,6,2,2024
2025-10-01,iDE,MADRID,SERNA T2,15.0,7.0,0.0,7.0,10,4,2025
2025-11-01,iDE,MADRID,SERNA T2,15.0,7.0,0.0,7.0,11,4,2025
2025-10-01,iDE,MADRID,SERNA T2,45.0,23.1,0.0,23.1,10,4,2025
2025-11-01,iDE,MADRID,SERNA T2,45.0,23.1,0.0,23.1,11,4,2025
2024-08-27,iDE,CASTELLÓN,SERRALLO    66.000,66.0,171.64,122.75,48.889999999999986,8,3,2024
2025-01-30,iDE,CASTELLÓN,SERRALLO    66.000,66.0,55.86,27.64,28.22,1,1,2025
2025-02-26,iDE,CASTELLÓN,SERRALLO    66.000,66.0,70.84,55.86,14.980000000000004,2,1,2025
2025-10-01,iDE,CASTELLÓN,SERRALLO    66.000,66.0,50.68,0.0,50.68,10,4,2025
2025-11-01,iDE,CASTELLÓN,SERRALLO    66.000,66.0,50.68,0.0,50.68,11,4,2025
2026-03-01,iDE,Castellón/Castelló,SERRALLO    66.000,66.0,135.27,50.68,84.59,3,1,2026
2024-12-02,iDE,VALENCIA,SILLA       132.00,132.0,7.76,0.0,7.76,12,4,2024
2024-12-02,iDE,VALENCIA,SILLA       66.000,66.0,17.14,0.0,17.14,12,4,2024
2024-12-02,iDE,VALENCIA,SILLA T1,20.0,7.76,0.0,7.76,12,4,2024
2024-12-02,iDE,VALENCIA,SILLA T3,20.0,7.76,0.0,7.76,12,4,2024
2026-03-01,iDE,Navarra,SLUCIA T1,13.2,5.61,0.0,5.61,3,1,2026
2026-03-01,iDE,Navarra,SLUCIA T1,66.0,5.61,0.0,5.61,3,1,2026
2026-03-01,iDE,Navarra,SLUCIA T2,13.2,5.61,0.0,5.61,3,1,2026
2026-03-01,iDE,Navarra,SLUCIA T2,66.0,5.61,0.0,5.61,3,1,2026
2026-05-01,iDE,Madrid,SMR DIESEL B,45.0,10.19,0.0,10.19,5,2,2026
2024-03-22,iDE,MADRID,SMR EUST BA1,45.0,38.97,0.0,38.97,3,1,2024
2025-10-01,iDE,MADRID,SMR EUST BA1,45.0,38.97,0.0,38.97,10,4,2025
2025-11-01,iDE,MADRID,SMR EUST BA1,45.0,38.97,0.0,38.97,11,4,2025
2025-10-01,iDE,MADRID,SMR EUST BA2,45.0,33.57,0.0,33.57,10,4,2025
2025-11-01,iDE,MADRID,SMR EUST BA2,45.0,38.97,0.0,38.97,11,4,2025
2025-10-01,iDE,MADRID,SMR EUST BA3,45.0,38.97,0.0,38.97,10,4,2025
2025-11-01,iDE,MADRID,SMR EUST BA3,45.0,38.97,0.0,38.97,11,4,2025
2025-10-01,iDE,MADRID,SMR HERRER A,45.0,25.728,0.0,25.728,10,4,2025
2025-11-01,iDE,MADRID,SMR HERRER A,45.0,25.73,0.0,25.73,11,4,2025
2025-10-01,iDE,MADRID,SMR HERRER B,45.0,28.0941,0.0,28.0941,10,4,2025
2025-11-01,iDE,MADRID,SMR HERRER B,45.0,28.09,0.0,28.09,11,4,2025
2024-03-22,iDE,MADRID,SMR MAQUE A1,45.0,22.77,0.0,22.77,3,1,2024
2025-10-01,iDE,MADRID,SMR MAQUE A1,45.0,18.118,0.0,18.118,10,4,2025
2025-11-01,iDE,MADRID,SMR MAQUE A1,45.0,19.92,0.0,19.92,11,4,2025
2025-10-03,iDE,MADRID,SMR TENE2 BA,45.0,0.0,-25.0284,25.0284,10,4,2025
2024-03-22,iDE,MADRID,SMR TENE2 BB,45.0,24.75,0.0,24.75,3,1,2024
2025-10-01,iDE,MADRID,SMR TENE2 BB,45.0,20.182,0.0,20.182,10,4,2025
2025-11-01,iDE,MADRID,SMR TENE2 BB,45.0,20.18,0.0,20.18,11,4,2025
2025-10-03,iDE,MURCIA,SPINATAR T2,20.0,9.85,-0.1,9.95,10,4,2025
2025-10-03,iDE,MURCIA,SPINATAR T3,20.0,9.51,2.9123,6.5977,10,4,2025
2023-12-21,iDE,VIZCAYA,ST ABADIANO 30.000,30.0,8.89,1.87,7.0200000000000005,12,4,2023
2023-12-21,iDE,GUIPÚZCOA,ST BERGARA  30.000,30.0,20.91,12.89,8.02,12,4,2023
2025-10-01,iDE,ÁLAVA,ST ELGEA    30.000,30.0,5.76,0.0,5.76,10,4,2025
2025-11-01,iDE,ÁLAVA,ST ELGEA    30.000,30.0,5.76,0.0,5.76,11,4,2025
2026-03-01,iDE,Araba/Álava,ST ELGEA    30.000,30.0,21.83,5.78,16.049999999999997,3,1,2026
2023-11-30,iDE,GUIPÚZCOA,ST ELGOIBAR 30.000,30.0,15.58,2.83,12.75,11,4,2023
2023-12-21,iDE,ÁLAVA,ST GAMARRA A30.000,30.0,37.72,27.71,10.009999999999998,12,4,2023
2024-03-22,iDE,ÁLAVA,ST GAMARRA A30.000,30.0,50.0,20.38,29.62,3,1,2024
2025-01-30,iDE,ÁLAVA,ST GAMARRA A30.000,30.0,36.27,26.28,9.990000000000002,1,1,2025
2025-10-01,iDE,ÁLAVA,ST GAMARRA A30.000,30.0,20.52,0.0,20.52,10,4,2025
2025-11-01,iDE,ÁLAVA,ST GAMARRA A30.000,30.0,20.52,0.0,20.52,11,4,2025
2024-04-29,iDE,GUIPÚZCOA,ST HERNANI  30.000,30.0,57.06,31.34,25.720000000000002,4,2,2024
2024-08-27,iDE,GUIPÚZCOA,ST HERNANI  30.000,30.0,44.61,4.83,39.78,8,3,2024
2025-10-01,iDE,GUIPÚZCOA,ST HERNANI  30.000,30.0,37.48,0.0,37.48,10,4,2025
2025-11-01,iDE,GUIPÚZCOA,ST HERNANI  30.000,30.0,37.48,0.0,37.48,11,4,2025
2026-05-01,iDE,Gipuzkoa,ST HERNANI  30.000,30.0,42.88,22.96,19.92,5,2,2026
2025-01-30,iDE,ÁLAVA,ST JUNDIZ   30.000,30.0,61.07,0.0,61.07,1,1,2025
2025-10-03,iDE,ÁLAVA,ST JUNDIZ   30.000,30.0,0.0,-10.65,10.65,10,4,2025
2025-11-01,iDE,ÁLAVA,ST JUNDIZ   30.000,30.0,18.5,0.0,18.5,11,4,2025
2025-12-01,iDE,Araba/Álava,ST JUNDIZ   30.000,30.0,46.87,18.5,28.369999999999997,12,4,2025
2025-04-11,iDE,VIZCAYA,ST LAJARA   30.000,30.0,12.66,4.4,8.26,4,2,2025
2025-10-03,iDE,VIZCAYA,ST LAJARA   30.000,30.0,0.0,-30.15,30.15,10,4,2025
2026-05-01,iDE,Bizkaia,ST LAJARA   30.000,30.0,-24.44,-70.25,45.81,5,2,2026
2024-01-31,iDE,VIZCAYA,ST LAJARA 30.000,30.0,12.06,6.91,5.15,1,1,2024
2025-10-03,iDE,GUIPÚZCOA,ST LASAO    30.000,30.0,0.0,-33.0,33.0,10,4,2025
2026-05-01,iDE,Gipuzkoa,ST LASAO    30.000,30.0,0.0,-33.0,33.0,5,2,2026
2023-12-21,iDE,GUIPÚZCOA,ST ORMAIZTEG30.000,30.0,10.84,2.81,8.03,12,4,2023
2025-10-03,iDE,GUIPÚZCOA,ST ORMAIZTEG30.000,30.0,0.0,-30.0,30.0,10,4,2025
2023-12-21,iDE,VIZCAYA,ST SANTURCE 30.000,30.0,23.32,10.79,12.530000000000001,12,4,2023
2024-03-22,iDE,VIZCAYA,ST SANTURCE 30.000,30.0,23.35,0.66,22.69,3,1,2024
2024-04-29,iDE,VIZCAYA,ST SANTURCE 30.000,30.0,35.81,23.35,12.46,4,2,2024
2024-05-29,iDE,VIZCAYA,ST SANTURCE 30.000,30.0,43.19,35.81,7.3799999999999955,5,2,2024
2024-09-26,iDE,VIZCAYA,ST SANTURCE 30.000,30.0,39.94,29.6,10.339999999999996,9,3,2024
2025-10-01,iDE,VIZCAYA,ST SANTURCE 30.000,30.0,39.46,0.0,39.46,10,4,2025
2025-11-01,iDE,VIZCAYA,ST SANTURCE 30.000,30.0,39.46,0.0,39.46,11,4,2025
2026-03-01,iDE,Bizkaia,ST SANTURCE 30.000,30.0,56.55,39.55,17.0,3,1,2026
2024-05-29,iDE,ÁLAVA,ST VITORIA  30.000,30.0,10.0,0.0,10.0,5,2,2024
2024-08-27,iDE,ÁLAVA,ST VITORIA  30.000,30.0,20.21,5.65,14.56,8,3,2024
2024-10-29,iDE,ÁLAVA,ST VITORIA  30.000,30.0,23.11,18.05,5.059999999999999,10,4,2024
2025-10-03,iDE,ÁLAVA,ST VITORIA  30.000,30.0,0.0,-50.55,50.55,10,4,2025
2025-12-01,iDE,Araba/Álava,ST VITORIA  30.000,30.0,-38.73,-44.56,5.830000000000005,12,4,2025
2023-12-21,iDE,VIZCAYA,ST ZAMUDIO  30.000,30.0,29.64,23.63,6.010000000000002,12,4,2023
2024-05-29,iDE,VIZCAYA,ST ZAMUDIO  30.000,30.0,21.34,0.0,21.34,5,2,2024
2024-08-27,iDE,VIZCAYA,ST ZAMUDIO  30.000,30.0,35.46,25.49,9.970000000000002,8,3,2024
2024-09-26,iDE,VIZCAYA,ST ZAMUDIO  30.000,30.0,45.47,35.46,10.009999999999998,9,3,2024
2025-01-30,iDE,VIZCAYA,ST ZAMUDIO  30.000,30.0,57.22,45.49,11.729999999999997,1,1,2025
2025-10-01,iDE,VIZCAYA,ST ZAMUDIO  30.000,30.0,42.68,0.0,42.68,10,4,2025
2025-11-01,iDE,VIZCAYA,ST ZAMUDIO  30.000,30.0,42.62,0.0,42.62,11,4,2025
2026-05-01,iDE,Bizkaia,ST ZAMUDIO  30.000,30.0,32.64,23.04,9.600000000000001,5,2,2026
2024-03-22,iDE,ÁLAVA,"ST,STR ALI A30.000",30.0,31.5,20.13,11.370000000000001,3,1,2024
2024-08-27,iDE,ÁLAVA,"ST,STR ALI A30.000",30.0,10.35,0.13,10.219999999999999,8,3,2024
2025-01-30,iDE,ÁLAVA,"ST,STR ALI A30.000",30.0,30.56,10.37,20.189999999999998,1,1,2025
2025-10-03,iDE,ÁLAVA,"ST,STR ALI A30.000",30.0,0.0,-7.24,7.24,10,4,2025
2024-03-22,iDE,ÁLAVA,"ST,STR ALI B30.000",30.0,31.5,20.13,11.370000000000001,3,1,2024
2024-08-27,iDE,ÁLAVA,"ST,STR ALI B30.000",30.0,10.35,0.63,9.719999999999999,8,3,2024
2025-01-30,iDE,ÁLAVA,"ST,STR ALI B30.000",30.0,30.56,10.37,20.189999999999998,1,1,2025
2025-10-01,iDE,ÁLAVA,"ST,STR ALI B30.000",30.0,58.37,0.0,58.37,10,4,2025
2025-11-01,iDE,ÁLAVA,"ST,STR ALI B30.000",30.0,58.37,0.0,58.37,11,4,2025
2023-12-21,iDE,ÁLAVA,ST.STR ALI A30.000,30.0,31.14,21.15,9.990000000000002,12,4,2023
2023-12-21,iDE,ÁLAVA,ST.STR ALI B30.000,30.0,31.14,21.15,9.990000000000002,12,4,2023
2025-10-01,iDE,ALICANTE,STA.POLA T3,20.0,34.2476,0.0,34.2476,10,4,2025
2025-10-01,iDE,ALICANTE,STA.POLA T4,20.0,34.5464,0.0,34.5464,10,4,2025
2025-10-01,iDE,MURCIA,STMURCIA T1,20.0,16.8803,0.0,16.8803,10,4,2025
2025-11-01,iDE,MURCIA,STMURCIA T1,20.0,16.88,0.0,16.88,11,4,2025
2026-01-01,iDE,Murcia,STMURCIA T1,20.0,25.86,16.88,8.98,1,1,2026
2024-09-26,iDE,MURCIA,STMURCIA T2,20.0,20.54,15.17,5.369999999999999,9,3,2024
2025-10-01,iDE,MURCIA,STMURCIA T2,20.0,21.6341,0.0,21.6341,10,4,2025
2025-11-01,iDE,MURCIA,STMURCIA T2,20.0,21.63,0.0,21.63,11,4,2025
2025-10-01,iDE,MADRID,T.CANTOS T3,20.0,17.26,0.0,17.26,10,4,2025
2025-11-01,iDE,MADRID,T.CANTOS T3,20.0,13.97,0.0,13.97,11,4,2025
2025-10-01,iDE,MADRID,T.CANTOS T4,20.0,17.26,0.0,17.26,10,4,2025
2025-11-01,iDE,MADRID,T.CANTOS T4,20.0,13.97,0.0,13.97,11,4,2025
2024-02-28,iDE,MADRID,T.CANTOS T7,20.0,26.23,21.23,5.0,2,1,2024
2025-10-01,iDE,MADRID,T.CANTOS T7,20.0,17.8132,0.0,17.8132,10,4,2025
2025-11-01,iDE,MADRID,T.CANTOS T7,20.0,17.81,0.0,17.81,11,4,2025
2025-10-01,iDE,MADRID,T.CANTOS T8,20.0,19.4223,0.0,19.4223,10,4,2025
2025-11-01,iDE,MADRID,T.CANTOS T8,20.0,21.22,0.0,21.22,11,4,2025
2026-03-01,iDE,Navarra,T.ESTELLA 66.000,66.0,34.99,0.0,34.99,3,1,2026
2025-04-11,iDE,NAVARRA,TAFALLA     66.000,66.0,12.66,0.0,12.66,4,2,2025
2025-10-03,iDE,NAVARRA,TAFALLA     66.000,66.0,0.0,-6.55,6.55,10,4,2025
2025-11-01,iDE,NAVARRA,TAFALLA     66.000,66.0,10.13,0.0,10.13,11,4,2025
2026-01-01,iDE,Navarra,TAFALLA     66.000,66.0,37.65,10.12,27.53,1,1,2026
2026-05-01,iDE,Madrid,TAJAPIES T1,15.0,5.06,0.0,5.06,5,2,2026
2026-05-01,iDE,Madrid,TAJAPIES T1,45.0,0.11,-4.95,5.0600000000000005,5,2,2026
2024-12-02,iDE,MADRID,TCANTOS 2   66.000,66.0,10.28,0.0,10.28,12,4,2024
2025-10-01,iDE,MADRID,TCANTOS A1   66.000,66.0,17.26,0.0,17.26,10,4,2025
2025-11-01,iDE,MADRID,TCANTOS A1   66.000,66.0,13.97,0.0,13.97,11,4,2025
2025-10-03,iDE,MADRID,TCANTOS B1   66.000,66.0,0.0,-49.95,49.95,10,4,2025
2025-11-01,iDE,MADRID,TCANTOS B1   66.000,66.0,51.55,0.0,51.55,11,4,2025
2024-06-25,iDE,ALICANTE,TERRAMIT    132.00,132.0,79.74,37.97,41.769999999999996,6,2,2024
2024-12-02,iDE,ALICANTE,TERRAMIT    132.00,132.0,60.27,46.99,13.280000000000001,12,4,2024
2025-01-30,iDE,ALICANTE,TERRAMIT    132.00,132.0,191.06,60.27,130.79,1,1,2025
2025-04-11,iDE,ALICANTE,TERRAMIT    132.00,132.0,211.42,189.86,21.559999999999974,4,2,2025
2025-11-01,iDE,ALICANTE,TERRAMIT    132.00,132.0,188.17,0.0,188.17,11,4,2025
2025-12-01,iDE,Alicante/Alacant,TERRAMIT    132.00,132.0,209.08,188.17,20.910000000000025,12,4,2025
2026-03-01,iDE,Alicante/Alacant,TERRAMIT    132.00,132.0,118.06,65.61,52.45,3,1,2026
2026-05-01,iDE,Alicante/Alacant,TERRAMIT    132.00,132.0,159.64,118.06,41.579999999999984,5,2,2026
2023-12-21,iDE,ALICANTE,TERRAMIT 132.00,132.0,104.77,74.77,30.0,12,4,2023
2025-10-01,iDE,ALICANTE,TERRAMIT T1,20.0,23.4667,0.0,23.4667,10,4,2025
2025-11-01,iDE,ALICANTE,TERRAMIT T1,20.0,23.47,0.0,23.47,11,4,2025
2024-06-25,iDE,ALICANTE,TEULADA     132.00,132.0,164.42,10.0,154.42,6,2,2024
2024-10-29,iDE,ALICANTE,TEULADA     132.00,132.0,164.27,155.91,8.360000000000014,10,4,2024
2025-01-30,iDE,ALICANTE,TEULADA     132.00,132.0,194.34,61.07,133.27,1,1,2025
2025-11-01,iDE,ALICANTE,TEULADA     132.00,132.0,192.38,0.0,192.38,11,4,2025
2024-01-31,iDE,ALICANTE,TEULADA 132.00,132.0,116.58,81.33,35.25,1,1,2024
2025-11-01,iDE,ALICANTE,TEULADA T1,20.0,23.36,0.0,23.36,11,4,2025
2025-11-01,iDE,ALICANTE,TEULADA T2,20.0,19.75,0.0,19.75,11,4,2025
2024-05-29,iDE,VALENCIA,TORREFIE    132.00,132.0,140.0,126.71,13.290000000000006,5,2,2024
2024-11-15,iDE,VALENCIA,TORREFIE    132.00,132.0,125.08,57.57,67.50999999999999,11,4,2024
2024-12-02,iDE,VALENCIA,TORREFIE    132.00,132.0,158.0,125.08,32.92,12,4,2024
2025-04-11,iDE,VALENCIA,TORREFIE    132.00,132.0,158.94,135.46,23.47999999999999,4,2,2025
2025-11-01,iDE,VALENCIA,TORREFIE    132.00,132.0,168.21,0.0,168.21,11,4,2025
2024-01-31,iDE,VALENCIA,TORREFIE 132.00,132.0,136.97,127.97,9.0,1,1,2024
2025-10-01,iDE,VALENCIA,TORREFIE T1,20.0,27.82,0.0,27.82,10,4,2025
2025-11-01,iDE,VALENCIA,TORREFIE T1,20.0,27.82,0.0,27.82,11,4,2025
2025-10-01,iDE,VALENCIA,TORREFIE T2,20.0,27.91,0.0,27.91,10,4,2025
2025-11-01,iDE,VALENCIA,TORREFIE T2,20.0,27.91,0.0,27.91,11,4,2025
2025-10-01,iDE,VALENCIA,TORREFIE T3,20.0,26.5357,0.0,26.5357,10,4,2025
2025-11-01,iDE,VALENCIA,TORREFIE T3,20.0,26.54,0.0,26.54,11,4,2025
2024-05-29,iDE,VALENCIA,TORRENTE    132.00,132.0,337.76,214.11,123.64999999999998,5,2,2024
2024-12-02,iDE,VALENCIA,TORRENTE    132.00,132.0,204.44,96.86,107.58,12,4,2024
2025-10-01,iDE,VALENCIA,TORRENTE    132.00,132.0,191.68,0.0,191.68,10,4,2025
2025-11-01,iDE,VALENCIA,TORRENTE    132.00,132.0,192.39,21.33,171.06,11,4,2025
2026-01-01,iDE,Valencia/València,TORRENTE    132.00,132.0,282.3,196.04,86.26000000000002,1,1,2026
2026-03-01,iDE,Valencia/València,TORRENTE    132.00,132.0,433.95,282.3,151.64999999999998,3,1,2026
2025-10-03,iDE,VALENCIA,TORRENTE    66.000,66.0,19.73,0.0,19.73,10,4,2025
2024-04-29,iDE,VALENCIA,TORRENTE   132,132.0,318.62,224.11,94.50999999999999,4,2,2024
2024-01-31,iDE,VALENCIA,TORRENTE 132.00,132.0,205.43,88.08,117.35000000000001,1,1,2024
2025-10-01,iDE,VALENCIA,TORRENTE T4,20.0,6.7447,0.0,6.7447,10,4,2025
2025-11-01,iDE,VALENCIA,TORRENTE T4,20.0,6.74,0.0,6.74,11,4,2025
2026-05-01,iDE,Valencia/València,TORRENTE T4,20.0,17.26,-2.14,19.400000000000002,5,2,2026
2024-02-28,iDE,VALENCIA,TORRENTE T5,20.0,14.65,0.0,14.65,2,1,2024
2026-05-01,iDE,Valencia/València,TORRENTE T5,20.0,7.6,1.84,5.76,5,2,2026
2025-11-01,iDE,ALICANTE,TORREVIEJA T1,20.0,34.88,3.99,30.89,11,4,2025
2025-11-01,iDE,ALICANTE,TORREVIEJA T2,20.0,35.0,2.92,32.08,11,4,2025
2025-10-03,iDE,MURCIA,TOTANA      132.00,132.0,0.0,-168.5,168.5,10,4,2025
2025-10-03,iDE,ORENSE,TRIVES      132.00,132.0,70.0,0.0,70.0,10,4,2025
2025-10-01,iDE,ORENSE,TRIVES T1 13,13.2,62.62,0.0,62.62,10,4,2025
2025-01-30,iDE,NAVARRA,TUDELA      66.000,66.0,18.18,0.0,18.18,1,1,2025
2025-10-03,iDE,NAVARRA,TUDELA      66.000,66.0,0.0,-11.2,11.2,10,4,2025
2026-03-01,iDE,Navarra,TUDELA      66.000,66.0,-7.29,-15.64,8.350000000000001,3,1,2026
2025-10-03,iDE,VALLADOLID,TUDELA DUERO T1 45,45.0,10.5,0.0,10.5,10,4,2025
2026-03-01,iDE,Navarra,ULZAMA T1,13.2,5.61,0.0,5.61,3,1,2026
2026-03-01,iDE,Navarra,ULZAMA T1,66.0,5.61,0.0,5.61,3,1,2026
2025-10-01,iDE,MADRID,UNIVER.M T1,15.0,27.919,0.0,27.919,10,4,2025
2025-11-01,iDE,MADRID,UNIVER.M T1,15.0,27.92,0.0,27.92,11,4,2025
2025-10-01,iDE,MADRID,UNIVER.M T2,15.0,27.8578,0.0,27.8578,10,4,2025
2025-11-01,iDE,MADRID,UNIVER.M T2,15.0,27.86,0.0,27.86,11,4,2025
2025-10-03,iDE,VALENCIA,URRUTIA     132.00,132.0,13.28,0.0,13.28,10,4,2025
2024-01-31,iDE,MADRID,V.ARCIPR T2,20.0,20.0,11.6,8.4,1,1,2024
2024-07-23,iDE,MADRID,V.ARCIPR T2,20.0,24.92,9.92,15.000000000000002,7,3,2024
2025-01-30,iDE,MADRID,V.ARCIPR T2,20.0,12.19,0.0,12.19,1,1,2025
2025-10-01,iDE,MADRID,V.ARCIPR T2,20.0,12.1679,0.0,12.1679,10,4,2025
2025-11-01,iDE,MADRID,V.ARCIPR T2,20.0,12.17,0.0,12.17,11,4,2025
2024-07-23,iDE,MADRID,V.PARDIL T1,20.0,9.56,1.13,8.43,7,3,2024
2025-11-01,iDE,MADRID,V.PARDIL T1,20.0,14.94,0.0,14.94,11,4,2025
2024-07-23,iDE,MADRID,V.PARDIL T2,20.0,22.55,1.13,21.42,7,3,2024
2025-10-03,iDE,BADAJOZ,VALDECAB    132.00,132.0,45.0,0.0,45.0,10,4,2025
2026-05-01,iDE,Cáceres,VALDEOBP    132.00,132.0,0.0,-38.0,38.0,5,2,2026
2024-06-25,iDE,MADRID,VALDERA1 T1,15.0,28.07,8.75,19.32,6,2,2024
2025-10-01,iDE,MADRID,VALDERA1 T1,45.0,23.5059,0.0,23.5059,10,4,2025
2025-11-01,iDE,MADRID,VALDERA1 T1,45.0,23.51,0.0,23.51,11,4,2025
2024-06-25,iDE,MADRID,VALDERA1 T2,15.0,28.06,8.75,19.31,6,2,2024
2025-10-01,iDE,MADRID,VALDERA1 T2,15.0,8.75,0.0,8.75,10,4,2025
2025-11-01,iDE,MADRID,VALDERA1 T2,15.0,8.75,0.0,8.75,11,4,2025
2025-10-01,iDE,MADRID,VALDERA1 T2,45.0,18.987,0.0,18.987,10,4,2025
2025-11-01,iDE,MADRID,VALDERA1 T2,45.0,18.99,0.0,18.99,11,4,2025
2024-04-29,iDE,MADRID,VALDERA2 T1,15.0,6.9,0.0,6.9,4,2,2024
2024-12-02,iDE,MADRID,VALDERA2 T1,15.0,6.91,0.0,6.91,12,4,2024
2025-10-01,iDE,MADRID,VALDERA2 T1,15.0,6.91,0.0,6.91,10,4,2025
2025-11-01,iDE,MADRID,VALDERA2 T1,15.0,6.91,0.0,6.91,11,4,2025
2026-01-01,iDE,Madrid,VALDERA2 T1,15.0,6.91,0.71,6.2,1,1,2026
2024-04-29,iDE,MADRID,VALDERA2 T1,45.0,7.28,0.0,7.28,4,2,2024
2024-12-02,iDE,MADRID,VALDERA2 T1,45.0,7.37,0.0,7.37,12,4,2024
2025-10-01,iDE,MADRID,VALDERA2 T1,45.0,7.0966,0.0,7.0966,10,4,2025
2025-11-01,iDE,MADRID,VALDERA2 T1,45.0,7.1,0.0,7.1,11,4,2025
2026-01-01,iDE,Madrid,VALDERA2 T1,45.0,7.1,0.71,6.39,1,1,2026
2024-05-29,iDE,MADRID,VALDERA2 T2,15.0,6.99,1.92,5.07,5,2,2024
2024-04-29,iDE,MADRID,VALDERA2 T2,45.0,10.92,1.92,9.0,4,2,2024
2024-08-27,iDE,MADRID,VALDERA2 T2,45.0,28.11,10.92,17.189999999999998,8,3,2024
2025-10-03,iDE,MADRID,VALDERA2 T2,45.0,0.0,-21.9381,21.9381,10,4,2025
2026-03-01,iDE,Zamora,VALDERREY T1 13,13.2,7.61,0.0,7.61,3,1,2026
2026-03-01,iDE,Zamora,VALDERREY T1 45,45.0,25.0,0.0,25.0,3,1,2026
2026-03-01,iDE,Zamora,VALDERREY T2 13,13.2,11.58,0.0,11.58,3,1,2026
2026-03-01,iDE,Zamora,VALDERREY T2 45,45.0,25.0,0.0,25.0,3,1,2026
2024-07-23,iDE,MADRID,VALDMLLO    66.000,66.0,12.36,1.48,10.879999999999999,7,3,2024
2025-10-01,iDE,MADRID,VALDMLLO    66.000,66.0,7.97,0.0,7.97,10,4,2025
2025-11-01,iDE,MADRID,VALDMLLO    66.000,66.0,7.96,0.0,7.96,11,4,2025
2024-06-25,iDE,MADRID,VALDRREJ T1,15.0,28.12,6.97,21.150000000000002,6,2,2024
2025-10-01,iDE,MADRID,VALDRREJ T1,45.0,20.3829,0.0,20.3829,10,4,2025
2025-11-01,iDE,MADRID,VALDRREJ T1,45.0,20.38,0.0,20.38,11,4,2025
2024-06-25,iDE,MADRID,VALDRREJ T2,15.0,27.9,6.73,21.169999999999998,6,2,2024
2025-10-01,iDE,MADRID,VALDRREJ T2,15.0,6.6665,0.0,6.6665,10,4,2025
2025-11-01,iDE,MADRID,VALDRREJ T2,15.0,6.67,0.0,6.67,11,4,2025
2025-10-01,iDE,MADRID,VALDRREJ T2,45.0,27.8565,0.0,27.8565,10,4,2025
2025-11-01,iDE,MADRID,VALDRREJ T2,45.0,27.86,0.0,27.86,11,4,2025
2025-10-01,iDE,VALLADOLID,VALLADOLID T11 13,13.2,8.9511,0.0,8.9511,10,4,2025
2025-10-03,iDE,VALLADOLID,VALLADOLID T11 13,13.2,17.39,8.9511,8.4389,10,4,2025
2025-10-03,iDE,VALLADOLID,VALLADOLID T12 13,13.2,18.78,0.0,18.78,10,4,2025
2025-10-03,iDE,VALLADOLID,VALLADOLID T21 13,13.2,17.96,0.0,17.96,10,4,2025
2025-10-01,iDE,VALLADOLID,VALLADOLID T22 13,13.2,5.1099,0.0,5.1099,10,4,2025
2025-10-03,iDE,VALLADOLID,VALLADOLID T22 13,13.2,17.7,5.1099,12.5901,10,4,2025
2025-10-03,iDE,VALLADOLID,VALLADOLID T31 13,13.2,26.44,2.6259,23.8141,10,4,2025
2025-10-03,iDE,VALLADOLID,VALLADOLID T32 13,13.2,22.87,4.884,17.986,10,4,2025
2023-12-21,iDE,VALENCIA,VALLDIGN T1,20.0,26.84,18.16,8.68,12,4,2023
2024-09-26,iDE,VALENCIA,VALLDIGN T1,20.0,22.9,7.72,15.18,9,3,2024
2024-10-29,iDE,VALENCIA,VALLDIGN T1,20.0,27.9,22.9,5.0,10,4,2024
2025-10-01,iDE,VALENCIA,VALLDIGN T1,20.0,5.0498,0.0,5.0498,10,4,2025
2025-11-01,iDE,VALENCIA,VALLDIGN T1,20.0,19.53,5.35,14.180000000000001,11,4,2025
2023-12-21,iDE,VALENCIA,VALLDIGN T2,20.0,27.72,22.6,5.119999999999997,12,4,2023
2024-06-25,iDE,VALENCIA,VALLDIGN T2,20.0,27.5,22.32,5.18,6,2,2024
2024-09-26,iDE,VALENCIA,VALLDIGN T2,20.0,22.41,17.32,5.09,9,3,2024
2025-04-11,iDE,VALENCIA,VALLDIGN T2,20.0,23.68,14.7,8.98,4,2,2025
2025-10-01,iDE,VALENCIA,VALLDIGN T2,20.0,14.2006,0.0,14.2006,10,4,2025
2025-11-01,iDE,VALENCIA,VALLDIGN T2,20.0,23.68,5.48,18.2,11,4,2025
2024-07-23,iDE,LA RIOJA,VAREA T2,13.0,5.54,0.0,5.54,7,3,2024
2024-09-26,iDE,LA RIOJA,VAREA T2,13.0,13.98,1.0,12.98,9,3,2024
2024-07-23,iDE,LA RIOJA,VAREA T2,66.0,5.54,0.0,5.54,7,3,2024
2024-09-26,iDE,LA RIOJA,VAREA T2,66.0,15.11,0.0,15.11,9,3,2024
2026-03-01,iDE,Valencia/València,VCARCER T1,20.0,8.69,3.32,5.369999999999999,3,1,2026
2023-12-21,iDE,VALENCIA,VCARCER T2,20.0,8.47,3.37,5.1000000000000005,12,4,2023
2026-03-01,iDE,Valencia/València,VCARCER T2,20.0,10.83,2.73,8.1,3,1,2026
2025-10-03,iDE,NAVARRA,VENTAJUD T2,13.2,6.21,0.0,6.21,10,4,2025
2025-10-01,iDE,MADRID,VENTAS.M T1,20.0,9.45,0.0,9.45,10,4,2025
2025-11-01,iDE,MADRID,VENTAS.M T1,20.0,34.93,8.77,26.16,11,4,2025
2025-10-01,iDE,MADRID,VENTAS.M T2,20.0,34.8425,0.0,34.8425,10,4,2025
2025-11-01,iDE,MADRID,VENTAS.M T2,20.0,34.84,11.04,23.800000000000004,11,4,2025
2025-10-01,iDE,MADRID,VENTAS.M T3,15.0,5.82,0.0,5.82,10,4,2025
2025-11-01,iDE,MADRID,VENTAS.M T3,15.0,35.0,5.12,29.88,11,4,2025
2025-10-01,iDE,MADRID,VENTAS.M T4,15.0,19.29,0.0,19.29,10,4,2025
2025-11-01,iDE,MADRID,VENTAS.M T4,15.0,34.96,19.24,15.720000000000002,11,4,2025
2024-12-02,iDE,MADRID,VENTEROS    66.000,66.0,10.47,0.0,10.47,12,4,2024
2025-11-01,iDE,MADRID,VENTEROS A1    66.000,66.0,29.76,0.0,29.76,11,4,2025
2025-10-01,iDE,MADRID,VENTEROS A2    66.000,66.0,9.22,0.0,9.22,10,4,2025
2025-11-01,iDE,MADRID,VENTEROS A2    66.000,66.0,9.33,0.0,9.33,11,4,2025
2024-05-29,iDE,ALICANTE,VERGEL      132.00,132.0,243.0,201.02,41.97999999999999,5,2,2024
2024-07-23,iDE,ALICANTE,VERGEL      132.00,132.0,253.08,210.51,42.57000000000002,7,3,2024
2025-01-30,iDE,ALICANTE,VERGEL      132.00,132.0,159.86,76.56,83.30000000000001,1,1,2025
2025-11-01,iDE,ALICANTE,VERGEL      132.00,132.0,158.53,0.0,158.53,11,4,2025
2026-03-01,iDE,Alicante/Alacant,VERGEL      132.00,132.0,192.87,158.53,34.34,3,1,2026
2024-04-29,iDE,ALICANTE,VERGEL   132,132.0,201.02,20.0,181.02,4,2,2024
2025-10-01,iDE,ALICANTE,VERGEL T1,20.0,18.6904,0.0,18.6904,10,4,2025
2025-11-01,iDE,ALICANTE,VERGEL T1,20.0,18.69,0.0,18.69,11,4,2025
2025-10-01,iDE,ALICANTE,VERGEL T2,20.0,27.8362,0.0,27.8362,10,4,2025
2025-11-01,iDE,ALICANTE,VERGEL T2,20.0,27.84,0.0,27.84,11,4,2025
2024-06-25,iDE,MADRID,VIENCINA T2,15.0,23.64,7.55,16.09,6,2,2024
2025-10-03,iDE,MADRID,VIENCINA T2,15.0,0.0,-12.0441,12.0441,10,4,2025
2024-12-02,iDE,CUENCA,VILL.SAZ    66.000,66.0,15.78,0.0,15.78,12,4,2024
2025-10-03,iDE,CUENCA,VILL.SAZ  A1 66.000,66.0,0.0,-58.0,58.0,10,4,2025
2024-07-23,iDE,MADRID,VILLALB2    66.000,66.0,8.53,0.0,8.53,7,3,2024
2024-09-26,iDE,MADRID,VILLALB2    66.000,66.0,17.35,8.58,8.770000000000001,9,3,2024
2024-10-29,iDE,MADRID,VILLALB2    66.000,66.0,41.37,17.35,24.019999999999996,10,4,2024
2024-12-02,iDE,MADRID,VILLALBA    66.000,66.0,9.91,0.0,9.91,12,4,2024
2025-11-01,iDE,MADRID,VILLALBA A1 66.000,66.0,48.0,0.0,48.0,11,4,2025
2025-10-01,iDE,MADRID,VILLALBA B1 66.000,66.0,31.51,0.0,31.51,10,4,2025
2025-11-01,iDE,MADRID,VILLALBA B1 66.000,66.0,31.51,0.0,31.51,11,4,2025
2026-03-01,iDE,Madrid,VILLALBA B1 66.000,66.0,42.5,31.51,10.989999999999998,3,1,2026
2024-12-02,iDE,MADRID,VILLALBA T1,20.0,9.91,0.0,9.91,12,4,2024
2025-11-01,iDE,MADRID,VILLALBA T1,20.0,15.71,0.0,15.71,11,4,2025
2024-12-02,iDE,MADRID,VILLALBA T2,20.0,9.91,0.0,9.91,12,4,2024
2025-11-01,iDE,MADRID,VILLALBA T2,20.0,13.93,0.0,13.93,11,4,2025
2024-07-23,iDE,MADRID,VILLALBA T3,20.0,8.53,0.0,8.53,7,3,2024
2025-10-01,iDE,MADRID,VILLALBA T3,20.0,13.218,0.0,13.218,10,4,2025
2025-11-01,iDE,MADRID,VILLALBA T3,20.0,13.22,0.0,13.22,11,4,2025
2025-10-03,iDE,BURGOS,VILLALBI    132.00,132.0,0.0,-50.0,50.0,10,4,2025
2025-10-03,iDE,ZAMORA,VILLALCA    132.00,132.0,70.0,-36.0,106.0,10,4,2025
2024-12-02,iDE,VALENCIA,VILLAMTE    132.00,132.0,101.61,0.0,101.61,12,4,2024
2025-02-26,iDE,VALENCIA,VILLAMTE    132.00,132.0,112.5,86.29,26.209999999999994,2,1,2025
2025-04-11,iDE,VALENCIA,VILLAMTE    132.00,132.0,188.78,112.5,76.28,4,2,2025
2025-11-01,iDE,VALENCIA,VILLAMTE    132.00,132.0,174.16,0.0,174.16,11,4,2025
2026-05-01,iDE,Valencia/València,VILLAMTE    132.00,132.0,16.24,8.47,7.769999999999998,5,2,2026
2024-12-02,iDE,VALENCIA,VILLAMTE    66.000,66.0,37.77,0.0,37.77,12,4,2024
2025-02-26,iDE,VALENCIA,VILLAMTE    66.000,66.0,71.01,28.73,42.28,2,1,2025
2025-10-01,iDE,VALENCIA,VILLAMTE    66.000,66.0,66.96,0.0,66.96,10,4,2025
2025-11-01,iDE,VALENCIA,VILLAMTE    66.000,66.0,66.97,0.0,66.97,11,4,2025
2026-05-01,iDE,Valencia/València,VILLAMTE    66.000,66.0,19.52,10.34,9.18,5,2,2026
2024-12-02,iDE,CUENCA,VILLARES T3,20.0,9.25,0.0,9.25,12,4,2024
2025-10-03,iDE,CUENCA,VILLARES T3,20.0,0.0,-5.0,5.0,10,4,2025
2024-04-29,iDE,MADRID,VILLAVD1   45,45.0,77.34,59.34,18.0,4,2,2024
2024-05-29,iDE,MADRID,VILLAVDE    132.00,132.0,72.18,40.9,31.28000000000001,5,2,2024
2025-04-11,iDE,MADRID,VILLAVDE    132.00,132.0,76.69,69.34,7.349999999999994,4,2,2025
2025-10-01,iDE,MADRID,VILLAVDE    132.00,132.0,73.95,0.0,73.95,10,4,2025
2025-11-01,iDE,MADRID,VILLAVDE    132.00,132.0,73.93,0.0,73.93,11,4,2025
2026-03-01,iDE,Madrid,VILLAVDE    132.00,132.0,93.01,73.96,19.05000000000001,3,1,2026
2024-04-29,iDE,MADRID,VILLAVDE   132,132.0,72.19,40.0,32.19,4,2,2024
2025-10-01,iDE,MADRID,VILLAVERDE A1  45.000,45.0,73.43,0.0,73.43,10,4,2025
2025-11-01,iDE,MADRID,VILLAVERDE A1  45.000,45.0,73.43,0.0,73.43,11,4,2025
2025-10-03,iDE,ALICANTE,VILLENA     132.00,132.0,16.04,0.0,16.04,10,4,2025
2025-10-03,iDE,ALICANTE,VILLENA     66.000,66.0,10.5,0.0,10.5,10,4,2025
2025-10-03,iDE,ALICANTE,VILLENA T3,20.0,13.82,0.0,13.82,10,4,2025
2025-10-03,iDE,ALICANTE,VILLENA T5,20.0,15.29,0.0,15.29,10,4,2025
2024-02-28,iDE,BURGOS,VILLIMART1  45.000,45.0,5.37,0.0,5.37,2,1,2024
2024-02-28,iDE,BURGOS,VILLIMART2  45.000,45.0,13.75,0.0,13.75,2,1,2024
2024-05-29,iDE,VALENCIA,VINALESA    132.00,132.0,282.86,205.95,76.91000000000003,5,2,2024
2024-12-02,iDE,VALENCIA,VINALESA    132.00,132.0,185.45,123.28,62.16999999999999,12,4,2024
2025-10-01,iDE,VALENCIA,VINALESA    132.00,132.0,186.72,0.0,186.72,10,4,2025
2025-11-01,iDE,VALENCIA,VINALESA    132.00,132.0,186.72,0.0,186.72,11,4,2025
2024-11-15,iDE,VALENCIA,VINALESA    66.000,66.0,136.82,129.0,7.819999999999993,11,4,2024
2025-10-01,iDE,VALENCIA,VINALESA    66.000,66.0,85.99,0.0,85.99,10,4,2025
2025-11-01,iDE,VALENCIA,VINALESA    66.000,66.0,86.0,0.0,86.0,11,4,2025
2026-01-01,iDE,Valencia/València,VINALESA    66.000,66.0,94.56,86.0,8.560000000000002,1,1,2026
2024-04-29,iDE,VALENCIA,VINALESA   132,132.0,311.37,215.95,95.42000000000002,4,2,2024
2024-01-31,iDE,VALENCIA,VINALESA 132.00,132.0,247.64,196.64,51.0,1,1,2024
2023-12-21,iDE,VALENCIA,VINALESA 66.000,66.0,125.89,113.89,12.0,12,4,2023
2025-10-01,iDE,VALENCIA,VINALESA T3,20.0,14.671,0.0,14.671,10,4,2025
2025-11-01,iDE,VALENCIA,VINALESA T3,20.0,16.92,0.0,16.92,11,4,2025
2025-10-01,iDE,VALENCIA,VINALESA T4,20.0,14.1103,0.0,14.1103,10,4,2025
2025-11-01,iDE,VALENCIA,VINALESA T4,20.0,14.11,0.0,14.11,11,4,2025
2024-11-15,iDE,VALENCIA,VIVEROS     66.000,66.0,110.5,8.7,101.8,11,4,2024
2024-12-02,iDE,VALENCIA,VIVEROS     66.000,66.0,122.02,110.5,11.519999999999996,12,4,2024
2025-02-26,iDE,VALENCIA,VIVEROS     66.000,66.0,77.15,12.42,64.73,2,1,2025
2025-04-11,iDE,VALENCIA,VIVEROS     66.000,66.0,118.36,77.15,41.209999999999994,4,2,2025
2025-10-01,iDE,VALENCIA,VIVEROS     66.000,66.0,124.99,0.0,124.99,10,4,2025
2025-11-01,iDE,VALENCIA,VIVEROS     66.000,66.0,125.01,0.0,125.01,11,4,2025
2024-11-15,iDE,VALENCIA,VIVEROS T1,11.0,21.0,8.7,12.3,11,4,2024
2025-02-26,iDE,VALENCIA,VIVEROS T1,11.0,21.0,12.42,8.58,2,1,2025
2025-10-01,iDE,VALENCIA,VIVEROS T1,11.0,9.9,0.0,9.9,10,4,2025
2025-11-01,iDE,VALENCIA,VIVEROS T1,11.0,21.0,0.0,21.0,11,4,2025
2024-11-15,iDE,VALENCIA,VIVEROS T2,20.0,21.0,8.7,12.3,11,4,2024
2025-02-26,iDE,VALENCIA,VIVEROS T2,20.0,20.95,12.42,8.53,2,1,2025
2025-10-01,iDE,VALENCIA,VIVEROS T2,20.0,20.946,0.0,20.946,10,4,2025
2025-11-01,iDE,VALENCIA,VIVEROS T2,20.0,20.95,0.0,20.95,11,4,2025
2024-11-15,iDE,VALENCIA,VIVEROS T3,20.0,21.0,8.7,12.3,11,4,2024
2025-02-26,iDE,VALENCIA,VIVEROS T3,20.0,21.0,12.42,8.58,2,1,2025
2025-10-01,iDE,VALENCIA,VIVEROS T3,20.0,21.0,0.0,21.0,10,4,2025
2025-11-01,iDE,VALENCIA,VIVEROS T3,20.0,21.0,0.0,21.0,11,4,2025
2024-12-02,iDE,VALENCIA,VMACHATE T4,20.0,25.44,0.0,25.44,12,4,2024
2025-10-01,iDE,VALENCIA,VMACHATE T4,20.0,18.8346,0.0,18.8346,10,4,2025
2025-11-01,iDE,VALENCIA,VMACHATE T4,20.0,22.23,0.0,22.23,11,4,2025
2026-05-01,iDE,Valencia/València,VMACHATE T4,20.0,16.24,8.47,7.769999999999998,5,2,2026
2024-07-23,iDE,LA RIOJA,VMEDIANA T1,13.0,5.54,0.0,5.54,7,3,2024
2024-09-26,iDE,LA RIOJA,VMEDIANA T1,13.0,15.11,1.0,14.11,9,3,2024
2024-07-23,iDE,LA RIOJA,VMEDIANA T1,66.0,5.54,0.0,5.54,7,3,2024
2024-09-26,iDE,LA RIOJA,VMEDIANA T1,66.0,15.11,0.0,15.11,9,3,2024
2024-07-23,iDE,LA RIOJA,VMEDIANA T2,13.0,5.54,0.0,5.54,7,3,2024
2024-09-26,iDE,LA RIOJA,VMEDIANA T2,13.0,7.91,1.0,6.91,9,3,2024
2024-10-29,iDE,LA RIOJA,VMEDIANA T2,13.0,15.93,7.91,8.02,10,4,2024
2024-07-23,iDE,LA RIOJA,VMEDIANA T2,66.0,5.54,0.0,5.54,7,3,2024
2024-09-26,iDE,LA RIOJA,VMEDIANA T2,66.0,15.11,0.0,15.11,9,3,2024
2024-07-23,iDE,MADRID,VPARDILL    132.00,132.0,31.62,1.13,30.490000000000002,7,3,2024
2024-09-26,iDE,MADRID,VPARDILL    132.00,132.0,56.54,19.76,36.78,9,3,2024
2024-12-02,iDE,MADRID,VPARDILL    132.00,132.0,56.84,46.66,10.180000000000007,12,4,2024
2025-10-01,iDE,MADRID,VPARDILL    132.00,132.0,47.17,0.0,47.17,10,4,2025
2025-11-01,iDE,MADRID,VPARDILL    132.00,132.0,63.0,0.0,63.0,11,4,2025
2026-03-01,iDE,Madrid,VPARDILL    132.00,132.0,83.57,63.04,20.529999999999994,3,1,2026
2026-05-01,iDE,Madrid,VPARDILL    132.00,132.0,129.6,83.57,46.03,5,2,2026
2024-06-25,iDE,CASTELLÓN,VRREAL.S    132.00,132.0,103.08,10.0,93.08,6,2,2024
2024-10-29,iDE,CASTELLÓN,VRREAL.S    132.00,132.0,92.83,81.35,11.480000000000004,10,4,2024
2025-01-30,iDE,CASTELLÓN,VRREAL.S    132.00,132.0,53.1,39.28,13.82,1,1,2025
2025-11-01,iDE,CASTELLÓN,VRREAL.S    132.00,132.0,51.42,0.0,51.42,11,4,2025
2026-01-01,iDE,Castellón/Castelló,VRREAL.S    132.00,132.0,62.37,51.33,11.04,1,1,2026
2023-11-30,iDE,CASTELLÓN,VRREAL.S 132.00,132.0,86.85,76.85,10.0,11,4,2023
2024-01-31,iDE,CASTELLÓN,VRREAL.S 132.00,132.0,106.68,86.85,19.830000000000013,1,1,2024
2025-10-01,iDE,CASTELLÓN,VRREAL.S T11,20.0,12.4705,0.0,12.4705,10,4,2025
2025-11-01,iDE,CASTELLÓN,VRREAL.S T11,20.0,12.47,0.0,12.47,11,4,2025
2024-04-29,iDE,CASTELLÓN,VRREAL.S T2,20.0,16.84,5.58,11.26,4,2,2024
2025-10-01,iDE,CASTELLÓN,VRREAL.S T2,20.0,21.0367,0.0,21.0367,10,4,2025
2025-11-01,iDE,CASTELLÓN,VRREAL.S T2,20.0,21.04,0.0,21.04,11,4,2025
2023-12-21,iDE,GUIPÚZCOA,VURRECHU T1 30.000,30.0,15.34,4.33,11.01,12,4,2023
2025-11-01,iDE,MADRID,XANADU T1,15.0,6.24,0.0,6.24,11,4,2025
2025-11-01,iDE,MADRID,XANADU T1,45.0,9.32,0.0,9.32,11,4,2025
2026-03-01,iDE,Madrid,XANADU T1,45.0,14.89,9.32,5.57,3,1,2026
2024-03-22,iDE,MADRID,XANADU T2,15.0,13.18,0.0,13.18,3,1,2024
2025-10-01,iDE,MADRID,XANADU T2,15.0,8.7054,0.0,8.7054,10,4,2025
2025-11-01,iDE,MADRID,XANADU T2,15.0,8.71,0.0,8.71,11,4,2025
2024-03-22,iDE,MADRID,XANADU T2,45.0,13.18,0.0,13.18,3,1,2024
2025-10-01,iDE,MADRID,XANADU T2,45.0,8.7054,0.0,8.7054,10,4,2025
2025-11-01,iDE,MADRID,XANADU T2,45.0,8.71,0.0,8.71,11,4,2025
2025-10-03,iDE,MURCIA,YECLA       132.00,132.0,15.88,0.0,15.88,10,4,2025
2025-10-03,iDE,MURCIA,YECLA T1,20.0,9.12,0.0,9.12,10,4,2025
2025-10-03,iDE,MURCIA,YECLA T2,20.0,8.94,0.0,8.94,10,4,2025
2026-03-01,iDE,Zamora,ZAMORA T1 45,45.0,35.0,0.0,35.0,3,1,2026
2026-03-01,iDE,Zamora,ZAMORA T2 45,45.0,35.0,0.0,35.0,3,1,2026
2025-10-03,iDE,VALLADOLID,ZARATAN T1  45.000,45.0,0.0,-16.0,16.0,10,4,2025
2025-11-01,iDE,MADRID,ZARZALEJ T1,45.0,26.74,0.0,26.74,11,4,2025
2026-03-01,iDE,Madrid,ZARZALEJ T1,45.0,32.67,26.74,5.930000000000003,3,1,2026
2024-06-25,iDE,MADRID,ZARZALEJ T2,15.0,34.47,2.0,32.47,6,2,2024
2024-04-29,iDE,MADRID,ZARZALEJ T2,45.0,13.28,0.0,13.28,4,2,2024
2024-05-29,iDE,MADRID,ZARZALEJ T2,45.0,21.0,13.28,7.720000000000001,5,2,2024
2024-07-23,iDE,MADRID,ZARZALEJ T2,45.0,33.74,21.0,12.740000000000002,7,3,2024
2025-11-01,iDE,MADRID,ZARZALEJ T2,45.0,28.29,0.0,28.29,11,4,2025
2026-03-01,iDE,Madrid,ZARZALEJ T2,45.0,34.47,28.29,6.18,3,1,2026
2024-06-25,iDE,MADRID,ZARZAQUE T1,15.0,27.98,8.4,19.58,6,2,2024
2025-10-01,iDE,MADRID,ZARZAQUE T1,15.0,8.3109,0.0,8.3109,10,4,2025
2025-11-01,iDE,MADRID,ZARZAQUE T1,15.0,8.31,0.0,8.31,11,4,2025
2025-10-01,iDE,MADRID,ZARZAQUE T1,45.0,24.4417,0.0,24.4417,10,4,2025
2025-11-01,iDE,MADRID,ZARZAQUE T1,45.0,24.44,0.0,24.44,11,4,2025
2024-06-25,iDE,MADRID,ZARZAQUE T2,15.0,28.04,17.5,10.54,6,2,2024
2025-10-01,iDE,MADRID,ZARZAQUE T2,15.0,17.5,0.0,17.5,10,4,2025
2025-11-01,iDE,MADRID,ZARZAQUE T2,15.0,17.5,0.0,17.5,11,4,2025
2025-10-01,iDE,MADRID,ZARZAQUE T2,45.0,28.1,0.0,28.1,10,4,2025
2025-11-01,iDE,MADRID,ZARZAQUE T2,45.0,28.1,0.0,28.1,11,4,2025
2024-06-25,iDE,MADRID,ZARZAQUE T3,15.0,27.98,7.0,20.98,6,2,2024
2025-10-01,iDE,MADRID,ZARZAQUE T3,15.0,6.9668,0.0,6.9668,10,4,2025
2025-11-01,iDE,MADRID,ZARZAQUE T3,15.0,6.97,0.0,6.97,11,4,2025
2025-10-01,iDE,MADRID,ZARZAQUE T3,45.0,24.4417,0.0,24.4417,10,4,2025
2025-11-01,iDE,MADRID,ZARZAQUE T3,45.0,24.44,0.0,24.44,11,4,2025
2024-06-25,iDE,MADRID,ZARZAQUE T4,15.0,28.04,7.0,21.04,6,2,2024
2025-10-01,iDE,MADRID,ZARZAQUE T4,15.0,7.0,0.0,7.0,10,4,2025
2025-11-01,iDE,MADRID,ZARZAQUE T4,15.0,7.0,0.0,7.0,11,4,2025
2025-10-01,iDE,MADRID,ZARZAQUE T4,45.0,28.1,0.0,28.1,10,4,2025
2025-11-01,iDE,MADRID,ZARZAQUE T4,45.0,28.1,0.0,28.1,11,4,2025
2026-03-01,iDE,Navarra,ZIZURMAY T2,13.2,5.61,0.0,5.61,3,1,2026
2026-03-01,iDE,Navarra,ZIZURMAY T2,66.0,5.61,0.0,5.61,3,1,2026
2026-03-01,iDE,Navarra,ZUBIRI T1,13.2,5.61,0.0,5.61,3,1,2026
2026-03-01,iDE,Navarra,ZUBIRI T1,66.0,5.61,0.0,5.61,3,1,2026
2026-03-01,iDE,Navarra,ZUBIRI T3,20.0,5.61,0.0,5.61,3,1,2026
2026-03-01,iDE,Navarra,ZUBIRI T3,66.0,5.61,0.0,5.61,3,1,2026
