distribuidora,subestacion,tension_kv,provincia,n_eventos,mes_top,mes_top_pct,trimestre_top,tri_top_pct,avg_delta_mw,max_delta_mw,patron_claro,fechas_eventos
iDE,ELIANA      132.00,132.0,VALENCIA,9,11,22.2,4,55.6,127.1,377.9,True,2024-05-29|2024-09-26|2024-11-15|2024-12-02|2025-04-11|2025-10-01|2025-11-01|2025-12-01|2026-01-01
REE,BERJA,220.0,,8,2,25.0,1,50.0,183.0,853.0,True,2024-05-16|2024-10-01|2025-01-02|2025-02-03|2025-03-03|2025-07-01|2025-08-01|2026-02-20
iDE,CATADAU     132.00,132.0,VALENCIA,8,11,25.0,4,62.5,160.4,389.5,True,2024-06-25|2024-11-15|2024-12-02|2025-02-26|2025-10-01|2025-11-01|2025-12-01|2026-05-01
iDE,CHAMARTI    132.00,132.0,MADRID,8,10,25.0,4,50.0,69.1,174.7,True,2024-06-25|2024-08-27|2024-10-29|2024-12-02|2025-01-30|2025-10-01|2025-11-01|2026-03-01
iDE,LA LLOMA    132.00,132.0,ALICANTE,8,5,25.0,2,50.0,51.3,180.7,True,2024-05-29|2024-06-25|2024-07-23|2024-12-02|2025-01-30|2025-04-11|2025-11-01|2026-05-01
iDE,AQUA        132.00,132.0,VALENCIA,8,5,25.0,2,50.0,48.1,160.2,True,2024-05-29|2024-06-25|2024-11-15|2025-04-11|2025-11-01|2025-12-01|2026-03-01|2026-05-01
iDE,ORCOYEN     66.000,66.0,NAVARRA,8,1,25.0,1,50.0,26.3,91.4,True,2024-05-29|2025-01-30|2025-02-26|2025-04-11|2025-10-01|2025-11-01|2026-01-01|2026-03-01
iDE,OLITE       132.00,132.0,MADRID,7,11,28.6,4,57.1,106.6,321.9,True,2024-06-25|2024-07-23|2024-11-15|2025-01-30|2025-10-01|2025-11-01|2025-12-01
REE,TAJO ENCANTADA,220.0,,7,3,28.6,1,57.1,89.6,172.0,True,2024-01-02|2024-03-01|2024-04-01|2025-08-01|2025-12-01|2026-02-20|2026-03-02
iDE,BENIDORM    132.00,132.0,ALICANTE,7,5,28.6,2,57.1,60.0,176.3,True,2024-05-29|2024-06-25|2024-08-27|2025-01-30|2025-04-11|2025-11-01|2026-05-01
REE,CODONYERS,220.0,,7,1,28.6,1,57.1,34.3,120.0,True,2024-01-02|2024-02-01|2024-04-01|2024-11-04|2025-01-02|2025-07-01|2026-02-20
Endesa,MANRESA,110.0,Barcelona,7,1,28.6,1,57.1,33.1,114.8,True,2022-01-01|2022-02-01|2025-10-01|2025-12-01|2026-01-01|2026-03-01|2026-05-01
Endesa,ONUBA,20.0,Huelva,7,3,28.6,1,57.1,8.6,23.3,True,2021-11-01|2022-02-01|2022-03-01|2025-10-01|2025-12-01|2026-01-01|2026-03-01
REE,ZIERBENA,400.0,,6,3,33.3,1,50.0,177.8,450.0,True,2024-03-01|2024-07-01|2025-04-01|2025-05-05|2026-02-20|2026-03-02
REE,LA TORRECILLA,220.0,,6,8,16.7,4,50.0,167.0,401.0,True,2024-08-01|2024-11-04|2025-07-01|2025-10-01|2025-12-01|2026-02-20
iDE,TORRENTE    132.00,132.0,VALENCIA,6,5,16.7,4,50.0,138.6,191.7,True,2024-05-29|2024-12-02|2025-10-01|2025-11-01|2026-01-01|2026-03-01
REE,ALMODOVAR DEL RIO,220.0,,6,5,33.3,2,50.0,99.3,274.0,True,2025-05-05|2025-06-02|2025-07-01|2025-10-01|2026-02-20|2026-05-01
iDE,CUART       132.00,132.0,VALENCIA,6,11,33.3,4,66.7,90.4,216.1,True,2024-06-25|2024-11-15|2024-12-02|2025-04-11|2025-10-01|2025-11-01
REE,CONSO,220.0,,6,1,16.7,1,50.0,88.3,419.0,True,2024-01-02|2024-12-02|2025-03-03|2025-06-02|2026-02-20|2026-05-01
REE,JALON,220.0,,6,2,33.3,1,50.0,78.5,254.0,True,2024-11-04|2025-02-03|2025-03-03|2025-07-01|2025-08-01|2026-02-20
iDE,VIVEROS     66.000,66.0,VALENCIA,6,11,33.3,4,66.7,78.2,125.0,True,2024-11-15|2024-12-02|2025-02-26|2025-04-11|2025-10-01|2025-11-01
REE,LA LORA,400.0,,6,7,33.3,3,66.7,76.5,223.0,True,2024-07-01|2024-09-02|2025-02-03|2025-07-01|2025-08-01|2025-10-01
REE,LAS MAZORRAS,220.0,,6,2,33.3,1,50.0,70.7,225.0,True,2024-01-02|2024-02-01|2024-04-01|2024-06-03|2024-12-02|2026-02-20
REE,PRADA,220.0,,6,5,50.0,2,66.7,67.2,152.0,True,2024-05-16|2024-12-02|2025-04-01|2025-05-05|2025-08-01|2026-05-01
iDE,GANDIA      132.00,132.0,VALENCIA,6,11,33.3,4,66.7,65.2,157.6,True,2024-06-25|2024-11-15|2024-12-02|2025-02-26|2025-10-01|2025-11-01
iDE,R.TEJAR     132.00,132.0,MADRID,6,11,33.3,4,50.0,56.9,107.2,True,2024-07-23|2024-09-26|2024-11-15|2025-01-30|2025-10-01|2025-11-01
iDE,ALCIRA      132.00,132.0,VALENCIA,6,12,33.3,4,66.7,51.8,145.7,True,2024-06-25|2024-12-02|2025-01-30|2025-10-01|2025-11-01|2025-12-01
iDE,SERRALLO    66.000,66.0,CASTELLÓN,6,8,16.7,1,50.0,46.3,84.6,True,2024-08-27|2025-01-30|2025-02-26|2025-10-01|2025-11-01|2026-03-01
iDE,LA PUNTA    132.00,132.0,VALENCIA,6,11,33.3,4,50.0,41.7,109.4,True,2024-06-25|2024-10-29|2024-11-15|2025-01-30|2025-11-01|2026-05-01
Endesa,S_MARINA,66.0,Badajoz,6,12,33.3,4,66.7,41.3,98.2,True,2021-11-01|2021-12-01|2022-05-01|2025-10-01|2025-12-01|2026-05-01
REE,PUERTO DE LA CRUZ,220.0,,6,12,33.3,2,50.0,36.2,74.0,True,2024-12-02|2025-04-01|2025-06-02|2025-12-01|2026-03-02|2026-05-01
iDE,NOUMOLES    66.000,66.0,VALENCIA,6,11,33.3,4,50.0,19.9,27.5,True,2024-09-26|2024-11-15|2025-02-26|2025-10-01|2025-11-01|2026-03-01
Endesa,ONUBA,66.0,Huelva,6,1,33.3,1,50.0,17.4,50.0,True,2021-11-01|2022-01-01|2022-04-01|2025-12-01|2026-01-01|2026-03-01
iDE,RETAMAR 45.000,45.0,MADRID,6,11,33.3,4,66.7,15.0,16.7,True,2023-11-30|2023-11-30|2023-12-21|2023-12-21|2024-01-31|2024-01-31
Endesa,VAGUADAS,20.0,Badajoz,6,5,33.3,2,50.0,13.4,25.6,True,2021-09-01|2022-01-01|2022-04-01|2022-05-01|2025-12-01|2026-05-01
iDE,HARO        66.000,66.0,LA RIOJA,6,10,33.3,4,50.0,12.2,22.7,True,2024-07-23|2024-10-29|2024-12-02|2025-10-03|2026-01-01|2026-03-01
iDE,VALLDIGN T2,20.0,VALENCIA,6,12,16.7,4,50.0,9.5,18.2,True,2023-12-21|2024-06-25|2024-09-26|2025-04-11|2025-10-01|2025-11-01
REE,BELESAR,220.0,,5,7,40.0,3,60.0,159.2,322.0,True,2024-02-01|2024-07-01|2025-05-05|2025-07-01|2025-08-01
REE,ZAMORA,220.0,,5,5,40.0,2,60.0,142.6,569.0,True,2025-02-03|2025-05-05|2025-06-02|2025-08-01|2026-05-01
iDE,ARGUELLE    132.00,132.0,MADRID,5,10,40.0,4,60.0,127.7,295.3,True,2024-05-29|2024-10-29|2025-02-26|2025-10-01|2025-11-01
iDE,PICAÑA      132.00,132.0,VALENCIA,5,11,40.0,4,60.0,102.2,189.1,True,2024-05-29|2024-11-15|2025-10-01|2025-11-01|2026-03-01
iDE,AYALA       132.00,132.0,MADRID,5,6,20.0,4,60.0,99.2,220.5,True,2024-06-25|2024-12-02|2025-10-01|2025-11-01|2026-03-01
REE,ESCUCHA,220.0,,5,5,40.0,2,60.0,97.6,199.0,True,2025-04-01|2025-05-05|2025-08-01|2026-02-20|2026-05-01
REE,ZARZON,400.0,,5,3,40.0,1,60.0,85.4,285.0,True,2024-03-01|2024-08-01|2025-02-03|2025-03-03|2025-06-02
iDE,C.UNIVER    132.00,132.0,MADRID,5,10,40.0,4,60.0,65.2,138.8,True,2024-05-29|2024-10-29|2025-10-01|2025-11-01|2026-03-01
iDE,TORREFIE    132.00,132.0,VALENCIA,5,11,40.0,4,60.0,61.1,168.2,True,2024-05-29|2024-11-15|2024-12-02|2025-04-11|2025-11-01
iDE,EL OLIVE    132.00,132.0,VALENCIA,5,12,20.0,4,60.0,47.8,112.5,True,2024-12-02|2025-02-26|2025-04-11|2025-10-01|2025-11-01
iDE,VILLAMTE    66.000,66.0,VALENCIA,5,12,20.0,4,60.0,44.6,67.0,True,2024-12-02|2025-02-26|2025-10-01|2025-11-01|2026-05-01
REE,ORCOYEN,220.0,,5,4,20.0,2,60.0,37.8,50.0,True,2025-04-01|2025-05-05|2025-06-02|2025-07-01|2025-10-01
Endesa,TARRACO,110.0,Tarragona,5,4,20.0,2,60.0,35.0,94.9,True,2022-04-01|2022-05-01|2022-06-01|2025-12-01|2026-03-01
Endesa,TORRECIL,66.0,Córdoba,5,11,20.0,4,60.0,30.0,59.9,True,2021-11-01|2021-12-01|2022-03-01|2022-04-01|2025-10-01
iDE,LEGANES 45.000,45.0,MADRID,5,11,40.0,4,80.0,29.0,49.2,True,2023-11-30|2023-11-30|2023-12-21|2023-12-21|2024-01-31
Endesa,ALCORES,66.0,Sevilla,5,10,40.0,4,60.0,25.1,64.9,True,2021-08-01|2021-10-01|2021-12-01|2022-05-01|2025-10-01
Endesa,BARCAFLR,66.0,Cádiz,5,9,20.0,1,60.0,22.4,36.7,True,2021-09-01|2021-11-01|2022-01-01|2022-02-01|2022-03-01
Endesa,CERROGOR,66.0,Badajoz,5,9,20.0,4,60.0,22.3,33.5,True,2021-09-01|2021-11-01|2025-10-01|2025-12-01|2026-05-01
Endesa,DOSHMNAS,132.0,Sevilla,5,10,40.0,4,80.0,22.3,50.0,True,2021-10-01|2021-11-01|2021-12-01|2022-02-01|2025-10-01
Endesa,RIOCAYA,66.0,Badajoz,5,11,20.0,4,60.0,20.7,42.3,True,2021-11-01|2022-01-01|2025-10-01|2025-12-01|2026-05-01
REE,SENTMENAT,220.0,,5,2,40.0,1,60.0,20.0,34.0,True,2024-01-02|2024-07-01|2025-02-03|2025-10-01|2026-02-20
UFD,VALDEMORO 2,45.0,MADRID,5,8,40.0,3,80.0,20.0,31.5,True,2022-02-27|2022-08-28|2022-09-28|2023-07-10|2023-08-23
iDE,ST GAMARRA A30.000,30.0,ÁLAVA,5,12,20.0,4,60.0,18.1,29.6,True,2023-12-21|2024-03-22|2025-01-30|2025-10-01|2025-11-01
iDE,ST VITORIA  30.000,30.0,ÁLAVA,5,10,40.0,4,60.0,17.2,50.5,True,2024-05-29|2024-08-27|2024-10-29|2025-10-03|2025-12-01
Endesa,CARRIZAL,20.0,Las Palmas,5,10,40.0,4,60.0,15.8,30.2,True,2021-10-01|2021-12-01|2022-01-01|2022-04-01|2025-10-01
iDE,GAMARRA B   30.000,30.0,ÁLAVA,5,12,20.0,4,60.0,15.2,29.6,True,2023-12-21|2024-03-22|2025-01-30|2025-10-01|2025-11-01
iDE,LL.CUART    66.000,66.0,VALENCIA,5,12,20.0,4,60.0,13.9,18.6,True,2024-12-02|2025-02-26|2025-10-01|2025-11-01|2026-03-01
iDE,FUENLABR T2,15.0,MADRID,5,2,20.0,4,60.0,13.4,21.3,True,2024-02-28|2024-06-25|2024-12-02|2025-10-01|2025-11-01
Endesa,CASTELLET,25.0,Tarragona,5,4,20.0,2,60.0,11.5,14.9,True,2022-04-01|2022-06-01|2026-01-01|2026-03-01|2026-05-01
iDE,VALLDIGN T1,20.0,VALENCIA,5,10,40.0,4,80.0,9.6,15.2,True,2023-12-21|2024-09-26|2024-10-29|2025-10-01|2025-11-01
UFD,ARGANDA,15.0,MADRID,5,10,60.0,4,60.0,8.0,14.5,True,2022-02-27|2022-10-23|2024-10-23|2025-10-01|2026-02-01
iDE,VALDERA2 T1,45.0,MADRID,5,4,20.0,4,60.0,7.0,7.4,True,2024-04-29|2024-12-02|2025-10-01|2025-11-01|2026-01-01
iDE,VALDERA2 T1,15.0,MADRID,5,4,20.0,4,60.0,6.8,6.9,True,2024-04-29|2024-12-02|2025-10-01|2025-11-01|2026-01-01
REE,LOS VIENTOS,220.0,,4,3,25.0,2,75.0,519.0,973.0,True,2024-03-01|2024-04-01|2025-05-05|2025-06-02
REE,ALCOCERO DE MOLA,220.0,,4,5,50.0,1,50.0,285.2,777.0,True,2024-01-02|2024-05-16|2025-05-05|2026-02-20
REE,PALOS,220.0,,4,2,50.0,1,50.0,242.0,334.0,True,2024-02-01|2024-08-01|2025-05-05|2026-02-20
REE,LOUSAME,220.0,,4,5,50.0,2,75.0,173.8,399.0,True,2024-05-16|2024-08-01|2025-04-01|2025-05-05
REE,MUNIESA,400.0,,4,2,25.0,1,50.0,159.5,237.0,True,2025-02-03|2025-04-01|2025-05-05|2026-03-02
REE,MANCHEGA,400.0,,4,7,25.0,3,50.0,154.5,209.0,True,2024-07-01|2024-08-01|2025-03-03|2025-12-01
iDE,VINALESA    132.00,132.0,VALENCIA,4,5,25.0,4,75.0,128.1,186.7,True,2024-05-29|2024-12-02|2025-10-01|2025-11-01
REE,PUEBLA DE GUZMAN,220.0,,4,4,25.0,2,50.0,123.8,230.0,True,2025-04-01|2025-08-01|2026-02-20|2026-05-01
iDE,TEULADA     132.00,132.0,ALICANTE,4,6,25.0,4,50.0,122.1,192.4,True,2024-06-25|2024-10-29|2025-01-30|2025-11-01
REE,MUDARRA,400.0,,4,8,25.0,3,50.0,118.5,367.0,True,2024-08-01|2024-12-02|2025-05-05|2025-07-01
iDE,EL PILAR    132.00,132.0,MADRID,4,5,25.0,2,50.0,117.5,221.7,True,2024-05-29|2024-06-25|2025-10-01|2025-11-01
REE,TAFALLA,220.0,,4,5,50.0,2,50.0,89.8,150.0,True,2024-05-16|2025-05-05|2025-07-01|2025-10-01
Endesa,Candasnos,0.00900239,Huesca,4,9,25.0,4,75.0,87.8,87.8,True,2022-09-01|2022-10-01|2022-11-01|2022-12-01
REE,CARIÑENA,400.0,,4,12,50.0,4,50.0,86.2,148.0,True,2024-07-01|2024-12-02|2025-12-01|2026-02-20
REE,REGOELLE,220.0,,4,1,25.0,4,50.0,86.0,201.0,True,2024-01-02|2024-10-01|2024-12-02|2025-06-02
Endesa,Graus,0.35719497,Huesca,4,9,25.0,4,75.0,85.0,85.0,True,2022-09-01|2022-10-01|2022-11-01|2022-12-01
Endesa,Olèrdola,1.69674037,Barcelona,4,9,25.0,4,75.0,85.0,85.0,True,2022-09-01|2022-10-01|2022-11-01|2022-12-01
Endesa,"Vendrell, El",1.50727294,Tarragona,4,9,25.0,4,75.0,85.0,85.0,True,2022-09-01|2022-10-01|2022-11-01|2022-12-01
REE,TERRER,400.0,,4,8,25.0,1,50.0,83.2,201.0,True,2024-08-01|2024-12-02|2025-01-02|2026-02-20
iDE,OLIVA       132.00,132.0,VALENCIA,4,10,25.0,4,75.0,80.4,229.8,True,2024-10-29|2024-12-02|2025-11-01|2026-03-01
REE,ARDOZ,220.0,,4,6,50.0,2,100.0,76.8,143.0,True,2024-04-01|2024-06-03|2025-05-05|2025-06-02
Endesa,S.FOST,110.0,Barcelona,4,8,25.0,2,50.0,74.7,126.5,True,2021-08-01|2022-04-01|2025-10-01|2026-05-01
REE,FACINAS,220.0,,4,12,50.0,4,50.0,74.5,130.0,True,2024-04-01|2024-07-01|2024-12-02|2025-12-01
REE,VILLAVICIOSA,220.0,,4,5,25.0,2,50.0,74.2,160.0,True,2024-05-16|2024-11-04|2025-02-03|2025-04-01
REE,S.AGUSTIN,220.0,,4,5,25.0,2,50.0,71.0,138.0,True,2024-05-16|2024-11-04|2025-04-01|2026-02-20
iDE,EL GRAO     132.00,132.0,VALENCIA,4,5,25.0,4,50.0,70.7,133.7,True,2024-05-29|2024-12-02|2025-11-01|2026-03-01
REE,SANTA MARIA,66.0,,4,6,25.0,2,50.0,70.2,218.0,True,2024-06-03|2024-10-01|2025-03-03|2025-05-05
REE,MURTERAR,220.0,,4,9,25.0,3,50.0,69.5,108.0,True,2024-09-02|2024-10-01|2025-08-01|2026-02-20
Endesa,ARCOS,66.0,Cádiz,4,11,25.0,1,75.0,66.6,135.9,True,2021-11-01|2022-01-01|2022-02-01|2022-03-01
REE,SAGUNTO,220.0,,4,2,50.0,1,50.0,65.8,135.0,True,2024-11-04|2025-02-03|2025-05-05|2026-02-20
REE,OLITE,220.0,,4,5,25.0,2,50.0,61.8,100.0,True,2025-05-05|2025-06-02|2025-07-01|2025-10-01
REE,SANT ANDREU,220.0,,4,7,25.0,4,50.0,58.8,90.0,True,2024-07-01|2025-02-03|2025-10-01|2025-12-01
Endesa,S.ANDREU,110.0,Barcelona,4,9,25.0,2,50.0,56.7,115.2,True,2021-09-01|2022-04-01|2025-10-01|2026-05-01
UFD,PAZOS DE BORBEN,132.0,PONTEVEDRA,4,2,25.0,4,50.0,54.9,79.8,True,2022-02-27|2022-11-27|2023-06-01|2025-10-01
REE,PERAFORT,220.0,,4,7,25.0,4,50.0,54.0,70.0,True,2024-07-01|2024-11-04|2025-04-01|2025-12-01
REE,MEZQUITA,400.0,,4,8,50.0,3,50.0,53.5,61.0,True,2024-08-01|2024-11-04|2025-08-01|2026-02-20
Endesa,PTO_REAL,66.0,Cádiz,4,2,25.0,1,50.0,53.1,110.1,True,2022-02-01|2022-03-01|2022-04-01|2025-10-01
REE,ANOIA,220.0,,4,8,25.0,3,50.0,50.8,109.0,True,2024-08-01|2024-12-02|2025-06-02|2025-07-01
Endesa,TORRERO,132.0,Zaragoza,4,12,25.0,4,50.0,50.4,101.8,True,2021-12-01|2022-02-01|2022-05-01|2025-10-01
Endesa,REUS,110.0,Tarragona,4,10,25.0,4,50.0,49.8,89.9,True,2021-10-01|2022-04-01|2025-12-01|2026-03-01
Endesa,REUS,25.0,Tarragona,4,10,25.0,4,50.0,49.8,89.9,True,2021-10-01|2022-04-01|2025-12-01|2026-03-01
Endesa,RAMOS,66.0,Málaga,4,10,50.0,4,75.0,47.8,157.5,True,2021-10-01|2022-04-01|2025-10-01|2025-12-01
iDE,VINALESA    66.000,66.0,VALENCIA,4,11,50.0,4,75.0,47.1,86.0,True,2024-11-15|2025-10-01|2025-11-01|2026-01-01
Endesa,ROCA,132.0,Barcelona,4,4,25.0,2,50.0,46.0,146.8,True,2022-04-01|2025-12-01|2026-03-01|2026-05-01
Endesa,S_ELVIRA,15.0,Sevilla,4,10,50.0,4,75.0,43.4,112.7,True,2021-08-01|2021-10-01|2021-12-01|2025-10-01
UFD,VALDEPEÑAS,45.0,CIUDAD REAL,4,1,25.0,1,50.0,43.1,109.5,True,2025-01-27|2025-12-01|2026-02-01|2026-05-01
Endesa,ALIJAR,66.0,Cádiz,4,11,25.0,1,50.0,35.1,79.3,True,2021-11-01|2022-01-01|2022-02-01|2022-04-01
REE,BADALONA,220.0,,4,2,25.0,1,50.0,35.0,60.0,True,2024-02-01|2024-03-01|2024-10-01|2024-11-04
Endesa,HINOJERA,66.0,Cádiz,4,11,25.0,4,50.0,34.9,49.9,True,2021-11-01|2022-01-01|2025-10-01|2026-03-01
Endesa,TORDERA,110.0,Barcelona,4,10,50.0,4,50.0,34.7,57.7,True,2021-10-01|2022-04-01|2025-10-01|2026-03-01
Endesa,ALMONTE,66.0,Huelva,4,9,25.0,2,50.0,34.6,65.4,True,2021-09-01|2022-02-01|2022-04-01|2026-05-01
iDE,MORALEJA    45.000,45.0,MADRID,4,5,25.0,2,50.0,34.5,42.0,True,2024-05-29|2024-06-25|2024-07-23|2024-08-27
Endesa,MATA,110.0,Barcelona,4,9,25.0,4,50.0,33.6,104.6,True,2021-09-01|2022-04-01|2025-10-01|2025-12-01
REE,MORALEJA,220.0,,4,5,25.0,2,50.0,33.5,86.0,True,2024-05-16|2024-06-03|2025-09-01|2025-12-01
REE,TIBO,220.0,,4,2,25.0,1,50.0,32.5,48.0,True,2024-02-01|2025-01-02|2025-12-01|2026-05-01
REE,MOTORS,220.0,,4,1,25.0,1,50.0,32.2,60.0,True,2024-01-02|2024-03-01|2024-08-01|2024-12-02
Endesa,S.MATEU,110.0,Barcelona,4,8,25.0,4,50.0,31.0,95.4,True,2021-08-01|2022-04-01|2025-10-01|2025-12-01
UFD,LA POVEDA,45.0,MADRID,4,2,50.0,1,50.0,30.9,74.6,True,2022-02-27|2023-07-10|2024-12-17|2026-02-01
REE,LASTRAS,400.0,,4,4,25.0,2,50.0,30.0,50.0,True,2025-04-01|2025-07-01|2025-08-01|2026-05-01
iDE,ST JUNDIZ   30.000,30.0,ÁLAVA,4,1,25.0,4,75.0,29.6,61.1,True,2025-01-30|2025-10-03|2025-11-01|2025-12-01
Endesa,NEVERO,66.0,Badajoz,4,5,50.0,2,50.0,28.4,56.9,True,2022-05-01|2025-10-01|2025-12-01|2026-05-01
Endesa,LAGELTRU,25.0,Barcelona,4,8,25.0,2,50.0,27.6,56.8,True,2021-08-01|2022-04-01|2022-06-01|2025-12-01
UFD,LOURIZAN,66.0,PONTEVEDRA,4,2,25.0,1,75.0,27.5,50.0,True,2022-02-27|2023-03-29|2025-01-27|2025-10-01
UFD,GETAFE,45.0,MADRID,4,12,50.0,4,50.0,27.4,46.0,True,2022-02-27|2023-07-10|2023-12-22|2024-12-17
Endesa,BELLISSENS,25.0,Tarragona,4,12,50.0,4,50.0,27.2,55.1,True,2021-12-01|2022-05-01|2025-12-01|2026-03-01
Endesa,FARGUE,66.0,Granada,4,11,25.0,4,50.0,26.6,49.8,True,2021-11-01|2022-01-01|2022-03-01|2025-10-01
REE,ALARCOS,220.0,,4,2,25.0,4,50.0,25.8,55.0,True,2025-02-03|2025-07-01|2025-10-01|2025-12-01
UFD,SANXENXO,66.0,PONTEVEDRA,4,2,50.0,1,75.0,25.8,34.0,True,2022-02-27|2022-09-28|2025-01-27|2026-02-01
Endesa,CALDERS,110.0,Barcelona,4,3,50.0,1,50.0,25.6,40.0,True,2022-03-01|2025-12-01|2026-03-01|2026-05-01
UFD,HERENCIA,45.0,CIUDAD REAL,4,2,50.0,1,75.0,24.9,37.0,True,2025-02-25|2026-01-01|2026-02-01|2026-05-01
iDE,OLIVERAL T1,20.0,VALENCIA,4,12,25.0,4,75.0,24.6,26.9,True,2024-12-02|2025-02-26|2025-10-01|2025-11-01
Endesa,ALCORES,132.0,Sevilla,4,8,25.0,4,50.0,23.1,41.7,True,2021-08-01|2021-10-01|2021-12-01|2022-01-01
iDE,CASALARRE T1,66.0,LA RIOJA,4,7,25.0,1,50.0,23.0,42.7,True,2024-07-23|2024-10-29|2025-01-30|2026-03-01
Endesa,AXARQUIA,66.0,Málaga,4,10,25.0,4,50.0,22.8,62.1,True,2021-10-01|2021-11-01|2022-04-01|2026-01-01
Endesa,TAUSTE,66.0,Zaragoza,4,11,25.0,2,50.0,21.7,25.1,True,2021-11-01|2022-04-01|2022-05-01|2026-03-01
Endesa,OSARIO,66.0,Sevilla,4,8,25.0,4,50.0,21.6,36.8,True,2021-08-01|2021-10-01|2021-12-01|2022-03-01
Endesa,BADAJOZ,66.0,Badajoz,4,11,25.0,4,75.0,21.2,44.4,True,2021-11-01|2025-10-01|2025-12-01|2026-05-01
Endesa,VALME,132.0,Sevilla,4,10,25.0,4,50.0,21.1,48.0,True,2021-10-01|2021-11-01|2022-02-01|2022-05-01
Endesa,EMPALME,66.0,Sevilla,4,8,25.0,4,50.0,20.9,33.6,True,2021-08-01|2021-10-01|2021-12-01|2022-03-01
Endesa,MONTES,66.0,Málaga,4,11,25.0,4,50.0,20.2,41.0,True,2021-11-01|2022-04-01|2025-12-01|2026-05-01
Endesa,VEGASBAJ,66.0,Badajoz,4,11,25.0,4,75.0,19.8,31.3,True,2021-11-01|2025-10-01|2025-12-01|2026-05-01
iDE,GALAPAGA T4,20.0,MADRID,4,7,25.0,3,50.0,19.8,26.5,True,2024-07-23|2024-09-26|2025-10-01|2025-11-01
iDE,VMACHATE T4,20.0,VALENCIA,4,12,25.0,4,75.0,18.6,25.4,True,2024-12-02|2025-10-01|2025-11-01|2026-05-01
UFD,HERRERA DE LA MANCHA,45.0,CIUDAD REAL,4,2,50.0,1,75.0,18.5,25.0,True,2025-02-25|2026-01-01|2026-02-01|2026-05-01
Endesa,BADAJOZ,20.0,Badajoz,4,5,50.0,4,50.0,18.2,39.2,True,2021-11-01|2022-05-01|2025-12-01|2026-05-01
iDE,POLIGONC T5,15.0,MADRID,4,10,50.0,4,75.0,18.0,25.9,True,2024-08-27|2024-10-29|2025-10-01|2025-11-01
Endesa,T_MIGUEL,66.0,Badajoz,4,1,25.0,2,50.0,17.8,34.2,True,2022-01-01|2022-04-01|2025-12-01|2026-05-01
iDE,PESTORIL T1,45.0,MADRID,4,2,25.0,4,50.0,17.7,27.1,True,2025-02-26|2025-10-01|2025-11-01|2026-05-01
iDE,S.S.PROVIF,66.0,LA RIOJA,4,10,50.0,4,50.0,17.7,19.3,True,2024-07-23|2024-10-29|2025-10-01|2026-03-01
iDE,CARLET T1,20.0,VALENCIA,4,12,25.0,4,75.0,17.2,24.3,True,2024-12-02|2025-10-01|2025-11-01|2026-03-01
iDE,OLIVERAL T2,20.0,VALENCIA,4,12,25.0,4,75.0,17.2,21.8,True,2024-12-02|2025-02-26|2025-10-01|2025-11-01
REE,GENETO,66.0,,4,1,25.0,1,50.0,17.0,45.0,True,2024-01-02|2024-02-01|2024-06-03|2024-11-04
Endesa,PALOMARE,66.0,Sevilla,4,10,50.0,4,75.0,16.4,25.5,True,2021-10-01|2022-04-01|2025-10-01|2025-12-01
Endesa,RIOCAYA,20.0,Badajoz,4,11,25.0,4,50.0,16.4,26.3,True,2021-11-01|2022-03-01|2025-12-01|2026-05-01
iDE,ARDOZ.N T6,20.0,MADRID,4,12,25.0,4,75.0,16.1,27.1,True,2024-12-02|2025-10-01|2025-11-01|2026-01-01
Endesa,MONTBLANC,25.0,Tarragona,4,1,25.0,2,50.0,16.0,26.8,True,2022-01-01|2022-04-01|2025-10-01|2026-05-01
REE,MATAS BLANCAS,132.0,,4,5,25.0,4,50.0,16.0,26.0,True,2024-05-16|2024-09-02|2024-10-01|2024-12-02
iDE,NOUMOLES T3,20.0,VALENCIA,4,11,50.0,4,75.0,16.0,20.9,True,2024-11-15|2025-02-26|2025-10-01|2025-11-01
iDE,VIVEROS T2,20.0,VALENCIA,4,11,50.0,4,75.0,15.7,20.9,True,2024-11-15|2025-02-26|2025-10-01|2025-11-01
iDE,VIVEROS T3,20.0,VALENCIA,4,11,50.0,4,75.0,15.7,21.0,True,2024-11-15|2025-02-26|2025-10-01|2025-11-01
Endesa,ALDEA_BLAN,20.0,Las Palmas,4,11,25.0,1,50.0,15.3,20.4,True,2021-11-01|2022-01-01|2022-02-01|2022-04-01
Endesa,NERJA,66.0,Málaga,4,10,25.0,4,50.0,15.3,30.5,True,2025-10-01|2025-12-01|2026-03-01|2026-05-01
Endesa,VEGASBAJ,20.0,Badajoz,4,5,50.0,2,50.0,14.9,22.1,True,2022-03-01|2022-05-01|2025-12-01|2026-05-01
Endesa,PLAZA,45.0,Zaragoza,4,9,25.0,4,50.0,14.7,17.7,True,2021-09-01|2021-11-01|2021-12-01|2022-04-01
iDE,TAFALLA     66.000,66.0,NAVARRA,4,4,25.0,4,50.0,14.2,27.5,True,2025-04-11|2025-10-03|2025-11-01|2026-01-01
Endesa,SANTIPON,15.0,Sevilla,4,8,25.0,4,50.0,14.1,20.2,True,2021-08-01|2021-10-01|2021-12-01|2022-03-01
iDE,MONCOFAR    66.000,66.0,CASTELLÓN,4,10,50.0,2,50.0,14.1,36.9,True,2024-05-29|2024-06-25|2024-10-29|2025-10-03
Endesa,CORRALEJO,20.0,Las Palmas,4,10,50.0,4,75.0,14.0,23.2,True,2021-09-01|2021-10-01|2021-12-01|2025-10-01
iDE,GANDIA T2,20.0,VALENCIA,4,11,50.0,4,75.0,14.0,25.4,True,2024-01-31|2024-11-15|2025-10-01|2025-11-01
iDE,PESTORIL T1,15.0,MADRID,4,6,25.0,4,50.0,14.0,17.5,True,2024-06-25|2025-02-26|2025-10-01|2025-11-01
Endesa,ROTA,15.0,Cádiz,4,3,50.0,4,50.0,13.9,18.7,True,2021-11-01|2022-03-01|2025-10-01|2026-03-01
UFD,MOURENTE,20.0,PONTEVEDRA,4,4,25.0,4,50.0,13.9,19.8,True,2024-04-18|2025-10-01|2025-12-01|2026-02-01
REE,VALLDIGNA,220.0,,4,10,25.0,4,50.0,13.8,20.0,True,2024-10-01|2025-04-01|2025-05-05|2025-12-01
Endesa,EMPALME,132.0,Sevilla,4,8,25.0,4,50.0,13.7,21.4,True,2021-08-01|2021-10-01|2021-12-01|2022-03-01
Endesa,EMPALME,20.0,Sevilla,4,8,25.0,4,50.0,13.7,21.4,True,2021-08-01|2021-10-01|2021-12-01|2022-03-01
iDE,NOUMOLES T1,11.0,VALENCIA,4,11,50.0,4,75.0,13.3,21.0,True,2024-11-15|2025-02-26|2025-10-01|2025-11-01
Endesa,MAGALLON,15.0,Zaragoza,4,11,25.0,1,50.0,13.2,20.0,True,2021-11-01|2022-02-01|2022-05-01|2026-03-01
REE,BUENAVISTA GC,66.0,,4,1,25.0,2,50.0,13.0,20.0,True,2024-01-02|2024-04-01|2024-06-03|2024-12-02
REE,GUIA,66.0,,4,2,50.0,1,75.0,13.0,29.0,True,2024-02-01|2024-08-01|2025-03-03|2026-02-20
iDE,ALCIRA T1,20.0,VALENCIA,4,1,50.0,1,50.0,13.0,16.7,True,2024-01-31|2024-12-02|2025-10-01|2026-01-01
iDE,LIRIA T2,20.0,VALENCIA,4,12,25.0,4,75.0,13.0,13.7,True,2024-12-02|2025-02-26|2025-10-01|2025-11-01
Endesa,SANTIPON,132.0,Sevilla,4,8,25.0,4,50.0,12.9,20.2,True,2021-08-01|2021-10-01|2021-12-01|2022-03-01
iDE,VIVEROS T1,11.0,VALENCIA,4,11,50.0,4,75.0,12.9,21.0,True,2024-11-15|2025-02-26|2025-10-01|2025-11-01
REE,CHAYOFA,66.0,,4,3,25.0,1,50.0,12.8,20.0,True,2024-03-01|2024-07-01|2024-11-04|2025-01-02
iDE,EZCARAY T1,66.0,LA RIOJA,4,10,50.0,4,50.0,12.5,13.8,True,2024-07-23|2024-10-29|2025-10-01|2026-03-01
UFD,MORAL DE CALATRAVA,15.0,CIUDAD REAL,4,2,50.0,1,50.0,12.4,18.5,True,2025-02-25|2025-12-01|2026-02-01|2026-05-01
iDE,"ST,STR ALI A30.000",30.0,ÁLAVA,4,3,25.0,1,50.0,12.3,20.2,True,2024-03-22|2024-08-27|2025-01-30|2025-10-03
iDE,PIQUENAS T1,45.0,MADRID,4,4,25.0,4,50.0,12.2,27.9,True,2024-04-29|2024-12-02|2025-10-03|2026-01-01
iDE,CIRUENA T1,66.0,LA RIOJA,4,10,50.0,4,50.0,11.9,13.1,True,2024-07-23|2024-10-29|2025-10-01|2026-03-01
iDE,CIRUENA T2,66.0,LA RIOJA,4,10,50.0,4,50.0,11.9,13.1,True,2024-07-23|2024-10-29|2025-10-01|2026-03-01
iDE,NOUMOLES T2,11.0,VALENCIA,4,11,50.0,4,75.0,11.7,17.4,True,2024-11-15|2025-02-26|2025-10-01|2025-11-01
REE,CALA MILLOR,66.0,,4,1,25.0,4,50.0,11.5,20.0,True,2024-01-02|2024-04-01|2024-12-02|2025-10-01
REE,ARGANDA,220.0,,4,1,50.0,1,75.0,11.0,12.0,True,2024-01-02|2024-12-02|2025-01-02|2026-02-20
UFD,MORAS,15.0,LA CORUÑA,4,2,75.0,1,100.0,11.0,15.0,True,2022-02-27|2022-03-27|2025-02-25|2026-02-01
REE,FUENCALIENTE,66.0,,4,9,25.0,1,50.0,10.8,20.0,True,2024-09-02|2025-01-02|2025-12-01|2026-02-20
iDE,ESCORIAL T2,20.0,MADRID,4,7,25.0,3,50.0,10.7,14.0,True,2024-07-23|2024-09-26|2025-10-01|2025-11-01
iDE,SALINAS T2,20.0,ALICANTE,4,9,25.0,4,75.0,10.5,15.3,True,2024-09-26|2024-12-02|2025-10-01|2025-11-01
iDE,EQUINIX     66.000,66.0,MADRID,4,10,50.0,4,75.0,10.3,14.1,True,2024-06-25|2024-10-29|2025-10-01|2025-11-01
iDE,ROJALES T2,20.0,ALICANTE,4,9,25.0,4,75.0,10.0,18.7,True,2024-09-26|2024-12-02|2025-10-01|2025-11-01
iDE,LIRIA T3,20.0,VALENCIA,4,12,25.0,4,75.0,9.9,10.6,True,2024-12-02|2025-02-26|2025-10-01|2025-11-01
iDE,CARLET T2,20.0,VALENCIA,4,12,25.0,4,75.0,9.6,13.7,True,2024-12-02|2025-10-01|2025-11-01|2026-03-01
iDE,PERATA T2,15.0,MADRID,4,6,25.0,4,50.0,9.6,14.2,True,2024-06-25|2025-02-26|2025-10-01|2025-11-01
UFD,GONDOMAR,20.0,PONTEVEDRA,4,10,25.0,4,75.0,8.0,11.9,True,2022-10-23|2022-11-27|2025-01-27|2025-12-01
iDE,MOSTOLES T2,45.0,MADRID,4,4,25.0,4,50.0,8.0,9.7,True,2024-04-29|2025-02-26|2025-10-01|2025-11-01
iDE,PIARROYO T2,45.0,MADRID,4,4,25.0,4,50.0,8.0,9.7,True,2024-04-29|2025-02-26|2025-10-01|2025-11-01
iDE,LISBOA T2,15.0,MADRID,4,6,25.0,4,50.0,7.7,11.7,True,2024-06-25|2025-02-26|2025-10-01|2025-11-01
iDE,PIQUENAS T1,15.0,MADRID,4,4,25.0,4,50.0,7.2,7.4,True,2024-04-29|2024-12-02|2025-10-01|2026-01-01
iDE,MOSTOLES T2,15.0,MADRID,4,6,25.0,4,50.0,6.8,8.2,True,2024-06-25|2025-02-26|2025-10-01|2025-11-01
iDE,BELCAIRE T1,20.0,CASTELLÓN,4,2,25.0,4,50.0,6.5,8.5,True,2024-02-28|2024-12-02|2025-10-01|2026-05-01
REE,CAPDEPERA,66.0,,4,2,25.0,1,50.0,5.8,8.0,True,2024-02-01|2024-03-01|2024-07-01|2024-11-04
REE,CASTEJON,400.0,,3,12,33.3,2,66.7,238.0,621.0,True,2024-12-02|2025-04-01|2026-05-01
REE,SANT FOST,220.0,,3,2,33.3,2,66.7,191.7,390.0,True,2024-02-01|2024-04-01|2025-05-05
REE,BOADILLA,220.0,,3,9,66.7,3,66.7,154.0,182.0,True,2024-02-01|2024-09-02|2025-09-01
iDE,CABAÑAL     132.00,132.0,VALENCIA,3,6,33.3,4,66.7,150.4,323.9,True,2024-06-25|2024-12-02|2025-11-01
iDE,MELANCOL    132.00,132.0,MADRID,3,6,33.3,4,66.7,146.0,199.2,True,2024-06-25|2025-10-01|2025-11-01
REE,FUENTEBUREBA,400.0,,3,7,33.3,1,66.7,132.0,201.0,True,2024-07-01|2025-02-03|2025-03-03
iDE,P.ESPAÑA    132.00,132.0,MADRID,3,4,33.3,4,66.7,129.4,191.1,True,2025-04-11|2025-10-01|2025-11-01
iDE,CARLET      132.00,132.0,VALENCIA,3,12,33.3,4,100.0,122.0,141.1,True,2024-12-02|2025-10-01|2025-11-01
REE,SANTIZ,220.0,,3,4,33.3,2,66.7,115.0,204.0,True,2024-04-01|2024-05-16|2024-10-01
REE,SAGUNTUM,220.0,,3,6,33.3,2,66.7,100.0,150.0,True,2024-06-03|2024-12-02|2025-04-01
REE,ARROYO DE LA VEGA,220.0,,3,6,66.7,2,100.0,98.7,125.0,True,2024-04-01|2024-06-03|2025-06-02
iDE,ALCIRA      66.000,66.0,VALENCIA,3,12,33.3,4,66.7,89.8,156.9,True,2024-12-02|2025-01-30|2025-11-01
Endesa,Olèrdola,1.69706484,Barcelona,3,6,33.3,3,66.7,87.9,89.4,True,2023-06-01|2023-07-01|2023-08-01
Endesa,Candasnos,0.00888542,Huesca,3,6,33.3,3,66.7,87.8,87.8,True,2023-06-01|2023-07-01|2023-08-01
UFD,LAS MERCEDES,45.0,MADRID,3,2,33.3,1,66.7,86.3,129.5,True,2022-02-27|2024-03-21|2024-05-21
Endesa,Graus,0.35734991,Huesca,3,6,33.3,3,66.7,85.0,85.0,True,2023-06-01|2023-07-01|2023-08-01
Endesa,"Vendrell, El",1.50702352,Tarragona,3,6,33.3,3,66.7,85.0,85.0,True,2023-06-01|2023-07-01|2023-08-01
iDE,LOGROÑO     66.000,66.0,LA RIOJA,3,9,33.3,4,66.7,81.3,140.1,True,2024-09-26|2025-10-01|2025-11-01
UFD,COSLADA,45.0,MADRID,3,2,66.7,1,66.7,77.0,111.0,True,2022-02-27|2024-02-22|2024-05-21
REE,PIEROLA,220.0,,3,6,33.3,2,66.7,76.7,135.0,True,2025-06-02|2025-07-01|2026-05-01
REE,FUENLABRADA,220.0,,3,7,33.3,3,66.7,74.7,123.0,True,2024-07-01|2024-08-01|2025-04-01
REE,VIC,220.0,,3,7,66.7,3,66.7,73.0,199.0,True,2024-07-01|2025-07-01|2026-05-01
REE,FUENTES DE LA ALCARRIA,400.0,,3,7,33.3,3,66.7,69.7,80.0,True,2024-07-01|2024-08-01|2025-03-03
REE,CARTUJA,220.0,,3,1,33.3,2,66.7,69.0,162.0,True,2024-01-02|2024-04-01|2024-05-16
REE,LA PALOMA,220.0,,3,1,33.3,1,66.7,69.0,131.0,True,2024-01-02|2024-02-01|2026-05-01
REE,SANTIAGO,220.0,,3,5,66.7,2,66.7,68.0,150.0,True,2024-05-16|2024-10-01|2025-05-05
REE,BIESCAS,220.0,,3,5,66.7,2,100.0,66.7,100.0,True,2025-04-01|2025-05-05|2026-05-01
Endesa,MOGENT,110.0,Barcelona,3,4,33.3,4,66.7,64.2,106.1,True,2022-04-01|2025-10-01|2025-12-01
Endesa,OLOT,132.0,Girona,3,10,33.3,4,66.7,61.4,83.9,True,2025-10-01|2025-12-01|2026-05-01
UFD,BARRIO DEL JARAMA,45.0,MADRID,3,2,33.3,1,66.7,54.4,95.4,True,2022-02-27|2024-03-21|2024-05-21
Endesa,BORNOS,66.0,Cádiz,3,11,33.3,1,66.7,49.8,66.7,True,2021-11-01|2022-02-01|2022-03-01
REE,CORDOVILLA,220.0,,3,4,33.3,2,66.7,49.7,50.0,True,2025-04-01|2025-05-05|2026-02-20
Endesa,AGROALIM,66.0,Cádiz,3,2,33.3,1,66.7,49.1,54.3,True,2022-02-01|2022-03-01|2022-04-01
iDE,GALAPAG A1    66.000,66.0,MADRID,3,10,33.3,4,66.7,47.5,75.8,True,2025-10-01|2025-11-01|2026-03-01
Endesa,MONTILLA,66.0,Córdoba,3,10,66.7,4,66.7,44.5,80.7,True,2021-10-01|2022-04-01|2025-10-01
UFD,CANGAS 2,66.0,PONTEVEDRA,3,3,33.3,1,66.7,41.4,49.6,True,2022-03-27|2022-09-28|2025-01-27
REE,ERISTE,220.0,,3,4,66.7,2,66.7,40.0,80.0,True,2024-04-01|2024-12-02|2025-04-01
iDE,SMR EUST BA1,45.0,MADRID,3,3,33.3,4,66.7,39.0,39.0,True,2024-03-22|2025-10-01|2025-11-01
REE,ALMAZAN,400.0,,3,12,66.7,4,66.7,37.3,50.0,True,2024-08-01|2024-12-02|2025-12-01
iDE,LEGANES A2   45.000,45.0,MADRID,3,10,33.3,4,66.7,36.8,47.9,True,2025-10-01|2025-11-01|2026-05-01
Endesa,SANTUARI,66.0,Córdoba,3,11,33.3,2,66.7,36.3,69.1,True,2021-11-01|2022-04-01|2022-06-01
REE,CAPARACENA,400.0,,3,8,33.3,4,66.7,35.3,40.0,True,2024-08-01|2024-12-02|2025-10-01
Endesa,LLORET,110.0,Girona,3,4,33.3,2,66.7,34.2,55.5,True,2022-04-01|2026-03-01|2026-05-01
iDE,LEGANES A1   45.000,45.0,MADRID,3,10,33.3,4,66.7,33.4,44.9,True,2025-10-01|2025-11-01|2026-05-01
Endesa,LAGELTRU,110.0,Barcelona,3,8,33.3,2,66.7,33.2,68.8,True,2021-08-01|2022-04-01|2022-06-01
Endesa,S_ELVIRA,66.0,Sevilla,3,8,33.3,4,66.7,32.9,64.1,True,2021-08-01|2021-10-01|2021-12-01
Endesa,CARTUJA,66.0,Cádiz,3,12,33.3,4,66.7,32.8,45.2,True,2021-12-01|2022-01-01|2025-10-01
REE,GUIA DE ISORA,66.0,,3,12,66.7,4,66.7,31.0,33.0,True,2024-12-02|2025-07-01|2025-12-01
REE,VALDECONEJOS,220.0,,3,6,33.3,2,66.7,31.0,50.0,True,2025-06-02|2025-12-01|2026-05-01
Endesa,COLON,50.0,Huelva,3,3,66.7,1,66.7,30.8,50.0,True,2022-03-01|2026-03-01|2026-05-01
iDE,GALAPAGA    66.000,66.0,MADRID,3,7,33.3,3,66.7,30.7,44.9,True,2024-07-23|2024-09-26|2024-12-02
Endesa,CRUZCAMP,66.0,Sevilla,3,8,33.3,4,66.7,29.8,54.1,True,2021-08-01|2021-10-01|2021-12-01
iDE,LOS ARENALES 45.00,45.0,CÁCERES,3,11,33.3,4,100.0,29.7,45.0,True,2024-11-15|2025-10-03|2025-12-01
REE,COMPLUTUM,220.0,,3,4,33.3,2,66.7,29.3,38.0,True,2024-04-01|2024-06-03|2025-09-01
iDE,CS INGEN    132.00,132.0,CASTELLÓN,3,1,33.3,4,66.7,28.8,30.8,True,2025-01-30|2025-10-01|2025-11-01
REE,PUENTES G.R.,400.0,,3,5,33.3,3,66.7,28.7,50.0,True,2024-05-16|2025-08-01|2025-09-01
REE,CANDELARIA,66.0,,3,12,33.3,3,66.7,28.3,57.0,True,2024-12-02|2025-07-01|2025-08-01
iDE,F.S.LUIS T1,20.0,VALENCIA,3,9,33.3,4,66.7,28.2,34.7,True,2024-09-26|2025-10-01|2025-11-01
iDE,ST LAJARA   30.000,30.0,VIZCAYA,3,4,33.3,2,66.7,28.1,45.8,True,2025-04-11|2025-10-03|2026-05-01
iDE,POZUELO T4,20.0,MADRID,3,7,33.3,4,66.7,27.9,27.9,True,2024-07-23|2025-10-01|2025-11-01
iDE,ROZAS1 T1,20.0,MADRID,3,7,33.3,4,66.7,27.9,27.9,True,2024-07-23|2025-10-01|2025-11-01
iDE,ROZAS1 T2,20.0,MADRID,3,7,33.3,4,66.7,27.8,27.8,True,2024-07-23|2025-10-01|2025-11-01
iDE,ESCORIAL A2 66.000,66.0,MADRID,3,10,33.3,4,66.7,27.7,34.3,True,2025-10-01|2025-11-01|2026-03-01
iDE,MAJADAHO T4,20.0,MADRID,3,7,33.3,4,66.7,27.7,28.0,True,2024-07-23|2025-10-01|2025-11-01
iDE,POZUELO T2,20.0,MADRID,3,7,33.3,4,66.7,27.7,27.8,True,2024-07-23|2025-10-01|2025-11-01
iDE,ROZAS1 T3,20.0,MADRID,3,7,33.3,4,66.7,27.6,27.6,True,2024-07-23|2025-10-01|2025-11-01
iDE,EL GRAO T4,20.0,VALENCIA,3,4,33.3,4,66.7,27.2,27.6,True,2024-04-29|2025-10-01|2025-11-01
iDE,F.S.LUIS T3,20.0,VALENCIA,3,8,33.3,4,66.7,27.2,33.4,True,2024-08-27|2025-10-01|2025-11-01
iDE,MAJADAHO T5,20.0,MADRID,3,7,33.3,4,66.7,27.1,27.4,True,2024-07-23|2025-10-01|2025-11-01
iDE,BENICULL T1,20.0,VALENCIA,3,9,33.3,4,66.7,26.2,34.5,True,2024-09-26|2025-10-01|2025-11-01
Endesa,HOSPITALET,110.0,Barcelona,3,4,33.3,2,66.7,26.1,39.4,True,2022-04-01|2025-12-01|2026-05-01
iDE,FORTUNA T3,15.0,MADRID,3,1,33.3,4,66.7,26.1,35.0,True,2024-01-31|2025-10-01|2025-11-01
iDE,MAJADAHO T6,20.0,MADRID,3,7,33.3,4,66.7,26.1,26.4,True,2024-07-23|2025-10-01|2025-11-01
iDE,MORALZAR A1  66.000,66.0,MADRID,3,10,33.3,4,66.7,26.0,34.8,True,2025-10-01|2025-11-01|2026-03-01
UFD,LA GRELA 2,15.0,LA CORUÑA,3,6,33.3,2,66.7,25.9,54.7,True,2024-06-18|2025-10-01|2026-05-01
iDE,CERCEDILL A1 66.000,66.0,MADRID,3,10,33.3,4,66.7,25.9,32.4,True,2025-10-01|2025-11-01|2026-03-01
Endesa,CONIL,66.0,Cádiz,3,12,33.3,4,66.7,25.5,37.7,True,2021-12-01|2025-10-01|2026-05-01
REE,MATAPORQUERA,220.0,,3,2,33.3,3,66.7,25.3,46.0,True,2024-02-01|2025-07-01|2025-08-01
UFD,C.H.CASTREJON,132.0,TOLEDO,3,2,33.3,4,66.7,25.2,35.0,True,2022-02-27|2023-11-28|2025-12-01
iDE,F.S.LUIS T2,20.0,VALENCIA,3,9,33.3,4,66.7,25.2,30.4,True,2024-09-26|2025-10-01|2025-11-01
iDE,LEGANES B1   45.000,45.0,MADRID,3,10,33.3,4,66.7,25.2,27.9,True,2025-10-01|2025-11-01|2026-05-01
iDE,POZUELO T1,20.0,MADRID,3,7,33.3,4,66.7,24.8,24.9,True,2024-07-23|2025-10-01|2025-11-01
REE,SIERO,220.0,,3,5,66.7,2,66.7,24.7,55.0,True,2024-02-01|2024-05-16|2026-05-01
iDE,VILLALBA B1 66.000,66.0,MADRID,3,10,33.3,4,66.7,24.7,31.5,True,2025-10-01|2025-11-01|2026-03-01
Endesa,ABRERA,25.0,Barcelona,3,9,33.3,4,66.7,24.6,39.4,True,2021-09-01|2025-10-01|2025-12-01
iDE,LIRIA       66.000,66.0,VALENCIA,3,12,33.3,4,66.7,24.5,28.7,True,2024-12-02|2025-02-26|2025-11-01
Endesa,AMATE,66.0,Sevilla,3,8,33.3,4,66.7,24.4,38.7,True,2021-08-01|2021-10-01|2021-12-01
Endesa,S_BARRAM,15.0,Cádiz,3,2,33.3,1,66.7,24.4,39.9,True,2022-02-01|2025-10-01|2026-03-01
Endesa,DOSHMNAS,66.0,Sevilla,3,10,66.7,4,100.0,24.1,47.3,True,2021-10-01|2021-11-01|2025-10-01
REE,MIRABAL,220.0,,3,12,66.7,4,66.7,24.0,35.0,True,2024-09-02|2024-12-02|2025-12-01
iDE,LA PUNTA T2,20.0,VALENCIA,3,9,33.3,4,66.7,23.7,28.0,True,2024-09-26|2025-10-01|2025-11-01
iDE,MORVEDRE T2,20.0,VALENCIA,3,1,33.3,4,66.7,23.7,30.5,True,2024-01-31|2025-10-01|2025-11-01
REE,MURUARTE,400.0,,3,4,33.3,2,66.7,23.3,43.0,True,2025-04-01|2025-07-01|2026-05-01
iDE,RETAMAR T10,15.0,MADRID,3,8,33.3,4,66.7,23.3,35.0,True,2024-08-27|2025-10-01|2025-11-01
iDE,LA LLOMA T1,20.0,ALICANTE,3,2,33.3,4,66.7,23.2,27.4,True,2024-02-28|2025-10-01|2025-11-01
Endesa,FRANQUESES,25.0,Barcelona,3,4,33.3,2,66.7,22.7,43.5,True,2022-04-01|2026-03-01|2026-05-01
iDE,LA PUNTA T1,20.0,VALENCIA,3,9,33.3,4,66.7,22.7,26.5,True,2024-09-26|2025-10-01|2025-11-01
Endesa,NERVION,66.0,Sevilla,3,8,33.3,4,66.7,22.4,32.5,True,2021-08-01|2021-10-01|2021-12-01
iDE,INGENIO T5,20.0,CASTELLÓN,3,1,33.3,4,66.7,22.3,29.7,True,2025-01-30|2025-10-01|2025-11-01
UFD,HERENCIA,15.0,CIUDAD REAL,3,2,66.7,1,66.7,22.2,30.1,True,2025-02-25|2025-12-01|2026-02-01
Endesa,SABADELL,110.0,Barcelona,3,4,33.3,2,66.7,22.1,37.9,True,2022-04-01|2025-12-01|2026-05-01
Endesa,SILS,110.0,Girona,3,10,33.3,2,66.7,21.9,27.3,True,2021-10-01|2022-04-01|2026-05-01
Endesa,SILS,25.0,Girona,3,10,33.3,2,66.7,21.9,27.3,True,2021-10-01|2022-04-01|2026-05-01
iDE,LA PUNTA T3,20.0,VALENCIA,3,9,33.3,4,66.7,21.9,27.8,True,2024-09-26|2025-10-01|2025-11-01
iDE,JUNCAL T1,45.0,MADRID,3,3,33.3,4,66.7,21.7,24.8,True,2024-03-22|2025-10-01|2025-11-01
iDE,QUEL        66.000,66.0,LA RIOJA,3,10,66.7,4,66.7,21.7,51.3,True,2024-10-29|2025-02-26|2025-10-03
iDE,SMR TENE2 BB,45.0,MADRID,3,3,33.3,4,66.7,21.7,24.8,True,2024-03-22|2025-10-01|2025-11-01
Endesa,GABIAS,20.0,Granada,3,11,33.3,4,66.7,21.1,38.7,True,2021-11-01|2022-05-01|2025-10-01
iDE,POLIGONC T4,15.0,MADRID,3,10,66.7,4,100.0,20.7,26.0,True,2024-10-29|2025-10-01|2025-11-01
iDE,BENIDORM T2,20.0,ALICANTE,3,11,66.7,4,100.0,20.5,23.2,True,2023-11-30|2025-10-01|2025-11-01
Endesa,S_ELVIRA,132.0,Sevilla,3,8,33.3,4,66.7,20.3,39.0,True,2021-08-01|2021-10-01|2021-12-01
REE,SANTA AGUEDA,66.0,,3,4,66.7,2,66.7,20.3,24.0,True,2024-04-01|2025-04-01|2026-02-20
iDE,GANDIA T3,20.0,VALENCIA,3,10,33.3,4,66.7,20.3,27.9,True,2025-10-01|2025-11-01|2026-03-01
iDE,SMR MAQUE A1,45.0,MADRID,3,3,33.3,4,66.7,20.3,22.8,True,2024-03-22|2025-10-01|2025-11-01
iDE,LUCERO B1    45.000,45.0,MADRID,3,10,33.3,4,66.7,20.1,27.1,True,2025-10-01|2025-11-01|2026-05-01
REE,"OLIVOS, LOS",66.0,,3,3,33.3,1,66.7,20.0,32.0,True,2024-03-01|2024-04-01|2025-01-02
Endesa,PALMACON,15.0,Huelva,3,11,33.3,1,66.7,19.9,29.2,True,2021-11-01|2022-01-01|2022-02-01
UFD,LOURIZAN,20.0,PONTEVEDRA,3,2,66.7,1,100.0,19.7,34.8,True,2022-02-27|2025-01-27|2026-02-01
iDE,AGUACATE T2,15.0,MADRID,3,10,66.7,4,100.0,19.7,24.6,True,2024-10-29|2025-10-01|2025-11-01
Endesa,HEINEKEN,132.0,Sevilla,3,8,33.3,4,66.7,19.6,37.6,True,2021-08-01|2021-10-01|2021-12-01
iDE,BENIDORM T3,20.0,ALICANTE,3,12,33.3,4,100.0,19.4,26.3,True,2024-12-02|2025-10-01|2025-11-01
REE,MUELLE GRANDE,66.0,,3,2,33.3,1,66.7,19.3,36.0,True,2024-02-01|2024-03-01|2024-04-01
Endesa,LLORET,25.0,Girona,3,4,33.3,2,66.7,18.9,25.3,True,2022-04-01|2026-03-01|2026-05-01
iDE,AGUACATE T3,15.0,MADRID,3,12,33.3,4,100.0,18.5,25.9,True,2023-12-21|2025-10-01|2025-11-01
UFD,VALDEMORO,45.0,MADRID,3,2,33.3,3,66.7,18.3,25.0,True,2022-02-27|2022-09-28|2023-08-23
Endesa,CALABLAVA,15.0,Baleares,3,5,66.7,2,66.7,18.0,20.8,True,2022-05-01|2025-10-01|2026-05-01
REE,MOLINES,66.0,,3,7,33.3,4,66.7,18.0,35.0,True,2024-07-01|2024-11-04|2025-12-01
REE,SAN MATEO,66.0,,3,4,33.3,2,66.7,18.0,31.0,True,2024-04-01|2024-06-03|2024-12-02
iDE,ESCOLARE T1,45.0,MADRID,3,3,33.3,4,66.7,17.9,28.1,True,2024-03-22|2025-10-01|2025-11-01
iDE,SANTURC1 T3 30.000,30.0,VIZCAYA,3,5,33.3,4,66.7,17.8,17.9,True,2024-05-29|2025-10-01|2025-11-01
iDE,VRREAL.S T2,20.0,CASTELLÓN,3,4,33.3,4,66.7,17.8,21.0,True,2024-04-29|2025-10-01|2025-11-01
iDE,EMBAJADO T2,15.0,MADRID,3,6,33.3,4,66.7,17.6,24.9,True,2024-06-25|2025-10-01|2025-11-01
iDE,EMBAJADO T3,15.0,MADRID,3,6,33.3,4,66.7,17.6,24.9,True,2024-06-25|2025-10-01|2025-11-01
iDE,FUENLABR T1,15.0,MADRID,3,7,33.3,4,66.7,17.5,27.9,True,2024-07-23|2025-10-03|2025-12-01
iDE,MORALZAR T1,20.0,MADRID,3,7,33.3,4,66.7,17.5,17.5,True,2024-07-23|2025-10-01|2025-11-01
iDE,CERCEDIL T1,20.0,MADRID,3,7,33.3,4,66.7,17.4,17.4,True,2024-07-23|2025-10-01|2025-11-01
REE,RAFAL,66.0,,3,7,33.3,3,66.7,17.0,32.0,True,2024-07-01|2024-09-02|2024-11-04
iDE,OLVIDO T1,15.0,MADRID,3,6,33.3,4,66.7,17.0,17.5,True,2024-06-25|2025-10-01|2025-11-01
iDE,ESCORIAL B  66.000,66.0,MADRID,3,7,33.3,3,66.7,16.9,33.0,True,2024-07-23|2024-09-26|2024-10-29
REE,LA PATERNA,66.0,,3,1,33.3,1,66.7,16.7,32.0,True,2024-01-02|2024-03-01|2024-05-16
iDE,PEÑARRUBIA 132.00,132.0,MURCIA,3,11,33.3,4,66.7,16.6,29.9,True,2025-11-01|2025-12-01|2026-01-01
Endesa,GIBRLEON,15.0,Huelva,3,11,33.3,1,66.7,16.5,29.9,True,2021-11-01|2022-01-01|2022-02-01
iDE,LOGRONO T51,13.0,LA RIOJA,3,7,33.3,3,66.7,16.2,21.2,True,2024-07-23|2024-09-26|2024-12-02
iDE,STMURCIA T2,20.0,MURCIA,3,9,33.3,4,66.7,16.2,21.6,True,2024-09-26|2025-10-01|2025-11-01
Endesa,CENTRO,66.0,Málaga,3,11,33.3,2,66.7,16.1,26.1,True,2021-11-01|2022-04-01|2026-05-01
Endesa,ENRAMADI,66.0,Sevilla,3,10,33.3,2,66.7,15.9,27.2,True,2021-10-01|2022-04-01|2026-05-01
iDE,ZARZAQUE T2,15.0,MADRID,3,6,33.3,4,66.7,15.2,17.5,True,2024-06-25|2025-10-01|2025-11-01
iDE,PILEGANE T2,15.0,MADRID,3,6,33.3,4,66.7,15.1,17.4,True,2024-06-25|2025-10-01|2025-11-01
REE,JUIA,220.0,,3,2,66.7,1,66.7,15.0,20.0,True,2024-02-01|2026-02-20|2026-05-01
iDE,ARDOZ.N T5,20.0,MADRID,3,10,33.3,4,100.0,14.9,22.4,True,2025-10-01|2025-11-01|2025-12-01
iDE,MORALZAR T2,20.0,MADRID,3,7,33.3,4,66.7,14.5,17.5,True,2024-07-23|2025-10-01|2025-11-01
UFD,ABENOJAR,45.0,CIUDAD REAL,3,2,66.7,1,66.7,14.4,19.2,True,2025-02-25|2025-12-01|2026-02-01
iDE,FUENCA.M T4,20.0,MADRID,3,4,33.3,4,66.7,14.4,23.4,True,2024-04-29|2025-10-01|2025-11-01
REE,TELDE,66.0,,3,5,66.7,2,100.0,14.3,23.0,True,2024-04-01|2025-05-05|2026-05-01
iDE,BENIDORM T1,20.0,ALICANTE,3,12,33.3,4,100.0,14.3,18.9,True,2023-12-21|2025-10-01|2025-11-01
Endesa,CENTENAR,66.0,Sevilla,3,4,33.3,2,66.7,14.2,28.3,True,2022-04-01|2022-06-01|2025-12-01
iDE,STMURCIA T1,20.0,MURCIA,3,10,33.3,4,66.7,14.2,16.9,True,2025-10-01|2025-11-01|2026-01-01
Endesa,CBERMEJA,20.0,Málaga,3,10,33.3,1,66.7,14.1,19.5,True,2025-10-01|2026-01-01|2026-03-01
Endesa,S.FELIU,25.0,Barcelona,3,4,33.3,4,66.7,14.0,19.7,True,2022-04-01|2025-10-01|2025-12-01
Endesa,S.FELIU,66.0,Barcelona,3,4,33.3,4,66.7,14.0,19.7,True,2022-04-01|2025-10-01|2025-12-01
Endesa,TELDE,20.0,Las Palmas,3,10,33.3,4,66.7,14.0,17.1,True,2021-10-01|2021-12-01|2022-03-01
iDE,VILLALB2    66.000,66.0,MADRID,3,7,33.3,3,66.7,13.8,24.0,True,2024-07-23|2024-09-26|2024-10-29
Endesa,PALILLOS,66.0,Sevilla,3,8,33.3,4,66.7,13.6,19.4,True,2021-08-01|2021-10-01|2021-12-01
iDE,ESCORIAL T1,20.0,MADRID,3,7,33.3,4,66.7,13.6,14.0,True,2024-07-23|2025-10-01|2025-11-01
Endesa,CIUDAD_J,66.0,Málaga,3,11,33.3,2,66.7,13.5,19.9,True,2021-11-01|2022-04-01|2026-05-01
iDE,T.CANTOS T7,20.0,MADRID,3,2,33.3,4,66.7,13.5,17.8,True,2024-02-28|2025-10-01|2025-11-01
UFD,MOS,15.0,PONTEVEDRA,3,2,33.3,1,66.7,13.4,23.5,True,2022-02-27|2024-07-17|2025-01-27
UFD,VILLALONGA,20.0,PONTEVEDRA,3,2,66.7,1,66.7,13.3,18.1,True,2022-02-27|2025-10-01|2026-02-01
UFD,REDONDELA,66.0,PONTEVEDRA,3,2,33.3,1,66.7,13.1,17.0,True,2022-02-27|2025-01-27|2025-10-01
iDE,FUENCARR    66.000,66.0,MADRID,3,10,66.7,4,66.7,12.9,25.8,True,2024-06-25|2024-10-29|2025-10-03
UFD,STA.CRUZ DE MUDELA,15.0,CIUDAD REAL,3,2,66.7,1,66.7,12.6,23.8,True,2025-02-25|2025-12-01|2026-02-01
iDE,TUDELA      66.000,66.0,NAVARRA,3,1,33.3,1,66.7,12.6,18.2,True,2025-01-30|2025-10-03|2026-03-01
iDE,VALDERA1 T2,15.0,MADRID,3,6,33.3,4,66.7,12.3,19.3,True,2024-06-25|2025-10-01|2025-11-01
iDE,PALMERAL T2,20.0,ALICANTE,3,12,33.3,4,100.0,12.2,14.6,True,2024-12-02|2025-10-01|2025-11-01
iDE,ZARZAQUE T1,15.0,MADRID,3,6,33.3,4,66.7,12.1,19.6,True,2024-06-25|2025-10-01|2025-11-01
iDE,PIALCOR1 T1,15.0,MADRID,3,6,33.3,4,66.7,11.8,19.8,True,2024-06-25|2025-10-01|2025-11-01
iDE,CARRASCA T2,15.0,MADRID,3,6,33.3,4,66.7,11.7,21.1,True,2024-06-25|2025-10-01|2025-11-01
iDE,ESCOLARE T1,15.0,MADRID,3,6,33.3,4,66.7,11.7,21.1,True,2024-06-25|2025-10-01|2025-11-01
iDE,PILAR.M T3,15.0,MADRID,3,10,66.7,4,100.0,11.7,13.0,True,2025-10-01|2025-10-03|2025-11-01
iDE,VILLALBA T3,20.0,MADRID,3,7,33.3,4,66.7,11.7,13.2,True,2024-07-23|2025-10-01|2025-11-01
iDE,ZARZAQUE T4,15.0,MADRID,3,6,33.3,4,66.7,11.7,21.0,True,2024-06-25|2025-10-01|2025-11-01
iDE,CESTUDIA T2,15.0,MADRID,3,6,33.3,4,66.7,11.6,20.9,True,2024-06-25|2025-10-01|2025-11-01
iDE,PIALCOR1 T2,15.0,MADRID,3,6,33.3,4,66.7,11.6,21.1,True,2024-06-25|2025-10-01|2025-11-01
iDE,ZARZAQUE T3,15.0,MADRID,3,6,33.3,4,66.7,11.6,21.0,True,2024-06-25|2025-10-01|2025-11-01
Endesa,P_GRANDE,20.0,Las Palmas,3,12,33.3,4,66.7,11.5,17.2,True,2021-12-01|2022-01-01|2025-10-01
iDE,VALDRREJ T2,15.0,MADRID,3,6,33.3,4,66.7,11.5,21.2,True,2024-06-25|2025-10-01|2025-11-01
iDE,PERATA T1,15.0,MADRID,3,6,33.3,4,66.7,11.4,13.8,True,2024-06-25|2025-10-01|2025-11-01
UFD,CITIPAL,45.0,MADRID,3,2,66.7,1,66.7,11.3,12.5,True,2022-02-27|2023-02-28|2024-05-21
iDE,ALCIRA T4,20.0,VALENCIA,3,12,33.3,4,66.7,11.2,13.4,True,2024-12-02|2025-10-01|2026-01-01
iDE,MELANC.M T41,15.0,MADRID,3,2,33.3,4,66.7,11.1,13.6,True,2024-02-28|2025-10-01|2025-11-01
iDE,TORRENTE T4,20.0,VALENCIA,3,10,33.3,4,66.7,11.0,19.4,True,2025-10-01|2025-11-01|2026-05-01
iDE,PILEGANE T1,15.0,MADRID,3,6,33.3,4,66.7,10.5,19.4,True,2024-06-25|2025-10-01|2025-11-01
UFD,PONTECALDELAS,66.0,PONTEVEDRA,3,2,33.3,1,66.7,10.3,20.0,True,2022-02-27|2023-03-29|2025-10-01
iDE,ANTUSANA T2,45.0,MADRID,3,3,33.3,4,66.7,10.2,13.2,True,2024-03-22|2025-10-01|2025-11-01
iDE,NAVALCAR T2,45.0,MADRID,3,3,33.3,4,66.7,10.2,13.2,True,2024-03-22|2025-10-01|2025-11-01
iDE,XANADU T2,15.0,MADRID,3,3,33.3,4,66.7,10.2,13.2,True,2024-03-22|2025-10-01|2025-11-01
iDE,XANADU T2,45.0,MADRID,3,3,33.3,4,66.7,10.2,13.2,True,2024-03-22|2025-10-01|2025-11-01
iDE,CANTALAR T2,20.0,ALICANTE,3,1,66.7,1,66.7,10.1,10.4,True,2024-01-31|2025-01-30|2025-10-01
Endesa,LOMO_MASP,20.0,Las Palmas,3,3,33.3,2,66.7,10.0,15.9,True,2022-03-01|2022-04-01|2026-05-01
UFD,VALDEMORO 2,15.0,MADRID,3,2,33.3,1,66.7,10.0,10.0,True,2022-02-27|2022-08-28|2023-03-29
iDE,SERNA T1,15.0,MADRID,3,6,33.3,4,66.7,10.0,16.1,True,2024-06-25|2025-10-01|2025-11-01
iDE,SERNA T2,15.0,MADRID,3,6,33.3,4,66.7,10.0,16.1,True,2024-06-25|2025-10-01|2025-11-01
UFD,SAN MARCOS,15.0,LA CORUÑA,3,2,33.3,2,66.7,9.8,13.2,True,2022-02-27|2024-05-21|2024-06-18
iDE,MORVEDRE T1,20.0,VALENCIA,3,4,33.3,4,66.7,9.6,13.5,True,2025-04-11|2025-10-01|2025-11-01
Endesa,CERDANYOLA,25.0,Barcelona,3,4,33.3,4,66.7,9.5,11.8,True,2022-04-01|2025-10-01|2025-12-01
Endesa,RASTRO,66.0,Sevilla,3,4,33.3,2,100.0,9.5,14.7,True,2022-04-01|2022-06-01|2026-05-01
iDE,NAVALAG.    66.000,66.0,MADRID,3,7,33.3,4,66.7,9.5,12.8,True,2024-07-23|2025-10-01|2025-11-01
iDE,ALBAL T1,20.0,VALENCIA,3,2,33.3,4,66.7,9.2,10.9,True,2025-02-26|2025-11-01|2025-12-01
iDE,LISBOA T1,15.0,MADRID,3,6,33.3,4,66.7,9.2,13.5,True,2024-06-25|2025-10-01|2025-11-01
iDE,NAVALAGA T1,20.0,MADRID,3,7,33.3,4,66.7,9.2,11.7,True,2024-07-23|2025-10-01|2025-11-01
iDE,ST ELGEA    30.000,30.0,ÁLAVA,3,10,33.3,4,66.7,9.2,16.0,True,2025-10-01|2025-11-01|2026-03-01
iDE,S.AGUSTI T3,20.0,MADRID,3,12,33.3,4,100.0,9.0,12.0,True,2024-12-02|2025-10-03|2025-11-01
iDE,VALDMLLO    66.000,66.0,MADRID,3,7,33.3,4,66.7,8.9,10.9,True,2024-07-23|2025-10-01|2025-11-01
iDE,LADA        132.00,132.0,ASTURIAS,3,11,66.7,4,100.0,8.7,10.2,True,2024-11-15|2025-10-01|2025-11-01
iDE,LL.CUART T2,20.0,VALENCIA,3,12,33.3,4,100.0,8.6,8.9,True,2024-12-02|2025-10-01|2025-11-01
Endesa,LA_MUELA,15.0,Zaragoza,3,8,33.3,1,66.7,8.5,12.6,True,2021-08-01|2022-02-01|2022-03-01
iDE,PLGNO C A1,45.0,MADRID,3,10,33.3,4,66.7,8.5,9.4,True,2025-10-01|2025-11-01|2026-01-01
UFD,VICALVARO,45.0,MADRID,3,2,33.3,2,66.7,8.4,10.2,True,2022-02-27|2024-04-18|2026-05-01
iDE,BUENAVIS T1,15.0,MADRID,3,10,33.3,4,66.7,8.3,14.1,True,2025-10-03|2025-12-01|2026-05-01
Endesa,CUERVO,15.0,Sevilla,3,11,33.3,1,66.7,8.2,9.8,True,2021-11-01|2022-01-01|2022-02-01
iDE,LISBOA T2,45.0,MADRID,3,2,33.3,4,66.7,8.1,9.7,True,2025-02-26|2025-10-01|2025-11-01
iDE,PERATA T2,45.0,MADRID,3,2,33.3,4,66.7,8.1,9.7,True,2025-02-26|2025-10-01|2025-11-01
Endesa,S_JUAN_P,15.0,Huelva,3,11,33.3,1,66.7,8.0,9.2,True,2021-11-01|2022-01-01|2022-02-01
iDE,PLGNO C B1,45.0,MADRID,3,10,33.3,4,66.7,8.0,9.0,True,2025-10-01|2025-11-01|2026-01-01
Endesa,PERCHEL,20.0,Málaga,3,11,33.3,4,66.7,7.8,9.0,True,2021-11-01|2022-04-01|2025-12-01
Endesa,PERCHEL,66.0,Málaga,3,11,33.3,4,66.7,7.8,9.0,True,2021-11-01|2022-04-01|2025-12-01
iDE,LIRIA T1,20.0,VALENCIA,3,12,33.3,4,100.0,7.5,7.5,True,2024-12-02|2025-10-01|2025-11-01
iDE,BURRIANA    66.000,66.0,CASTELLÓN,3,5,33.3,2,66.7,6.9,10.0,True,2024-05-29|2024-06-25|2024-10-29
iDE,VMEDIANA T2,13.0,LA RIOJA,3,7,33.3,3,66.7,6.8,8.0,True,2024-07-23|2024-09-26|2024-10-29
REE,SAN JORGE,66.0,,3,4,33.3,2,66.7,6.7,7.0,True,2025-04-01|2025-06-02|2025-08-01
Endesa,NIEBLA,15.0,Huelva,3,11,33.3,1,66.7,6.6,9.9,True,2021-11-01|2022-01-01|2022-02-01
iDE,CERCEDIL T2,20.0,MADRID,3,7,33.3,4,66.7,6.5,6.5,True,2024-07-23|2025-10-01|2025-11-01
iDE,LOGRONO T51,13.2,LA RIOJA,3,10,33.3,4,66.7,5.9,7.6,True,2025-10-01|2025-12-01|2026-03-01
iDE,BUENAVIS T2,15.0,MADRID,3,10,33.3,4,66.7,5.7,6.5,True,2025-10-01|2025-12-01|2026-03-01
iDE,NAVALCAR T2,15.0,MADRID,3,6,33.3,4,66.7,5.6,6.1,True,2024-06-25|2025-10-01|2025-11-01
REE,ACECA,220.0,,2,8,50.0,3,50.0,386.0,386.0,True,2024-08-01|2024-11-04
REE,ABADES,400.0,,2,8,50.0,3,50.0,357.0,357.0,True,2024-08-01|2024-12-02
REE,BEARIZ,400.0,,2,1,50.0,1,100.0,352.0,677.0,True,2024-01-02|2024-02-01
REE,ASCÓ,400.0,,2,8,50.0,3,50.0,325.5,399.0,True,2024-08-01|2025-02-03
REE,BEGUES,400.0,,2,12,50.0,4,50.0,295.0,581.0,True,2024-12-02|2025-08-01
REE,ANCHUELO,400.0,,2,8,50.0,3,50.0,275.0,275.0,True,2024-08-01|2024-11-04
iDE,SAGUNTO     132.00,132.0,VALENCIA,2,10,50.0,4,50.0,256.0,326.0,True,2025-10-03|2026-05-01
REE,BARCINA,400.0,,2,8,50.0,3,50.0,200.0,275.0,True,2024-08-01|2024-11-04
REE,TOTANA,400.0,,2,9,50.0,3,50.0,173.5,319.0,True,2025-09-01|2026-02-20
UFD,C.T. NARCEA,132.0,ASTURIAS,2,2,50.0,1,50.0,154.0,154.0,True,2022-02-27|2024-12-17
REE,MORATA,400.0,,2,8,50.0,3,50.0,153.0,153.0,True,2024-08-01|2025-01-02
Endesa,S.LLOGAIA,132.0,Girona,2,10,100.0,4,100.0,127.7,242.3,True,2021-10-01|2025-10-01
REE,BARATARIA,400.0,,2,8,50.0,3,50.0,126.0,126.0,True,2024-08-01|2024-12-02
REE,SEGOVIA,400.0,,2,4,50.0,2,50.0,123.0,196.0,True,2025-04-01|2026-02-20
REE,MIRANDA DE EBRO,220.0,,2,6,50.0,2,50.0,119.5,180.0,True,2025-06-02|2026-02-20
REE,MAS FIGUERES,220.0,,2,1,50.0,1,100.0,116.5,150.0,True,2024-01-02|2024-02-01
Endesa,S.BOI,110.0,Barcelona,2,4,50.0,2,50.0,113.4,210.5,True,2022-04-01|2025-10-01
REE,PIEROLA,400.0,,2,2,50.0,1,50.0,109.5,200.0,True,2024-02-01|2025-07-01
REE,COTORROS,400.0,,2,8,50.0,3,50.0,108.0,108.0,True,2024-08-01|2024-12-02
REE,PUERTOLLANO,220.0,,2,8,50.0,3,50.0,107.0,130.0,True,2024-08-01|2024-12-02
iDE,RETAMAR F1     45.000,45.0,MADRID,2,10,50.0,4,100.0,106.7,106.8,True,2025-10-01|2025-11-01
REE,TRES CANTOS GIS,220.0,,2,10,50.0,4,100.0,104.5,129.0,True,2025-10-01|2025-12-01
REE,PEÑAFLOR,400.0,,2,8,50.0,3,50.0,100.0,100.0,True,2024-08-01|2024-12-02
REE,QUEREÑO,220.0,,2,1,50.0,1,50.0,99.5,120.0,True,2024-01-02|2026-05-01
REE,FUENDETODOS,400.0,,2,7,50.0,3,50.0,98.5,148.0,True,2024-07-01|2025-02-03
REE,VALDEMORO,220.0,,2,12,50.0,4,50.0,95.5,105.0,True,2025-12-01|2026-02-20
Endesa,TARRAGONA,110.0,Tarragona,2,12,50.0,4,50.0,95.0,137.3,True,2025-12-01|2026-03-01
REE,SOLORZANO,220.0,,2,1,50.0,1,100.0,93.0,149.0,True,2024-01-02|2024-03-01
Endesa,LLOBREGAT,110.0,Barcelona,2,4,50.0,2,50.0,91.3,168.4,True,2022-04-01|2025-10-01
Endesa,MATA,11.0,Barcelona,2,9,50.0,3,50.0,91.3,171.5,True,2021-09-01|2022-04-01
Endesa,VILLFRAG,66.0,Málaga,2,10,50.0,4,50.0,88.9,98.6,True,2025-10-01|2026-03-01
REE,MARIA,220.0,,2,2,50.0,1,50.0,82.5,85.0,True,2025-02-03|2025-06-02
REE,JOSE CABRERA,220.0,,2,5,50.0,2,50.0,81.5,86.0,True,2025-05-05|2026-03-02
REE,TREVAGO,220.0,,2,4,50.0,2,50.0,81.5,100.0,True,2024-04-01|2024-12-02
iDE,RETAMAR B1  45.000,45.0,MADRID,2,10,50.0,4,100.0,79.9,79.9,True,2025-10-01|2025-11-01
REE,REQUENA,400.0,,2,11,50.0,4,50.0,79.5,116.0,True,2024-11-04|2025-03-03
REE,PRADILLOS,220.0,,2,4,50.0,2,50.0,76.5,132.0,True,2025-04-01|2025-10-01
REE,MAGALLON,220.0,,2,2,50.0,1,100.0,75.5,144.0,True,2025-02-03|2026-03-02
iDE,RETAMAR A1  45.000,45.0,MADRID,2,10,50.0,4,100.0,75.5,78.0,True,2025-10-01|2025-11-01
iDE,FORTUNA B1    45.000,45.0,MADRID,2,10,50.0,4,100.0,75.2,75.2,True,2025-10-01|2025-11-01
REE,CORNATEL,220.0,,2,5,50.0,2,50.0,75.0,87.0,True,2025-05-05|2026-02-20
iDE,SAGUNTO     66.000,66.0,VALENCIA,2,10,50.0,4,100.0,73.5,126.0,True,2025-10-03|2025-12-01
iDE,VILLAVERDE A1  45.000,45.0,MADRID,2,10,50.0,4,100.0,73.4,73.4,True,2025-10-01|2025-11-01
Endesa,PTO_REAL,132.0,Cádiz,2,2,50.0,1,50.0,72.4,96.5,True,2022-02-01|2025-10-01
REE,ATARFE,220.0,,2,11,50.0,4,50.0,71.0,91.0,True,2024-11-04|2025-09-01
iDE,MELANCOL,45.0,MADRID,2,10,50.0,4,100.0,70.7,70.8,True,2025-10-01|2025-11-01
REE,BUNIEL,400.0,,2,7,50.0,3,50.0,70.0,70.0,True,2025-07-01|2025-12-01
REE,TORDESILLAS,220.0,,2,2,100.0,1,100.0,70.0,96.0,True,2024-02-01|2026-02-20
Endesa,ABELLO,66.0,Cádiz,2,3,50.0,1,50.0,68.3,91.7,True,2022-03-01|2022-04-01
iDE,FORTUNA A1    45.000,45.0,MADRID,2,10,50.0,4,100.0,68.1,68.1,True,2025-10-01|2025-11-01
REE,EL SEQUERO,220.0,,2,11,50.0,4,50.0,68.0,91.0,True,2024-11-04|2025-06-02
iDE,PSTODOMI,45.0,MADRID,2,10,50.0,4,100.0,66.5,71.5,True,2025-10-01|2025-11-01
UFD,EL CASTRO,132.0,PONTEVEDRA,2,2,50.0,1,100.0,66.3,100.0,True,2022-02-27|2025-01-27
REE,ORMAIZTEGUI,220.0,,2,5,50.0,2,50.0,66.0,102.0,True,2024-05-16|2024-10-01
REE,TORREJON DE VELASCO,400.0,,2,6,50.0,2,100.0,64.5,82.0,True,2024-06-03|2025-05-05
Endesa,CUERVO,66.0,Sevilla,2,4,50.0,2,50.0,63.0,113.1,True,2022-04-01|2025-10-01
Endesa,S.COLOMA,132.0,Barcelona,2,4,50.0,2,50.0,62.0,100.8,True,2022-04-01|2025-10-01
UFD,MORAL DE CALATRAVA,132.0,CIUDAD REAL,2,2,100.0,1,100.0,60.0,60.0,True,2025-02-25|2026-02-01
UFD,SARDOMA,132.0,PONTEVEDRA,2,2,50.0,1,100.0,58.3,92.0,True,2022-02-27|2025-01-27
Endesa,SALT,132.0,Girona,2,4,50.0,2,50.0,58.2,102.0,True,2022-04-01|2026-03-01
Endesa,VALENCIA,66.0,Cádiz,2,2,50.0,1,50.0,58.2,74.0,True,2022-02-01|2022-04-01
REE,MANGRANERS,220.0,,2,4,50.0,2,50.0,58.0,111.0,True,2024-04-01|2025-02-03
REE,SANT BOI,220.0,,2,2,50.0,1,50.0,57.5,100.0,True,2024-02-01|2024-07-01
REE,FONTEFRIA,220.0,,2,3,50.0,1,50.0,57.0,62.0,True,2024-03-01|2025-08-01
REE,SANTA ENGRACIA,400.0,,2,10,50.0,4,50.0,56.5,67.0,True,2025-10-01|2026-02-20
REE,CABRA,400.0,,2,1,50.0,1,100.0,55.5,73.0,True,2024-01-02|2026-02-20
UFD,PUENTE DE SAN FERNANDO,45.0,MADRID,2,2,50.0,1,50.0,54.8,59.5,True,2022-02-27|2024-06-18
Endesa,S_DOMING,66.0,Cádiz,2,2,50.0,1,50.0,54.5,99.5,True,2022-02-01|2022-04-01
Endesa,VALENZUELA,45.0,Zaragoza,2,12,50.0,4,50.0,54.5,58.9,True,2021-12-01|2022-04-01
Endesa,CAMPANIL,66.0,Málaga,2,10,50.0,4,50.0,53.5,58.1,True,2025-10-01|2026-03-01
REE,CATADAU,400.0,,2,10,50.0,4,50.0,53.0,56.0,True,2024-10-01|2025-08-01
UFD,SABON,132.0,LA CORUÑA,2,2,100.0,1,100.0,52.5,75.1,True,2022-02-27|2026-02-01
Endesa,CAMPANIL,20.0,Málaga,2,10,50.0,4,50.0,50.9,55.7,True,2025-10-01|2026-03-01
iDE,TCANTOS B1   66.000,66.0,MADRID,2,10,50.0,4,100.0,50.8,51.5,True,2025-10-03|2025-11-01
iDE,PSTODOMI    45.000,45.0,MADRID,2,6,50.0,2,50.0,50.3,95.2,True,2024-06-25|2025-01-30
REE,CARMONA,400.0,,2,9,50.0,3,50.0,50.0,70.0,True,2025-09-01|2025-12-01
REE,GALAPAGAR,220.0,,2,2,100.0,1,100.0,50.0,50.0,True,2024-02-01|2026-02-20
UFD,CAMPO NACIONES NUEVO,45.0,MADRID,2,2,50.0,1,50.0,50.0,50.0,True,2022-02-27|2024-12-17
UFD,SAN FERNANDO,45.0,MADRID,2,2,50.0,1,50.0,50.0,63.0,True,2022-02-27|2024-06-18
REE,SANTA LLOGAIA,400.0,,2,9,50.0,3,50.0,47.5,65.0,True,2024-09-02|2026-05-01
Endesa,ILURO,110.0,Barcelona,2,4,50.0,2,50.0,45.6,49.8,True,2022-04-01|2025-10-01
iDE,LEGANES   45,45.0,MADRID,2,3,50.0,1,50.0,45.5,48.1,True,2024-03-22|2024-04-29
iDE,GALAPAG A2    66.000,66.0,MADRID,2,10,50.0,4,100.0,45.3,45.3,True,2025-10-01|2025-11-01
Endesa,SAGUNTO,45.0,Zaragoza,2,9,50.0,3,50.0,43.5,46.5,True,2021-09-01|2021-11-01
REE,PENEDES,220.0,,2,5,50.0,2,50.0,43.5,44.0,True,2025-05-05|2025-10-01
iDE,MASALFAS    66.000,66.0,VALENCIA,2,10,50.0,4,50.0,42.9,70.8,True,2025-10-03|2026-03-01
iDE,ESCORIAL A1 66.000,66.0,MADRID,2,10,50.0,4,100.0,42.4,42.4,True,2025-10-01|2025-11-01
Endesa,ALHAURIN,66.0,Málaga,2,4,50.0,2,50.0,40.7,65.6,True,2022-04-01|2026-03-01
REE,TOMEZA,220.0,,2,2,50.0,1,50.0,40.5,41.0,True,2025-02-03|2025-12-01
Endesa,RINCO_V,132.0,Málaga,2,10,50.0,4,50.0,40.0,44.5,True,2025-10-01|2026-03-01
Endesa,RINCO_V,20.0,Málaga,2,10,50.0,4,50.0,40.0,44.5,True,2025-10-01|2026-03-01
REE,PAZOS DE BORBEN,220.0,,2,8,100.0,3,100.0,40.0,70.0,True,2024-08-01|2025-08-01
REE,SAN SERVAN,220.0,,2,5,50.0,2,50.0,40.0,40.0,True,2025-05-05|2025-10-01
REE,MEDINA DEL CAMPO,220.0,,2,8,50.0,3,50.0,39.5,44.0,True,2024-08-01|2025-04-01
iDE,SMR EUST BA3,45.0,MADRID,2,10,50.0,4,100.0,39.0,39.0,True,2025-10-01|2025-11-01
iDE,EMBAJADO T2,45.0,MADRID,2,10,50.0,4,100.0,38.9,38.9,True,2025-10-01|2025-11-01
iDE,MORALZAR A2  66.000,66.0,MADRID,2,10,50.0,4,100.0,38.6,38.6,True,2025-10-01|2025-11-01
Endesa,CHICLANA,66.0,Cádiz,2,8,50.0,3,50.0,38.5,60.8,True,2021-08-01|2022-04-01
Endesa,GUADALCA,66.0,Cádiz,2,11,50.0,4,50.0,38.5,40.6,True,2021-11-01|2022-02-01
REE,ANDRATX,66.0,,2,9,50.0,3,50.0,38.5,67.0,True,2024-09-02|2025-01-02
REE,GRIJOTA,400.0,,2,1,50.0,1,50.0,38.5,47.0,True,2025-01-02|2025-09-01
REE,TABARA,400.0,,2,1,50.0,1,50.0,38.5,50.0,True,2025-01-02|2025-07-01
Endesa,TORREMAR,20.0,Málaga,2,10,50.0,4,50.0,37.9,67.3,True,2025-10-01|2026-01-01
Endesa,TORREMAR,66.0,Málaga,2,10,50.0,4,50.0,37.9,67.3,True,2025-10-01|2026-01-01
REE,CANILLEJAS,220.0,,2,3,50.0,1,100.0,37.5,40.0,True,2024-03-01|2025-01-02
REE,GUIXERES,220.0,,2,4,50.0,2,50.0,37.5,55.0,True,2024-04-01|2024-08-01
REE,TRES CANTOS,220.0,,2,5,50.0,2,50.0,37.0,50.0,True,2025-05-05|2025-12-01
Endesa,RIPOLL,132.0,Girona,2,10,50.0,4,50.0,36.7,66.5,True,2025-10-01|2026-05-01
UFD,MOS,132.0,PONTEVEDRA,2,2,50.0,1,100.0,36.3,60.0,True,2022-02-27|2025-01-27
iDE,OLVIDO T1,45.0,MADRID,2,10,50.0,4,100.0,36.3,39.0,True,2025-10-01|2025-11-01
iDE,SMR EUST BA2,45.0,MADRID,2,10,50.0,4,100.0,36.3,39.0,True,2025-10-01|2025-11-01
REE,TABERNAS,220.0,,2,2,50.0,1,50.0,36.0,40.0,True,2026-02-20|2026-05-01
iDE,ESCORIAL    66.000,66.0,MADRID,2,7,50.0,3,50.0,35.9,37.0,True,2024-07-23|2024-10-29
REE,BARRANCO SECO,66.0,,2,1,50.0,1,50.0,35.5,47.0,True,2024-01-02|2024-11-04
REE,PEÑADRADA,220.0,,2,7,50.0,3,50.0,35.0,41.0,True,2025-07-01|2026-03-02
UFD,CANILLEJAS,45.0,MADRID,2,2,50.0,1,50.0,35.0,35.0,True,2022-02-27|2024-05-21
iDE,PCENTRAL T3,11.0,VALENCIA,2,10,50.0,4,100.0,35.0,35.0,True,2025-10-01|2025-11-01
iDE,DEPORTIV T2,20.0,MADRID,2,10,50.0,4,100.0,34.9,34.9,True,2025-10-01|2025-11-01
iDE,DEPORTIV T1,20.0,MADRID,2,10,50.0,4,100.0,34.8,34.8,True,2025-10-01|2025-11-01
iDE,BENIFERRI T2,20.0,VALENCIA,2,10,50.0,4,100.0,34.7,34.7,True,2025-10-01|2025-11-01
Endesa,VILLFRAG,20.0,Málaga,2,10,50.0,4,50.0,34.5,48.0,True,2025-10-01|2026-03-01
iDE,INGENIO T4,20.0,CASTELLÓN,2,10,50.0,4,100.0,34.5,34.5,True,2025-10-01|2025-11-01
iDE,PALMERAL T3,20.0,ALICANTE,2,10,50.0,4,100.0,34.3,34.3,True,2025-10-01|2025-11-01
Endesa,TORRERO,45.0,Zaragoza,2,11,50.0,4,50.0,34.2,34.9,True,2021-11-01|2022-05-01
iDE,SANCHINA T1,20.0,MADRID,2,10,50.0,4,100.0,33.6,34.7,True,2025-10-01|2025-11-01
iDE,BENICULL T2,20.0,VALENCIA,2,10,50.0,4,100.0,33.2,33.2,True,2025-10-01|2025-11-01
iDE,BENIFERRI T1,20.0,VALENCIA,2,10,50.0,4,100.0,33.2,33.6,True,2025-10-01|2025-11-01
iDE,PCENTRAL T1,20.0,VALENCIA,2,10,50.0,4,100.0,33.2,35.0,True,2025-10-01|2025-11-01
UFD,LASTRAS DEL POZO,45.0,SEGOVIA,2,2,50.0,1,50.0,33.1,35.0,True,2025-02-25|2025-12-01
REE,CAÑAVERAL,400.0,,2,2,50.0,1,50.0,33.0,33.0,True,2026-02-20|2026-05-01
REE,TARRAGONA,220.0,,2,5,50.0,2,50.0,33.0,45.0,True,2024-05-16|2024-08-01
iDE,CERCEDILL A2 66.000,66.0,MADRID,2,10,50.0,4,100.0,33.0,33.0,True,2025-10-01|2025-11-01
iDE,ST LASAO    30.000,30.0,GUIPÚZCOA,2,10,50.0,4,50.0,33.0,33.0,True,2025-10-03|2026-05-01
Endesa,COLLBLANC,110.0,Barcelona,2,4,50.0,2,50.0,32.9,53.2,True,2022-04-01|2026-03-01
REE,OLMEDO,400.0,,2,3,50.0,1,50.0,32.5,50.0,True,2024-03-01|2024-08-01
iDE,MORALZAR2   66.000,66.0,MADRID,2,7,50.0,3,100.0,32.1,40.7,True,2024-07-23|2024-09-26
Endesa,BUIXALLEU,132.0,Girona,2,4,50.0,2,50.0,32.0,50.7,True,2022-04-01|2025-10-01
iDE,AGUACATE T1,15.0,MADRID,2,10,50.0,4,100.0,31.9,35.0,True,2025-10-01|2025-11-01
iDE,CERCEDIL    66.000,66.0,MADRID,2,7,50.0,3,50.0,31.9,32.0,True,2024-07-23|2024-10-29
UFD,SALVATERRA,20.0,PONTEVEDRA,2,1,50.0,1,100.0,31.8,40.5,True,2025-01-27|2026-02-01
iDE,PATRAIX T2,20.0,VALENCIA,2,10,50.0,4,100.0,31.8,34.9,True,2025-10-01|2025-11-01
REE,LA ESPLUGA,400.0,,2,2,50.0,1,100.0,31.5,34.0,True,2025-02-03|2025-03-03
Endesa,MONTMELO,132.0,Barcelona,2,4,50.0,2,50.0,31.4,35.5,True,2022-04-01|2025-10-01
iDE,PATRAIX T1,20.0,VALENCIA,2,10,50.0,4,100.0,31.2,34.8,True,2025-10-01|2025-11-01
Endesa,ALTAFULLA,110.0,Tarragona,2,10,50.0,4,50.0,31.0,56.7,True,2025-10-01|2026-01-01
REE,JUNDIZ,220.0,,2,7,50.0,3,50.0,31.0,38.0,True,2025-07-01|2025-12-01
Endesa,CEPANSA,20.0,Córdoba,2,3,50.0,1,50.0,30.8,33.2,True,2022-03-01|2022-04-01
Endesa,PRADELL,110.0,Tarragona,2,4,50.0,2,50.0,30.8,32.8,True,2022-04-01|2025-12-01
iDE,ARGANZUE T1,15.0,MADRID,2,10,50.0,4,100.0,30.8,35.0,True,2025-10-01|2025-11-01
Endesa,PALMACON,50.0,Huelva,2,9,50.0,3,50.0,30.6,49.0,True,2021-09-01|2022-04-01
Endesa,RAMOS,132.0,Málaga,2,10,50.0,4,50.0,30.6,34.0,True,2025-10-01|2026-03-01
UFD,VILLALONGA,66.0,PONTEVEDRA,2,2,50.0,1,100.0,30.5,39.0,True,2022-02-27|2025-01-27
iDE,LEGANES T4,15.0,MADRID,2,10,50.0,4,100.0,30.5,30.5,True,2025-10-01|2025-11-01
iDE,ARGANZUE T2,15.0,MADRID,2,10,50.0,4,100.0,30.4,34.8,True,2025-10-01|2025-11-01
UFD,SANTA TERESA,15.0,CIUDAD REAL,2,3,50.0,1,100.0,30.2,34.6,True,2022-03-27|2023-01-30
REE,AEROPUERTO BARCELONA,220.0,,2,12,50.0,4,50.0,30.0,40.0,True,2024-12-02|2025-02-03
REE,IRUN,220.0,,2,3,50.0,1,50.0,30.0,30.0,True,2024-03-01|2025-06-02
UFD,PINAR,45.0,MADRID,2,2,50.0,1,50.0,30.0,30.0,True,2022-02-27|2024-12-17
UFD,TIBO,66.0,PONTEVEDRA,2,1,50.0,1,50.0,30.0,50.0,True,2025-01-27|2025-10-01
UFD,VALDEBEBAS,45.0,MADRID,2,2,50.0,1,50.0,30.0,30.0,True,2022-02-27|2024-12-17
Endesa,ROTA,66.0,Cádiz,2,1,50.0,1,100.0,29.9,38.2,True,2022-01-01|2026-03-01
Endesa,SAGUNTO,10.0,Zaragoza,2,9,50.0,3,50.0,29.9,40.0,True,2021-09-01|2021-11-01
REE,TABIELLA,220.0,,2,2,50.0,1,50.0,29.5,48.0,True,2024-02-01|2024-08-01
iDE,MORALZAR    66.000,66.0,MADRID,2,7,50.0,3,100.0,29.5,40.5,True,2024-07-23|2024-09-26
iDE,ARDOZ.N T7,20.0,MADRID,2,10,50.0,4,100.0,29.3,29.3,True,2025-10-01|2025-11-01
iDE,ARGANZUE T3,15.0,MADRID,2,10,50.0,4,100.0,29.3,35.0,True,2025-10-01|2025-11-01
iDE,VENTAS.M T2,20.0,MADRID,2,10,50.0,4,100.0,29.3,34.8,True,2025-10-01|2025-11-01
Endesa,BENALMAD,66.0,Málaga,2,12,50.0,4,50.0,29.2,41.9,True,2021-12-01|2022-04-01
REE,AQUA,220.0,,2,7,50.0,3,50.0,29.0,40.0,True,2024-07-01|2025-05-05
iDE,AQUA T2,20.0,VALENCIA,2,10,50.0,4,100.0,29.0,35.0,True,2025-10-01|2025-11-01
iDE,PALAFOX T2,15.0,MADRID,2,10,50.0,4,100.0,28.9,35.0,True,2025-10-01|2025-11-01
iDE,GANDIA T1,20.0,VALENCIA,2,10,50.0,4,100.0,28.8,30.6,True,2025-10-01|2025-11-01
iDE,PALAFOX T1,15.0,MADRID,2,10,50.0,4,100.0,28.6,34.9,True,2025-10-01|2025-11-01
iDE,PALMERAL T1,20.0,ALICANTE,2,10,50.0,4,100.0,28.4,28.4,True,2025-10-01|2025-11-01
Endesa,GABIAS,66.0,Granada,2,2,50.0,1,50.0,28.2,51.0,True,2022-02-01|2025-10-01
iDE,PCENTRAL T2,20.0,VALENCIA,2,10,50.0,4,100.0,28.2,34.9,True,2025-10-01|2025-11-01
iDE,B.AIRE.M T2,45.0,MADRID,2,10,50.0,4,100.0,28.1,28.1,True,2025-10-01|2025-11-01
iDE,CARRASCA T2,45.0,MADRID,2,10,50.0,4,100.0,28.1,28.1,True,2025-10-01|2025-11-01
iDE,PRAPOZUE T1,45.0,MADRID,2,10,50.0,4,100.0,28.1,28.1,True,2025-10-01|2025-11-01
iDE,SMR HERRER B,45.0,MADRID,2,10,50.0,4,100.0,28.1,28.1,True,2025-10-01|2025-11-01
iDE,ZARZAQUE T2,45.0,MADRID,2,10,50.0,4,100.0,28.1,28.1,True,2025-10-01|2025-11-01
iDE,ZARZAQUE T4,45.0,MADRID,2,10,50.0,4,100.0,28.1,28.1,True,2025-10-01|2025-11-01
REE,SON REUS,220.0,,2,12,100.0,4,100.0,28.0,31.0,True,2024-12-02|2025-12-01
iDE,ARGUELLE T1,15.0,MADRID,2,10,50.0,4,100.0,28.0,28.0,True,2025-10-01|2025-11-01
iDE,ARGUELLE T3,15.0,MADRID,2,10,50.0,4,100.0,28.0,28.0,True,2025-10-01|2025-11-01
iDE,CABANAL T4,20.0,VALENCIA,2,10,50.0,4,100.0,28.0,28.0,True,2025-10-01|2025-11-01
iDE,CALPE T2,20.0,ALICANTE,2,10,50.0,4,100.0,28.0,28.0,True,2025-10-01|2025-11-01
iDE,OLITE T3,15.0,MADRID,2,10,50.0,4,100.0,28.0,28.0,True,2025-10-01|2025-11-01
iDE,PILEGANE T2,45.0,MADRID,2,10,50.0,4,100.0,28.0,28.0,True,2025-10-01|2025-11-01
iDE,PLAZAESP T1,15.0,MADRID,2,10,50.0,4,100.0,28.0,28.0,True,2025-10-01|2025-11-01
iDE,PLAZAESP T2,15.0,MADRID,2,10,50.0,4,100.0,28.0,28.0,True,2025-10-01|2025-11-01
iDE,S.FELIPE T3,15.0,MADRID,2,10,50.0,4,100.0,28.0,28.0,True,2025-10-01|2025-11-01
iDE,ARGUELLE T2,15.0,MADRID,2,10,50.0,4,100.0,27.9,27.9,True,2025-10-01|2025-11-01
iDE,BENIFERRI T3,20.0,VALENCIA,2,10,50.0,4,100.0,27.9,27.9,True,2025-10-01|2025-11-01
iDE,CALPE T1,20.0,ALICANTE,2,10,50.0,4,100.0,27.9,27.9,True,2025-10-01|2025-11-01
iDE,CESTUDIA T2,45.0,MADRID,2,10,50.0,4,100.0,27.9,27.9,True,2025-10-01|2025-11-01
iDE,CHAMARTI T1,15.0,MADRID,2,10,50.0,4,100.0,27.9,27.9,True,2025-10-01|2025-11-01
iDE,CHAMARTI T2,15.0,MADRID,2,10,50.0,4,100.0,27.9,27.9,True,2025-10-01|2025-11-01
iDE,DENIA T1,20.0,ALICANTE,2,10,50.0,4,100.0,27.9,27.9,True,2025-10-01|2025-11-01
iDE,OLITE T1,15.0,MADRID,2,10,50.0,4,100.0,27.9,27.9,True,2025-10-01|2025-11-01
iDE,OLITE T2,15.0,MADRID,2,10,50.0,4,100.0,27.9,27.9,True,2025-10-01|2025-11-01
iDE,PRAPOZUE T2,45.0,MADRID,2,10,50.0,4,100.0,27.9,27.9,True,2025-10-01|2025-11-01
iDE,S.FELIPE T2,15.0,MADRID,2,10,50.0,4,100.0,27.9,27.9,True,2025-10-01|2025-11-01
iDE,TORREFIE T2,20.0,VALENCIA,2,10,50.0,4,100.0,27.9,27.9,True,2025-10-01|2025-11-01
iDE,UNIVER.M T1,15.0,MADRID,2,10,50.0,4,100.0,27.9,27.9,True,2025-10-01|2025-11-01
iDE,UNIVER.M T2,15.0,MADRID,2,10,50.0,4,100.0,27.9,27.9,True,2025-10-01|2025-11-01
iDE,VALDRREJ T2,45.0,MADRID,2,10,50.0,4,100.0,27.9,27.9,True,2025-10-01|2025-11-01
Endesa,PERAFORT,25.0,Tarragona,2,5,50.0,2,50.0,27.8,41.9,True,2022-05-01|2025-10-01
iDE,JAVEA T2,20.0,ALICANTE,2,10,50.0,4,100.0,27.8,27.8,True,2025-10-01|2025-11-01
iDE,TORREFIE T1,20.0,VALENCIA,2,10,50.0,4,100.0,27.8,27.8,True,2025-10-01|2025-11-01
iDE,VERGEL T2,20.0,ALICANTE,2,10,50.0,4,100.0,27.8,27.8,True,2025-10-01|2025-11-01
iDE,CABANAL T2,20.0,VALENCIA,2,10,50.0,4,100.0,27.7,27.7,True,2025-10-01|2025-11-01
iDE,CABANAL T3,20.0,VALENCIA,2,10,50.0,4,100.0,27.6,27.6,True,2025-10-01|2025-11-01
iDE,CUART T4,20.0,VALENCIA,2,10,50.0,4,100.0,27.6,27.6,True,2025-10-01|2025-11-01
iDE,DENIA T2,20.0,ALICANTE,2,10,50.0,4,100.0,27.6,27.6,True,2025-10-01|2025-11-01
iDE,BOADILLA T1,20.0,MADRID,2,10,50.0,4,100.0,27.5,27.5,True,2025-10-01|2025-11-01
Endesa,LOS_OLIVOS,20.0,Santa Cruz de Tenerife,2,10,50.0,4,50.0,27.4,39.8,True,2025-10-01|2026-01-01
iDE,CUART T1,20.0,VALENCIA,2,10,50.0,4,100.0,27.4,27.4,True,2025-10-01|2025-11-01
iDE,ELIANA T8,20.0,VALENCIA,2,10,50.0,4,100.0,27.2,27.2,True,2025-10-01|2025-11-01
Endesa,S_BARRAM,66.0,Cádiz,2,4,50.0,2,50.0,27.1,35.9,True,2022-04-01|2026-03-01
iDE,S.FELIPE T1,15.0,MADRID,2,10,50.0,4,100.0,27.1,27.1,True,2025-10-01|2025-11-01
REE,TELLEDO,220.0,,2,7,50.0,3,100.0,27.0,39.0,True,2024-07-01|2024-08-01
UFD,ARGAMASILLA DE ALBA,45.0,CIUDAD REAL,2,2,100.0,1,100.0,27.0,34.0,True,2025-02-25|2026-02-01
iDE,CUART T2,20.0,VALENCIA,2,10,50.0,4,100.0,27.0,27.0,True,2025-10-01|2025-11-01
Endesa,MANRESA,25.0,Barcelona,2,10,50.0,4,100.0,26.9,43.8,True,2025-10-01|2025-12-01
iDE,CABANAL T1,20.0,VALENCIA,2,10,50.0,4,100.0,26.9,26.9,True,2025-10-01|2025-11-01
iDE,TORREFIE T3,20.0,VALENCIA,2,10,50.0,4,100.0,26.5,26.5,True,2025-10-01|2025-11-01
iDE,MORALEJA A1  45.000,45.0,MADRID,2,10,50.0,4,50.0,26.1,40.0,True,2025-10-03|2026-03-01
UFD,ARGAMASILLA DE CALATRAVA,15.0,CIUDAD REAL,2,3,50.0,1,100.0,26.0,36.3,True,2022-03-27|2023-01-30
iDE,PQINGENI T2,15.0,MADRID,2,10,50.0,4,100.0,26.0,26.0,True,2025-10-01|2025-11-01
iDE,SMR HERRER A,45.0,MADRID,2,10,50.0,4,100.0,25.7,25.7,True,2025-10-01|2025-11-01
UFD,VACIAMADRID,45.0,MADRID,2,2,50.0,1,50.0,25.5,26.0,True,2022-02-27|2023-07-10
iDE,PILEGANE T1,45.0,MADRID,2,10,50.0,4,100.0,25.4,25.4,True,2025-10-01|2025-11-01
iDE,PINTO B1     45.000,45.0,MADRID,2,10,50.0,4,50.0,25.1,40.0,True,2025-10-03|2026-05-01
REE,DAGANZO,220.0,,2,7,50.0,3,50.0,25.0,40.0,True,2024-07-01|2026-02-20
iDE,MEDINA  DEL CAMPO T1 45,45.0,VALLADOLID,2,10,50.0,4,100.0,25.0,25.0,True,2025-10-03|2025-12-01
iDE,PUZOL       66.000,66.0,VALENCIA,2,10,50.0,4,50.0,25.0,35.0,True,2025-10-03|2026-03-01
Endesa,S.CUGAT,25.0,Barcelona,2,4,50.0,2,50.0,24.8,39.5,True,2022-04-01|2026-03-01
REE,LOMO APOLINARIO,66.0,,2,4,50.0,2,100.0,24.5,34.0,True,2024-04-01|2024-06-03
REE,VAGUADAS,220.0,,2,12,50.0,4,50.0,24.5,30.0,True,2025-12-01|2026-05-01
UFD,ARAGON,15.0,MADRID,2,2,50.0,1,50.0,24.5,29.9,True,2022-02-27|2024-07-17
Endesa,FUENGIRO,66.0,Málaga,2,12,50.0,4,50.0,24.4,28.9,True,2021-12-01|2022-04-01
iDE,CARRASCA T1,45.0,MADRID,2,10,50.0,4,100.0,24.4,24.4,True,2025-10-01|2025-11-01
iDE,ZARZAQUE T1,45.0,MADRID,2,10,50.0,4,100.0,24.4,24.4,True,2025-10-01|2025-11-01
iDE,ZARZAQUE T3,45.0,MADRID,2,10,50.0,4,100.0,24.4,24.4,True,2025-10-01|2025-11-01
REE,PLAYA BLANCA,66.0,,2,11,50.0,4,50.0,24.0,31.0,True,2024-11-04|2025-03-03
REE,ZARATAN,220.0,,2,1,50.0,1,50.0,24.0,26.0,True,2025-01-02|2025-07-01
iDE,RETAMAR   45,45.0,MADRID,2,3,50.0,1,50.0,24.0,29.4,True,2024-03-22|2024-04-29
Endesa,SANTUARI,20.0,Córdoba,2,1,50.0,1,50.0,23.9,37.8,True,2022-01-01|2025-10-01
iDE,MIRAFL/A    66.000,66.0,MADRID,2,12,50.0,4,100.0,23.9,37.6,True,2024-12-02|2025-11-01
Endesa,CANTOSAL,15.0,Sevilla,2,3,50.0,1,50.0,23.6,27.3,True,2022-03-01|2025-10-01
iDE,CATOLEDO T2,45.0,MADRID,2,10,50.0,4,100.0,23.6,23.6,True,2025-10-01|2025-11-01
iDE,PIALCOR1 T1,45.0,MADRID,2,10,50.0,4,100.0,23.5,23.5,True,2025-10-01|2025-11-01
iDE,TERRAMIT T1,20.0,ALICANTE,2,10,50.0,4,100.0,23.5,23.5,True,2025-10-01|2025-11-01
iDE,VALDERA1 T1,45.0,MADRID,2,10,50.0,4,100.0,23.5,23.5,True,2025-10-01|2025-11-01
iDE,SERNA T1,45.0,MADRID,2,10,50.0,4,100.0,23.1,23.1,True,2025-10-01|2025-11-01
iDE,SERNA T2,45.0,MADRID,2,10,50.0,4,100.0,23.1,23.1,True,2025-10-01|2025-11-01
iDE,LA LLOMA T2,20.0,ALICANTE,2,10,50.0,4,100.0,23.0,23.0,True,2025-10-01|2025-11-01
Endesa,S.JOAN.DES,25.0,Barcelona,2,4,50.0,2,50.0,22.9,39.7,True,2022-04-01|2025-10-01
UFD,ALARCOS,132.0,CIUDAD REAL,2,1,50.0,1,100.0,22.5,25.0,True,2025-01-27|2026-02-01
UFD,ZAL,25.0,BARCELONA,2,2,50.0,1,50.0,22.5,25.0,True,2022-02-27|2025-10-01
Endesa,H_M_SERVET,45.0,Zaragoza,2,8,50.0,3,50.0,22.4,30.0,True,2021-08-01|2021-11-01
Endesa,VALME,15.0,Sevilla,2,11,50.0,4,50.0,22.4,39.9,True,2021-11-01|2022-06-01
Endesa,IZNALLOZ,66.0,Granada,2,11,50.0,4,100.0,22.2,23.0,True,2021-11-01|2025-10-01
REE,SUBIRATS,220.0,,2,2,50.0,1,50.0,22.0,29.0,True,2024-02-01|2024-08-01
iDE,OLIVA T2,20.0,VALENCIA,2,10,50.0,4,100.0,21.7,21.7,True,2025-10-01|2025-11-01
Endesa,RUBI,66.0,Barcelona,2,10,50.0,4,100.0,21.5,34.1,True,2025-10-01|2025-12-01
REE,LA JARA,220.0,,2,12,50.0,4,50.0,21.5,30.0,True,2025-12-01|2026-02-20
REE,SAN AGUSTIN GC,66.0,,2,3,50.0,1,50.0,21.5,24.0,True,2024-03-01|2024-07-01
UFD,BALAIDOS,15.0,PONTEVEDRA,2,9,50.0,3,50.0,21.5,25.0,True,2022-09-28|2025-01-27
iDE,AQUA T3,20.0,VALENCIA,2,10,50.0,4,100.0,21.5,35.0,True,2025-10-01|2025-11-01
Endesa,ROMERALE,15.0,Huelva,2,1,50.0,1,100.0,21.4,27.9,True,2022-01-01|2022-02-01
iDE,F.MUESTR T1,20.0,VALENCIA,2,10,50.0,4,100.0,21.3,21.3,True,2025-10-01|2025-11-01
iDE,F.MUESTR T2,20.0,VALENCIA,2,10,50.0,4,100.0,21.3,21.3,True,2025-10-01|2025-11-01
Endesa,ARICO_2,20.0,Santa Cruz de Tenerife,2,10,50.0,4,100.0,21.1,25.0,True,2021-10-01|2021-12-01
Endesa,MIRAFLOR,66.0,Málaga,2,11,50.0,4,50.0,21.1,35.7,True,2021-11-01|2022-04-01
Endesa,OLIVERA,45.0,Zaragoza,2,11,50.0,4,100.0,21.1,34.7,True,2021-11-01|2025-10-01
Endesa,OROMANA,132.0,Sevilla,2,8,50.0,3,50.0,21.0,21.0,True,2021-08-01|2021-12-01
iDE,AYALA T11,15.0,MADRID,2,10,50.0,4,100.0,21.0,21.0,True,2025-10-01|2025-11-01
iDE,AYALA T12,15.0,MADRID,2,10,50.0,4,100.0,21.0,21.0,True,2025-10-01|2025-11-01
iDE,AYALA T21,15.0,MADRID,2,10,50.0,4,100.0,21.0,21.0,True,2025-10-01|2025-11-01
iDE,AYALA T22,15.0,MADRID,2,10,50.0,4,100.0,21.0,21.0,True,2025-10-01|2025-11-01
Endesa,CANTOSAL,66.0,Sevilla,2,3,50.0,1,50.0,20.8,29.0,True,2022-03-01|2025-10-01
Endesa,PILAS,66.0,Sevilla,2,9,50.0,3,50.0,20.8,34.8,True,2021-09-01|2025-10-01
iDE,LA PLANA    132.00,132.0,CASTELLÓN,2,1,100.0,1,100.0,20.8,36.2,True,2025-01-30|2026-01-01
Endesa,LANCHA,20.0,Córdoba,2,4,50.0,2,100.0,20.6,35.0,True,2022-04-01|2026-05-01
iDE,PALAFOX T3,15.0,MADRID,2,10,50.0,4,100.0,20.6,35.0,True,2025-10-01|2025-11-01
REE,ROMICA,400.0,,2,8,50.0,3,50.0,20.5,29.0,True,2024-08-01|2025-05-05
iDE,BOADILLA T2,20.0,MADRID,2,10,50.0,4,100.0,20.5,20.5,True,2025-10-01|2025-11-01
iDE,LISBOA T1,45.0,MADRID,2,10,50.0,4,100.0,20.5,20.5,True,2025-10-01|2025-11-01
Endesa,LLINARS,132.0,Barcelona,2,4,50.0,2,50.0,20.4,25.8,True,2022-04-01|2025-12-01
iDE,CESTUDIA T1,45.0,MADRID,2,10,50.0,4,100.0,20.4,20.4,True,2025-10-01|2025-11-01
iDE,VALDRREJ T1,45.0,MADRID,2,10,50.0,4,100.0,20.4,20.4,True,2025-10-01|2025-11-01
iDE,PERATA T1,45.0,MADRID,2,10,50.0,4,100.0,20.3,20.3,True,2025-10-01|2025-11-01
iDE,T.CANTOS T8,20.0,MADRID,2,10,50.0,4,100.0,20.3,21.2,True,2025-10-01|2025-11-01
Endesa,PRAT,110.0,Barcelona,2,4,50.0,2,50.0,20.2,27.6,True,2022-04-01|2025-12-01
Endesa,POBLA,15.0,Baleares,2,6,50.0,2,50.0,20.1,29.6,True,2022-06-01|2025-10-01
iDE,LUCERO      45.000,45.0,MADRID,2,5,50.0,2,50.0,20.1,29.7,True,2024-05-29|2025-02-26
REE,ALCUDIA BALEARES,66.0,,2,1,50.0,1,100.0,20.0,20.0,True,2025-01-02|2025-03-03
UFD,COSTANILLA,45.0,CIUDAD REAL,2,2,50.0,1,50.0,20.0,20.0,True,2022-02-27|2024-08-19
iDE,HUELVES    A2 66.000,66.0,CUENCA,2,10,50.0,4,50.0,20.0,20.0,True,2025-10-03|2026-03-01
iDE,OLIVA T1,20.0,VALENCIA,2,10,50.0,4,100.0,19.7,19.7,True,2025-10-01|2025-11-01
REE,MONZON,220.0,,2,9,50.0,3,50.0,19.5,24.0,True,2024-09-02|2025-12-01
iDE,RAMBLETA 132.00,132.0,CASTELLÓN,2,11,50.0,4,50.0,19.4,19.8,True,2023-11-30|2024-01-31
UFD,BARRIO DEL JARAMA,15.0,MADRID,2,2,50.0,1,50.0,19.3,23.2,True,2022-02-27|2024-05-21
UFD,VILAGARCIA DE AROUSA,20.0,PONTEVEDRA,2,1,50.0,1,50.0,19.3,24.6,True,2025-01-27|2026-05-01
Endesa,VENDRELL,110.0,Tarragona,2,6,50.0,2,50.0,19.2,27.5,True,2022-06-01|2025-10-01
iDE,LA NUCIA T1,20.0,ALICANTE,2,10,50.0,4,100.0,19.1,19.2,True,2025-10-01|2025-11-01
REE,EBORA,220.0,,2,4,50.0,2,50.0,19.0,20.0,True,2025-04-01|2025-09-01
iDE,CATOLEDO T1,45.0,MADRID,2,10,50.0,4,100.0,19.0,19.9,True,2025-10-01|2025-11-01
iDE,ESCOLARE T2,45.0,MADRID,2,10,50.0,4,100.0,19.0,19.0,True,2025-10-01|2025-11-01
iDE,PIALCOR1 T2,45.0,MADRID,2,10,50.0,4,100.0,19.0,19.0,True,2025-10-01|2025-11-01
iDE,ST ORMAIZTEG30.000,30.0,GUIPÚZCOA,2,12,50.0,4,100.0,19.0,30.0,True,2023-12-21|2025-10-03
iDE,VALDERA1 T2,45.0,MADRID,2,10,50.0,4,100.0,19.0,19.0,True,2025-10-01|2025-11-01
Endesa,ARCOS,15.0,Cádiz,2,11,50.0,4,50.0,18.9,20.0,True,2021-11-01|2022-02-01
iDE,ARROYO.V T1,20.0,MADRID,2,10,50.0,4,100.0,18.9,25.2,True,2025-10-01|2025-11-01
iDE,S.AGUSTIN A    66.000,66.0,MADRID,2,11,50.0,4,100.0,18.7,27.4,True,2025-11-01|2025-12-01
iDE,VERGEL T1,20.0,ALICANTE,2,10,50.0,4,100.0,18.7,18.7,True,2025-10-01|2025-11-01
Endesa,TANGER,11.0,Barcelona,2,11,50.0,4,50.0,18.6,30.0,True,2021-11-01|2022-04-01
REE,GETAFE,220.0,,2,12,50.0,4,50.0,18.5,20.0,True,2024-12-02|2025-03-03
iDE,FUENCA.M T5,20.0,MADRID,2,10,50.0,4,100.0,18.5,29.6,True,2025-10-01|2025-11-01
iDE,MORALEJA B1  45.000,45.0,MADRID,2,11,50.0,4,50.0,18.5,28.3,True,2025-11-01|2026-03-01
Endesa,ARVINA,15.0,Cádiz,2,3,100.0,1,100.0,18.2,31.3,True,2022-03-01|2026-03-01
Endesa,CODONYERS,25.0,Barcelona,2,4,50.0,2,50.0,18.2,20.0,True,2022-04-01|2026-03-01
Endesa,MONTES,20.0,Málaga,2,11,50.0,4,50.0,18.1,30.3,True,2021-11-01|2022-04-01
Endesa,HUMOSOS,66.0,Sevilla,2,11,50.0,4,50.0,18.0,18.1,True,2021-11-01|2022-02-01
Endesa,MALLORCA,45.0,Zaragoza,2,11,50.0,4,100.0,17.9,25.0,True,2021-11-01|2021-12-01
Endesa,SECC. LA ZARAGOZANA,45.0,Zaragoza,2,11,50.0,4,100.0,17.9,24.9,True,2021-11-01|2021-12-01
iDE,VENTAS.M T3,15.0,MADRID,2,10,50.0,4,100.0,17.9,29.9,True,2025-10-01|2025-11-01
Endesa,CRUZJUAR,66.0,Córdoba,2,10,50.0,4,100.0,17.8,20.5,True,2021-10-01|2021-12-01
iDE,JAVEA T1,20.0,ALICANTE,2,10,50.0,4,100.0,17.8,17.8,True,2025-10-01|2025-11-01
iDE,VENTAS.M T1,20.0,MADRID,2,10,50.0,4,100.0,17.8,26.2,True,2025-10-01|2025-11-01
Endesa,CASILLAS,20.0,Córdoba,2,10,100.0,4,100.0,17.7,24.6,True,2021-10-01|2025-10-01
Endesa,SALINAS,20.0,"Palmas, Las",2,10,50.0,4,50.0,17.6,23.4,True,2025-10-01|2026-03-01
iDE,A.LEYV.M T3,15.0,MADRID,2,10,50.0,4,100.0,17.5,17.7,True,2025-10-03|2025-11-01
iDE,MELANC.M T1,20.0,MADRID,2,10,50.0,4,100.0,17.5,26.7,True,2025-10-01|2025-11-01
iDE,VENTAS.M T4,15.0,MADRID,2,10,50.0,4,100.0,17.5,19.3,True,2025-10-01|2025-11-01
Endesa,CANRUTI,110.0,Barcelona,2,4,50.0,2,100.0,17.4,18.8,True,2022-04-01|2026-05-01
iDE,MELANC.M T3,15.0,MADRID,2,10,50.0,4,100.0,17.4,25.3,True,2025-10-01|2025-11-01
iDE,PILAR.M T2,20.0,MADRID,2,10,50.0,4,100.0,17.4,19.3,True,2025-10-01|2025-11-01
iDE,SANCHINA T2,20.0,MADRID,2,10,50.0,4,100.0,17.4,23.0,True,2025-10-01|2025-11-01
iDE,ELIANA T7,20.0,VALENCIA,2,10,50.0,4,100.0,17.3,17.3,True,2025-10-01|2025-11-01
Endesa,ANOIA,25.0,Barcelona,2,10,50.0,4,100.0,17.2,24.9,True,2025-10-01|2025-12-01
iDE,ALCOBE.M T2,20.0,MADRID,2,10,50.0,4,100.0,17.2,27.8,True,2025-10-01|2025-11-01
iDE,ELS_PLANS   66.000,66.0,CASTELLÓN,2,10,50.0,4,50.0,17.2,20.5,True,2025-10-03|2026-03-01
iDE,PSDOMING T1,15.0,MADRID,2,10,50.0,4,100.0,17.2,28.5,True,2025-10-01|2025-11-01
UFD,VILLAVERDE,15.0,MADRID,2,3,50.0,1,50.0,17.1,18.0,True,2022-03-27|2026-05-01
iDE,PILAR.M T4,15.0,MADRID,2,10,50.0,4,100.0,17.1,20.2,True,2025-10-01|2025-11-01
REE,JINAMAR,66.0,,2,12,50.0,4,50.0,17.0,19.0,True,2024-12-02|2025-05-05
UFD,AEROPUERTO CIUDAD REAL,45.0,CIUDAD REAL,2,2,100.0,1,100.0,17.0,22.0,True,2022-02-27|2025-02-25
iDE,LA SERNA    66.000,66.0,NAVARRA,2,10,100.0,4,100.0,17.0,24.2,True,2024-10-29|2025-10-03
Endesa,CERDANYOLA,110.0,Barcelona,2,4,50.0,2,50.0,16.8,19.2,True,2022-04-01|2025-10-01
UFD,COSLADA,15.0,MADRID,2,2,50.0,1,50.0,16.8,23.0,True,2022-02-27|2024-05-21
iDE,ARROYO.V T4,20.0,MADRID,2,10,50.0,4,100.0,16.8,22.3,True,2025-10-01|2025-11-01
iDE,LOGRONO T52,13.0,LA RIOJA,2,7,50.0,3,100.0,16.8,16.8,True,2024-07-23|2024-09-26
iDE,LUCERO T1,15.0,MADRID,2,10,50.0,4,100.0,16.8,21.5,True,2025-10-01|2025-11-01
iDE,ARAVACA T2,20.0,MADRID,2,10,50.0,4,100.0,16.7,24.0,True,2025-10-01|2025-11-01
iDE,PQINGENI T1,15.0,MADRID,2,10,50.0,4,100.0,16.7,16.7,True,2025-10-01|2025-11-01
Endesa,CENTRO,20.0,Málaga,2,11,50.0,4,50.0,16.6,26.1,True,2021-11-01|2022-04-01
Endesa,LLUCMAJOR,15.0,Baleares,2,12,50.0,4,50.0,16.6,20.7,True,2021-12-01|2022-05-01
Endesa,TORRECIL,20.0,Córdoba,2,1,50.0,1,100.0,16.6,24.6,True,2022-01-01|2022-03-01
iDE,MELANC.M T2,15.0,MADRID,2,10,50.0,4,100.0,16.6,24.1,True,2025-10-01|2025-11-01
Endesa,CANRUTI,25.0,Barcelona,2,4,50.0,2,100.0,16.5,18.5,True,2022-04-01|2026-05-01
Endesa,MONTEALT,66.0,Cádiz,2,2,50.0,1,50.0,16.5,25.5,True,2022-02-01|2022-04-01
REE,LOS REALEJOS,66.0,,2,8,50.0,3,100.0,16.5,18.0,True,2024-08-01|2024-09-02
REE,PORTO COLOM,66.0,,2,9,50.0,3,50.0,16.5,23.0,True,2024-09-02|2024-11-04
iDE,FUENCA.M T2,20.0,MADRID,2,10,50.0,4,100.0,16.5,16.5,True,2025-10-01|2025-11-01
iDE,LEGANES T5,15.0,MADRID,2,10,50.0,4,100.0,16.5,16.5,True,2025-10-01|2025-11-01
iDE,MIRAFL/B    66.000,66.0,MADRID,2,10,50.0,4,100.0,16.5,19.0,True,2025-10-01|2025-11-01
UFD,CERRO DE LA PLATA NUEVA,45.0,MADRID,2,2,50.0,1,100.0,16.4,16.8,True,2022-02-27|2025-01-27
iDE,C.VIEJO B  66.000,66.0,MADRID,2,10,50.0,4,100.0,16.4,19.0,True,2025-10-01|2025-11-01
iDE,LAVANDERB   66.000,66.0,MADRID,2,10,50.0,4,100.0,16.3,18.8,True,2025-10-01|2025-11-01
iDE,ZARZALEJ T1,45.0,MADRID,2,11,50.0,4,50.0,16.3,26.7,True,2025-11-01|2026-03-01
Endesa,ALCAGUAD,132.0,Sevilla,2,8,50.0,3,50.0,16.2,26.0,True,2021-08-01|2021-12-01
iDE,SANJOSE T2,13.0,LA RIOJA,2,7,50.0,3,50.0,16.2,17.0,True,2024-07-23|2024-10-29
Endesa,ZUMAJOS,66.0,Cádiz,2,1,50.0,1,50.0,16.0,23.4,True,2026-01-01|2026-05-01
REE,CACERES,220.0,,2,1,50.0,1,100.0,16.0,17.0,True,2025-01-02|2026-03-02
REE,MORATA,220.0,,2,4,50.0,2,50.0,16.0,18.0,True,2024-04-01|2024-08-01
REE,SAN JUAN BALEARES,66.0,,2,4,50.0,2,50.0,16.0,22.0,True,2024-04-01|2024-07-01
iDE,SANJOSE T1,13.0,LA RIOJA,2,7,50.0,3,50.0,16.0,16.6,True,2024-07-23|2024-10-29
Endesa,LA_MUELA,45.0,Zaragoza,2,8,50.0,3,50.0,15.9,20.0,True,2021-08-01|2022-04-01
iDE,LUCERO T2,15.0,MADRID,2,10,50.0,4,100.0,15.9,15.9,True,2025-10-01|2025-11-01
iDE,S.AGUSTIN B 66.000,66.0,MADRID,2,10,50.0,4,100.0,15.9,17.4,True,2025-10-01|2025-11-01
Endesa,S.CELONI,25.0,Barcelona,2,4,50.0,2,100.0,15.8,25.3,True,2022-04-01|2026-05-01
Endesa,VIC,25.0,Barcelona,2,4,50.0,2,50.0,15.8,16.0,True,2022-04-01|2025-12-01
iDE,VINALESA T3,20.0,VALENCIA,2,10,50.0,4,100.0,15.8,16.9,True,2025-10-01|2025-11-01
Endesa,LEPE,15.0,Huelva,2,1,50.0,1,100.0,15.7,16.1,True,2022-01-01|2022-03-01
iDE,ARROYO.V T22,20.0,MADRID,2,10,50.0,4,50.0,15.6,26.2,True,2025-10-01|2026-03-01
iDE,T.CANTOS T3,20.0,MADRID,2,10,50.0,4,100.0,15.6,17.3,True,2025-10-01|2025-11-01
iDE,T.CANTOS T4,20.0,MADRID,2,10,50.0,4,100.0,15.6,17.3,True,2025-10-01|2025-11-01
iDE,TCANTOS A1   66.000,66.0,MADRID,2,10,50.0,4,100.0,15.6,17.3,True,2025-10-01|2025-11-01
REE,ARONA,66.0,,2,10,50.0,4,50.0,15.5,22.0,True,2024-10-01|2025-03-03
iDE,ARAVACA T3,20.0,MADRID,2,10,50.0,4,100.0,15.5,21.5,True,2025-10-01|2025-11-01
iDE,C.FREGAC T1,15.0,MADRID,2,10,50.0,4,100.0,15.3,15.8,True,2025-10-01|2025-11-01
Endesa,CBERMEJA,132.0,Málaga,2,10,50.0,4,50.0,15.2,16.2,True,2025-10-01|2026-03-01
Endesa,SALT,25.0,Girona,2,4,50.0,2,50.0,15.2,22.7,True,2022-04-01|2025-10-01
UFD,CANGAS 2,20.0,PONTEVEDRA,2,3,50.0,1,50.0,15.0,15.0,True,2022-03-27|2022-09-28
UFD,PAZOS DE BORBEN,66.0,PONTEVEDRA,2,1,50.0,1,50.0,15.0,15.0,True,2025-01-27|2025-10-01
iDE,BENIFERR T2,20.0,VALENCIA,2,3,50.0,1,50.0,15.0,15.0,True,2024-03-22|2024-11-15
Endesa,MANANTIA,66.0,Málaga,2,12,50.0,4,50.0,14.9,17.0,True,2021-12-01|2022-04-01
Endesa,SECUNDAR,66.0,Málaga,2,4,50.0,2,100.0,14.9,21.9,True,2022-04-01|2026-05-01
UFD,LAS MERCEDES,15.0,MADRID,2,2,50.0,1,50.0,14.9,14.9,True,2022-02-27|2024-04-18
iDE,VRREAL.S 132.00,132.0,CASTELLÓN,2,11,50.0,4,50.0,14.9,19.8,True,2023-11-30|2024-01-31
iDE,ESTREL.M T11,15.0,MADRID,2,10,50.0,4,100.0,14.8,15.4,True,2025-10-01|2025-11-01
iDE,FUENCA.M T3,20.0,MADRID,2,10,50.0,4,100.0,14.7,19.1,True,2025-10-01|2025-11-01
Endesa,TORREJON,66.0,Sevilla,2,11,50.0,4,50.0,14.5,16.1,True,2021-11-01|2022-04-01
Endesa,CALONGE,132.0,Sevilla,2,8,50.0,3,50.0,14.3,16.6,True,2021-08-01|2021-10-01
Endesa,CALONGE,20.0,Sevilla,2,8,50.0,3,50.0,14.3,16.6,True,2021-08-01|2021-10-01
Endesa,PRAT,15.0,"Balears, Illes",2,10,50.0,4,50.0,14.2,23.4,True,2025-10-01|2026-03-01
iDE,VIENCINA T2,15.0,MADRID,2,6,50.0,2,50.0,14.1,16.1,True,2024-06-25|2025-10-03
iDE,VINALESA T4,20.0,VALENCIA,2,10,50.0,4,100.0,14.1,14.1,True,2025-10-01|2025-11-01
Endesa,GUIA,20.0,Las Palmas,2,3,50.0,1,100.0,13.9,21.2,True,2022-03-01|2026-01-01
UFD,REDONDELA,15.0,PONTEVEDRA,2,2,50.0,1,100.0,13.9,17.9,True,2022-02-27|2025-01-27
iDE,C.VIEJO T2,20.0,MADRID,2,10,50.0,4,100.0,13.9,13.9,True,2025-10-01|2025-11-01
Endesa,ROMERALE,66.0,Huelva,2,12,50.0,4,50.0,13.8,15.4,True,2021-12-01|2022-03-01
iDE,LAVANDER T1,20.0,MADRID,2,10,50.0,4,100.0,13.7,13.7,True,2025-10-01|2025-11-01
iDE,LAVANDER T2,20.0,MADRID,2,10,50.0,4,100.0,13.7,13.7,True,2025-10-01|2025-11-01
UFD,MOURENTE,66.0,PONTEVEDRA,2,1,50.0,1,50.0,13.5,17.0,True,2025-01-27|2025-10-01
Endesa,S.JUST,66.0,Barcelona,2,4,50.0,2,50.0,13.3,13.8,True,2022-04-01|2025-10-01
Endesa,CENTELLES,25.0,Barcelona,2,9,50.0,3,50.0,13.1,18.9,True,2021-09-01|2026-03-01
iDE,PIQUENAS T2,45.0,MADRID,2,4,50.0,2,50.0,13.1,17.2,True,2024-04-29|2024-08-27
Endesa,S_FERNAN,66.0,Cádiz,2,2,50.0,1,50.0,13.0,20.2,True,2022-02-01|2022-04-01
iDE,EZCARAY T1,13.0,LA RIOJA,2,7,50.0,3,50.0,13.0,13.8,True,2024-07-23|2024-10-29
iDE,HERNANI1 T1 30.000,30.0,GUIPÚZCOA,2,4,50.0,2,50.0,13.0,13.2,True,2024-04-29|2026-03-01
UFD,ATIOS,15.0,PONTEVEDRA,2,2,50.0,1,50.0,12.9,15.9,True,2022-02-27|2022-09-28
Endesa,MIJAS,66.0,Málaga,2,8,50.0,3,50.0,12.8,20.2,True,2021-08-01|2022-04-01
iDE,VILLALBA T1,20.0,MADRID,2,12,50.0,4,100.0,12.8,15.7,True,2024-12-02|2025-11-01
Endesa,T_MIGUEL,20.0,Badajoz,2,4,50.0,2,50.0,12.7,15.3,True,2022-04-01|2025-12-01
iDE,ARROYO.V T21,20.0,MADRID,2,10,50.0,4,100.0,12.7,19.9,True,2025-10-01|2025-11-01
iDE,MASANA/A    132.00,132.0,VALENCIA,2,12,50.0,4,50.0,12.7,14.3,True,2024-12-02|2025-02-26
iDE,MASANASA T1,20.0,VALENCIA,2,12,50.0,4,50.0,12.7,14.3,True,2024-12-02|2025-02-26
iDE,MASANASA T2,20.0,VALENCIA,2,12,50.0,4,50.0,12.7,14.3,True,2024-12-02|2025-02-26
iDE,MASANASA T3,20.0,VALENCIA,2,12,50.0,4,50.0,12.7,14.3,True,2024-12-02|2025-02-26
Endesa,ENRAMADI,20.0,Sevilla,2,4,50.0,2,100.0,12.6,14.7,True,2022-04-01|2026-05-01
iDE,LASARTE T2  30.000,30.0,GUIPÚZCOA,2,4,50.0,2,50.0,12.6,13.6,True,2024-04-29|2026-03-01
Endesa,REMCAUDA,15.0,Cádiz,2,10,50.0,4,50.0,12.5,12.7,True,2025-10-01|2026-03-01
Endesa,ROCIO,15.0,Huelva,2,11,50.0,4,100.0,12.5,20.0,True,2021-11-01|2025-10-01
REE,ALCIRA,220.0,,2,1,50.0,1,50.0,12.5,20.0,True,2024-01-02|2025-07-01
iDE,LASARTE T1  30.000,30.0,GUIPÚZCOA,2,4,50.0,2,50.0,12.5,13.6,True,2024-04-29|2026-03-01
iDE,VRREAL.S T11,20.0,CASTELLÓN,2,10,50.0,4,100.0,12.5,12.5,True,2025-10-01|2025-11-01
Endesa,CANSINOS,20.0,Córdoba,2,4,50.0,2,100.0,12.4,14.9,True,2022-04-01|2026-05-01
iDE,EZCARAY T1,13.2,LA RIOJA,2,10,50.0,4,50.0,12.1,13.5,True,2025-10-01|2026-03-01
Endesa,TABLERO,20.0,Las Palmas,2,4,50.0,2,50.0,12.0,18.9,True,2022-04-01|2025-12-01
REE,MARZAGAN,66.0,,2,1,50.0,1,100.0,12.0,15.0,True,2024-01-02|2024-03-01
REE,MONTBLANC,220.0,,2,10,50.0,4,50.0,12.0,15.0,True,2025-10-01|2026-05-01
REE,SA VINYETA,66.0,,2,2,100.0,1,100.0,12.0,14.0,True,2024-02-01|2025-02-03
iDE,S.AGUSTI T1,20.0,MADRID,2,12,50.0,4,100.0,11.9,13.8,True,2024-12-02|2025-11-01
iDE,VILLALBA T2,20.0,MADRID,2,12,50.0,4,100.0,11.9,13.9,True,2024-12-02|2025-11-01
Endesa,CUNA,66.0,Sevilla,2,4,50.0,2,100.0,11.8,14.7,True,2022-04-01|2026-05-01
iDE,V.PARDIL T1,20.0,MADRID,2,7,50.0,3,50.0,11.7,14.9,True,2024-07-23|2025-11-01
Endesa,CINSA,20.0,Las Palmas,2,1,50.0,1,50.0,11.5,15.4,True,2022-01-01|2022-04-01
Endesa,HYTASA,66.0,Sevilla,2,4,50.0,2,100.0,11.5,14.7,True,2022-04-01|2026-05-01
Endesa,MERCADAL,15.0,Baleares,2,9,50.0,3,50.0,11.5,18.0,True,2021-09-01|2022-04-01
Endesa,TANGER,25.0,Barcelona,2,4,50.0,2,50.0,11.5,16.1,True,2022-04-01|2025-12-01
iDE,DAGANZO T1,20.0,MADRID,2,10,50.0,4,100.0,11.5,11.5,True,2025-10-01|2025-11-01
Endesa,COLON,15.0,Huelva,2,1,50.0,1,100.0,11.3,14.9,True,2022-01-01|2026-03-01
iDE,ARAVACA T1,20.0,MADRID,2,12,50.0,4,100.0,11.3,11.8,True,2024-12-02|2025-10-03
Endesa,LLANÇA,132.0,Girona,2,9,50.0,3,50.0,11.2,11.6,True,2021-09-01|2021-10-01
iDE,SANJOSE T1,13.2,LA RIOJA,2,10,50.0,4,50.0,11.2,12.7,True,2025-10-01|2026-03-01
REE,ARGUINEGUIN,66.0,,2,7,50.0,3,50.0,11.0,11.0,True,2024-07-01|2025-02-03
Endesa,MEDINA_S,15.0,Cádiz,2,12,100.0,4,100.0,10.9,15.0,True,2021-12-01|2025-12-01
Endesa,VILLNREY,66.0,Sevilla,2,10,50.0,4,50.0,10.9,14.1,True,2021-10-01|2022-04-01
Endesa,P_GRANAD,20.0,Santa Cruz de Tenerife,2,3,50.0,1,50.0,10.8,15.0,True,2022-03-01|2022-04-01
Endesa,REN.F.MUES,45.0,Zaragoza,2,8,50.0,3,50.0,10.6,16.2,True,2021-08-01|2022-04-01
iDE,CABANILL    66.000,66.0,MADRID,2,12,50.0,4,100.0,10.6,11.1,True,2024-12-02|2025-11-01
Endesa,S.PERE.RIB,110.0,Barcelona,2,4,50.0,2,50.0,10.5,11.5,True,2022-04-01|2026-03-01
Endesa,S.PERE.RIB,25.0,Barcelona,2,4,50.0,2,50.0,10.5,11.5,True,2022-04-01|2026-03-01
Endesa,VALENZUELA,15.0,Zaragoza,2,8,50.0,3,50.0,10.5,15.1,True,2021-08-01|2022-04-01
Endesa,VILAMALLA,132.0,Girona,2,9,50.0,3,50.0,10.5,13.9,True,2021-09-01|2021-10-01
Endesa,XIRGU,110.0,Girona,2,10,50.0,4,50.0,10.5,11.3,True,2021-10-01|2022-04-01
REE,POLIGONO GRANADILLA,66.0,,2,5,50.0,2,50.0,10.5,14.0,True,2024-05-16|2025-03-03
iDE,NANCLARE T1 30.000,30.0,ÁLAVA,2,1,50.0,1,50.0,10.5,14.0,True,2025-01-30|2025-12-01
iDE,RETAMAR T9,15.0,MADRID,2,10,50.0,4,100.0,10.5,14.9,True,2025-10-03|2025-11-01
Endesa,S.ANDREU,11.0,Barcelona,2,9,50.0,3,50.0,10.4,15.1,True,2021-09-01|2022-04-01
iDE,CANTABRI T1,66.0,LA RIOJA,2,7,50.0,3,100.0,10.3,15.1,True,2024-07-23|2024-09-26
iDE,CANTABRI T2,66.0,LA RIOJA,2,7,50.0,3,100.0,10.3,15.1,True,2024-07-23|2024-09-26
iDE,CASCAJOS T1,66.0,LA RIOJA,2,7,50.0,3,100.0,10.3,15.1,True,2024-07-23|2024-09-26
iDE,CASCAJOS T2,66.0,LA RIOJA,2,7,50.0,3,100.0,10.3,15.1,True,2024-07-23|2024-09-26
iDE,CENICERO T1,66.0,LA RIOJA,2,7,50.0,3,100.0,10.3,15.1,True,2024-07-23|2024-09-26
iDE,LANORIAS T1,66.0,LA RIOJA,2,7,50.0,3,100.0,10.3,15.1,True,2024-07-23|2024-09-26
iDE,LANORIAS T2,66.0,LA RIOJA,2,7,50.0,3,100.0,10.3,15.1,True,2024-07-23|2024-09-26
iDE,LASCANAS T1,66.0,LA RIOJA,2,7,50.0,3,100.0,10.3,15.1,True,2024-07-23|2024-09-26
iDE,LASCANAS T2,66.0,LA RIOJA,2,7,50.0,3,100.0,10.3,15.1,True,2024-07-23|2024-09-26
iDE,LOGRONO T3,66.0,LA RIOJA,2,7,50.0,3,100.0,10.3,15.1,True,2024-07-23|2024-09-26
iDE,LOGRONO T4,66.0,LA RIOJA,2,7,50.0,3,100.0,10.3,15.1,True,2024-07-23|2024-09-26
iDE,NAJERA T1,66.0,LA RIOJA,2,7,50.0,3,100.0,10.3,15.1,True,2024-07-23|2024-09-26
iDE,NAJERA T2,66.0,LA RIOJA,2,7,50.0,3,100.0,10.3,15.1,True,2024-07-23|2024-09-26
iDE,OYON T1,66.0,LA RIOJA,2,7,50.0,3,100.0,10.3,15.1,True,2024-07-23|2024-09-26
iDE,OYON T2,66.0,LA RIOJA,2,7,50.0,3,100.0,10.3,15.1,True,2024-07-23|2024-09-26
iDE,VAREA T2,66.0,LA RIOJA,2,7,50.0,3,100.0,10.3,15.1,True,2024-07-23|2024-09-26
iDE,VMEDIANA T1,66.0,LA RIOJA,2,7,50.0,3,100.0,10.3,15.1,True,2024-07-23|2024-09-26
iDE,VMEDIANA T2,66.0,LA RIOJA,2,7,50.0,3,100.0,10.3,15.1,True,2024-07-23|2024-09-26
iDE,TORRENTE T5,20.0,VALENCIA,2,2,50.0,1,50.0,10.2,14.7,True,2024-02-28|2026-05-01
Endesa,BARTOLOME,20.0,Las Palmas,2,11,50.0,4,100.0,10.1,11.0,True,2021-11-01|2021-12-01
iDE,CH T. RIO,66.0,NAVARRA,2,7,50.0,3,100.0,10.1,14.6,True,2024-07-23|2024-09-26
iDE,PANZARES T1,66.0,LA RIOJA,2,7,50.0,3,100.0,10.1,14.7,True,2024-07-23|2024-09-26
iDE,PANZARES T2,66.0,LA RIOJA,2,7,50.0,3,100.0,10.1,14.7,True,2024-07-23|2024-09-26
Endesa,CHAYOFA,20.0,Santa Cruz de Tenerife,2,3,50.0,1,50.0,10.0,15.0,True,2026-03-01|2026-05-01
Endesa,XIRGU,25.0,Girona,2,10,50.0,4,50.0,10.0,10.3,True,2021-10-01|2022-04-01
REE,ARAVACA,220.0,,2,11,50.0,4,50.0,10.0,10.0,True,2024-11-04|2025-02-03
REE,BUENOS AIRES,66.0,,2,2,50.0,1,50.0,10.0,15.0,True,2024-02-01|2024-07-01
REE,LA PLANA,220.0,,2,8,50.0,3,50.0,10.0,15.0,True,2024-08-01|2025-05-05
REE,VITORIA,220.0,,2,8,50.0,3,50.0,10.0,10.0,True,2024-08-01|2024-12-02
UFD,MATARROSA,45.0,LEON,2,8,50.0,3,50.0,10.0,10.0,True,2024-08-19|2025-10-01
UFD,VALDEMORO,15.0,MADRID,2,2,50.0,1,50.0,10.0,10.0,True,2022-02-27|2022-09-28
iDE,CATOLEDO T1,15.0,MADRID,2,6,50.0,2,50.0,10.0,14.5,True,2024-06-25|2025-11-01
iDE,PLGNO C     45.000,45.0,MADRID,2,5,50.0,2,50.0,9.9,10.0,True,2024-05-29|2024-12-02
Endesa,ALQUERIA,15.0,Huelva,2,11,50.0,4,50.0,9.8,14.5,True,2021-11-01|2022-06-01
Endesa,RASTRO,20.0,Sevilla,2,4,50.0,2,100.0,9.8,14.7,True,2022-04-01|2026-05-01
Endesa,REUS,11.0,Tarragona,2,10,50.0,4,50.0,9.8,11.7,True,2021-10-01|2022-04-01
UFD,PONTEAREAS,20.0,PONTEVEDRA,2,1,50.0,1,50.0,9.8,10.0,True,2025-01-27|2026-05-01
iDE,LANORIAS T1,13.0,LA RIOJA,2,7,50.0,3,100.0,9.8,14.1,True,2024-07-23|2024-09-26
iDE,LANORIAS T2,13.0,LA RIOJA,2,7,50.0,3,100.0,9.8,14.1,True,2024-07-23|2024-09-26
iDE,LASCANAS T1,13.0,LA RIOJA,2,7,50.0,3,100.0,9.8,14.1,True,2024-07-23|2024-09-26
iDE,LASCANAS T2,13.0,LA RIOJA,2,7,50.0,3,100.0,9.8,14.1,True,2024-07-23|2024-09-26
iDE,VMEDIANA T1,13.0,LA RIOJA,2,7,50.0,3,100.0,9.8,14.1,True,2024-07-23|2024-09-26
Endesa,AGROALIM,15.0,Cádiz,2,2,50.0,1,100.0,9.7,9.9,True,2022-02-01|2022-03-01
UFD,MEIRAMA,20.0,LA CORUÑA,2,2,100.0,1,100.0,9.7,11.0,True,2022-02-27|2024-02-22
iDE,CORDOVIL    66.000,66.0,NAVARRA,2,10,50.0,4,100.0,9.7,9.8,True,2025-10-01|2025-11-01
Endesa,POLIGON,15.0,Baleares,2,4,50.0,2,100.0,9.6,9.8,True,2022-04-01|2022-05-01
iDE,CANTABRI T2,13.0,LA RIOJA,2,7,50.0,3,100.0,9.6,13.7,True,2024-07-23|2024-09-26
iDE,PIARROYO 15,15.0,MADRID,2,10,50.0,4,100.0,9.6,9.6,True,2025-10-01|2025-11-01
iDE,ROJALES T1,20.0,ALICANTE,2,10,50.0,4,50.0,9.6,9.7,True,2025-10-01|2026-03-01
iDE,OYARZUN1 T1 30.000,30.0,GUIPÚZCOA,2,5,50.0,2,50.0,9.5,12.1,True,2024-05-29|2026-03-01
iDE,F.S.LUIS    132.00,132.0,VALENCIA,2,12,50.0,4,50.0,9.4,11.6,True,2024-12-02|2025-02-26
iDE,CASCAJOS T1,13.0,LA RIOJA,2,7,50.0,3,100.0,9.3,13.0,True,2024-07-23|2024-09-26
iDE,CASCAJOS T2,13.0,LA RIOJA,2,7,50.0,3,100.0,9.3,13.0,True,2024-07-23|2024-09-26
iDE,VAREA T2,13.0,LA RIOJA,2,7,50.0,3,100.0,9.3,13.0,True,2024-07-23|2024-09-26
iDE,VENTEROS A2    66.000,66.0,MADRID,2,10,50.0,4,100.0,9.3,9.3,True,2025-10-01|2025-11-01
Endesa,LS_VILNVAS,20.0,Teruel,2,2,50.0,1,100.0,9.2,11.7,True,2022-02-01|2026-01-01
UFD,TIBO,20.0,PONTEVEDRA,2,1,50.0,1,50.0,9.2,9.7,True,2025-01-27|2026-05-01
Endesa,ASLAND,110.0,Barcelona,2,4,50.0,2,50.0,9.1,11.4,True,2022-04-01|2025-10-01
REE,CALDERS,400.0,,2,8,50.0,3,50.0,9.0,10.0,True,2024-08-01|2025-06-02
REE,CALLEJONES,66.0,,2,8,50.0,3,50.0,9.0,9.0,True,2024-08-01|2024-11-04
REE,GRAN TARAJAL,66.0,,2,11,50.0,4,50.0,9.0,9.0,True,2024-11-04|2025-01-02
REE,MANUEL CRUZ,66.0,,2,6,50.0,2,50.0,9.0,10.0,True,2024-06-03|2024-10-01
Endesa,VILLMART,20.0,Cádiz,2,11,50.0,4,50.0,8.8,10.0,True,2021-11-01|2022-02-01
iDE,VALLADOLID T22 13,13.2,VALLADOLID,2,10,100.0,4,100.0,8.8,12.6,True,2025-10-01|2025-10-03
iDE,GRINON T1,45.0,MADRID,2,4,50.0,2,50.0,8.7,9.0,True,2024-04-29|2025-10-03
iDE,VALLADOLID T11 13,13.2,VALLADOLID,2,10,100.0,4,100.0,8.7,9.0,True,2025-10-01|2025-10-03
Endesa,MONTECAS,15.0,Cádiz,2,1,50.0,1,50.0,8.6,9.6,True,2022-01-01|2022-04-01
iDE,ALDAIA T1,20.0,VALENCIA,2,10,50.0,4,100.0,8.6,10.9,True,2025-10-01|2025-11-01
iDE,LAGUARDIA T1,66.0,ÁLAVA,2,7,50.0,3,100.0,8.6,11.7,True,2024-07-23|2024-09-26
iDE,COTORRED T1,45.0,MADRID,2,11,50.0,4,50.0,8.5,9.3,True,2025-11-01|2026-03-01
iDE,GANDULLA    66.000,66.0,MADRID,2,12,50.0,4,100.0,8.4,11.2,True,2024-12-02|2025-11-01
Endesa,BOSQUE,20.0,Cádiz,2,3,50.0,1,50.0,8.3,9.9,True,2022-03-01|2022-04-01
Endesa,MOJA,25.0,Barcelona,2,10,50.0,4,50.0,8.3,10.0,True,2025-10-01|2026-03-01
Endesa,S.CECILIA,132.0,Barcelona,2,4,50.0,2,100.0,8.3,9.9,True,2022-04-01|2026-05-01
Endesa,TORRERO,10.0,Zaragoza,2,4,50.0,2,100.0,8.2,8.8,True,2022-04-01|2022-05-01
iDE,BBVA        66.000,66.0,MADRID,2,10,50.0,4,100.0,8.2,8.3,True,2025-10-01|2025-11-01
iDE,ERASVMRO T1,45.0,MADRID,2,10,50.0,4,50.0,8.2,10.2,True,2025-10-03|2026-05-01
Endesa,GUIXERES,25.0,Barcelona,2,4,50.0,2,50.0,8.1,9.4,True,2022-04-01|2025-12-01
iDE,LOGRONO T52,13.2,LA RIOJA,2,10,50.0,4,100.0,8.1,11.2,True,2025-10-01|2025-12-01
iDE,CAMPOAMOR T1,20.0,ALICANTE,2,10,50.0,4,100.0,8.0,8.1,True,2025-10-01|2025-11-01
iDE,ELGOIBA1 T2,13.0,GUIPÚZCOA,2,11,50.0,4,50.0,8.0,10.0,True,2023-11-30|2024-01-31
Endesa,TORREARE,15.0,Huelva,2,3,50.0,1,50.0,7.9,9.8,True,2026-03-01|2026-05-01
Endesa,TORREARE,20.0,Huelva,2,3,50.0,1,50.0,7.9,9.8,True,2026-03-01|2026-05-01
iDE,OYARZUN1 T2 30.000,30.0,GUIPÚZCOA,2,5,50.0,2,50.0,7.8,9.9,True,2024-05-29|2026-03-01
Endesa,ARENAL,15.0,Baleares,2,4,50.0,2,50.0,7.7,8.2,True,2022-04-01|2026-01-01
Endesa,VELES,15.0,Baleares,2,9,50.0,3,50.0,7.7,9.9,True,2021-09-01|2022-06-01
iDE,CANTABRI T1,13.0,LA RIOJA,2,7,50.0,3,100.0,7.6,9.6,True,2024-07-23|2024-09-26
Endesa,PILAS,15.0,Sevilla,2,10,50.0,4,50.0,7.5,10.0,True,2021-10-01|2022-01-01
REE,ARTA,66.0,,2,3,50.0,1,50.0,7.5,10.0,True,2024-03-01|2024-11-04
REE,CUESTA DE LA VILLA,66.0,,2,7,50.0,3,100.0,7.5,10.0,True,2024-07-01|2024-08-01
REE,LLATZER,66.0,,2,9,50.0,3,50.0,7.5,10.0,True,2024-09-02|2024-10-01
UFD,PONFERRADA,45.0,LEON,2,2,50.0,1,50.0,7.5,10.0,True,2022-02-27|2025-10-01
iDE,ELS PLANS   66.000,66.0,CASTELLÓN,2,5,50.0,2,50.0,7.5,10.0,True,2024-05-29|2024-08-27
iDE,NAVEROS T1,45.0,MADRID,2,10,50.0,4,50.0,7.5,9.9,True,2025-10-03|2026-05-01
iDE,XANADU T1,45.0,MADRID,2,11,50.0,4,50.0,7.4,9.3,True,2025-11-01|2026-03-01
Endesa,ALCAGUAD,15.0,Sevilla,2,8,50.0,3,50.0,7.3,8.2,True,2021-08-01|2021-12-01
iDE,BRTOBIA T2,66.0,LA RIOJA,2,7,50.0,3,100.0,7.3,9.1,True,2024-07-23|2024-09-26
iDE,LENTISCA T1,66.0,LA RIOJA,2,7,50.0,3,100.0,7.3,9.1,True,2024-07-23|2024-09-26
iDE,LENTISCA T2,66.0,LA RIOJA,2,7,50.0,3,100.0,7.3,9.1,True,2024-07-23|2024-09-26
iDE,VILLARES T3,20.0,CUENCA,2,12,50.0,4,100.0,7.1,9.2,True,2024-12-02|2025-10-03
Endesa,MIJAS,20.0,Málaga,2,8,50.0,3,50.0,7.0,8.7,True,2021-08-01|2022-04-01
REE,MADRIDEJOS,220.0,,2,6,50.0,2,50.0,7.0,9.0,True,2024-06-03|2024-09-02
iDE,LL.CUART T1,20.0,VALENCIA,2,10,50.0,4,100.0,7.0,7.0,True,2025-10-01|2025-11-01
iDE,MIRAFLOR T1,20.0,MADRID,2,12,50.0,4,100.0,7.0,7.0,True,2024-12-02|2025-11-01
iDE,BRTOBIA T1,13.0,LA RIOJA,2,7,50.0,3,50.0,6.9,8.3,True,2024-07-23|2025-02-26
iDE,LENTISCA T1,13.0,LA RIOJA,2,7,50.0,3,100.0,6.8,8.1,True,2024-07-23|2024-09-26
iDE,LENTISCA T2,13.0,LA RIOJA,2,7,50.0,3,100.0,6.8,8.1,True,2024-07-23|2024-09-26
iDE,PIARROYO T2,15.0,MADRID,2,4,50.0,2,50.0,6.8,8.6,True,2024-04-29|2025-02-26
iDE,PALMAR T2,20.0,Murcia,2,12,50.0,4,50.0,6.7,8.3,True,2025-12-01|2026-03-01
iDE,VCARCER T2,20.0,VALENCIA,2,12,50.0,4,50.0,6.6,8.1,True,2023-12-21|2026-03-01
iDE,BECHI T1,20.0,CASTELLÓN,2,10,50.0,4,100.0,6.5,7.6,True,2025-10-01|2025-11-01
iDE,SANJOSE T2,13.2,LA RIOJA,2,10,50.0,4,50.0,6.5,8.1,True,2025-10-01|2026-03-01
Endesa,CADIZ,132.0,Cádiz,2,10,50.0,4,50.0,6.4,6.7,True,2021-10-01|2022-05-01
iDE,MANSILLA T1,66.0,LA RIOJA,2,7,50.0,3,100.0,6.4,7.3,True,2024-07-23|2024-09-26
Endesa,ODIEL,66.0,Huelva,2,12,50.0,4,50.0,6.3,6.7,True,2025-12-01|2026-03-01
iDE,ORCOYEN T4,13.0,NAVARRA,2,4,50.0,2,50.0,6.3,6.3,True,2024-04-29|2024-07-23
Endesa,S.CECILIA,25.0,Barcelona,2,4,50.0,2,100.0,6.2,6.7,True,2022-04-01|2026-05-01
REE,LOMO MASPALOMAS,66.0,,2,8,50.0,3,50.0,6.0,6.0,True,2024-08-01|2024-11-04
Endesa,S_AGUSTIN,20.0,Las Palmas,2,4,50.0,2,50.0,5.9,6.4,True,2022-04-01|2025-12-01
Endesa,S.JORGE,15.0,Baleares,2,4,50.0,2,50.0,5.7,6.1,True,2022-04-01|2026-01-01
iDE,SDOMINGO T2,13.0,LA RIOJA,2,7,50.0,3,50.0,5.7,6.0,True,2024-07-23|2024-10-29
REE,ARENAL,66.0,,2,3,50.0,1,50.0,5.5,6.0,True,2024-03-01|2025-06-02
REE,RETAMAR,220.0,,2,4,50.0,2,50.0,5.5,6.0,True,2024-04-01|2025-03-03
iDE,ALBELDA T2,66.0,LA RIOJA,2,7,50.0,3,100.0,5.5,5.5,True,2024-07-23|2024-09-26
iDE,PANZARES T2,20.0,LA RIOJA,2,7,50.0,3,100.0,5.5,5.5,True,2024-07-23|2024-09-26
UFD,LASTRAS DEL POZO,15.0,SEGOVIA,2,2,50.0,1,50.0,5.4,5.8,True,2025-02-25|2025-12-01
iDE,BENADRES T1,20.0,CASTELLÓN,2,6,50.0,2,50.0,5.3,5.4,True,2024-06-25|2024-09-26
UFD,LA SENDILLA,45.0,MADRID,2,2,50.0,1,50.0,5.2,5.2,True,2022-02-27|2022-09-28
iDE,CANTALAR T1,20.0,ALICANTE,2,2,50.0,1,50.0,5.2,5.3,True,2024-02-28|2025-10-03
iDE,LABRADNA T1,13.2,NAVARRA,2,10,50.0,4,100.0,5.2,5.2,True,2025-10-03|2025-12-01
Endesa,GUADALCA,20.0,Cádiz,2,9,50.0,3,50.0,5.1,5.2,True,2021-09-01|2022-01-01
REE,POLIGONO BALEARES,66.0,,2,10,50.0,4,50.0,5.0,5.0,True,2025-10-01|2026-05-01
iDE,RETAMAR     45.000,45.0,MADRID,14,2,21.4,1,35.7,37.4,49.4,False,2024-02-28|2024-05-29|2024-06-25|2024-07-23|2024-08-27|2024-09-26|2024-10-29|2024-11-15|2024-12-02|2025-01-30|2025-01-30|2025-02-26|2025-02-26|2025-04-11
iDE,LEGANES     45.000,45.0,MADRID,14,2,14.3,4,28.6,18.9,48.1,False,2024-02-28|2024-05-29|2024-06-25|2024-07-23|2024-08-27|2024-09-26|2024-09-26|2024-10-29|2024-10-29|2024-11-15|2024-12-02|2025-01-30|2025-02-26|2025-04-11
Endesa,Cardedeu,2.37073201,Barcelona,12,9,8.3,3,25.0,115.3,117.0,False,2022-09-01|2022-10-01|2022-11-01|2022-12-01|2023-01-01|2023-02-01|2023-03-01|2023-04-01|2023-05-01|2023-06-01|2023-07-01|2023-08-01
Endesa,Caspe,0.05781905,Zaragoza,12,9,8.3,3,25.0,113.6,113.6,False,2022-09-01|2022-10-01|2022-11-01|2022-12-01|2023-01-01|2023-02-01|2023-03-01|2023-04-01|2023-05-01|2023-06-01|2023-07-01|2023-08-01
REE,VILLIMAR,220.0,,12,2,16.7,3,33.3,113.0,726.0,False,2024-02-01|2024-05-16|2024-08-01|2024-10-01|2024-11-04|2025-04-01|2025-06-02|2025-07-01|2025-08-01|2025-09-01|2025-12-01|2026-02-20
Endesa,Juià,2.9006823,Girona,12,9,8.3,3,25.0,111.6,118.0,False,2022-09-01|2022-10-01|2022-11-01|2022-12-01|2023-01-01|2023-02-01|2023-03-01|2023-04-01|2023-05-01|2023-06-01|2023-07-01|2023-08-01
Endesa,Vic,2.28212219,Barcelona,12,9,8.3,3,25.0,109.4,116.4,False,2022-09-01|2022-10-01|2022-11-01|2022-12-01|2023-01-01|2023-02-01|2023-03-01|2023-04-01|2023-05-01|2023-06-01|2023-07-01|2023-08-01
Endesa,"Roca del Vallès, La",2.32009053,Barcelona,12,9,8.3,3,25.0,107.4,111.4,False,2022-09-01|2022-10-01|2022-11-01|2022-12-01|2023-01-01|2023-02-01|2023-03-01|2023-04-01|2023-05-01|2023-06-01|2023-07-01|2023-08-01
Endesa,Bescanó,2.69518193,Girona,12,9,8.3,3,25.0,107.0,107.0,False,2022-09-01|2022-10-01|2022-11-01|2022-12-01|2023-01-01|2023-02-01|2023-03-01|2023-04-01|2023-05-01|2023-06-01|2023-07-01|2023-08-01
Endesa,Fornells de la Selva,2.79466435,Girona,12,9,8.3,3,25.0,107.0,107.0,False,2022-09-01|2022-10-01|2022-11-01|2022-12-01|2023-01-01|2023-02-01|2023-03-01|2023-04-01|2023-05-01|2023-06-01|2023-07-01|2023-08-01
Endesa,Llançà,3.14342105,Girona,12,9,8.3,3,25.0,107.0,107.0,False,2022-09-01|2022-10-01|2022-11-01|2022-12-01|2023-01-01|2023-02-01|2023-03-01|2023-04-01|2023-05-01|2023-06-01|2023-07-01|2023-08-01
Endesa,Lleida,0.66797017,Lleida,12,9,8.3,3,25.0,107.0,107.0,False,2022-09-01|2022-10-01|2022-11-01|2022-12-01|2023-01-01|2023-02-01|2023-03-01|2023-04-01|2023-05-01|2023-06-01|2023-07-01|2023-08-01
Endesa,Montanuy,0.73552684,Huesca,12,9,8.3,3,25.0,107.0,107.0,False,2022-09-01|2022-10-01|2022-11-01|2022-12-01|2023-01-01|2023-02-01|2023-03-01|2023-04-01|2023-05-01|2023-06-01|2023-07-01|2023-08-01
Endesa,Montmeló,2.25462001,Barcelona,12,9,8.3,3,25.0,107.0,107.0,False,2022-09-01|2022-10-01|2022-11-01|2022-12-01|2023-01-01|2023-02-01|2023-03-01|2023-04-01|2023-05-01|2023-06-01|2023-07-01|2023-08-01
Endesa,Olot,2.49107127,Girona,12,9,8.3,3,25.0,107.0,107.0,False,2022-09-01|2022-10-01|2022-11-01|2022-12-01|2023-01-01|2023-02-01|2023-03-01|2023-04-01|2023-05-01|2023-06-01|2023-07-01|2023-08-01
Endesa,Palau-saverdera,3.13727483,Girona,12,9,8.3,3,25.0,107.0,107.0,False,2022-09-01|2022-10-01|2022-11-01|2022-12-01|2023-01-01|2023-02-01|2023-03-01|2023-04-01|2023-05-01|2023-06-01|2023-07-01|2023-08-01
Endesa,"Pont de Suert, El",0.73893089,Lleida,12,9,8.3,3,25.0,107.0,107.0,False,2022-09-01|2022-10-01|2022-11-01|2022-12-01|2023-01-01|2023-02-01|2023-03-01|2023-04-01|2023-05-01|2023-06-01|2023-07-01|2023-08-01
Endesa,Ripoll,2.20290158,Girona,12,9,8.3,3,25.0,107.0,107.0,False,2022-09-01|2022-10-01|2022-11-01|2022-12-01|2023-01-01|2023-02-01|2023-03-01|2023-04-01|2023-05-01|2023-06-01|2023-07-01|2023-08-01
Endesa,Sallent,1.88522529,Barcelona,12,9,8.3,3,25.0,107.0,111.7,False,2022-09-01|2022-10-01|2022-11-01|2022-12-01|2023-01-01|2023-02-01|2023-03-01|2023-04-01|2023-05-01|2023-06-01|2023-07-01|2023-08-01
Endesa,Salt,2.80125011,Girona,12,9,8.3,3,25.0,107.0,107.0,False,2022-09-01|2022-10-01|2022-11-01|2022-12-01|2023-01-01|2023-02-01|2023-03-01|2023-04-01|2023-05-01|2023-06-01|2023-07-01|2023-08-01
Endesa,Sant Feliu de Buixalleu,2.57043035,Girona,12,9,8.3,3,25.0,107.0,107.0,False,2022-09-01|2022-10-01|2022-11-01|2022-12-01|2023-01-01|2023-02-01|2023-03-01|2023-04-01|2023-05-01|2023-06-01|2023-07-01|2023-08-01
Endesa,Santa Coloma de Gramenet,2.1912105,Barcelona,12,9,8.3,3,25.0,107.0,107.0,False,2022-09-01|2022-10-01|2022-11-01|2022-12-01|2023-01-01|2023-02-01|2023-03-01|2023-04-01|2023-05-01|2023-06-01|2023-07-01|2023-08-01
Endesa,Valderrobres,0.16222642,Teruel,12,9,8.3,3,25.0,107.0,107.0,False,2022-09-01|2022-10-01|2022-11-01|2022-12-01|2023-01-01|2023-02-01|2023-03-01|2023-04-01|2023-05-01|2023-06-01|2023-07-01|2023-08-01
Endesa,"Vall de Boí, La",0.81122807,Lleida,12,9,8.3,3,25.0,107.0,107.0,False,2022-09-01|2022-10-01|2022-11-01|2022-12-01|2023-01-01|2023-02-01|2023-03-01|2023-04-01|2023-05-01|2023-06-01|2023-07-01|2023-08-01
Endesa,Vilamalla,2.99106828,Girona,12,9,8.3,3,25.0,107.0,107.0,False,2022-09-01|2022-10-01|2022-11-01|2022-12-01|2023-01-01|2023-02-01|2023-03-01|2023-04-01|2023-05-01|2023-06-01|2023-07-01|2023-08-01
Endesa,Cercs,1.85822678,Barcelona,12,9,8.3,3,25.0,105.0,105.0,False,2022-09-01|2022-10-01|2022-11-01|2022-12-01|2023-01-01|2023-02-01|2023-03-01|2023-04-01|2023-05-01|2023-06-01|2023-07-01|2023-08-01
Endesa,Laspuña,0.14945171,Huesca,12,9,8.3,3,25.0,102.0,102.0,False,2022-09-01|2022-10-01|2022-11-01|2022-12-01|2023-01-01|2023-02-01|2023-03-01|2023-04-01|2023-05-01|2023-06-01|2023-07-01|2023-08-01
Endesa,Tella-Sin,0.19784834,Huesca,12,9,8.3,3,25.0,102.0,102.0,False,2022-09-01|2022-10-01|2022-11-01|2022-12-01|2023-01-01|2023-02-01|2023-03-01|2023-04-01|2023-05-01|2023-06-01|2023-07-01|2023-08-01
Endesa,Binéfar,0.30427256,Huesca,12,9,8.3,3,25.0,100.7,100.7,False,2022-09-01|2022-10-01|2022-11-01|2022-12-01|2023-01-01|2023-02-01|2023-03-01|2023-04-01|2023-05-01|2023-06-01|2023-07-01|2023-08-01
Endesa,Santa Margarida de Montbui,1.59779006,Barcelona,12,9,8.3,3,25.0,100.5,100.5,False,2022-09-01|2022-10-01|2022-11-01|2022-12-01|2023-01-01|2023-02-01|2023-03-01|2023-04-01|2023-05-01|2023-06-01|2023-07-01|2023-08-01
Endesa,Barcelona,2.13780495,Barcelona,12,9,8.3,3,25.0,99.0,99.0,False,2022-09-01|2022-10-01|2022-11-01|2022-12-01|2023-01-01|2023-02-01|2023-03-01|2023-04-01|2023-05-01|2023-06-01|2023-07-01|2023-08-01
Endesa,Barcelona,2.13789725,Barcelona,12,9,8.3,3,25.0,99.0,99.0,False,2022-09-01|2022-10-01|2022-11-01|2022-12-01|2023-01-01|2023-02-01|2023-03-01|2023-04-01|2023-05-01|2023-06-01|2023-07-01|2023-08-01
Endesa,Barcelona,2.14892294,Barcelona,12,9,8.3,3,25.0,99.0,99.0,False,2022-09-01|2022-10-01|2022-11-01|2022-12-01|2023-01-01|2023-02-01|2023-03-01|2023-04-01|2023-05-01|2023-06-01|2023-07-01|2023-08-01
Endesa,Barcelona,2.17209222,Barcelona,12,9,8.3,3,25.0,99.0,99.0,False,2022-09-01|2022-10-01|2022-11-01|2022-12-01|2023-01-01|2023-02-01|2023-03-01|2023-04-01|2023-05-01|2023-06-01|2023-07-01|2023-08-01
Endesa,Barcelona,2.1895794,Barcelona,12,9,8.3,3,25.0,99.0,99.0,False,2022-09-01|2022-10-01|2022-11-01|2022-12-01|2023-01-01|2023-02-01|2023-03-01|2023-04-01|2023-05-01|2023-06-01|2023-07-01|2023-08-01
Endesa,Girona,2.80332508,Girona,12,9,8.3,3,25.0,99.0,99.0,False,2022-09-01|2022-10-01|2022-11-01|2022-12-01|2023-01-01|2023-02-01|2023-03-01|2023-04-01|2023-05-01|2023-06-01|2023-07-01|2023-08-01
Endesa,"Hospitalet de Llobregat, L`",2.10579365,Barcelona,12,9,8.3,3,25.0,99.0,99.0,False,2022-09-01|2022-10-01|2022-11-01|2022-12-01|2023-01-01|2023-02-01|2023-03-01|2023-04-01|2023-05-01|2023-06-01|2023-07-01|2023-08-01
Endesa,"Hospitalet de Llobregat, L`",2.12287297,Barcelona,12,9,8.3,3,25.0,99.0,99.0,False,2022-09-01|2022-10-01|2022-11-01|2022-12-01|2023-01-01|2023-02-01|2023-03-01|2023-04-01|2023-05-01|2023-06-01|2023-07-01|2023-08-01
Endesa,Mataró,2.45340813,Barcelona,12,9,8.3,3,25.0,99.0,99.0,False,2022-09-01|2022-10-01|2022-11-01|2022-12-01|2023-01-01|2023-02-01|2023-03-01|2023-04-01|2023-05-01|2023-06-01|2023-07-01|2023-08-01
Endesa,Reus,1.10649463,Tarragona,12,9,8.3,3,25.0,99.0,99.0,False,2022-09-01|2022-10-01|2022-11-01|2022-12-01|2023-01-01|2023-02-01|2023-03-01|2023-04-01|2023-05-01|2023-06-01|2023-07-01|2023-08-01
Endesa,Sabadell,2.10046153,Barcelona,12,9,8.3,3,25.0,99.0,99.0,False,2022-09-01|2022-10-01|2022-11-01|2022-12-01|2023-01-01|2023-02-01|2023-03-01|2023-04-01|2023-05-01|2023-06-01|2023-07-01|2023-08-01
Endesa,Sant Adrià de Besòs,2.22823667,Barcelona,12,9,8.3,3,25.0,99.0,99.0,False,2022-09-01|2022-10-01|2022-11-01|2022-12-01|2023-01-01|2023-02-01|2023-03-01|2023-04-01|2023-05-01|2023-06-01|2023-07-01|2023-08-01
Endesa,Sant Joan Despí,2.06615772,Barcelona,12,9,8.3,3,25.0,99.0,99.0,False,2022-09-01|2022-10-01|2022-11-01|2022-12-01|2023-01-01|2023-02-01|2023-03-01|2023-04-01|2023-05-01|2023-06-01|2023-07-01|2023-08-01
Endesa,Terrassa,2.02218178,Barcelona,12,9,8.3,3,25.0,99.0,99.0,False,2022-09-01|2022-10-01|2022-11-01|2022-12-01|2023-01-01|2023-02-01|2023-03-01|2023-04-01|2023-05-01|2023-06-01|2023-07-01|2023-08-01
Endesa,Terrassa,2.05606443,Barcelona,12,9,8.3,3,25.0,99.0,99.0,False,2022-09-01|2022-10-01|2022-11-01|2022-12-01|2023-01-01|2023-02-01|2023-03-01|2023-04-01|2023-05-01|2023-06-01|2023-07-01|2023-08-01
Endesa,Vilanova i la Geltrú,1.71627775,Barcelona,12,9,8.3,3,25.0,99.0,99.0,False,2022-09-01|2022-10-01|2022-11-01|2022-12-01|2023-01-01|2023-02-01|2023-03-01|2023-04-01|2023-05-01|2023-06-01|2023-07-01|2023-08-01
Endesa,Navàs,1.71260431,Barcelona,12,9,8.3,3,25.0,96.0,96.0,False,2022-09-01|2022-10-01|2022-11-01|2022-12-01|2023-01-01|2023-02-01|2023-03-01|2023-04-01|2023-05-01|2023-06-01|2023-07-01|2023-08-01
Endesa,Fraga,0.39634151,Huesca,12,9,8.3,3,25.0,95.0,95.0,False,2022-09-01|2022-10-01|2022-11-01|2022-12-01|2023-01-01|2023-02-01|2023-03-01|2023-04-01|2023-05-01|2023-06-01|2023-07-01|2023-08-01
Endesa,Ulldecona,0.37021627,Tarragona,12,9,8.3,3,25.0,94.0,94.0,False,2022-09-01|2022-10-01|2022-11-01|2022-12-01|2023-01-01|2023-02-01|2023-03-01|2023-04-01|2023-05-01|2023-06-01|2023-07-01|2023-08-01
Endesa,Cambrils,1.03818037,Tarragona,12,9,8.3,3,25.0,93.5,106.0,False,2022-09-01|2022-10-01|2022-11-01|2022-12-01|2023-01-01|2023-02-01|2023-03-01|2023-04-01|2023-05-01|2023-06-01|2023-07-01|2023-08-01
Endesa,Tordera,2.73174871,Barcelona,12,9,8.3,3,25.0,91.7,95.0,False,2022-09-01|2022-10-01|2022-11-01|2022-12-01|2023-01-01|2023-02-01|2023-03-01|2023-04-01|2023-05-01|2023-06-01|2023-07-01|2023-08-01
Endesa,Constantí,1.18723999,Tarragona,12,9,8.3,3,25.0,91.5,101.5,False,2022-09-01|2022-10-01|2022-11-01|2022-12-01|2023-01-01|2023-02-01|2023-03-01|2023-04-01|2023-05-01|2023-06-01|2023-07-01|2023-08-01
Endesa,Santa Cecília de Voltregà,2.23054293,Barcelona,12,9,8.3,3,25.0,87.0,87.0,False,2022-09-01|2022-10-01|2022-11-01|2022-12-01|2023-01-01|2023-02-01|2023-03-01|2023-04-01|2023-05-01|2023-06-01|2023-07-01|2023-08-01
Endesa,Martorell,1.90720125,Barcelona,12,9,8.3,3,25.0,86.1,86.3,False,2022-09-01|2022-10-01|2022-11-01|2022-12-01|2023-01-01|2023-02-01|2023-03-01|2023-04-01|2023-05-01|2023-06-01|2023-07-01|2023-08-01
Endesa,Aitona,0.46136959,Lleida,12,9,8.3,3,25.0,85.0,85.0,False,2022-09-01|2022-10-01|2022-11-01|2022-12-01|2023-01-01|2023-02-01|2023-03-01|2023-04-01|2023-05-01|2023-06-01|2023-07-01|2023-08-01
Endesa,"Ampolla, L`",0.67145005,Tarragona,12,9,8.3,3,25.0,85.0,85.0,False,2022-09-01|2022-10-01|2022-11-01|2022-12-01|2023-01-01|2023-02-01|2023-03-01|2023-04-01|2023-05-01|2023-06-01|2023-07-01|2023-08-01
Endesa,Amposta,0.56120355,Tarragona,12,9,8.3,3,25.0,85.0,85.0,False,2022-09-01|2022-10-01|2022-11-01|2022-12-01|2023-01-01|2023-02-01|2023-03-01|2023-04-01|2023-05-01|2023-06-01|2023-07-01|2023-08-01
Endesa,Badalona,2.24006149,Barcelona,12,9,8.3,3,25.0,85.0,85.0,False,2022-09-01|2022-10-01|2022-11-01|2022-12-01|2023-01-01|2023-02-01|2023-03-01|2023-04-01|2023-05-01|2023-06-01|2023-07-01|2023-08-01
Endesa,Barberà del Vallès,2.14231474,Barcelona,12,9,8.3,3,25.0,85.0,85.0,False,2022-09-01|2022-10-01|2022-11-01|2022-12-01|2023-01-01|2023-02-01|2023-03-01|2023-04-01|2023-05-01|2023-06-01|2023-07-01|2023-08-01
Endesa,Barcelona,2.10328514,Barcelona,12,9,8.3,3,25.0,85.0,85.0,False,2022-09-01|2022-10-01|2022-11-01|2022-12-01|2023-01-01|2023-02-01|2023-03-01|2023-04-01|2023-05-01|2023-06-01|2023-07-01|2023-08-01
Endesa,"Baronia de Rialb, La",1.19705549,Lleida,12,9,8.3,3,25.0,85.0,85.0,False,2022-09-01|2022-10-01|2022-11-01|2022-12-01|2023-01-01|2023-02-01|2023-03-01|2023-04-01|2023-05-01|2023-06-01|2023-07-01|2023-08-01
Endesa,Bell-lloc d`Urgell,0.77732673,Lleida,12,9,8.3,3,25.0,85.0,85.0,False,2022-09-01|2022-10-01|2022-11-01|2022-12-01|2023-01-01|2023-02-01|2023-03-01|2023-04-01|2023-05-01|2023-06-01|2023-07-01|2023-08-01
Endesa,Bellcaire d`Empordà,3.09835221,Girona,12,9,8.3,3,25.0,85.0,85.0,False,2022-09-01|2022-10-01|2022-11-01|2022-12-01|2023-01-01|2023-02-01|2023-03-01|2023-04-01|2023-05-01|2023-06-01|2023-07-01|2023-08-01
Endesa,Benavent de Segrià,0.61498579,Lleida,12,9,8.3,3,25.0,85.0,85.0,False,2022-09-01|2022-10-01|2022-11-01|2022-12-01|2023-01-01|2023-02-01|2023-03-01|2023-04-01|2023-05-01|2023-06-01|2023-07-01|2023-08-01
Endesa,Calella,2.64968674,Barcelona,12,9,8.3,3,25.0,85.0,85.0,False,2022-09-01|2022-10-01|2022-11-01|2022-12-01|2023-01-01|2023-02-01|2023-03-01|2023-04-01|2023-05-01|2023-06-01|2023-07-01|2023-08-01
Endesa,Castell-Platja d`Aro,3.03461439,Girona,12,9,8.3,3,25.0,85.0,85.0,False,2022-09-01|2022-10-01|2022-11-01|2022-12-01|2023-01-01|2023-02-01|2023-03-01|2023-04-01|2023-05-01|2023-06-01|2023-07-01|2023-08-01
Endesa,Cerdanyola del Vallès,2.11700899,Barcelona,12,9,8.3,3,25.0,85.0,85.0,False,2022-09-01|2022-10-01|2022-11-01|2022-12-01|2023-01-01|2023-02-01|2023-03-01|2023-04-01|2023-05-01|2023-06-01|2023-07-01|2023-08-01
Endesa,Flix,0.54861023,Tarragona,12,9,8.3,3,25.0,85.0,85.0,False,2022-09-01|2022-10-01|2022-11-01|2022-12-01|2023-01-01|2023-02-01|2023-03-01|2023-04-01|2023-05-01|2023-06-01|2023-07-01|2023-08-01
Endesa,Fontanals de Cerdanya,1.89552243,Girona,12,9,8.3,3,25.0,85.0,85.0,False,2022-09-01|2022-10-01|2022-11-01|2022-12-01|2023-01-01|2023-02-01|2023-03-01|2023-04-01|2023-05-01|2023-06-01|2023-07-01|2023-08-01
Endesa,"Hospitalet de Llobregat, L`",2.09958149,Barcelona,12,9,8.3,3,25.0,85.0,85.0,False,2022-09-01|2022-10-01|2022-11-01|2022-12-01|2023-01-01|2023-02-01|2023-03-01|2023-04-01|2023-05-01|2023-06-01|2023-07-01|2023-08-01
Endesa,"Hostalets de Pierola, Els",1.82965854,Barcelona,12,9,8.3,3,25.0,85.0,85.0,False,2022-09-01|2022-10-01|2022-11-01|2022-12-01|2023-01-01|2023-02-01|2023-03-01|2023-04-01|2023-05-01|2023-06-01|2023-07-01|2023-08-01
Endesa,Llavorsí,1.21297683,Lleida,12,9,8.3,3,25.0,85.0,85.0,False,2022-09-01|2022-10-01|2022-11-01|2022-12-01|2023-01-01|2023-02-01|2023-03-01|2023-04-01|2023-05-01|2023-06-01|2023-07-01|2023-08-01
Endesa,Lleida,0.66386668,Lleida,12,9,8.3,3,25.0,85.0,85.0,False,2022-09-01|2022-10-01|2022-11-01|2022-12-01|2023-01-01|2023-02-01|2023-03-01|2023-04-01|2023-05-01|2023-06-01|2023-07-01|2023-08-01
Endesa,Lloret de Mar,2.86317362,Girona,12,9,8.3,3,25.0,85.0,85.0,False,2022-09-01|2022-10-01|2022-11-01|2022-12-01|2023-01-01|2023-02-01|2023-03-01|2023-04-01|2023-05-01|2023-06-01|2023-07-01|2023-08-01
Endesa,Manresa,1.80899857,Barcelona,12,9,8.3,3,25.0,85.0,85.0,False,2022-09-01|2022-10-01|2022-11-01|2022-12-01|2023-01-01|2023-02-01|2023-03-01|2023-04-01|2023-05-01|2023-06-01|2023-07-01|2023-08-01
Endesa,Manresa,1.83931326,Barcelona,12,9,8.3,3,25.0,85.0,85.0,False,2022-09-01|2022-10-01|2022-11-01|2022-12-01|2023-01-01|2023-02-01|2023-03-01|2023-04-01|2023-05-01|2023-06-01|2023-07-01|2023-08-01
Endesa,Martorelles,2.23953683,Barcelona,12,9,8.3,3,25.0,85.0,85.0,False,2022-09-01|2022-10-01|2022-11-01|2022-12-01|2023-01-01|2023-02-01|2023-03-01|2023-04-01|2023-05-01|2023-06-01|2023-07-01|2023-08-01
Endesa,Mataró,2.42304648,Barcelona,12,9,8.3,3,25.0,85.0,85.0,False,2022-09-01|2022-10-01|2022-11-01|2022-12-01|2023-01-01|2023-02-01|2023-03-01|2023-04-01|2023-05-01|2023-06-01|2023-07-01|2023-08-01
Endesa,Mollerussa,0.88904649,Lleida,12,9,8.3,3,25.0,85.0,85.0,False,2022-09-01|2022-10-01|2022-11-01|2022-12-01|2023-01-01|2023-02-01|2023-03-01|2023-04-01|2023-05-01|2023-06-01|2023-07-01|2023-08-01
Endesa,Monistrol de Montserrat,1.85083869,Barcelona,12,9,8.3,3,25.0,85.0,85.0,False,2022-09-01|2022-10-01|2022-11-01|2022-12-01|2023-01-01|2023-02-01|2023-03-01|2023-04-01|2023-05-01|2023-06-01|2023-07-01|2023-08-01
Endesa,Montcada i Reixac,2.17843376,Barcelona,12,9,8.3,3,25.0,85.0,85.0,False,2022-09-01|2022-10-01|2022-11-01|2022-12-01|2023-01-01|2023-02-01|2023-03-01|2023-04-01|2023-05-01|2023-06-01|2023-07-01|2023-08-01
Endesa,Naut Aran,0.87705269,Lleida,12,9,8.3,3,25.0,85.0,85.0,False,2022-09-01|2022-10-01|2022-11-01|2022-12-01|2023-01-01|2023-02-01|2023-03-01|2023-04-01|2023-05-01|2023-06-01|2023-07-01|2023-08-01
Endesa,Naut Aran,0.92976048,Lleida,12,9,8.3,3,25.0,85.0,85.0,False,2022-09-01|2022-10-01|2022-11-01|2022-12-01|2023-01-01|2023-02-01|2023-03-01|2023-04-01|2023-05-01|2023-06-01|2023-07-01|2023-08-01
Endesa,Palafrugell,3.15102557,Girona,12,9,8.3,3,25.0,85.0,85.0,False,2022-09-01|2022-10-01|2022-11-01|2022-12-01|2023-01-01|2023-02-01|2023-03-01|2023-04-01|2023-05-01|2023-06-01|2023-07-01|2023-08-01
Endesa,Palol de Revardit,2.82209557,Girona,12,9,8.3,3,25.0,85.0,85.0,False,2022-09-01|2022-10-01|2022-11-01|2022-12-01|2023-01-01|2023-02-01|2023-03-01|2023-04-01|2023-05-01|2023-06-01|2023-07-01|2023-08-01
Endesa,Peramola,1.29393656,Lleida,12,9,8.3,3,25.0,85.0,85.0,False,2022-09-01|2022-10-01|2022-11-01|2022-12-01|2023-01-01|2023-02-01|2023-03-01|2023-04-01|2023-05-01|2023-06-01|2023-07-01|2023-08-01
Endesa,"Pobla de Segur, La",0.97372089,Lleida,12,9,8.3,3,25.0,85.0,85.0,False,2022-09-01|2022-10-01|2022-11-01|2022-12-01|2023-01-01|2023-02-01|2023-03-01|2023-04-01|2023-05-01|2023-06-01|2023-07-01|2023-08-01
Endesa,Polinyà,2.17278213,Barcelona,12,9,8.3,3,25.0,85.0,85.0,False,2022-09-01|2022-10-01|2022-11-01|2022-12-01|2023-01-01|2023-02-01|2023-03-01|2023-04-01|2023-05-01|2023-06-01|2023-07-01|2023-08-01
Endesa,Pradell de la Teixeta,0.88826899,Tarragona,12,9,8.3,3,25.0,85.0,85.0,False,2022-09-01|2022-10-01|2022-11-01|2022-12-01|2023-01-01|2023-02-01|2023-03-01|2023-04-01|2023-05-01|2023-06-01|2023-07-01|2023-08-01
Endesa,"Prat de Llobregat, El",2.12782553,Barcelona,12,9,8.3,3,25.0,85.0,85.0,False,2022-09-01|2022-10-01|2022-11-01|2022-12-01|2023-01-01|2023-02-01|2023-03-01|2023-04-01|2023-05-01|2023-06-01|2023-07-01|2023-08-01
Endesa,Premià de Dalt,2.33470904,Barcelona,12,9,8.3,3,25.0,85.0,85.0,False,2022-09-01|2022-10-01|2022-11-01|2022-12-01|2023-01-01|2023-02-01|2023-03-01|2023-04-01|2023-05-01|2023-06-01|2023-07-01|2023-08-01
Endesa,Rubí,2.02329955,Barcelona,12,9,8.3,3,25.0,85.0,85.0,False,2022-09-01|2022-10-01|2022-11-01|2022-12-01|2023-01-01|2023-02-01|2023-03-01|2023-04-01|2023-05-01|2023-06-01|2023-07-01|2023-08-01
Endesa,Sant Boi de Llobregat,2.04074575,Barcelona,12,9,8.3,3,25.0,85.0,85.0,False,2022-09-01|2022-10-01|2022-11-01|2022-12-01|2023-01-01|2023-02-01|2023-03-01|2023-04-01|2023-05-01|2023-06-01|2023-07-01|2023-08-01
Endesa,Sant Celoni,2.47087135,Barcelona,12,9,8.3,3,25.0,85.0,85.0,False,2022-09-01|2022-10-01|2022-11-01|2022-12-01|2023-01-01|2023-02-01|2023-03-01|2023-04-01|2023-05-01|2023-06-01|2023-07-01|2023-08-01
Endesa,Sant Fost de Campsentelles,2.21819657,Barcelona,12,9,8.3,3,25.0,85.0,85.0,False,2022-09-01|2022-10-01|2022-11-01|2022-12-01|2023-01-01|2023-02-01|2023-03-01|2023-04-01|2023-05-01|2023-06-01|2023-07-01|2023-08-01
Endesa,Sant Hilari Sacalm,2.49583476,Girona,12,9,8.3,3,25.0,85.0,85.0,False,2022-09-01|2022-10-01|2022-11-01|2022-12-01|2023-01-01|2023-02-01|2023-03-01|2023-04-01|2023-05-01|2023-06-01|2023-07-01|2023-08-01
Endesa,Sant Pere de Ribes,1.7491368,Barcelona,12,9,8.3,3,25.0,85.0,85.0,False,2022-09-01|2022-10-01|2022-11-01|2022-12-01|2023-01-01|2023-02-01|2023-03-01|2023-04-01|2023-05-01|2023-06-01|2023-07-01|2023-08-01
Endesa,Santa Susanna,2.69674413,Barcelona,12,9,8.3,3,25.0,85.0,85.0,False,2022-09-01|2022-10-01|2022-11-01|2022-12-01|2023-01-01|2023-02-01|2023-03-01|2023-04-01|2023-05-01|2023-06-01|2023-07-01|2023-08-01
Endesa,Seira,0.43619352,Huesca,12,9,8.3,3,25.0,85.0,85.0,False,2022-09-01|2022-10-01|2022-11-01|2022-12-01|2023-01-01|2023-02-01|2023-03-01|2023-04-01|2023-05-01|2023-06-01|2023-07-01|2023-08-01
Endesa,Sils,2.75240074,Girona,12,9,8.3,3,25.0,85.0,85.0,False,2022-09-01|2022-10-01|2022-11-01|2022-12-01|2023-01-01|2023-02-01|2023-03-01|2023-04-01|2023-05-01|2023-06-01|2023-07-01|2023-08-01
Endesa,Sort,1.12997079,Lleida,12,9,8.3,3,25.0,85.0,85.0,False,2022-09-01|2022-10-01|2022-11-01|2022-12-01|2023-01-01|2023-02-01|2023-03-01|2023-04-01|2023-05-01|2023-06-01|2023-07-01|2023-08-01
Endesa,Susqueda,2.57112244,Girona,12,9,8.3,3,25.0,85.0,85.0,False,2022-09-01|2022-10-01|2022-11-01|2022-12-01|2023-01-01|2023-02-01|2023-03-01|2023-04-01|2023-05-01|2023-06-01|2023-07-01|2023-08-01
Endesa,Talarn,0.90767821,Lleida,12,9,8.3,3,25.0,85.0,85.0,False,2022-09-01|2022-10-01|2022-11-01|2022-12-01|2023-01-01|2023-02-01|2023-03-01|2023-04-01|2023-05-01|2023-06-01|2023-07-01|2023-08-01
Endesa,Tarragona,1.19810633,Tarragona,12,9,8.3,3,25.0,85.0,85.0,False,2022-09-01|2022-10-01|2022-11-01|2022-12-01|2023-01-01|2023-02-01|2023-03-01|2023-04-01|2023-05-01|2023-06-01|2023-07-01|2023-08-01
Endesa,Terrassa,2.00685913,Barcelona,12,9,8.3,3,25.0,85.0,85.0,False,2022-09-01|2022-10-01|2022-11-01|2022-12-01|2023-01-01|2023-02-01|2023-03-01|2023-04-01|2023-05-01|2023-06-01|2023-07-01|2023-08-01
Endesa,Terrassa,2.04764204,Barcelona,12,9,8.3,3,25.0,85.0,85.0,False,2022-09-01|2022-10-01|2022-11-01|2022-12-01|2023-01-01|2023-02-01|2023-03-01|2023-04-01|2023-05-01|2023-06-01|2023-07-01|2023-08-01
Endesa,"Torre de Claramunt, La",1.67920066,Barcelona,12,9,8.3,3,25.0,85.0,85.0,False,2022-09-01|2022-10-01|2022-11-01|2022-12-01|2023-01-01|2023-02-01|2023-03-01|2023-04-01|2023-05-01|2023-06-01|2023-07-01|2023-08-01
Endesa,Tortosa,0.52561207,Tarragona,12,9,8.3,3,25.0,85.0,85.0,False,2022-09-01|2022-10-01|2022-11-01|2022-12-01|2023-01-01|2023-02-01|2023-03-01|2023-04-01|2023-05-01|2023-06-01|2023-07-01|2023-08-01
Endesa,Vall-llobrega,3.12040923,Girona,12,9,8.3,3,25.0,85.0,85.0,False,2022-09-01|2022-10-01|2022-11-01|2022-12-01|2023-01-01|2023-02-01|2023-03-01|2023-04-01|2023-05-01|2023-06-01|2023-07-01|2023-08-01
Endesa,Valls,1.25624307,Tarragona,12,9,8.3,3,25.0,85.0,85.0,False,2022-09-01|2022-10-01|2022-11-01|2022-12-01|2023-01-01|2023-02-01|2023-03-01|2023-04-01|2023-05-01|2023-06-01|2023-07-01|2023-08-01
Endesa,Vandellòs i l`Hospitalet de l`Infant,0.87720681,Tarragona,12,9,8.3,3,25.0,85.0,85.0,False,2022-09-01|2022-10-01|2022-11-01|2022-12-01|2023-01-01|2023-02-01|2023-03-01|2023-04-01|2023-05-01|2023-06-01|2023-07-01|2023-08-01
Endesa,Vic,2.24914865,Barcelona,12,9,8.3,3,25.0,85.0,85.0,False,2022-09-01|2022-10-01|2022-11-01|2022-12-01|2023-01-01|2023-02-01|2023-03-01|2023-04-01|2023-05-01|2023-06-01|2023-07-01|2023-08-01
Endesa,Vielha e Mijaran,0.79745477,Lleida,12,9,8.3,3,25.0,85.0,85.0,False,2022-09-01|2022-10-01|2022-11-01|2022-12-01|2023-01-01|2023-02-01|2023-03-01|2023-04-01|2023-05-01|2023-06-01|2023-07-01|2023-08-01
Endesa,Vilanova de Sau,2.4144079,Barcelona,12,9,8.3,3,25.0,85.0,85.0,False,2022-09-01|2022-10-01|2022-11-01|2022-12-01|2023-01-01|2023-02-01|2023-03-01|2023-04-01|2023-05-01|2023-06-01|2023-07-01|2023-08-01
Endesa,Xerta,0.48618292,Tarragona,12,9,8.3,3,25.0,85.0,85.0,False,2022-09-01|2022-10-01|2022-11-01|2022-12-01|2023-01-01|2023-02-01|2023-03-01|2023-04-01|2023-05-01|2023-06-01|2023-07-01|2023-08-01
Endesa,Alfarràs,0.57426297,Lleida,12,9,8.3,3,25.0,82.0,82.0,False,2022-09-01|2022-10-01|2022-11-01|2022-12-01|2023-01-01|2023-02-01|2023-03-01|2023-04-01|2023-05-01|2023-06-01|2023-07-01|2023-08-01
Endesa,Fraga,0.32181914,Huesca,12,9,8.3,3,25.0,76.0,76.0,False,2022-09-01|2022-10-01|2022-11-01|2022-12-01|2023-01-01|2023-02-01|2023-03-01|2023-04-01|2023-05-01|2023-06-01|2023-07-01|2023-08-01
Endesa,Monzón,0.14950306,Huesca,12,9,8.3,3,25.0,73.0,73.0,False,2022-09-01|2022-10-01|2022-11-01|2022-12-01|2023-01-01|2023-02-01|2023-03-01|2023-04-01|2023-05-01|2023-06-01|2023-07-01|2023-08-01
Endesa,Calonge de Segarra,1.52562668,Barcelona,12,9,8.3,3,25.0,70.0,70.0,False,2022-09-01|2022-10-01|2022-11-01|2022-12-01|2023-01-01|2023-02-01|2023-03-01|2023-04-01|2023-05-01|2023-06-01|2023-07-01|2023-08-01
Endesa,Monzón,0.17502872,Huesca,12,9,8.3,3,25.0,66.3,74.8,False,2022-09-01|2022-10-01|2022-11-01|2022-12-01|2023-01-01|2023-02-01|2023-03-01|2023-04-01|2023-05-01|2023-06-01|2023-07-01|2023-08-01
Endesa,"Plans de Sió, Els",1.19041607,Lleida,12,9,8.3,3,25.0,64.8,64.8,False,2022-09-01|2022-10-01|2022-11-01|2022-12-01|2023-01-01|2023-02-01|2023-03-01|2023-04-01|2023-05-01|2023-06-01|2023-07-01|2023-08-01
Endesa,Cervera,1.29087776,Lleida,12,9,8.3,3,25.0,64.5,64.5,False,2022-09-01|2022-10-01|2022-11-01|2022-12-01|2023-01-01|2023-02-01|2023-03-01|2023-04-01|2023-05-01|2023-06-01|2023-07-01|2023-08-01
Endesa,Olius,1.48445487,Lleida,12,9,8.3,3,25.0,62.3,62.3,False,2022-09-01|2022-10-01|2022-11-01|2022-12-01|2023-01-01|2023-02-01|2023-03-01|2023-04-01|2023-05-01|2023-06-01|2023-07-01|2023-08-01
Endesa,Alcanar,0.51483172,Tarragona,12,9,8.3,3,25.0,60.0,60.0,False,2022-09-01|2022-10-01|2022-11-01|2022-12-01|2023-01-01|2023-02-01|2023-03-01|2023-04-01|2023-05-01|2023-06-01|2023-07-01|2023-08-01
Endesa,Tàrrega,1.13258216,Lleida,12,9,8.3,3,25.0,60.0,60.0,False,2022-09-01|2022-10-01|2022-11-01|2022-12-01|2023-01-01|2023-02-01|2023-03-01|2023-04-01|2023-05-01|2023-06-01|2023-07-01|2023-08-01
Endesa,Térmens,0.79370362,Lleida,12,9,8.3,3,25.0,60.0,60.0,False,2022-09-01|2022-10-01|2022-11-01|2022-12-01|2023-01-01|2023-02-01|2023-03-01|2023-04-01|2023-05-01|2023-06-01|2023-07-01|2023-08-01
Endesa,Cassà de la Selva,2.89793562,Girona,12,9,8.3,3,25.0,58.3,85.0,False,2022-09-01|2022-10-01|2022-11-01|2022-12-01|2023-01-01|2023-02-01|2023-03-01|2023-04-01|2023-05-01|2023-06-01|2023-07-01|2023-08-01
Endesa,Figueres,2.95775847,Girona,12,9,8.3,3,25.0,58.0,58.0,False,2022-09-01|2022-10-01|2022-11-01|2022-12-01|2023-01-01|2023-02-01|2023-03-01|2023-04-01|2023-05-01|2023-06-01|2023-07-01|2023-08-01
Endesa,"Grado, El",0.23310177,Huesca,12,9,8.3,3,25.0,41.0,41.0,False,2022-09-01|2022-10-01|2022-11-01|2022-12-01|2023-01-01|2023-02-01|2023-03-01|2023-04-01|2023-05-01|2023-06-01|2023-07-01|2023-08-01
Endesa,Lleida,0.47544163,Lleida,12,9,8.3,3,25.0,41.0,41.0,False,2022-09-01|2022-10-01|2022-11-01|2022-12-01|2023-01-01|2023-02-01|2023-03-01|2023-04-01|2023-05-01|2023-06-01|2023-07-01|2023-08-01
Endesa,Rubí,2.00992574,Barcelona,12,9,8.3,3,25.0,41.0,41.0,False,2022-09-01|2022-10-01|2022-11-01|2022-12-01|2023-01-01|2023-02-01|2023-03-01|2023-04-01|2023-05-01|2023-06-01|2023-07-01|2023-08-01
Endesa,Sant Feliu de Llobregat,2.03545689,Barcelona,12,9,8.3,3,25.0,41.0,41.0,False,2022-09-01|2022-10-01|2022-11-01|2022-12-01|2023-01-01|2023-02-01|2023-03-01|2023-04-01|2023-05-01|2023-06-01|2023-07-01|2023-08-01
Endesa,Sant Just Desvern,2.07948546,Barcelona,12,9,8.3,3,25.0,41.0,41.0,False,2022-09-01|2022-10-01|2022-11-01|2022-12-01|2023-01-01|2023-02-01|2023-03-01|2023-04-01|2023-05-01|2023-06-01|2023-07-01|2023-08-01
Endesa,Sitges,1.86543639,Barcelona,12,9,8.3,3,25.0,41.0,41.0,False,2022-09-01|2022-10-01|2022-11-01|2022-12-01|2023-01-01|2023-02-01|2023-03-01|2023-04-01|2023-05-01|2023-06-01|2023-07-01|2023-08-01
Endesa,Viladecans,2.02825206,Barcelona,12,9,8.3,3,25.0,41.0,41.0,False,2022-09-01|2022-10-01|2022-11-01|2022-12-01|2023-01-01|2023-02-01|2023-03-01|2023-04-01|2023-05-01|2023-06-01|2023-07-01|2023-08-01
Endesa,Monzón,0.19392854,Huesca,12,9,8.3,3,25.0,37.5,47.5,False,2022-09-01|2022-10-01|2022-11-01|2022-12-01|2023-01-01|2023-02-01|2023-03-01|2023-04-01|2023-05-01|2023-06-01|2023-07-01|2023-08-01
Endesa,Altafulla,1.37355018,Tarragona,12,9,8.3,3,25.0,35.0,35.0,False,2022-09-01|2022-10-01|2022-11-01|2022-12-01|2023-01-01|2023-02-01|2023-03-01|2023-04-01|2023-05-01|2023-06-01|2023-07-01|2023-08-01
Endesa,Monzón,0.1203266,Huesca,12,9,8.3,3,25.0,35.0,35.0,False,2022-09-01|2022-10-01|2022-11-01|2022-12-01|2023-01-01|2023-02-01|2023-03-01|2023-04-01|2023-05-01|2023-06-01|2023-07-01|2023-08-01
Endesa,Mequinenza,0.27701602,Zaragoza,12,9,8.3,3,25.0,25.0,25.0,False,2022-09-01|2022-10-01|2022-11-01|2022-12-01|2023-01-01|2023-02-01|2023-03-01|2023-04-01|2023-05-01|2023-06-01|2023-07-01|2023-08-01
Endesa,Calders,1.93503262,Barcelona,12,9,8.3,3,25.0,23.0,23.0,False,2022-09-01|2022-10-01|2022-11-01|2022-12-01|2023-01-01|2023-02-01|2023-03-01|2023-04-01|2023-05-01|2023-06-01|2023-07-01|2023-08-01
Endesa,Camprodon,2.36148045,Girona,12,9,8.3,3,25.0,20.0,20.0,False,2022-09-01|2022-10-01|2022-11-01|2022-12-01|2023-01-01|2023-02-01|2023-03-01|2023-04-01|2023-05-01|2023-06-01|2023-07-01|2023-08-01
Endesa,Sant Joan de les Abadesses,2.28954594,Girona,12,9,8.3,3,25.0,20.0,20.0,False,2022-09-01|2022-10-01|2022-11-01|2022-12-01|2023-01-01|2023-02-01|2023-03-01|2023-04-01|2023-05-01|2023-06-01|2023-07-01|2023-08-01
Endesa,Vilallonga de Ter,2.29695536,Girona,12,9,8.3,3,25.0,20.0,20.0,False,2022-09-01|2022-10-01|2022-11-01|2022-12-01|2023-01-01|2023-02-01|2023-03-01|2023-04-01|2023-05-01|2023-06-01|2023-07-01|2023-08-01
Endesa,Barcelona,2.16924696,Barcelona,12,9,8.3,3,25.0,14.0,14.0,False,2022-09-01|2022-10-01|2022-11-01|2022-12-01|2023-01-01|2023-02-01|2023-03-01|2023-04-01|2023-05-01|2023-06-01|2023-07-01|2023-08-01
Endesa,Barcelona,2.17992394,Barcelona,12,9,8.3,3,25.0,14.0,14.0,False,2022-09-01|2022-10-01|2022-11-01|2022-12-01|2023-01-01|2023-02-01|2023-03-01|2023-04-01|2023-05-01|2023-06-01|2023-07-01|2023-08-01
Endesa,Barcelona,2.18223698,Barcelona,12,9,8.3,3,25.0,14.0,14.0,False,2022-09-01|2022-10-01|2022-11-01|2022-12-01|2023-01-01|2023-02-01|2023-03-01|2023-04-01|2023-05-01|2023-06-01|2023-07-01|2023-08-01
Endesa,Barcelona,2.19273051,Barcelona,12,9,8.3,3,25.0,14.0,14.0,False,2022-09-01|2022-10-01|2022-11-01|2022-12-01|2023-01-01|2023-02-01|2023-03-01|2023-04-01|2023-05-01|2023-06-01|2023-07-01|2023-08-01
Endesa,Barcelona,2.19935338,Barcelona,12,9,8.3,3,25.0,14.0,14.0,False,2022-09-01|2022-10-01|2022-11-01|2022-12-01|2023-01-01|2023-02-01|2023-03-01|2023-04-01|2023-05-01|2023-06-01|2023-07-01|2023-08-01
Endesa,Sant Adrià de Besòs,2.23464663,Barcelona,12,9,8.3,3,25.0,14.0,14.0,False,2022-09-01|2022-10-01|2022-11-01|2022-12-01|2023-01-01|2023-02-01|2023-03-01|2023-04-01|2023-05-01|2023-06-01|2023-07-01|2023-08-01
Endesa,Perafort,1.24847746,Tarragona,11,9,9.1,3,27.3,83.0,83.0,False,2022-09-01|2022-10-01|2022-12-01|2023-01-01|2023-02-01|2023-03-01|2023-04-01|2023-05-01|2023-06-01|2023-07-01|2023-08-01
REE,VALLEJERA,220.0,,11,10,18.2,2,36.4,74.8,263.0,False,2024-10-01|2025-01-02|2025-03-03|2025-04-01|2025-05-05|2025-06-02|2025-07-01|2025-08-01|2025-09-01|2025-10-01|2026-05-01
REE,CILLAMAYOR,220.0,,11,5,27.3,2,36.4,64.5,100.0,False,2024-04-01|2024-05-16|2024-09-02|2024-10-01|2024-12-02|2025-05-05|2025-07-01|2025-09-01|2025-12-01|2026-02-20|2026-05-01
iDE,MONTEBEL    132.00,132.0,ALICANTE,11,5,18.2,2,36.4,53.8,165.7,False,2024-05-29|2024-06-25|2024-08-27|2024-12-02|2025-01-30|2025-04-11|2025-10-03|2025-11-01|2025-12-01|2026-01-01|2026-05-01
REE,RICOBAYO,220.0,,10,10,20.0,3,40.0,53.0,110.0,False,2024-07-01|2024-08-01|2024-09-02|2024-10-01|2024-11-04|2025-01-02|2025-09-01|2025-10-01|2026-02-20|2026-05-01
REE,CASTRELO,220.0,,9,4,22.2,2,44.4,74.8,323.0,False,2024-01-02|2024-04-01|2024-05-16|2024-07-01|2024-09-02|2024-12-02|2025-04-01|2025-05-05|2025-12-01
REE,PUIGPELAT,220.0,,9,5,22.2,2,33.3,64.8,133.0,False,2025-04-01|2025-05-05|2025-07-01|2025-08-01|2025-09-01|2025-10-01|2025-12-01|2026-02-20|2026-05-01
REE,ELGEA,220.0,,9,3,22.2,3,33.3,63.4,130.0,False,2024-03-01|2024-06-03|2024-08-01|2024-11-04|2025-03-03|2025-05-05|2025-08-01|2025-09-01|2025-10-01
REE,LUBIAN,220.0,,9,5,22.2,2,33.3,47.0,90.0,False,2024-05-16|2024-12-02|2025-02-03|2025-06-02|2025-07-01|2025-10-01|2025-12-01|2026-02-20|2026-05-01
Endesa,VAGUADAS,66.0,Badajoz,9,12,22.2,4,44.4,35.2,78.0,False,2021-09-01|2021-11-01|2021-12-01|2022-03-01|2022-04-01|2022-05-01|2025-10-01|2025-12-01|2026-05-01
REE,GRAN TARAJAL,132.0,,9,4,22.2,2,44.4,25.6,68.0,False,2024-04-01|2024-10-01|2025-02-03|2025-04-01|2025-06-02|2025-08-01|2025-12-01|2026-02-20|2026-05-01
REE,LUDRIO,400.0,,8,1,12.5,1,37.5,230.4,1328.0,False,2024-01-02|2024-03-01|2024-09-02|2024-11-04|2025-04-01|2025-06-02|2025-12-01|2026-02-20
REE,ASTILLERO,220.0,,8,2,12.5,1,37.5,166.0,285.0,False,2024-02-01|2024-03-01|2024-04-01|2024-05-16|2024-11-04|2025-01-02|2025-06-02|2025-07-01
REE,RUBIO,220.0,,8,2,12.5,4,37.5,113.1,574.0,False,2024-02-01|2024-11-04|2025-04-01|2025-06-02|2025-07-01|2025-10-01|2025-12-01|2026-05-01
REE,ARENAS DE SAN JUAN,220.0,,8,5,25.0,2,37.5,68.8,188.0,False,2024-05-16|2024-12-02|2025-02-03|2025-06-02|2025-08-01|2025-09-01|2025-10-01|2026-05-01
REE,BARRUNDIA,220.0,,8,3,25.0,3,37.5,65.1,138.0,False,2024-03-01|2024-08-01|2024-11-04|2025-03-03|2025-05-05|2025-07-01|2025-08-01|2025-10-01
iDE,TERRAMIT    132.00,132.0,ALICANTE,8,12,25.0,2,37.5,63.8,188.2,False,2024-06-25|2024-12-02|2025-01-30|2025-04-11|2025-11-01|2025-12-01|2026-03-01|2026-05-01
Endesa,ALVARADO,66.0,Badajoz,8,5,25.0,4,37.5,41.0,70.0,False,2021-09-01|2021-11-01|2021-12-01|2022-03-01|2022-04-01|2022-05-01|2025-12-01|2026-05-01
REE,FRANQUESES,220.0,,8,2,25.0,2,37.5,36.1,62.0,False,2024-02-01|2024-05-16|2024-06-03|2024-10-01|2024-11-04|2025-05-05|2025-07-01|2026-02-20
REE,CALA BLAVA,66.0,,8,3,25.0,2,37.5,31.5,110.0,False,2024-03-01|2024-12-02|2025-03-03|2025-05-05|2025-06-02|2025-09-01|2025-12-01|2026-05-01
iDE,ST SANTURCE 30.000,30.0,VIZCAYA,8,3,25.0,4,37.5,20.2,39.5,False,2023-12-21|2024-03-22|2024-04-29|2024-05-29|2024-09-26|2025-10-01|2025-11-01|2026-03-01
iDE,ST ZAMUDIO  30.000,30.0,VIZCAYA,8,5,25.0,4,37.5,19.2,42.7,False,2023-12-21|2024-05-29|2024-08-27|2024-09-26|2025-01-30|2025-10-01|2025-11-01|2026-05-01
REE,MEZQUITA,220.0,,7,7,14.3,3,28.6,224.6,1317.0,False,2024-07-01|2024-11-04|2025-05-05|2025-09-01|2025-10-01|2026-02-20|2026-03-02
REE,BECHI,220.0,,7,6,14.3,2,28.6,138.3,264.0,False,2024-06-03|2024-08-01|2024-09-02|2024-11-04|2024-12-02|2025-03-03|2026-05-01
iDE,MAJADAHO    132.00,132.0,MADRID,7,7,14.3,3,28.6,113.4,229.4,False,2024-07-23|2024-09-26|2025-01-30|2025-04-11|2025-10-01|2025-11-01|2026-03-01
REE,MURUARTE,220.0,,7,4,14.3,2,42.9,55.4,100.0,False,2025-04-01|2025-06-02|2025-07-01|2025-08-01|2025-10-01|2025-12-01|2026-05-01
iDE,FUENCARR    132.00,132.0,MADRID,7,7,14.3,4,42.9,54.2,134.7,False,2024-07-23|2024-09-26|2024-12-02|2025-01-30|2025-10-01|2025-11-01|2026-03-01
REE,PARAMO DE POZA,220.0,,7,10,28.6,4,42.9,54.0,200.0,False,2024-02-01|2024-04-01|2024-07-01|2024-10-01|2024-12-02|2025-10-01|2026-05-01
REE,CARTUJOS,220.0,,7,5,28.6,2,42.9,37.4,100.0,False,2024-05-16|2024-09-02|2024-12-02|2025-04-01|2025-07-01|2026-02-20|2026-05-01
iDE,VPARDILL    132.00,132.0,MADRID,7,7,14.3,4,42.9,36.3,63.0,False,2024-07-23|2024-09-26|2024-12-02|2025-10-01|2025-11-01|2026-03-01|2026-05-01
iDE,GALAPAGA    132.00,132.0,MADRID,7,10,28.6,4,42.9,28.2,52.4,False,2024-07-23|2024-09-26|2024-10-29|2025-10-01|2025-11-01|2026-03-01|2026-05-01
Endesa,S_MARINA,20.0,Badajoz,7,5,28.6,4,42.9,24.7,56.0,False,2021-11-01|2022-01-01|2022-02-01|2022-05-01|2025-10-01|2025-12-01|2026-05-01
REE,INCA,66.0,,7,3,28.6,3,42.9,15.6,30.0,False,2024-03-01|2024-07-01|2024-10-01|2024-12-02|2025-08-01|2025-09-01|2026-03-02
REE,MONCAYO,220.0,,6,5,16.7,1,33.3,119.0,198.0,False,2024-05-16|2024-07-01|2024-11-04|2024-12-02|2025-01-02|2026-03-02
iDE,LA NUCIA    132.00,132.0,ALICANTE,6,1,33.3,1,33.3,83.2,203.1,False,2025-01-30|2025-04-11|2025-11-01|2025-12-01|2026-01-01|2026-05-01
REE,LOS RAMOS,220.0,,6,5,16.7,2,33.3,77.3,207.0,False,2024-05-16|2024-12-02|2025-04-01|2025-08-01|2025-09-01|2026-02-20
iDE,S.FELIPE    132.00,132.0,MADRID,6,6,16.7,3,33.3,66.6,169.9,False,2024-06-25|2024-07-23|2024-09-26|2025-01-30|2025-10-01|2025-11-01
iDE,POZUELO     132.00,132.0,MADRID,6,7,16.7,3,33.3,63.6,109.3,False,2024-07-23|2024-09-26|2025-01-30|2025-10-01|2025-11-01|2026-03-01
REE,PUJALT,220.0,,6,11,16.7,4,33.3,45.0,100.0,False,2024-11-04|2024-12-02|2025-05-05|2025-06-02|2025-07-01|2026-02-20
REE,SANTURCE,220.0,,6,12,33.3,1,33.3,44.8,107.0,False,2024-03-01|2024-12-02|2025-04-01|2025-07-01|2025-12-01|2026-02-20
REE,ROCIO,220.0,,6,8,33.3,3,33.3,34.8,42.0,False,2024-08-01|2025-01-02|2025-02-03|2025-08-01|2025-12-01|2026-05-01
REE,HOSPITALET,220.0,,6,4,16.7,2,33.3,33.3,60.0,False,2024-04-01|2024-06-03|2024-11-04|2024-12-02|2025-01-02|2025-02-03
REE,BELLICENS,220.0,,6,2,33.3,1,33.3,29.7,55.0,False,2024-02-01|2024-08-01|2024-12-02|2025-05-05|2025-12-01|2026-02-20
Endesa,VANDELLOS,110.0,Tarragona,6,8,16.7,4,33.3,29.5,73.1,False,2021-08-01|2021-11-01|2022-04-01|2022-06-01|2025-12-01|2026-03-01
REE,SON ORLANDIS,66.0,,6,8,33.3,3,33.3,25.5,50.0,False,2024-08-01|2024-12-02|2025-01-02|2025-04-01|2025-08-01|2026-03-02
REE,DIQUE DEL ESTE,66.0,,6,2,16.7,1,33.3,25.3,43.0,False,2024-02-01|2024-03-01|2024-04-01|2024-11-04|2025-08-01|2025-12-01
Endesa,TORREARE,66.0,Huelva,6,3,33.3,4,33.3,22.7,79.9,False,2021-11-01|2022-03-01|2022-05-01|2025-10-01|2026-03-01|2026-05-01
Endesa,VANDELLOS,25.0,Tarragona,6,8,16.7,2,33.3,15.1,29.2,False,2021-08-01|2022-04-01|2022-06-01|2025-12-01|2026-01-01|2026-03-01
Endesa,ROURELL,110.0,Barcelona,6,8,16.7,3,33.3,13.0,18.5,False,2021-08-01|2021-09-01|2022-06-01|2025-10-01|2025-12-01|2026-03-01
Endesa,GARRAF,110.0,Barcelona,6,8,16.7,3,33.3,12.9,18.9,False,2021-08-01|2021-09-01|2022-06-01|2025-10-01|2025-12-01|2026-03-01
REE,MACHER,66.0,,6,3,16.7,1,33.3,9.2,20.0,False,2024-03-01|2024-10-01|2025-01-02|2025-04-01|2025-06-02|2025-12-01
REE,VILLAVICIOSA,400.0,,5,7,20.0,3,40.0,206.0,444.0,False,2024-07-01|2024-08-01|2024-12-02|2025-04-01|2026-02-20
REE,MINGLANILLA,400.0,,5,11,20.0,4,40.0,123.2,300.0,False,2024-11-04|2025-02-03|2025-04-01|2025-08-01|2025-12-01
iDE,ESTRELLA    132.00,132.0,MADRID,5,5,20.0,2,40.0,92.4,202.3,False,2024-05-29|2024-06-25|2024-09-26|2025-10-01|2025-11-01
iDE,CALPE       132.00,132.0,ALICANTE,5,11,40.0,2,40.0,85.7,215.7,False,2024-06-25|2024-11-15|2025-01-30|2025-04-11|2025-11-01
iDE,VILLAMTE    132.00,132.0,VALENCIA,5,12,20.0,4,40.0,77.2,174.2,False,2024-12-02|2025-02-26|2025-04-11|2025-11-01|2026-05-01
iDE,VERGEL      132.00,132.0,ALICANTE,5,5,20.0,1,40.0,72.1,158.5,False,2024-05-29|2024-07-23|2025-01-30|2025-11-01|2026-03-01
iDE,L.ROZAS     132.00,132.0,MADRID,5,7,20.0,3,40.0,69.2,109.2,False,2024-07-23|2024-09-26|2025-01-30|2025-10-01|2025-11-01
REE,PUERTO DE SANTA MARIA,220.0,,5,3,20.0,1,40.0,55.6,61.0,False,2024-03-01|2024-08-01|2025-06-02|2025-10-01|2026-02-20
REE,SAN MARTIN BALEARES,66.0,,5,6,20.0,2,40.0,46.4,77.0,False,2024-06-03|2024-09-02|2024-10-01|2025-04-01|2025-12-01
REE,LA SOLANA,220.0,,5,11,20.0,2,40.0,44.4,93.0,False,2024-11-04|2025-03-03|2025-04-01|2025-06-02|2025-09-01
REE,AVE ZARAGOZA,220.0,,5,4,20.0,2,40.0,41.2,87.0,False,2024-04-01|2024-05-16|2024-12-02|2025-03-03|2025-08-01
iDE,VILLAVDE    132.00,132.0,MADRID,5,5,20.0,2,40.0,41.1,74.0,False,2024-05-29|2025-04-11|2025-10-01|2025-11-01|2026-03-01
Endesa,CASILLAS,66.0,Córdoba,5,10,40.0,4,40.0,38.9,62.1,False,2021-09-01|2021-10-01|2022-03-01|2022-04-01|2025-10-01
REE,CAN JARDI,220.0,,5,2,20.0,3,40.0,37.4,77.0,False,2024-02-01|2024-08-01|2024-12-02|2025-04-01|2025-09-01
iDE,VRREAL.S    132.00,132.0,CASTELLÓN,5,1,40.0,4,40.0,36.2,93.1,False,2024-06-25|2024-10-29|2025-01-30|2025-11-01|2026-01-01
Endesa,CAMBRILS,110.0,Tarragona,5,10,20.0,4,40.0,33.9,52.2,False,2021-10-01|2022-04-01|2022-06-01|2025-12-01|2026-03-01
Endesa,CAMBRILS,25.0,Tarragona,5,11,20.0,4,40.0,32.5,46.7,False,2021-11-01|2022-04-01|2022-06-01|2025-12-01|2026-03-01
iDE,ST HERNANI  30.000,30.0,GUIPÚZCOA,5,4,20.0,2,40.0,32.1,39.8,False,2024-04-29|2024-08-27|2025-10-01|2025-11-01|2026-05-01
iDE,"ST,STR ALI B30.000",30.0,ÁLAVA,5,3,20.0,1,40.0,31.6,58.4,False,2024-03-22|2024-08-27|2025-01-30|2025-10-01|2025-11-01
Endesa,NEVERO,20.0,Badajoz,5,5,40.0,2,40.0,26.7,56.9,False,2022-03-01|2022-05-01|2025-10-01|2025-12-01|2026-05-01
Endesa,MAGALLON,66.0,Zaragoza,5,11,20.0,4,40.0,24.7,41.6,False,2021-11-01|2022-04-01|2022-05-01|2025-10-01|2026-03-01
UFD,LOS ARENALES,45.0,MADRID,5,2,40.0,1,40.0,23.2,34.0,False,2022-02-27|2023-07-10|2024-09-25|2026-02-01|2026-05-01
Endesa,LA_LOTETA,66.0,Zaragoza,5,11,20.0,4,40.0,20.5,30.0,False,2021-11-01|2022-04-01|2022-05-01|2025-10-01|2026-03-01
iDE,BRIONES T1,66.0,LA RIOJA,5,10,40.0,4,40.0,19.6,26.7,False,2024-07-23|2024-10-29|2025-01-30|2025-10-01|2026-03-01
iDE,BRIONES T2,66.0,LA RIOJA,5,10,40.0,4,40.0,19.6,26.7,False,2024-07-23|2024-10-29|2025-01-30|2025-10-01|2026-03-01
iDE,RAMBLETA    132.00,132.0,CASTELLÓN,5,6,20.0,2,40.0,19.4,34.6,False,2024-06-25|2024-08-27|2025-04-11|2025-10-01|2025-11-01
REE,GRANADILLA,66.0,,5,12,40.0,4,40.0,16.8,23.0,False,2024-12-02|2025-05-05|2025-07-01|2025-09-01|2025-12-01
iDE,SDOMING T1,66.0,LA RIOJA,5,10,40.0,4,40.0,16.7,22.3,False,2024-07-23|2024-10-29|2025-01-30|2025-10-01|2026-03-01
iDE,SDOMING T2,66.0,LA RIOJA,5,10,40.0,4,40.0,16.7,22.3,False,2024-07-23|2024-10-29|2025-01-30|2025-10-01|2026-03-01
iDE,SANJOSE T1,66.0,LA RIOJA,5,10,40.0,4,40.0,16.3,17.7,False,2024-07-23|2024-10-29|2025-01-30|2025-10-01|2026-03-01
iDE,SANJOSE T2,66.0,LA RIOJA,5,10,40.0,4,40.0,16.3,17.7,False,2024-07-23|2024-10-29|2025-01-30|2025-10-01|2026-03-01
iDE,MONTEBEL T1,20.0,ALICANTE,5,4,20.0,2,40.0,14.7,25.6,False,2024-04-29|2024-06-25|2024-09-26|2025-10-01|2025-11-01
iDE,ZARZALEJ T2,45.0,MADRID,5,4,20.0,2,40.0,13.6,28.3,False,2024-04-29|2024-05-29|2024-07-23|2025-11-01|2026-03-01
Endesa,AUBALS,25.0,Tarragona,5,2,20.0,1,40.0,13.2,18.7,False,2022-02-01|2022-03-01|2022-04-01|2025-12-01|2026-05-01
iDE,V.ARCIPR T2,20.0,MADRID,5,1,40.0,1,40.0,12.0,15.0,False,2024-01-31|2024-07-23|2025-01-30|2025-10-01|2025-11-01
Endesa,LASELVA,25.0,Tarragona,5,9,20.0,1,40.0,11.7,17.4,False,2021-09-01|2022-01-01|2022-03-01|2022-04-01|2026-05-01
iDE,JUNCAL T1,15.0,MADRID,5,3,40.0,1,40.0,10.6,14.0,False,2024-03-22|2024-06-25|2025-10-01|2025-11-01|2026-03-01
UFD,GETAFE,15.0,MADRID,5,2,40.0,1,40.0,9.9,12.6,False,2022-02-27|2023-11-28|2024-08-19|2025-10-01|2026-02-01
Endesa,CERROGOR,20.0,Badajoz,5,5,40.0,2,40.0,9.4,13.6,False,2022-03-01|2022-05-01|2025-10-01|2025-12-01|2026-05-01
REE,LA OLIVA,132.0,,5,3,20.0,4,40.0,9.2,13.0,False,2024-03-01|2024-11-04|2025-04-01|2025-07-01|2025-10-01
UFD,VALLADARES,15.0,PONTEVEDRA,5,9,20.0,3,40.0,8.0,14.1,False,2022-09-28|2024-04-18|2024-08-19|2025-01-27|2025-10-01
iDE,JAVEA       132.00,132.0,ALICANTE,4,6,25.0,2,25.0,93.3,187.4,False,2024-06-25|2024-09-26|2025-01-30|2025-11-01
REE,SANT CUGAT,220.0,,4,1,25.0,1,25.0,31.0,64.0,False,2024-01-02|2024-10-01|2025-06-02|2025-08-01
Endesa,CHICLANA,20.0,Cádiz,4,8,25.0,3,25.0,25.8,31.4,False,2021-08-01|2021-11-01|2022-02-01|2022-04-01
UFD,PONFERRADA,15.0,LEON,4,2,25.0,1,25.0,12.5,15.8,False,2022-02-27|2024-05-21|2024-08-19|2024-12-17
REE,JARES,132.0,,4,1,25.0,1,25.0,7.2,14.0,False,2024-01-02|2024-08-01|2024-11-04|2025-04-01
REE,ARAGON,400.0,,3,8,33.3,3,33.3,481.0,887.0,False,2024-08-01|2025-04-01|2026-02-20
REE,MUDEJAR,400.0,,3,12,33.3,4,33.3,325.0,592.0,False,2024-12-02|2025-03-03|2026-05-01
iDE,DENIA       132.00,132.0,ALICANTE,3,6,33.3,2,33.3,164.2,198.1,False,2024-06-25|2025-01-30|2025-11-01
Endesa,TARRAGONA,25.0,Tarragona,3,4,33.3,2,33.3,128.2,194.6,False,2022-04-01|2025-12-01|2026-03-01
REE,ONDINAS,220.0,,3,4,33.3,2,33.3,123.0,156.0,False,2025-04-01|2025-12-01|2026-02-20
REE,VALL D'UXO,220.0,,3,9,33.3,3,33.3,118.3,192.0,False,2024-09-02|2025-03-03|2025-06-02
REE,QUINTOS,220.0,,3,8,33.3,3,33.3,98.0,144.0,False,2025-08-01|2025-10-01|2026-02-20
REE,RUBI,400.0,,3,6,33.3,2,33.3,92.0,177.0,False,2024-06-03|2024-07-01|2025-03-03
REE,RUEDA DE JALON,400.0,,3,8,33.3,3,33.3,67.0,67.0,False,2024-08-01|2024-11-04|2025-02-03
REE,LA PEREDA,220.0,,3,1,33.3,1,33.3,61.0,94.0,False,2024-01-02|2025-10-01|2026-05-01
REE,ENTRENUCLEOS,220.0,,3,8,33.3,3,33.3,59.0,92.0,False,2025-08-01|2025-12-01|2026-02-20
UFD,ARAGON,45.0,MADRID,3,2,33.3,1,33.3,58.2,114.7,False,2022-02-27|2024-07-17|2025-10-01
Endesa,PTO_SMAR,66.0,Cádiz,3,4,33.3,2,33.3,57.5,100.2,False,2022-04-01|2025-10-01|2026-03-01
Endesa,BESCANO,132.0,Girona,3,4,33.3,2,33.3,54.7,80.4,False,2022-04-01|2025-10-01|2026-03-01
REE,LOS ARENALES,220.0,,3,11,33.3,4,33.3,48.7,126.0,False,2024-11-04|2025-01-02|2025-05-05
REE,EL ZUMAJO,220.0,,3,8,33.3,3,33.3,46.7,60.0,False,2025-08-01|2026-02-20|2026-05-01
UFD,ARGANDA,45.0,MADRID,3,2,33.3,1,33.3,46.0,67.1,False,2022-02-27|2023-07-10|2023-12-22
REE,POLIGONO,220.0,,3,3,33.3,1,33.3,44.7,95.0,False,2024-03-01|2024-04-01|2024-12-02
REE,PARLA,220.0,,3,7,33.3,3,33.3,42.0,105.0,False,2024-07-01|2025-01-02|2025-12-01
UFD,REJAS,45.0,MADRID,3,2,33.3,1,33.3,41.3,66.0,False,2022-02-27|2024-05-21|2025-10-01
Endesa,TABLELLI,66.0,Cádiz,3,9,33.3,3,33.3,31.6,41.1,False,2021-09-01|2021-11-01|2022-02-01
Endesa,SETEFILL,132.0,Sevilla,3,8,33.3,3,33.3,31.0,49.2,False,2021-08-01|2021-10-01|2022-04-01
Endesa,VIC,132.0,Barcelona,3,12,33.3,4,33.3,29.5,46.6,False,2025-12-01|2026-01-01|2026-05-01
Endesa,MARYSOL,66.0,Málaga,3,12,33.3,4,33.3,29.2,43.7,False,2021-12-01|2022-04-01|2026-03-01
REE,MORERUELA,400.0,,3,9,33.3,3,33.3,27.3,50.0,False,2025-09-01|2025-10-01|2026-05-01
Endesa,SANTS,110.0,Barcelona,3,4,33.3,2,33.3,26.8,48.6,False,2022-04-01|2025-10-01|2026-03-01
REE,TACORONTE,66.0,,3,3,33.3,1,33.3,25.7,42.0,False,2024-03-01|2024-04-01|2024-10-01
REE,POLIGONO C,220.0,,3,4,33.3,2,33.3,25.0,35.0,False,2024-04-01|2024-10-01|2025-08-01
REE,DOS HERMANAS,220.0,,3,11,33.3,4,33.3,24.0,40.0,False,2024-11-04|2026-02-20|2026-05-01
REE,MONTEBELLO,220.0,,3,5,33.3,2,33.3,24.0,53.0,False,2024-05-16|2024-10-01|2026-02-20
Endesa,HOSTAFRANC,110.0,Barcelona,3,9,33.3,3,33.3,22.8,40.9,False,2021-09-01|2022-04-01|2025-10-01
Endesa,HUERTFIG,66.0,Córdoba,3,10,33.3,4,33.3,22.7,34.6,False,2021-10-01|2022-03-01|2022-04-01
UFD,MORAS,66.0,LA CORUÑA,3,10,33.3,4,33.3,22.6,30.0,False,2022-10-23|2025-02-25|2026-05-01
Endesa,CUARTE,15.0,Zaragoza,3,8,33.3,3,33.3,21.6,27.8,False,2021-08-01|2021-11-01|2022-05-01
Endesa,GALLUR,66.0,Zaragoza,3,11,33.3,4,33.3,21.4,27.4,False,2021-11-01|2022-05-01|2026-03-01
Endesa,LOGISTICA,45.0,Zaragoza,3,8,33.3,3,33.3,20.4,33.9,False,2021-08-01|2021-11-01|2022-04-01
Endesa,SABADELL,25.0,Barcelona,3,8,33.3,3,33.3,20.4,32.1,False,2021-08-01|2022-04-01|2025-12-01
Endesa,CASABLANCA,45.0,Zaragoza,3,8,33.3,3,33.3,20.0,27.5,False,2021-08-01|2021-11-01|2022-05-01
Endesa,PLAYA_BLAN,20.0,Las Palmas,3,1,33.3,1,33.3,20.0,43.0,False,2022-01-01|2025-10-01|2026-05-01
REE,GUAJARA,66.0,,3,2,33.3,1,33.3,19.0,27.0,False,2024-02-01|2024-06-03|2024-07-01
Endesa,CUARTE,45.0,Zaragoza,3,8,33.3,3,33.3,18.2,27.8,False,2021-08-01|2021-11-01|2022-05-01
Endesa,MATA,25.0,Barcelona,3,9,33.3,3,33.3,18.2,22.2,False,2021-09-01|2022-04-01|2025-10-01
Endesa,CASABLANCA,10.0,Zaragoza,3,8,33.3,3,33.3,18.1,27.7,False,2021-08-01|2021-11-01|2022-05-01
UFD,REJAS,15.0,MADRID,3,2,33.3,1,33.3,17.3,23.0,False,2022-02-27|2024-05-21|2025-10-01
Endesa,HINOJERA,15.0,Cádiz,3,6,33.3,2,33.3,17.2,36.5,False,2022-06-01|2025-10-01|2026-03-01
Endesa,ALQUERIA,66.0,Huelva,3,11,33.3,4,33.3,16.7,25.0,False,2021-11-01|2022-01-01|2022-05-01
iDE,BRTOBIA T1,66.0,LA RIOJA,3,7,33.3,3,33.3,16.1,34.5,False,2024-07-23|2025-02-26|2025-10-01
Endesa,BESOS,110.0,Barcelona,3,9,33.3,3,33.3,16.0,24.8,False,2021-09-01|2022-01-01|2025-10-01
iDE,VALDERA2 T2,45.0,MADRID,3,4,33.3,2,33.3,16.0,21.9,False,2024-04-29|2024-08-27|2025-10-03
REE,VILLARES DEL SAZ,220.0,,3,5,33.3,2,33.3,15.7,18.0,False,2024-05-16|2025-09-01|2025-12-01
Endesa,MATARO,110.0,Barcelona,3,4,33.3,2,33.3,15.3,26.2,False,2022-04-01|2025-12-01|2026-03-01
Endesa,S.MARTI,66.0,Barcelona,3,8,33.3,3,33.3,15.2,24.1,False,2021-08-01|2022-04-01|2025-10-01
UFD,BARRO,20.0,PONTEVEDRA,3,5,33.3,2,33.3,14.9,21.7,False,2022-05-29|2024-03-21|2024-08-19
REE,CORRALEJO,66.0,,3,11,33.3,4,33.3,13.7,18.0,False,2024-11-04|2025-06-02|2025-09-01
Endesa,S_JOSE,132.0,Sevilla,3,8,33.3,3,33.3,13.3,15.4,False,2021-08-01|2021-10-01|2022-03-01
REE,MATAS BLANCAS,66.0,,3,3,33.3,1,33.3,13.0,17.0,False,2024-03-01|2024-11-04|2025-05-05
UFD,BARRO,66.0,PONTEVEDRA,3,5,33.3,2,33.3,12.9,19.0,False,2022-05-29|2025-01-27|2025-10-01
REE,POLLENSA,66.0,,3,4,33.3,2,33.3,11.3,20.0,False,2024-04-01|2024-09-02|2025-01-02
iDE,ESCOLARE T2,15.0,MADRID,3,6,33.3,2,33.3,9.9,19.7,False,2024-06-25|2025-10-03|2026-01-01
Endesa,AYAMONTE,66.0,Huelva,3,9,33.3,3,33.3,9.7,19.0,False,2021-09-01|2022-01-01|2022-05-01
Endesa,DRAGONERA,15.0,Baleares,3,2,33.3,1,33.3,8.4,14.1,False,2022-02-01|2022-04-01|2025-10-01
Endesa,TAUSTE,13.0,Zaragoza,3,11,33.3,4,33.3,6.9,7.5,False,2021-11-01|2022-01-01|2022-05-01
REE,RENEDO,220.0,,3,7,33.3,3,33.3,6.7,10.0,False,2024-07-01|2025-02-03|2025-12-01
REE,MANACOR,66.0,,3,2,33.3,1,33.3,6.3,9.0,False,2024-02-01|2024-04-01|2025-08-01
UFD,LA SENDILLA,15.0,MADRID,3,3,33.3,1,33.3,5.6,6.4,False,2022-03-27|2022-09-28|2022-12-23
